timeStamp,latitude,longitude,significant_wave_height_m,average_wave_period_s,peak_wave_period_s,peak_wave_direction_deg,n_samples,sampling_frequency_hz,sample_gaps
2026-06-30 09:00:00,-34.5002216666667,15.5457333333333,,,,,196,4.0,4604
2026-06-30 09:20:00,-34.500395,15.5031083333333,1.4126276666916056,9.789938760239687,9.481481481481481,197.61918154018366,4790,4.0,10
2026-06-30 09:40:00,-34.4998133333333,15.4602033333333,1.473976929378082,9.905310604071685,9.481481481481481,190.2488810815558,4799,4.0,1
2026-06-30 10:00:00,-34.5059816666667,15.4303366666667,1.1655299363436793,9.455522343970129,9.481481481481481,174.35903274706317,4799,4.0,1
2026-06-30 10:20:00,-34.49967,15.4286933333333,1.257436419548601,9.809600436166704,9.481481481481481,234.5489339683732,4799,4.0,1
2026-06-30 10:40:00,-34.5003216666667,15.4278166666667,2.621912954422247,11.309644485137603,13.473684210526315,211.61377454986854,4799,4.0,1
2026-06-30 11:00:00,-34.5005583333333,15.4268116666667,2.613190459855868,11.283671693361788,13.473684210526315,217.7360841626333,4799,4.0,1
2026-06-30 11:20:00,-34.500745,15.4253083333333,2.3459591889347746,11.330484910712501,12.19047619047619,224.84160669637834,4799,4.0,1
2026-06-30 11:40:00,-34.5008933333333,15.4243283333333,2.498222857430584,10.945960096382057,12.19047619047619,218.0048270489094,4799,4.0,1
2026-06-30 12:00:00,-34.50108,15.423065,2.4701397995913927,11.235584934604084,12.19047619047619,211.7612599279198,4799,4.0,1
2026-06-30 12:20:00,-34.501275,15.4217066666667,2.4698929650861565,10.948846701331455,13.473684210526315,215.21267683900965,4799,4.0,1
2026-06-30 12:40:00,-34.501465,15.42046,2.882120940157286,11.167219004875593,13.473684210526315,219.9697817471615,4799,4.0,1
2026-06-30 13:00:00,-34.5016233333333,15.419065,2.7013758094233977,11.280994967627818,12.19047619047619,217.0313727648328,4799,4.0,1
2026-06-30 13:20:00,-34.5019466666667,15.41754,2.3939161585633393,11.080238687953997,12.19047619047619,214.29379324725042,4799,4.0,1
2026-06-30 13:40:00,-34.5019216666667,15.4174183333333,2.2857270999476476,11.173677814266485,12.19047619047619,217.03280649162036,4799,4.0,1
2026-06-30 14:00:00,-34.502185,15.415845,2.327572112455278,11.445547794515567,12.19047619047619,216.51333865521187,4799,4.0,1
2026-06-30 14:20:00,-34.50017,15.411465,2.13173508669462,11.356746349655928,12.19047619047619,213.4702859995132,4793,4.0,7
2026-07-01 11:20:00,-37.41348,11.627785,1.0370241331863748,9.102596974508538,9.481481481481481,168.60816885082085,4679,4.0,121
2026-07-01 11:40:00,-37.4137866666667,11.6161966666667,1.3387443020318024,10.091002332595126,9.481481481481481,180.53992177323624,4799,4.0,1
2026-07-01 12:00:00,-37.4124016666667,11.614885,1.1359595697645462,9.739694312508918,9.481481481481481,193.609767314066,4796,4.0,4
2026-07-01 12:20:00,-37.4124616666667,11.6149716666667,1.417799840877251,10.238165874248159,11.130434782608695,207.1140688318037,4796,4.0,4
2026-07-01 12:40:00,-37.4124733333333,11.6149883333333,1.0107911123540827,9.736677977613658,9.481481481481481,220.59199464703605,4793,4.0,7
2026-07-01 13:00:00,-37.4120583333333,11.61565,1.1296233055768752,9.964140860221093,9.481481481481481,219.6994160747463,4799,4.0,1
2026-07-01 13:20:00,-37.4124,11.6179683333333,1.4258191866269618,10.497958501840067,12.19047619047619,198.44113486012705,4799,4.0,1
2026-07-01 13:40:00,-37.42019,11.6208466666667,1.0862011731347487,9.306094018229409,9.481481481481481,230.85721044749636,4799,4.0,1
2026-07-01 14:00:00,-37.4143066666667,11.619785,2.0155083543345405,7.059075902589814,9.481481481481481,196.71574981938815,4799,4.0,1
2026-07-01 14:20:00,-37.4062483333333,11.62496,2.1047046566381447,7.48943337838687,9.481481481481481,205.1687324541578,4799,4.0,1
2026-07-01 14:40:00,-37.3987366666667,11.6317283333333,1.9936778577138707,6.810464710264805,9.481481481481481,199.53067117416964,4799,4.0,1
2026-07-01 15:00:00,-37.39146,11.6391283333333,2.1638053664009598,6.822439622889403,9.481481481481481,197.1325614589481,4799,4.0,1
2026-07-01 15:20:00,-37.38429,11.6446183333333,2.3610425464242604,8.00971832719869,12.19047619047619,204.06436391219032,4796,4.0,4
2026-07-01 15:40:00,-37.3833416666667,11.6392916666667,2.0054908081851273,7.452229957561726,8.827586206896552,218.26378591600485,4796,4.0,4
2026-07-01 16:00:00,-37.3920316666667,11.638345,2.186047320917603,7.76170195241515,9.481481481481481,210.34604339776024,4799,4.0,1
2026-07-01 16:20:00,-37.3974033333333,11.632685,1.947866613390021,7.349902422352802,9.481481481481481,199.6155522099549,4799,4.0,1
2026-07-01 16:40:00,-37.3973516666667,11.6379866666667,2.015234587153665,7.0514226741031605,9.481481481481481,219.56528048265818,4799,4.0,1
2026-07-01 17:00:00,-37.396765,11.63856,2.0122046182776723,7.135633103277356,9.481481481481481,198.568243509014,4799,4.0,1
2026-07-01 17:20:00,-37.3999833333333,11.6300866666667,1.871953324657704,7.191266796956144,8.258064516129032,220.22829157764298,4799,4.0,1
2026-07-01 17:40:00,-37.4054733333333,11.6305616666667,2.0591107111181146,7.27111214465007,9.481481481481481,204.4117416343059,4799,4.0,1
2026-07-01 18:00:00,-37.4134466666667,11.62493,1.655134397104293,6.638474684813929,7.757575757575758,208.1830103655774,4799,4.0,1
2026-07-01 18:20:00,-37.42177,11.6192133333333,1.794042873408723,6.68051969044304,9.481481481481481,200.10306237280375,4799,4.0,1
2026-07-01 18:40:00,-37.425445,11.6076683333333,2.027982158923854,7.581297351616714,9.481481481481481,192.49680822014122,4796,4.0,4
2026-07-01 19:00:00,-37.4276433333333,11.5945666666667,2.102094630034706,7.735019208791866,9.481481481481481,178.86130009049964,4799,4.0,1
2026-07-01 19:20:00,-37.4284533333333,11.58112,2.0434197937733924,7.770337239809332,9.481481481481481,189.64929217659449,4793,4.0,7
2026-07-01 19:40:00,-37.4290933333333,11.5669616666667,1.924893072023499,7.2401856221133,9.481481481481481,207.81856735365875,4796,4.0,4
2026-07-01 20:00:00,-37.4228033333333,11.5669483333333,1.988355122196224,7.023695777736239,9.481481481481481,184.734137944673,4793,4.0,7
2026-07-01 20:20:00,-37.4148516666667,11.57032,1.8388561451788044,6.755373857248334,9.481481481481481,174.17301352528614,4790,4.0,10
2026-07-01 20:40:00,-37.4065816666667,11.5736066666667,1.858842060059811,6.698285796473407,9.481481481481481,203.08870807062095,4790,4.0,10
2026-07-01 21:00:00,-37.405045,11.5670283333333,1.840932893406816,6.456708477294846,9.481481481481481,215.10064955665982,4793,4.0,7
2026-07-01 21:20:00,-37.4130216666667,11.55436,2.079017093232717,6.424614182079318,9.481481481481481,228.79501032768007,4793,4.0,7
2026-07-01 21:40:00,-37.42071,11.5419783333333,1.8884893533060048,6.039261889010234,8.827586206896552,218.1491676991339,4796,4.0,4
2026-07-01 22:00:00,-37.4272766666667,11.5297466666667,2.157400406922323,6.586348630829362,9.481481481481481,169.73907026173686,4796,4.0,4
2026-07-01 22:20:00,-37.4245533333333,11.5172016666667,1.9915907677593518,6.681478155680295,9.481481481481481,199.96831399615468,4796,4.0,4
2026-07-01 22:40:00,-37.4185616666667,11.5107483333333,2.045249429417933,6.698866699732272,9.481481481481481,189.3824146550969,4799,4.0,1
2026-07-01 23:00:00,-37.4155666666667,11.5202366666667,2.3660910482290602,6.15268181784749,5.446808510638298,296.10136880211354,4796,4.0,4
2026-07-01 23:20:00,-37.413225,11.5335266666667,2.56483717478554,6.122020719126204,5.688888888888889,285.00924801364255,4799,4.0,1
2026-07-01 23:40:00,-37.412465,11.54739,2.801564988000049,6.268643987250816,5.688888888888889,284.7510094840759,4796,4.0,4
2026-07-02 00:00:00,-37.4116,11.56179,2.74451599940211,6.158721426941891,5.953488372093023,284.83847434430965,4796,4.0,4
2026-07-02 00:20:00,-37.412305,11.576095,2.7634012406223696,6.038195750435975,5.953488372093023,275.44579116366987,4796,4.0,4
2026-07-02 00:40:00,-37.41283,11.59048,2.9310175021872866,6.131174410273879,5.953488372093023,288.3632836204182,4793,4.0,7
2026-07-02 01:00:00,-37.4144033333333,11.60309,2.8487352819724596,6.103568454438763,5.953488372093023,290.01767577221506,4796,4.0,4
2026-07-02 01:20:00,-37.4167433333333,11.61511,2.7924370591399503,6.009258862133956,6.2439024390243905,294.1695635287276,4793,4.0,7
2026-07-02 01:40:00,-37.4218933333333,11.61826,2.85746849904305,6.352184976151787,5.446808510638298,281.7424209819144,4793,4.0,7
2026-07-02 02:00:00,-37.4250783333333,11.6084466666667,2.52315590741557,6.334494139077542,9.481481481481481,196.49264713840708,4799,4.0,1
2026-07-02 02:20:00,-37.4274633333333,11.5962716666667,2.4549338767686297,6.0887915953743414,5.688888888888889,287.18548559556694,4799,4.0,1
2026-07-02 02:40:00,-37.428225,11.5817966666667,2.657629602844791,6.272788264146191,5.446808510638298,250.8921784307018,4790,4.0,10
2026-07-02 03:00:00,-37.4292633333333,11.567645,2.66118147155503,6.1349900017586965,5.953488372093023,247.45801488086659,4793,4.0,7
2026-07-02 03:20:00,-37.4284716666667,11.5510916666667,3.0078302640394816,7.207083716195066,11.130434782608695,221.2499698607682,4796,4.0,4
2026-07-02 03:40:00,-37.4276,11.5339333333333,2.6171835203349576,6.386960645498038,6.2439024390243905,228.06600416481407,4799,4.0,1
2026-07-02 04:00:00,-37.4244866666667,11.5178083333333,2.4765221763100325,6.167092045113961,6.2439024390243905,225.18745529004053,4799,4.0,1
2026-07-02 04:20:00,-37.4173766666667,11.5119183333333,3.0595858383962287,6.526745714981964,6.918918918918919,234.57255525725506,4799,4.0,1
2026-07-02 04:40:00,-37.4146166666667,11.524075,3.1328959847297972,6.495875707192548,7.314285714285714,247.80419637817516,4799,4.0,1
2026-07-02 05:00:00,-37.4130016666667,11.5350533333333,3.096264174785369,6.3729203488052155,7.314285714285714,240.77939186692603,4799,4.0,1
2026-07-02 05:20:00,-37.4123566666667,11.5468616666667,3.352913207148617,6.538751462971502,7.314285714285714,220.53133787694267,4799,4.0,1
2026-07-02 05:40:00,-37.4118816666667,11.5584866666667,3.926345012872491,7.718982679777416,7.314285714285714,253.95839442690223,4799,4.0,1
2026-07-02 06:00:00,-37.4122,11.5680216666667,3.878368884016505,7.933095964074421,7.314285714285714,238.94428873345328,4799,4.0,1
2026-07-02 06:20:00,-37.41212,11.5780716666667,3.1417910475987885,6.649421591199658,6.918918918918919,239.2800768220079,4796,4.0,4
2026-07-02 06:40:00,-37.4125883333333,11.5865866666667,3.2319104690997214,6.515791684065092,7.314285714285714,248.13503642061505,4790,4.0,10
2026-07-02 07:00:00,-37.4130016666667,11.5937683333333,3.080004112204259,6.604624880277575,6.918918918918919,244.41904672545854,4793,4.0,7
2026-07-02 07:20:00,-37.41435,11.6025633333333,2.931135018822783,6.394850602022437,7.314285714285714,232.14512579869546,4793,4.0,7
2026-07-02 07:40:00,-37.41603,11.6101566666667,3.636956388173271,7.7213131491609905,7.314285714285714,245.93751645021757,4799,4.0,1
2026-07-02 08:00:00,-37.417515,11.61799,3.0724576422010395,6.4340152404745075,7.314285714285714,259.1848185941221,4796,4.0,4
2026-07-02 08:20:00,-37.4230266666667,11.6181416666667,2.8997948458140446,6.236217609972002,6.564102564102564,252.846383166179,4799,4.0,1
2026-07-02 08:40:00,-37.4258833333333,11.60455,2.5420662486175347,6.368935386358738,6.2439024390243905,246.47256471776868,4796,4.0,4
2026-07-02 09:00:00,-37.4279166666667,11.5899066666667,2.6017874619964387,6.455995944795754,6.564102564102564,243.75491266053442,4793,4.0,7
2026-07-02 09:20:00,-37.4286483333333,11.5749466666667,2.82964324763088,7.432120820030834,6.564102564102564,234.74121762506576,4790,4.0,10
2026-07-02 09:40:00,-37.429005,11.5599983333333,2.3661597789716864,6.511470800998875,6.2439024390243905,259.4631585499158,4796,4.0,4
2026-07-02 10:00:00,-37.428275,11.545095,2.419034021583738,6.3708086073508765,6.564102564102564,242.59362051896568,4793,4.0,7
2026-07-02 10:20:00,-37.427245,11.53051,2.279603391462374,6.406172804319269,6.2439024390243905,251.8318046303118,4793,4.0,7
2026-07-02 10:40:00,-37.4240166666667,11.5156766666667,2.5223735781392644,6.566241570050607,6.564102564102564,232.14951211199423,4796,4.0,4
2026-07-02 11:00:00,-37.4172283333333,11.5127166666667,2.601350478869768,6.555774635039034,6.564102564102564,254.28695983889747,4796,4.0,4
2026-07-02 11:20:00,-37.4146533333333,11.5245416666667,2.8433531971229553,6.476414935232809,7.757575757575758,236.3597112435564,4799,4.0,1
2026-07-02 11:40:00,-37.41294,11.53587,2.8569026550777155,6.654981367667216,7.314285714285714,237.1871892294722,4799,4.0,1
2026-07-02 12:00:00,-37.4124266666667,11.5468233333333,3.279598177293776,7.696360468491439,5.224489795918367,255.82367243572895,4790,4.0,10
2026-07-02 12:20:00,-37.41193,11.5561466666667,3.2936731730800752,7.990937693034857,6.918918918918919,246.05803543510177,4790,4.0,10
2026-07-02 12:40:00,-37.4115633333333,11.56658,2.7916598572710303,6.618193827638866,6.564102564102564,238.72431096536434,4799,4.0,1
2026-07-02 13:00:00,-37.4119116666667,11.5739466666667,3.0474655621341986,7.697032073579386,11.130434782608695,233.19376121839727,4799,4.0,1
2026-07-02 13:20:00,-37.4123366666667,11.5820083333333,2.6130452768467896,6.492348562428667,7.314285714285714,227.60061263773378,4799,4.0,1
2026-07-02 13:40:00,-37.4128616666667,11.5913116666667,2.7639570746309685,6.640446272543847,6.918918918918919,253.80521656079407,4799,4.0,1
2026-07-02 14:00:00,-37.41357,11.5982716666667,2.672316888614702,6.425576240742587,6.918918918918919,247.06015327380214,4799,4.0,1
2026-07-02 14:20:00,-37.4152816666667,11.606845,2.6301297255655314,6.532305912266601,7.314285714285714,251.18647520605373,4796,4.0,4
2026-07-02 14:40:00,-37.4174466666667,11.615505,2.664124974112753,6.557928814893559,6.918918918918919,235.6163085708768,4796,4.0,4
2026-07-02 15:00:00,-37.4232683333333,11.617015,2.503834987655863,6.235895111025867,6.564102564102564,262.20376272143017,4796,4.0,4
2026-07-02 15:20:00,-37.4259816666667,11.60423,2.567757967340732,7.045055631312353,8.827586206896552,224.0352234748485,4796,4.0,4
2026-07-02 15:40:00,-37.427805,11.5917783333333,2.513624262113214,7.180609319839689,8.827586206896552,240.24719633881284,4790,4.0,10
2026-07-02 16:00:00,-37.428485,11.5782416666667,2.3262482952196346,6.722953004302924,5.953488372093023,259.5010749459519,4790,4.0,10
2026-07-02 16:20:00,-37.42903,11.565615,2.2670517356179865,6.9190727748233005,9.481481481481481,229.96965772582263,4793,4.0,7
2026-07-02 16:40:00,-37.4287083333333,11.5522833333333,2.4363492838215564,7.2784236809133676,9.481481481481481,236.22643379166863,4790,4.0,10
2026-07-02 17:00:00,-37.427785,11.5389133333333,2.456690521529369,7.1674653019431815,9.481481481481481,229.25555150829996,4799,4.0,1
2026-07-02 17:20:00,-37.4257116666667,11.5344866666667,2.7112210998986614,7.096480817892137,9.481481481481481,234.57714303393294,4799,4.0,1
2026-07-02 17:40:00,-37.42043,11.5459583333333,2.9736017424119794,7.558072367021399,9.481481481481481,240.34517191259377,4796,4.0,4
2026-07-02 18:00:00,-37.414735,11.5577716666667,2.7999627180422624,6.737818994870397,9.481481481481481,232.1577130930513,4796,4.0,4
2026-07-02 18:20:00,-37.4090783333333,11.561005,2.6492855539064806,6.847962162412099,8.827586206896552,220.42702428295948,4799,4.0,1
2026-07-02 18:40:00,-37.3980066666667,11.5552783333333,2.7170085535415374,7.478961055553808,9.481481481481481,233.4229212075814,4796,4.0,4
2026-07-02 19:00:00,-37.38632,11.549315,2.6984708270627573,7.213694172855837,9.481481481481481,246.34562918926514,4796,4.0,4
2026-07-02 19:20:00,-37.3747933333333,11.542315,2.776274521761356,7.42530778567212,9.481481481481481,247.28993383742736,4793,4.0,7
2026-07-02 19:40:00,-37.36595,11.5344366666667,2.787512786726634,7.399426330546012,9.481481481481481,238.90144712528883,4793,4.0,7
2026-07-02 20:00:00,-37.3672666666667,11.51791,2.485362404792026,7.0614178360861635,8.827586206896552,222.82688595312095,4796,4.0,4
2026-07-02 20:20:00,-37.36823,11.5011416666667,2.5498815033526636,7.238051197701983,8.827586206896552,234.29409470447365,4793,4.0,7
2026-07-02 20:40:00,-37.3674033333333,11.4836816666667,2.219120303962111,6.662830484320446,8.827586206896552,216.61663400525228,4799,4.0,1
2026-07-02 21:00:00,-37.366595,11.4667716666667,2.480418414544672,7.198467688271555,8.827586206896552,241.3293182674035,4790,4.0,10
2026-07-02 21:20:00,-37.36325,11.4504066666667,2.363610479322574,7.055227071834484,8.827586206896552,215.60744931887135,4793,4.0,7
2026-07-02 21:40:00,-37.356625,11.4463166666667,2.4341178273673822,6.950112627062797,8.827586206896552,220.83881411135053,4799,4.0,1
2026-07-02 22:00:00,-37.35464,11.4552983333333,2.6474143450154655,6.853151226721624,9.481481481481481,246.17488425289662,4796,4.0,4
2026-07-02 22:20:00,-37.352555,11.46413,2.752957771928197,6.885027270973614,9.481481481481481,237.3973018725665,4796,4.0,4
2026-07-02 22:40:00,-37.3520783333333,11.471775,2.8510969516056917,7.014472340308492,9.481481481481481,234.21863384434542,4796,4.0,4
2026-07-02 23:00:00,-37.35171,11.4773466666667,2.5684385139109436,6.763816889545039,6.564102564102564,279.62704134088756,4796,4.0,4
2026-07-02 23:20:00,-37.3514,11.4835233333333,2.609929243021653,6.8005451122085825,8.827586206896552,227.07280207957422,4799,4.0,1
2026-07-02 23:40:00,-37.3509783333333,11.49196,2.658475063813781,6.678343816796883,8.827586206896552,224.72530153239228,4796,4.0,4
2026-07-03 00:00:00,-37.3506216666667,11.50128,2.769879825096104,6.620173323837713,9.481481481481481,220.42524933139956,4796,4.0,4
2026-07-03 00:20:00,-37.351195,11.5066316666667,2.6722146380720453,6.4938957814628075,8.827586206896552,243.1089793931331,4796,4.0,4
2026-07-03 00:40:00,-37.3515416666667,11.5163716666667,2.755046285392137,6.706715050272174,9.481481481481481,241.5450175617134,4796,4.0,4
2026-07-03 01:00:00,-37.352095,11.5237583333333,2.465134175051935,6.391329689200378,8.827586206896552,232.71463300907124,4796,4.0,4
2026-07-03 01:20:00,-37.35258,11.5314733333333,2.5239746178321014,6.234843231947009,8.827586206896552,257.32069804945456,4793,4.0,7
2026-07-03 01:40:00,-37.354155,11.53891,2.615416886471446,6.361792226339123,9.481481481481481,262.6959404502205,4796,4.0,4
2026-07-03 02:00:00,-37.35565,11.54447,2.472376701420264,6.3622031581140055,9.481481481481481,234.9673260454834,4793,4.0,7
2026-07-03 02:20:00,-37.3576583333333,11.553425,2.7339122419135062,6.375051122241003,5.953488372093023,272.84402445178677,4793,4.0,7
2026-07-03 02:40:00,-37.362955,11.5484666666667,2.482360165003623,6.2161841717594495,5.224489795918367,301.82185244771114,4793,4.0,7
2026-07-03 03:00:00,-37.3659966666667,11.53458,2.3513535083979655,6.236850744664075,8.258064516129032,252.74876393128892,4796,4.0,4
2026-07-03 03:20:00,-37.3671966666667,11.5195016666667,2.233549510055103,6.2742571385297286,8.258064516129032,255.29220246058907,4793,4.0,7
2026-07-03 03:40:00,-37.3680466666667,11.5043333333333,2.391527336022615,6.179081482676737,8.827586206896552,233.24311423741423,4796,4.0,4
2026-07-03 04:00:00,-37.3677333333333,11.489095,2.2936894518120354,6.25779503078741,8.258064516129032,242.38299310708348,4796,4.0,4
2026-07-03 04:20:00,-37.3669266666667,11.4738133333333,2.406963754761637,6.496727624191773,8.258064516129032,227.16259905426008,4796,4.0,4
2026-07-03 04:40:00,-37.365125,11.4588333333333,2.4220674629961043,6.286642843307948,9.481481481481481,223.97788532022753,4796,4.0,4
2026-07-03 05:00:00,-37.3607133333333,11.44558,2.317453588589211,6.159095145719901,8.827586206896552,248.92323902740674,4799,4.0,1
2026-07-03 05:20:00,-37.3553816666667,11.4516366666667,2.86397926175798,6.317841753582554,6.2439024390243905,276.02860800146107,4793,4.0,7
2026-07-03 05:40:00,-37.3531916666667,11.4624033333333,3.043708749834076,6.104609155402445,6.918918918918919,261.2128881566414,4793,4.0,7
2026-07-03 06:00:00,-37.3521433333333,11.4738516666667,3.1808508794956523,6.3874234588983345,6.564102564102564,280.1738815917776,4793,4.0,7
2026-07-03 06:20:00,-37.3514366666667,11.4846633333333,3.402110412298493,6.631500293434046,6.564102564102564,264.3289364188457,4790,4.0,10
2026-07-03 06:40:00,-37.3508766666667,11.4967383333333,3.312968116802142,6.417880858146248,6.564102564102564,266.8014760271162,4793,4.0,7
2026-07-03 07:00:00,-37.351285,11.5098166666667,3.3390885230957674,6.480676563161327,6.564102564102564,268.0353923441477,4790,4.0,10
2026-07-03 07:20:00,-37.3524466666667,11.5207916666667,3.204319679476325,6.27616493379038,6.564102564102564,263.06114001155504,4799,4.0,1
2026-07-03 07:40:00,-37.3520966666667,11.5295916666667,3.538657547896089,6.873326034883055,7.314285714285714,266.1468183001555,4799,4.0,1
2026-07-03 08:00:00,-37.35424,11.5409083333333,3.254758858954347,6.4390501921776995,7.314285714285714,258.6111389061506,4799,4.0,1
2026-07-03 08:20:00,-37.356885,11.55222,3.4162551791527136,6.5510952686100135,7.314285714285714,263.3864909229035,4799,4.0,1
2026-07-03 08:40:00,-37.3624816666667,11.55144,2.899769338667011,6.221709838022234,6.564102564102564,265.2366281041094,4799,4.0,1
2026-07-03 09:00:00,-37.3653716666667,11.5376233333333,2.4295580093594653,6.1294605358243786,5.953488372093023,285.2326549457914,4799,4.0,1
2026-07-03 09:20:00,-37.3669533333333,11.5238316666667,2.33087525412582,6.34900286772839,6.2439024390243905,275.8517473203446,4793,4.0,7
2026-07-03 09:40:00,-37.3676133333333,11.5105566666667,2.5288268506052294,6.6460839727430665,6.564102564102564,259.8603420380763,4793,4.0,7
2026-07-03 10:00:00,-37.3680966666667,11.4965833333333,2.411623480902154,6.510800238427984,6.564102564102564,251.42404670026406,4790,4.0,10
2026-07-03 10:20:00,-37.3673766666667,11.4827383333333,2.3691562193676154,6.3662977994727825,6.2439024390243905,276.02952377512776,4799,4.0,1
2026-07-03 10:40:00,-37.3666633333333,11.4689383333333,2.477689148181373,6.587442302292525,6.564102564102564,272.6528667517891,4796,4.0,4
2026-07-03 11:00:00,-37.3641966666667,11.45505,2.3102330738207537,6.412785309693987,6.2439024390243905,270.1938535930065,4793,4.0,7
2026-07-03 11:20:00,-37.3583116666667,11.4455766666667,2.6184492491070164,6.662246256439884,6.564102564102564,265.58077106330336,4796,4.0,4
2026-07-03 11:40:00,-37.3545883333333,11.4551283333333,2.828473055043792,6.572093876167537,7.757575757575758,258.75633958251797,4799,4.0,1
2026-07-03 12:00:00,-37.35236,11.4669416666667,2.7612670414316587,6.533939090126692,8.258064516129032,239.15065381277637,4799,4.0,1
2026-07-03 12:20:00,-37.3517466666667,11.4756716666667,2.9799961483559985,6.641329505934425,7.314285714285714,252.54461719647745,4799,4.0,1
2026-07-03 12:40:00,-37.3514183333333,11.4852633333333,2.964757840484959,6.8879364744849205,7.314285714285714,268.9798554696973,4799,4.0,1
2026-07-03 13:00:00,-37.3507,11.4959466666667,2.6790492788395643,6.627557460543856,7.757575757575758,246.67473188758711,4799,4.0,1
2026-07-03 13:20:00,-37.3510416666667,11.507325,2.6939493417493483,6.504685514924465,7.757575757575758,244.96217015528578,4799,4.0,1
2026-07-03 13:40:00,-37.351565,11.5141316666667,2.6381167057486636,6.650102555449906,7.314285714285714,261.70302215310903,4799,4.0,1
2026-07-03 14:00:00,-37.3518683333333,11.5232216666667,2.59236653016214,6.4429394370334085,7.314285714285714,275.1958725529756,4799,4.0,1
2026-07-03 14:20:00,-37.353205,11.52472,2.453647795152292,6.3597473891992395,7.314285714285714,263.2221518992029,4799,4.0,1
2026-07-03 14:40:00,-37.3576816666667,11.5116316666667,2.468256844009879,6.840350942057577,6.918918918918919,280.11497536623824,4799,4.0,1
2026-07-03 15:00:00,-37.36208,11.4985916666667,2.3970061585836127,6.624953466506327,6.918918918918919,271.02524756433536,4799,4.0,1
2026-07-03 15:20:00,-37.3665133333333,11.48568,2.2965081405004613,6.606222028590669,6.2439024390243905,275.75007073124567,4796,4.0,4
2026-07-03 15:40:00,-37.370655,11.4736066666667,2.3057310931503023,7.332521551171213,6.2439024390243905,276.35372438077684,4799,4.0,1
2026-07-03 16:00:00,-37.3745966666667,11.4618983333333,2.333819053620024,7.045705103758592,6.918918918918919,284.24309439297735,4793,4.0,7
2026-07-03 16:20:00,-37.3785883333333,11.4502233333333,2.247634287292455,7.190076732966562,6.564102564102564,277.8465587793,4799,4.0,1
2026-07-03 16:40:00,-37.3824333333333,11.43858,2.351926011441677,7.437923286123844,6.564102564102564,291.36195785938605,4793,4.0,7
2026-07-03 17:00:00,-37.386365,11.4270683333333,2.4488490648169514,7.560045154231202,6.564102564102564,277.27916227456933,4790,4.0,10
2026-07-03 17:20:00,-37.3904283333333,11.4151716666667,2.3775307892202244,7.489545903113987,6.564102564102564,288.2657188566795,4790,4.0,10
2026-07-03 17:40:00,-37.3943683333333,11.4032466666667,2.336616127342172,7.344888326443275,12.19047619047619,111.9477423391553,4793,4.0,7
2026-07-03 18:00:00,-37.39831,11.391565,2.349790819240855,7.350834372018153,6.918918918918919,262.45381719921915,4793,4.0,7
2026-07-03 18:20:00,-37.4021566666667,11.3803733333333,2.1058800106103046,6.616237067515601,6.918918918918919,275.63439832866095,4793,4.0,7
2026-07-03 18:40:00,-37.4060883333333,11.3687483333333,2.1942726733287605,6.825579800156003,6.918918918918919,277.8945788392897,4796,4.0,4
2026-07-03 19:00:00,-37.409995,11.35724,2.404091517237488,7.447149190196606,6.564102564102564,279.4731727626528,4793,4.0,7
2026-07-03 19:20:00,-37.413965,11.345355,2.370270766093971,7.627220469456599,12.19047619047619,116.8384759745901,4793,4.0,7
2026-07-03 19:40:00,-37.4177883333333,11.334005,2.4859183658940727,7.788713340581997,12.19047619047619,109.50341704979502,4793,4.0,7
2026-07-03 20:00:00,-37.4221083333333,11.323565,2.5019095210588342,7.980044246793932,11.130434782608695,116.20545955012585,4799,4.0,1
2026-07-03 20:20:00,-37.42199,11.3227666666667,2.6570564244883212,7.761328489624368,12.19047619047619,114.66906182564338,4796,4.0,4
2026-07-03 20:40:00,-37.42213,11.3232283333333,2.488276786099827,7.48526329761644,7.314285714285714,274.48567792306574,4796,4.0,4
2026-07-03 21:00:00,-37.42156,11.3225383333333,2.6409847196439666,7.740382200411047,7.757575757575758,267.94629442631157,4796,4.0,4
2026-07-03 21:20:00,-37.42219,11.3230916666667,2.620795119725727,7.679076510915498,11.130434782608695,104.75560258543442,4799,4.0,1
2026-07-03 21:40:00,-37.4212433333333,11.322995,2.5652974193400873,7.898473122069363,8.258064516129032,224.31689599145787,4796,4.0,4
2026-07-03 22:00:00,-37.4215416666667,11.3227283333333,2.4085976331835064,7.632997743955381,11.130434782608695,106.21040016184031,4796,4.0,4
2026-07-03 22:20:00,-37.421695,11.3235983333333,2.2355457366645664,6.903886433321749,7.314285714285714,258.92182679206394,4796,4.0,4
2026-07-03 22:40:00,-37.4217566666667,11.3228783333333,2.413040098770062,7.6268745271149685,11.130434782608695,106.95560234934237,4790,4.0,10
2026-07-03 23:00:00,-37.4212516666667,11.3229883333333,2.1137659968625964,6.9810899642202,7.314285714285714,255.10942789113727,4793,4.0,7
2026-07-03 23:20:00,-37.421385,11.3231533333333,2.4109169380874826,7.7760205514676,7.757575757575758,262.77517224293337,4796,4.0,4
2026-07-03 23:40:00,-37.421945,11.32368,2.044411379550806,6.73356611907356,6.918918918918919,265.2181516015962,4796,4.0,4
2026-07-04 00:00:00,-37.4218366666667,11.3225716666667,2.113979897883437,6.865885401342984,7.757575757575758,274.98729559178054,4796,4.0,4
2026-07-04 00:20:00,-37.4215833333333,11.322425,2.3309760405092037,7.296642508051856,7.757575757575758,261.94979420811393,4793,4.0,7
2026-07-04 00:40:00,-37.42203,11.32299,2.24154127822633,7.000697458929822,7.314285714285714,280.85070816415646,4796,4.0,4
2026-07-04 01:00:00,-37.42126,11.3230666666667,2.4544822835034608,7.685308067263274,7.314285714285714,260.9642797529513,4796,4.0,4
2026-07-04 01:20:00,-37.42145,11.32243,2.255206752835559,7.000784387840604,6.918918918918919,263.8088614251574,4799,4.0,1
2026-07-04 01:40:00,-37.4220366666667,11.32297,2.352979640593702,7.651278812447908,7.757575757575758,253.34928086504237,4796,4.0,4
2026-07-04 02:00:00,-37.4221316666667,11.3235483333333,2.453809616546139,7.9019351038058305,7.757575757575758,257.71104576511635,4796,4.0,4
2026-07-04 02:20:00,-37.42197,11.323745,2.080401273358773,7.04614008533413,6.918918918918919,292.65961453627136,4796,4.0,4
2026-07-04 02:40:00,-37.4221833333333,11.32312,2.4118344279710078,7.739136536225189,6.918918918918919,276.40774262191667,4796,4.0,4
2026-07-04 03:00:00,-37.421545,11.322415,1.991592080305461,6.641281935390879,7.314285714285714,270.1807071652689,4796,4.0,4
2026-07-04 03:20:00,-37.42188,11.32254,2.0496238106985905,6.840010523138685,7.314285714285714,265.6021676022857,4796,4.0,4
2026-07-04 03:40:00,-37.4214633333333,11.3224133333333,1.9004907189586626,6.598407584884655,7.757575757575758,272.09935854808106,4796,4.0,4
2026-07-04 04:00:00,-37.422115,11.3228266666667,2.010260704288644,6.973634760837347,8.258064516129032,250.54828073243863,4793,4.0,7
2026-07-04 04:20:00,-37.4216366666667,11.3223966666667,1.9869390367300013,6.637305245983639,8.258064516129032,279.94848718594915,4796,4.0,4
2026-07-04 04:40:00,-37.42144,11.3224983333333,2.0729612917543974,7.088386703170687,7.757575757575758,235.6295432440052,4796,4.0,4
2026-07-04 05:00:00,-37.421255,11.3229483333333,2.0108671826655207,6.929307642680761,7.757575757575758,249.29918487073707,4793,4.0,7
2026-07-04 05:20:00,-37.4213466666667,11.3227583333333,2.3379957046160054,7.874108357706348,10.24,112.62143275759354,4796,4.0,4
2026-07-04 05:40:00,-37.4222083333333,11.3232233333333,2.354533562285397,7.893643364225925,11.130434782608695,,4796,4.0,4
2026-07-04 06:00:00,-37.42179,11.3225383333333,1.9600206266372664,6.8873986277495565,8.258064516129032,272.75214456871925,4796,4.0,4
2026-07-04 06:20:00,-37.4219716666667,11.3218783333333,1.9174547037720644,6.645681561439838,6.918918918918919,268.299839307131,4796,4.0,4
2026-07-04 06:40:00,-37.4273033333333,11.31118,2.1139038806241968,6.870562203524504,6.918918918918919,309.43722135772856,4799,4.0,1
2026-07-04 07:00:00,-37.4324516666667,11.3003266666667,1.9574978762546418,6.834204574251236,6.918918918918919,275.73363391838706,4793,4.0,7
2026-07-04 07:20:00,-37.43792,11.2888116666667,2.1435604904196577,7.014324937662083,7.757575757575758,274.4423725331674,4799,4.0,1
2026-07-04 07:40:00,-37.4434116666667,11.27735,2.1087927427494924,6.771887550442542,6.918918918918919,313.58897798070495,4796,4.0,4
2026-07-04 08:00:00,-37.4488433333333,11.2661366666667,2.0781729834243396,6.671129013706071,7.314285714285714,282.55364239890014,4796,4.0,4
2026-07-04 08:20:00,-37.452945,11.2567066666667,2.1535547282081517,6.601939508157459,7.314285714285714,295.0730460432101,4796,4.0,4
2026-07-04 08:40:00,-37.4539233333333,11.257105,2.3898637260046867,7.2924716201619,9.481481481481481,229.98057845589574,4799,4.0,1
2026-07-04 09:00:00,-37.45339,11.2583633333333,2.3511087308060525,6.73869563138635,7.757575757575758,260.67411824253577,4799,4.0,1
2026-07-04 09:20:00,-37.45367,11.2567466666667,2.399631092391494,6.846131006013096,8.258064516129032,289.7403983738819,4793,4.0,7
2026-07-04 09:40:00,-37.4534266666667,11.25778,2.249910285047853,6.392584847414512,7.757575757575758,260.9010052606641,4799,4.0,1
2026-07-04 10:00:00,-37.4536166666667,11.2575216666667,2.530144935239582,6.9306380223510375,9.481481481481481,252.81159660482012,4799,4.0,1
2026-07-04 10:20:00,-37.4533966666667,11.257505,2.7117268466498916,6.860703620693849,8.258064516129032,264.40411288594623,4799,4.0,1
2026-07-04 10:40:00,-37.4535783333333,11.2574833333333,2.3821816037099866,6.46244219414377,8.258064516129032,269.6631725430289,4799,4.0,1
2026-07-04 11:00:00,-37.45304,11.2577516666667,2.6962575015123336,6.749865590451365,9.481481481481481,254.4919651981234,4799,4.0,1
2026-07-04 11:20:00,-37.45354,11.25627,2.58012238754614,6.589561930254195,6.918918918918919,290.0584313767443,4799,4.0,1
2026-07-04 11:40:00,-37.453285,11.2572616666667,2.6351099391426254,6.714390617519851,8.827586206896552,243.76509889992792,4799,4.0,1
2026-07-04 12:00:00,-37.4537283333333,11.2572383333333,2.9176278220726126,7.328466566433323,9.481481481481481,247.96820803702818,4799,4.0,1
2026-07-04 12:20:00,-37.4539116666667,11.2580883333333,2.630436436157027,6.665463200204508,5.688888888888889,318.33479637812366,4796,4.0,4
2026-07-04 12:40:00,-37.4533566666667,11.2573983333333,2.6132246358631916,6.751256690718694,9.481481481481481,242.30633785650826,4796,4.0,4
2026-07-04 13:00:00,-37.45334,11.2562316666667,2.640529267735633,6.563570894007019,7.757575757575758,262.5303869688126,4793,4.0,7
2026-07-04 13:20:00,-37.453915,11.25699,2.501693476249567,6.502089701170297,6.564102564102564,283.35700049089985,4796,4.0,4
2026-07-04 13:40:00,-37.4532616666667,11.2564316666667,2.7341873713010165,6.460810101464562,5.953488372093023,295.42440520921275,4793,4.0,7
2026-07-04 14:00:00,-37.4530583333333,11.2566533333333,2.760970157742831,6.349810571446342,6.564102564102564,307.1263359803076,4796,4.0,4
2026-07-04 14:20:00,-37.4538783333333,11.2566,3.0963476529156795,6.821143630473042,8.827586206896552,297.29947802028687,4793,4.0,7
2026-07-04 14:40:00,-37.4534483333333,11.2562816666667,3.115740366969277,6.724022778338447,6.918918918918919,281.0637760625996,4793,4.0,7
2026-07-04 15:00:00,-37.4536816666667,11.2568216666667,3.079115961074886,6.603363558472986,6.918918918918919,295.85732458768086,4796,4.0,4
2026-07-04 15:20:00,-37.4530733333333,11.25692,2.8656138437240837,6.317769888493412,6.2439024390243905,304.4200978378003,4793,4.0,7
2026-07-04 15:40:00,-37.453295,11.256795,3.108309423249615,6.551854342397441,6.918918918918919,286.5332911221062,4796,4.0,4
2026-07-04 16:00:00,-37.453295,11.256395,3.189763853976032,6.59172919795237,6.918918918918919,301.15194732695807,4799,4.0,1
2026-07-04 16:20:00,-37.4531033333333,11.2565133333333,3.2260842871329753,6.90584120423516,6.918918918918919,311.55815922144694,4793,4.0,7
2026-07-04 16:40:00,-37.453965,11.2566,3.1697332685348907,6.646582945582254,6.564102564102564,313.2140105076081,4793,4.0,7
2026-07-04 17:00:00,-37.4538816666667,11.2567,3.3549868928525375,6.5481772864990555,6.918918918918919,315.2970271095978,4790,4.0,10
2026-07-04 17:20:00,-37.4536616666667,11.256645,3.4799609977963684,6.76919196632553,7.757575757575758,293.0356069940565,4796,4.0,4
2026-07-04 17:40:00,-37.4535333333333,11.2564116666667,2.9106366536747865,6.357801449073157,6.2439024390243905,315.73725340723604,4793,4.0,7
2026-07-04 18:00:00,-37.45403,11.2570716666667,3.2214840268305966,6.6332878522636,6.2439024390243905,314.67922326848634,4790,4.0,10
2026-07-04 18:20:00,-37.4541266666667,11.2574333333333,3.067722929983834,6.497377375708762,6.564102564102564,306.6069514469242,4790,4.0,10
2026-07-04 18:40:00,-37.4535,11.2576383333333,3.2063104114100502,6.533913508912278,6.564102564102564,310.1809486720082,4796,4.0,4
2026-07-04 19:00:00,-37.4531633333333,11.2570233333333,3.0152114155571574,6.401739556926328,6.564102564102564,306.08428301971986,4799,4.0,1
2026-07-04 19:20:00,-37.45299,11.2567666666667,3.2400910407526204,6.6007502393997814,6.918918918918919,327.60852516596776,4796,4.0,4
2026-07-04 19:40:00,-37.4537483333333,11.25683,3.3690578403315885,6.898933397118214,6.918918918918919,307.29996491896827,4799,4.0,1
2026-07-04 20:00:00,-37.4537383333333,11.25788,3.4621973885817416,6.617339505241641,7.314285714285714,313.4333995389376,4799,4.0,1
2026-07-04 20:20:00,-37.4532866666667,11.2569416666667,3.421321820552695,6.656981339094738,7.314285714285714,297.95843917769554,4796,4.0,4
2026-07-04 20:40:00,-37.454005,11.2572566666667,3.304882977049952,6.500208363783885,7.314285714285714,311.8584152579618,4799,4.0,1
2026-07-04 21:00:00,-37.4534966666667,11.2563416666667,3.508879027194846,6.810892783440911,6.918918918918919,313.4186379505863,4799,4.0,1
2026-07-04 21:20:00,-37.4533683333333,11.2579183333333,3.3850896221205318,6.605254621751924,6.918918918918919,318.46728062907323,4793,4.0,7
2026-07-04 21:40:00,-37.4535633333333,11.2567516666667,3.2337764920891403,6.468415831086772,6.918918918918919,320.4446044242697,4790,4.0,10
2026-07-04 22:00:00,-37.45404,11.2571433333333,3.4781113394300593,6.700970050348114,7.314285714285714,309.6610796309683,4793,4.0,7
2026-07-04 22:20:00,-37.453175,11.25847,4.203476157331351,7.853741549778502,7.757575757575758,293.066121796874,4799,4.0,1
2026-07-04 22:40:00,-37.4538866666667,11.2572483333333,3.7459576955736735,6.724461642625281,7.757575757575758,307.840609294298,4799,4.0,1
2026-07-04 23:00:00,-37.4539866666667,11.2575683333333,3.965376393224369,6.871494970733273,7.314285714285714,295.6973496490714,4799,4.0,1
2026-07-04 23:20:00,-37.4536883333333,11.2564716666667,4.014460496834799,6.940769753732234,7.314285714285714,302.1617709734877,4799,4.0,1
2026-07-04 23:40:00,-37.45374,11.2566766666667,4.172766662225288,7.010083800905249,7.757575757575758,292.0394065868254,4799,4.0,1
2026-07-05 00:00:00,-37.4535633333333,11.256555,3.781077378516758,6.810101465367787,7.757575757575758,290.10591214985726,4726,4.0,74
2026-07-05 00:20:00,-37.45349,11.2564866666667,3.663350771844733,6.8829733128981,7.757575757575758,298.27684040232225,4793,4.0,7
2026-07-05 00:40:00,-37.4529116666667,11.2567916666667,3.7652814349944856,7.016462394686369,7.314285714285714,296.54387972258195,4793,4.0,7
2026-07-05 01:00:00,-37.4534466666667,11.2572216666667,3.6831274459295056,6.9848710865868755,8.258064516129032,301.6465779956725,4793,4.0,7
2026-07-05 01:20:00,-37.4537583333333,11.2569966666667,3.7970555321594235,6.951377666879416,7.757575757575758,294.3439543020471,4793,4.0,7
2026-07-05 01:40:00,-37.4532083333333,11.2579883333333,3.793304295395745,7.091947677936568,7.757575757575758,296.25025328934584,4796,4.0,4
2026-07-05 02:00:00,-37.45294,11.2568883333333,4.04954137890079,7.310370105563224,8.258064516129032,285.32315009584323,4796,4.0,4
2026-07-05 02:20:00,-37.453825,11.25718,3.723671138473694,7.161140310213064,8.827586206896552,287.1035600040652,4793,4.0,7
2026-07-05 02:40:00,-37.45361,11.2573833333333,3.7721738320101577,7.15559401732149,8.258064516129032,290.36806950241777,4793,4.0,7
2026-07-05 03:00:00,-37.4532116666667,11.257235,3.7948568248177517,7.3326681202171535,8.258064516129032,278.16906286403946,4796,4.0,4
2026-07-05 03:20:00,-37.45298,11.2566016666667,4.209032436634987,7.8808680557188255,8.827586206896552,274.4927722000223,4793,4.0,7
2026-07-05 03:40:00,-37.4537533333333,11.25744,3.8880063782119736,7.540808022577156,8.827586206896552,277.2306299361362,4796,4.0,4
2026-07-05 04:00:00,-37.4538066666667,11.25703,4.735531258385945,8.742647344618394,8.258064516129032,284.9507646183297,4796,4.0,4
2026-07-05 04:20:00,-37.4536166666667,11.25663,3.905419984255463,7.183537792121888,8.827586206896552,276.7242759136792,4796,4.0,4
2026-07-05 04:40:00,-37.4532966666667,11.2566266666667,3.7391317758376603,7.032461678602291,8.827586206896552,288.3196153691884,4796,4.0,4
2026-07-05 05:00:00,-37.45307,11.2571333333333,3.713144830821576,7.04367518832472,7.757575757575758,267.688402544871,4799,4.0,1
2026-07-05 05:20:00,-37.4534883333333,11.2574366666667,4.1486212179458555,7.635759867436261,8.827586206896552,293.9952392787038,4796,4.0,4
2026-07-05 05:40:00,-37.4532733333333,11.2572833333333,4.063356326351214,7.612262063725136,8.827586206896552,287.29825309054115,4799,4.0,1
2026-07-05 06:00:00,-37.4528783333333,11.2566866666667,3.706966351563422,7.216523187009106,8.258064516129032,287.06015879913275,4799,4.0,1
2026-07-05 06:20:00,-37.4536116666667,11.2564533333333,3.8070444723294834,7.310949141023936,8.827586206896552,290.35659205276227,4799,4.0,1
2026-07-05 06:40:00,-37.4535933333333,11.25644,3.6916530303372292,6.868484389022398,8.258064516129032,285.16740773407645,4796,4.0,4
2026-07-05 07:00:00,-37.4532516666667,11.2571966666667,3.5861733266473594,7.055774522238243,8.827586206896552,279.0937050676447,4799,4.0,1
2026-07-05 07:20:00,-37.4537616666667,11.2575683333333,3.7219580800286884,7.121314886870422,8.827586206896552,274.9788693146125,4796,4.0,4
2026-07-05 07:40:00,-37.4531816666667,11.25722,4.444814907489494,7.945819353193905,9.481481481481481,276.44270332649387,4799,4.0,1
2026-07-05 08:00:00,-37.4530533333333,11.2571066666667,4.2216564375645955,7.4928138326700315,9.481481481481481,277.6703328771364,4799,4.0,1
2026-07-05 08:20:00,-37.4531833333333,11.2572033333333,4.277422552524973,7.477921193799278,8.827586206896552,286.4502044243442,4796,4.0,4
2026-07-05 08:40:00,-37.4530833333333,11.2569183333333,3.743963734752473,7.250432260457812,9.481481481481481,274.1230244556373,4796,4.0,4
2026-07-05 09:00:00,-37.459615,11.2545116666667,3.680774875931503,7.34221905148153,8.258064516129032,279.7053130619432,4799,4.0,1
2026-07-05 09:20:00,-37.4694233333333,11.25017,4.146032723225476,8.075360746420385,9.481481481481481,280.69763251980135,4796,4.0,4
2026-07-05 09:40:00,-37.4789366666667,11.2459783333333,3.7538345017225088,7.68480050197565,8.827586206896552,282.7364449433738,4796,4.0,4
2026-07-05 10:00:00,-37.4881483333333,11.241815,3.650406988048597,7.729610519734775,10.24,275.10953883892546,4796,4.0,4
2026-07-05 10:20:00,-37.49765,11.2373683333333,3.579786148872,7.539740355240032,8.827586206896552,276.2454803684377,4796,4.0,4
2026-07-05 10:40:00,-37.5065,11.2334083333333,3.55714929183727,7.745760945112023,9.481481481481481,278.10888512310316,4796,4.0,4
2026-07-05 11:00:00,-37.5151483333333,11.229565,3.455692267118453,7.668555313990383,9.481481481481481,272.3358884864294,4796,4.0,4
2026-07-05 11:20:00,-37.5242983333333,11.225445,3.4306486709742146,7.691736546912354,9.481481481481481,283.90875096594186,4796,4.0,4
2026-07-05 11:40:00,-37.53355,11.2212633333333,3.5363070365470333,8.18753202344661,9.481481481481481,275.35378336007705,4796,4.0,4
2026-07-05 12:00:00,-37.5428366666667,11.2170083333333,3.4956618351544013,8.14431774097731,10.24,267.5579511160886,4793,4.0,7
2026-07-05 12:20:00,-37.5520583333333,11.21282,3.5605044544607827,7.895122335533157,9.481481481481481,278.96001279975513,4796,4.0,4
2026-07-05 12:40:00,-37.561625,11.2083216666667,3.2287418966493173,7.7452613641008785,9.481481481481481,279.4505367489731,4793,4.0,7
2026-07-05 13:00:00,-37.5666766666667,11.2113016666667,3.373646795146568,7.7221091848172705,9.481481481481481,285.4384098523087,4790,4.0,10
2026-07-05 13:20:00,-37.5669166666667,11.22236,3.6747990619149586,7.953715820306319,11.130434782608695,277.5308118157321,4799,4.0,1
2026-07-05 13:40:00,-37.567545,11.23379,3.21460281810413,7.116354447462268,9.481481481481481,286.74508690586737,4799,4.0,1
2026-07-05 14:00:00,-37.56809,11.245145,3.253212907008985,7.345803843771196,8.827586206896552,276.158592201693,4799,4.0,1
2026-07-05 14:20:00,-37.5686316666667,11.2568416666667,3.1892641572877904,7.381426411442551,9.481481481481481,294.7056709224107,4799,4.0,1
2026-07-05 14:40:00,-37.56917,11.26897,3.438956255204504,7.424350368050371,9.481481481481481,278.8799801421834,4799,4.0,1
2026-07-05 15:00:00,-37.5713566666667,11.2817483333333,3.6828318984605217,7.867889484534673,9.481481481481481,262.4274456960981,4799,4.0,1
2026-07-05 15:20:00,-37.5741883333333,11.2946766666667,3.118794168448249,7.13013447861383,8.827586206896552,281.078383103175,4799,4.0,1
2026-07-05 15:40:00,-37.576915,11.307485,3.484562594773804,7.733252002636637,12.19047619047619,255.15897302260123,4799,4.0,1
2026-07-05 16:00:00,-37.5831366666667,11.314605,3.0500664444050583,7.109710614951233,9.481481481481481,270.43642726498433,4796,4.0,4
2026-07-05 16:20:00,-37.5896416666667,11.31214,3.378236591099743,7.905619540139365,9.481481481481481,271.54499949168957,4796,4.0,4
2026-07-05 16:40:00,-37.5909733333333,11.306025,3.444637662228127,7.95381082780109,9.481481481481481,270.9094005542979,4793,4.0,7
2026-07-05 17:00:00,-37.5923783333333,11.2994933333333,3.3046601329847687,7.90486815612955,9.481481481481481,272.4635252845967,4790,4.0,10
2026-07-05 17:20:00,-37.5937333333333,11.29326,3.152679282781326,7.817108170960937,9.481481481481481,256.44892940427735,4790,4.0,10
2026-07-05 17:40:00,-37.59516,11.2867083333333,3.108465783577121,7.64409028827674,8.258064516129032,251.53041731610514,4790,4.0,10
2026-07-05 18:00:00,-37.5967,11.28026,3.2835163879029627,7.944376963113671,9.481481481481481,261.98072960388663,4799,4.0,1
2026-07-05 18:20:00,-37.5982116666667,11.27323,3.571200971874822,7.937347920657525,10.24,254.9102974024836,4799,4.0,1
2026-07-05 18:40:00,-37.5985083333333,11.2664666666667,3.377334910471365,7.904881701301675,9.481481481481481,267.3184138533563,4799,4.0,1
2026-07-05 19:00:00,-37.598975,11.2598016666667,3.160337627045716,7.53871277909057,9.481481481481481,252.94542383010582,4793,4.0,7
2026-07-05 19:20:00,-37.5993416666667,11.2532866666667,3.3583971686807184,7.953102244701114,9.481481481481481,257.98755454188125,4799,4.0,1
2026-07-05 19:40:00,-37.5995883333333,11.24723,3.281924122526625,7.894183130755852,9.481481481481481,242.63760375067807,4796,4.0,4
2026-07-05 20:00:00,-37.5998716666667,11.2411366666667,2.8139798573975456,7.429724808848632,9.481481481481481,258.2034527282541,4799,4.0,1
2026-07-05 20:20:00,-37.6003283333333,11.2354383333333,3.1774201217614473,7.624089776575164,8.258064516129032,250.07774586684258,4796,4.0,4
2026-07-05 20:40:00,-37.60048,11.2299916666667,3.111194758772229,7.712999363793906,11.130434782608695,275.16628238312757,4796,4.0,4
2026-07-05 21:00:00,-37.6007583333333,11.2241583333333,3.2855518312613734,8.004485410985541,9.481481481481481,275.1223158354617,4793,4.0,7
2026-07-05 21:20:00,-37.6011616666667,11.2181316666667,3.434548860790119,8.178365291107182,10.24,245.22489236444085,4793,4.0,7
2026-07-05 21:40:00,-37.60137,11.2127366666667,3.3113454612493447,8.152702546099972,9.481481481481481,245.54436296540777,4799,4.0,1
2026-07-05 22:00:00,-37.601645,11.2074866666667,3.342414734102412,8.242702347371972,10.24,240.16878250846793,4799,4.0,1
2026-07-05 22:20:00,-37.6014516666667,11.203305,3.373209710892111,8.160531617359656,10.24,239.59084846759137,4796,4.0,4
2026-07-05 22:40:00,-37.6014233333333,11.199895,3.1783892769564672,7.856738954266069,9.481481481481481,254.89210663782035,4793,4.0,7
2026-07-05 23:00:00,-37.6011466666667,11.1964416666667,3.133670145937373,7.986509553328469,9.481481481481481,241.84082515285954,4793,4.0,7
2026-07-05 23:20:00,-37.6009733333333,11.1928416666667,3.1130460905384463,8.12818136298005,9.481481481481481,242.52899162182175,4796,4.0,4
2026-07-05 23:40:00,-37.6007716666667,11.1892016666667,3.1110046449626116,8.119823807290937,9.481481481481481,240.77435708290162,4793,4.0,7
2026-07-06 00:00:00,-37.600575,11.1854233333333,3.556122859324699,8.564221704039058,11.130434782608695,252.48594868072604,4793,4.0,7
2026-07-06 00:20:00,-37.6004466666667,11.1814366666667,3.688543576491068,8.833880224636722,11.130434782608695,248.08248634066106,4793,4.0,7
2026-07-06 00:40:00,-37.6001033333333,11.1768966666667,3.3310078255715183,8.367446635768223,9.481481481481481,256.48869709777284,4793,4.0,7
2026-07-06 01:00:00,-37.5999066666667,11.172165,3.5594038622685282,8.698762961268674,10.24,254.18340301411155,4796,4.0,4
2026-07-06 01:20:00,-37.5995166666667,11.1664783333333,3.5117860308307915,8.491799591803355,11.130434782608695,245.31199329698356,4799,4.0,1
2026-07-06 01:40:00,-37.59934,11.1611966666667,3.392050976698622,8.428739343913993,10.24,243.65765912725305,4793,4.0,7
2026-07-06 02:00:00,-37.5990216666667,11.1554033333333,3.0027279725965945,8.04002705762734,9.481481481481481,243.38996700945052,4793,4.0,7
2026-07-06 02:20:00,-37.5987783333333,11.149135,3.3525527170058393,8.565433289321689,9.481481481481481,242.5190170596374,4796,4.0,4
2026-07-06 02:40:00,-37.5983116666667,11.1423566666667,3.038253727747988,8.044500539549317,9.481481481481481,263.54018909661113,4796,4.0,4
2026-07-06 03:00:00,-37.5973166666667,11.1356283333333,3.2661118349301277,8.487663130914562,10.24,239.87610903444272,4793,4.0,7
2026-07-06 03:20:00,-37.595775,11.12868,3.5205197010052363,8.47139541803357,10.24,244.7192010156833,4793,4.0,7
2026-07-06 03:40:00,-37.594415,11.122695,3.39892698232438,8.611505579585572,10.24,236.38462740727059,4793,4.0,7
2026-07-06 04:00:00,-37.59321,11.1169416666667,3.3493593204209273,8.415719054693728,10.24,247.2849551230778,4796,4.0,4
2026-07-06 04:20:00,-37.5917933333333,11.11058,3.260759245092541,8.543316670080225,11.130434782608695,239.47466210141963,4799,4.0,1
2026-07-06 04:40:00,-37.5904033333333,11.1042066666667,3.438528695222582,8.43277278172841,11.130434782608695,223.6315106808887,4799,4.0,1
2026-07-06 05:00:00,-37.58897,11.0985716666667,3.3997800364498314,8.565342010522347,10.24,249.30777940247765,4799,4.0,1
2026-07-06 05:20:00,-37.5844916666667,11.09872,3.0617691053266927,8.09492926723819,9.481481481481481,251.61479361809705,4799,4.0,1
2026-07-06 05:40:00,-37.5802816666667,11.09875,3.714252412553021,8.74404338783129,11.130434782608695,261.18237663188177,4799,4.0,1
2026-07-06 06:00:00,-37.5774,11.10323,3.468277489494592,8.52572004487058,10.24,252.78392955794328,4799,4.0,1
2026-07-06 06:20:00,-37.575635,11.1113883333333,3.297925137232008,7.867991724146626,11.130434782608695,254.98402467072748,4799,4.0,1
2026-07-06 06:40:00,-37.5737466666667,11.1200733333333,3.482309603451333,7.998120163210625,11.130434782608695,242.01532436809865,4796,4.0,4
2026-07-06 07:00:00,-37.5719683333333,11.1279383333333,3.501183199443389,8.050016028548498,10.24,274.7266514181056,4796,4.0,4
2026-07-06 07:20:00,-37.5702583333333,11.1364933333333,3.095956123041061,7.412679113938808,9.481481481481481,265.0146441332177,4793,4.0,7
2026-07-06 07:40:00,-37.5692733333333,11.1453616666667,3.397528914907462,7.890369050950335,11.130434782608695,247.9953026050069,4796,4.0,4
2026-07-06 08:00:00,-37.5687933333333,11.15497,3.575273709832387,7.860742369577685,11.130434782608695,233.59443445866702,4796,4.0,4
2026-07-06 08:20:00,-37.56825,11.16406,3.509668424610872,7.971954199991255,11.130434782608695,232.44732002633,4793,4.0,7
2026-07-06 08:40:00,-37.5677766666667,11.173835,3.408840255063412,7.712114625855304,11.130434782608695,236.0790375486033,4790,4.0,10
2026-07-06 09:00:00,-37.5673233333333,11.1835616666667,3.4493045853961988,7.774993830778709,11.130434782608695,233.16750340439884,4793,4.0,7
2026-07-06 09:20:00,-37.56661,11.1939283333333,3.0508406617799775,6.913927106209486,9.481481481481481,264.6239488183422,4799,4.0,1
2026-07-06 09:40:00,-37.56611,11.2047,2.8071473321012106,6.504577135338204,5.446808510638298,262.30138108165266,4799,4.0,1
2026-07-06 10:00:00,-37.5726683333333,11.21548,3.3157669813443333,6.781988510476921,9.481481481481481,235.81471200554265,4799,4.0,1
2026-07-06 10:20:00,-37.5804166666667,11.2258716666667,3.9753481348205995,7.584657199905219,10.24,236.23448233368828,4796,4.0,4
2026-07-06 10:40:00,-37.5895416666667,11.2356,3.8273185321627357,7.5743097310443535,11.130434782608695,255.72767801480825,4799,4.0,1
2026-07-06 11:00:00,-37.5994183333333,11.237185,3.282654792993442,7.288549593083285,9.481481481481481,240.32611871677935,4793,4.0,7
2026-07-06 11:20:00,-37.6093383333333,11.23737,3.156107060571,7.3029642055317865,9.481481481481481,258.98892692541153,4796,4.0,4
2026-07-06 11:40:00,-37.617315,11.23767,3.10829121006887,7.414883705552656,9.481481481481481,248.86093193939573,4799,4.0,1
2026-07-06 12:00:00,-37.6274566666667,11.2379833333333,3.1706585663564844,7.326517668582621,9.481481481481481,245.4478505645223,4796,4.0,4
2026-07-06 12:20:00,-37.6376333333333,11.2384383333333,3.482669325532052,7.76001379072741,9.481481481481481,249.87436906074194,4793,4.0,7
2026-07-06 12:40:00,-37.6476166666667,11.2385533333333,3.6144825178122835,7.879904596008186,9.481481481481481,251.848508276764,4793,4.0,7
2026-07-06 13:00:00,-37.65687,11.2386733333333,3.0615636912974558,7.0466637673787185,9.481481481481481,247.14769976366202,4799,4.0,1
2026-07-06 13:20:00,-37.66605,11.2388333333333,3.259250201652417,7.337057733218543,9.481481481481481,270.75251457099955,4796,4.0,4
2026-07-06 13:40:00,-37.67545,11.23911,3.0514018398668727,7.014463247881801,9.481481481481481,265.62896642360727,4799,4.0,1
2026-07-06 14:00:00,-37.684485,11.23919,3.2418674325753254,7.483202377242853,9.481481481481481,266.1873410216398,4793,4.0,7
2026-07-06 14:20:00,-37.693135,11.2396066666667,3.4996694491021656,7.802668122210897,10.24,264.20271487023854,4793,4.0,7
2026-07-06 14:40:00,-37.6997866666667,11.240135,3.209432058904079,7.495670077721264,9.481481481481481,247.87094911976396,4793,4.0,7
2026-07-06 15:00:00,-37.7069033333333,11.2400533333333,3.530910317834435,7.846493485020543,10.24,244.9141758310877,4796,4.0,4
2026-07-06 15:20:00,-37.7136,11.2401716666667,3.2866930684413687,7.804785063134614,9.481481481481481,238.08577026680436,4796,4.0,4
2026-07-06 15:40:00,-37.7209783333333,11.240265,3.4624862614641985,7.449607151936482,10.24,265.3608166763954,4796,4.0,4
2026-07-06 16:00:00,-37.729545,11.2400933333333,3.632352431055809,7.213199694861844,9.481481481481481,246.5221751382257,4793,4.0,7
2026-07-06 16:20:00,-37.7370883333333,11.2374716666667,3.5082883951775687,6.893483522293127,9.481481481481481,258.01701683836416,4799,4.0,1
2026-07-06 16:40:00,-37.7388683333333,11.2291316666667,3.412922830138905,7.577871962224511,9.481481481481481,245.73266524153075,4799,4.0,1
2026-07-06 17:00:00,-37.7404183333333,11.2222866666667,2.9992492505593984,7.205176386425266,9.481481481481481,237.994167629176,4793,4.0,7
2026-07-06 17:20:00,-37.74197,11.2156533333333,3.009084957115992,7.291285117771187,9.481481481481481,239.3293785328392,4799,4.0,1
2026-07-06 17:40:00,-37.7431366666667,11.2097866666667,3.624047130568671,7.850246224044823,9.481481481481481,257.30247560300734,4796,4.0,4
2026-07-06 18:00:00,-37.7446366666667,11.203205,3.370732492997186,7.8855620453341135,10.24,238.76851181423194,4796,4.0,4
2026-07-06 18:20:00,-37.74564,11.1967283333333,3.520932076284636,7.745574715541761,9.481481481481481,236.98954978656926,4799,4.0,1
2026-07-06 18:40:00,-37.7471866666667,11.1988533333333,3.6480492495583254,7.64156722066647,9.481481481481481,249.92700284334404,4796,4.0,4
2026-07-06 19:00:00,-37.748675,11.2012733333333,3.4556070692787526,7.235912389484394,9.481481481481481,252.24861995259863,4793,4.0,7
2026-07-06 19:20:00,-37.750105,11.203815,3.716582163960048,7.827882814194483,11.130434782608695,230.18726940445484,4799,4.0,1
2026-07-06 19:40:00,-37.7511933333333,11.2061,3.6585896477203836,7.889489559223438,11.130434782608695,232.8295188961867,4796,4.0,4
2026-07-06 20:00:00,-37.7527083333333,11.20872,3.0689451419013345,6.930241476450885,8.827586206896552,246.94563547677092,4793,4.0,7
2026-07-06 20:20:00,-37.7539,11.21079,3.692592539124272,8.015944448371654,10.24,251.56174894859058,4796,4.0,4
2026-07-06 20:40:00,-37.7552533333333,11.2125983333333,3.3954707566697078,7.2646828596286985,9.481481481481481,246.78727406932478,4793,4.0,7
2026-07-06 21:00:00,-37.75663,11.2144166666667,3.501472622320725,7.83011781716263,12.19047619047619,224.24438816074195,4793,4.0,7
2026-07-06 21:20:00,-37.758055,11.21593,3.4901866639421715,7.837327854443243,11.130434782608695,234.8088720172947,4793,4.0,7
2026-07-06 21:40:00,-37.759245,11.217995,3.711384550363334,8.082924992172362,11.130434782608695,239.23288002304588,4793,4.0,7
2026-07-06 22:00:00,-37.76007,11.2194883333333,2.9555535751399353,7.041420817651425,9.481481481481481,262.64692999345925,4793,4.0,7
2026-07-06 22:20:00,-37.7610833333333,11.2215383333333,3.6317648310520396,8.152186006483403,11.130434782608695,234.7043227779107,4796,4.0,4
2026-07-06 22:40:00,-37.762275,11.2230583333333,3.5408498828643866,8.007830402960163,11.130434782608695,238.84874315160505,4796,4.0,4
2026-07-06 23:00:00,-37.7633133333333,11.225285,3.6037736071859503,8.160852159470291,12.19047619047619,228.52649594315005,4796,4.0,4
2026-07-06 23:20:00,-37.764485,11.2276416666667,3.5885309218940282,8.38913763304355,11.130434782608695,243.38005658670227,4790,4.0,10
2026-07-06 23:40:00,-37.765175,11.2295983333333,3.623038813012546,8.140282292533769,11.130434782608695,231.093834231394,4793,4.0,7
2026-07-07 00:00:00,-37.7659833333333,11.231905,3.719145687311528,8.20995513366879,12.19047619047619,225.6275502902909,4796,4.0,4
2026-07-07 00:20:00,-37.766335,11.234085,3.7878293489534514,8.512574639602343,12.19047619047619,225.5761190793352,4793,4.0,7
2026-07-07 00:40:00,-37.7671633333333,11.236205,3.499399427118129,8.233623939344204,12.19047619047619,225.16724396368102,4796,4.0,4
2026-07-07 01:00:00,-37.76758,11.2380616666667,3.642331544567562,8.348843362278156,12.19047619047619,221.16622098362654,4796,4.0,4
2026-07-07 01:20:00,-37.768005,11.2403483333333,3.740795481293026,8.636868494682723,12.19047619047619,233.58289059072916,4796,4.0,4
2026-07-07 01:40:00,-37.76823,11.2421033333333,3.667239633675812,8.361248184464474,12.19047619047619,235.22468060599377,4793,4.0,7
2026-07-07 02:00:00,-37.76859,11.24341,3.5826894827772673,8.446101498957368,12.19047619047619,224.17916715687733,4796,4.0,4
2026-07-07 02:20:00,-37.7687666666667,11.24481,3.4900674908929714,8.250419061494796,11.130434782608695,231.8169280720457,4796,4.0,4
2026-07-07 02:40:00,-37.7689233333333,11.2455883333333,3.523405382111682,8.33183104367651,11.130434782608695,240.1837528296415,4793,4.0,7
2026-07-07 03:00:00,-37.769355,11.246145,3.685430261948264,8.654674283303004,12.19047619047619,217.41073936035679,4793,4.0,7
2026-07-07 03:20:00,-37.769655,11.2468866666667,3.811985843816864,8.718771438852706,12.19047619047619,230.4147744143777,4793,4.0,7
2026-07-07 03:40:00,-37.7702966666667,11.2470616666667,3.8663897321076415,8.707253750373576,12.19047619047619,229.0484210344541,4793,4.0,7
2026-07-07 04:00:00,-37.7708416666667,11.2473116666667,3.6883374702734897,8.703895344538608,11.130434782608695,222.02789256133974,4793,4.0,7
2026-07-07 04:20:00,-37.77173,11.247505,3.583884655255105,8.601136084550776,12.19047619047619,237.1731564639769,4793,4.0,7
2026-07-07 04:40:00,-37.7723516666667,11.247115,3.013389048884985,7.72189950825083,9.481481481481481,243.92346967008706,4796,4.0,4
2026-07-07 05:00:00,-37.773465,11.2470233333333,3.4933098457662894,8.71745556645652,12.19047619047619,229.99589578360954,4793,4.0,7
2026-07-07 05:20:00,-37.7742716666667,11.2469816666667,3.606158216304711,8.723323467021661,12.19047619047619,227.93424032278443,4793,4.0,7
2026-07-07 05:40:00,-37.7754166666667,11.2475433333333,3.531622052017692,8.548774883004548,10.24,244.09972511702767,4793,4.0,7
2026-07-07 06:00:00,-37.776435,11.2478566666667,3.336682686136663,8.540793568403933,12.19047619047619,224.83382467775596,4790,4.0,10
2026-07-07 06:20:00,-37.7774583333333,11.2480166666667,3.4239281552085994,8.412810012907878,12.19047619047619,217.74019362535262,4793,4.0,7
2026-07-07 06:40:00,-37.7786616666667,11.24814,3.4831395356109565,8.687284690094907,12.19047619047619,225.9701656404236,4790,4.0,10
2026-07-07 07:00:00,-37.7799,11.2476,3.6347507876773197,8.60097622026838,12.19047619047619,227.30835911561678,4793,4.0,7
2026-07-07 07:20:00,-37.781315,11.2476966666667,3.7174214649309145,8.72691323613944,12.19047619047619,236.1275921003637,4796,4.0,4
2026-07-07 07:40:00,-37.7826883333333,11.2478483333333,3.6436509903823957,8.438487369198832,12.19047619047619,229.8649733642926,4790,4.0,10
2026-07-07 08:00:00,-37.7837383333333,11.2481283333333,3.5650161972358716,8.595137679043505,12.19047619047619,225.62869186342945,4796,4.0,4
2026-07-07 08:20:00,-37.78517,11.2491016666667,3.558028949501716,8.515358993808677,12.19047619047619,232.05139565112313,4799,4.0,1
2026-07-07 08:40:00,-37.7863516666667,11.24967,3.4027787302442842,8.603476703075614,12.19047619047619,235.2584895230882,4799,4.0,1
2026-07-07 09:00:00,-37.7876716666667,11.2507933333333,3.1463611908148414,8.056352275993586,12.19047619047619,229.72821831916548,4799,4.0,1
2026-07-07 09:20:00,-37.7888966666667,11.2516133333333,3.389967346317942,8.18557764649083,10.24,238.45426770743063,4799,4.0,1
2026-07-07 09:40:00,-37.7899983333333,11.2526116666667,3.4901136848697702,8.660191176243744,12.19047619047619,240.26945067151883,4799,4.0,1
2026-07-07 10:00:00,-37.7907116666667,11.2536583333333,3.5259084359543347,8.621251648264927,12.19047619047619,223.64349388613573,4799,4.0,1
2026-07-07 10:20:00,-37.7918166666667,11.254475,3.6267852351612055,8.606711216485461,12.19047619047619,232.82875446652832,4796,4.0,4
2026-07-07 10:40:00,-37.7933116666667,11.2555766666667,3.3679195598350127,8.372527961375848,12.19047619047619,234.4624788427503,4793,4.0,7
2026-07-07 11:00:00,-37.794305,11.2571,3.3331347489575234,8.158604250963227,12.19047619047619,243.98649161508703,4799,4.0,1
2026-07-07 11:20:00,-37.7954183333333,11.2584266666667,3.4636042807398963,8.516279073255859,12.19047619047619,232.9179065411505,4796,4.0,4
2026-07-07 11:40:00,-37.7962683333333,11.2602733333333,2.5931489060352138,7.246050551822889,9.481481481481481,231.37029031636015,4793,4.0,7
2026-07-07 12:00:00,-37.7968883333333,11.2622766666667,3.242621375724891,8.257494864749132,12.19047619047619,233.67296636415153,4796,4.0,4
2026-07-07 12:20:00,-37.7978316666667,11.26397,3.4613205366042505,8.285368099466806,12.19047619047619,238.70745473449176,4799,4.0,1
2026-07-07 12:40:00,-37.799125,11.2660733333333,3.4366871783844157,8.181908446929977,11.130434782608695,230.7680944521564,4799,4.0,1
2026-07-07 13:00:00,-37.800015,11.267855,2.784472730798308,6.7797674195982465,9.481481481481481,232.90556152847262,4799,4.0,1
2026-07-07 13:20:00,-37.800785,11.2698883333333,3.00725640070252,7.107719019795464,9.481481481481481,251.3749411317619,4796,4.0,4
2026-07-07 13:40:00,-37.80206,11.2719066666667,2.9201256027512383,6.799052521108303,8.827586206896552,238.61776991506662,4793,4.0,7
2026-07-07 14:00:00,-37.8030066666667,11.2733783333333,3.655229531006186,7.734832942780826,11.130434782608695,234.8246181608501,4793,4.0,7
2026-07-07 14:20:00,-37.803835,11.27471,3.766059784924451,8.082452566358763,12.19047619047619,236.92198442633668,4793,4.0,7
2026-07-07 14:40:00,-37.804375,11.27629,3.8766084574468698,7.907905140515397,12.19047619047619,223.51200855904534,4790,4.0,10
2026-07-07 15:00:00,-37.8051833333333,11.2781483333333,3.2155702991170796,6.769251536230653,8.827586206896552,227.2305910063658,4790,4.0,10
2026-07-07 15:20:00,-37.8057533333333,11.2803416666667,3.808997868851019,7.708762819412473,12.19047619047619,235.03455768746414,4793,4.0,7
2026-07-07 15:40:00,-37.80643,11.282705,4.111984343279683,8.130245251429248,11.130434782608695,238.17408236148862,4799,4.0,1
2026-07-07 16:00:00,-37.8065833333333,11.2848433333333,4.001658758082025,7.851530435477775,12.19047619047619,235.93185371477196,4799,4.0,1
2026-07-07 16:20:00,-37.8070916666667,11.2871983333333,3.447012797622312,6.706762600003345,6.564102564102564,285.273566032349,4799,4.0,1
2026-07-07 16:40:00,-37.8072066666667,11.28941,3.868936631268319,7.69963709527863,12.19047619047619,235.54380195748678,4799,4.0,1
2026-07-07 17:00:00,-37.806825,11.291505,3.490787914065047,6.938908495474797,6.564102564102564,289.88664093346995,4790,4.0,10
2026-07-07 17:20:00,-37.80669,11.2931966666667,4.08005484419505,8.03575318312243,12.19047619047619,255.3767192005612,4796,4.0,4
2026-07-07 17:40:00,-37.8068416666667,11.2948866666667,3.30797436100494,6.667008999458624,6.564102564102564,283.0052353700779,4799,4.0,1
2026-07-07 18:00:00,-37.8063633333333,11.2971583333333,3.9588527542853114,7.67496159211034,6.564102564102564,295.06588645063744,4793,4.0,7
2026-07-07 18:20:00,-37.8064333333333,11.2985833333333,4.321203445721141,7.979958164009442,12.19047619047619,230.54336102506932,4790,4.0,10
2026-07-07 18:40:00,-37.8062233333333,11.3005116666667,3.850159607394489,7.7393997324608765,12.19047619047619,243.28085828397315,4799,4.0,1
2026-07-07 19:00:00,-37.8058533333333,11.3024166666667,4.037486770453348,7.783093814814747,13.473684210526315,240.38836851660608,4799,4.0,1
2026-07-07 19:20:00,-37.805595,11.3046,3.8212945940678904,7.71562428562325,13.473684210526315,254.3094190741342,4796,4.0,4
2026-07-07 19:40:00,-37.8046616666667,11.30624,3.767516931437021,7.740789875646681,12.19047619047619,239.6447018808369,4790,4.0,10
2026-07-07 20:00:00,-37.8030016666667,11.3079183333333,3.9375898754863674,7.841596225080904,11.130434782608695,241.1025613463053,4793,4.0,7
2026-07-07 20:20:00,-37.801275,11.30905,3.8867260794802694,8.121048704293958,11.130434782608695,221.68639814231204,4796,4.0,4
2026-07-07 20:40:00,-37.7992116666667,11.3103183333333,3.8364182551190087,7.9312497609936585,13.473684210526315,242.59834331721635,4793,4.0,7
2026-07-07 21:00:00,-37.797085,11.311375,3.477607562190303,7.9443920543621624,12.19047619047619,239.77847850169653,4796,4.0,4
2026-07-07 21:20:00,-37.7950583333333,11.31138,3.751378913637065,8.162722149959082,12.19047619047619,229.23003388614006,4799,4.0,1
2026-07-07 21:40:00,-37.7932566666667,11.3120033333333,3.6522007094351143,8.053705893284171,12.19047619047619,221.25608382514014,4799,4.0,1
2026-07-07 22:00:00,-37.79134,11.3121916666667,3.635856993539796,7.815174842207692,12.19047619047619,245.22346809044402,4796,4.0,4
2026-07-07 22:20:00,-37.78964,11.3121966666667,3.555588927659778,7.767839784782745,13.473684210526315,235.8127010282094,4796,4.0,4
2026-07-07 22:40:00,-37.7875616666667,11.3121266666667,3.743892919231596,7.910313651975018,12.19047619047619,238.7669162735547,4796,4.0,4
2026-07-07 23:00:00,-37.7858733333333,11.311805,3.811658005224437,7.810739742306867,13.473684210526315,233.91720231928326,4796,4.0,4
2026-07-07 23:20:00,-37.7837466666667,11.3112483333333,3.8911325620058883,7.796223738993611,11.130434782608695,229.11526703948175,4793,4.0,7
2026-07-07 23:40:00,-37.7817566666667,11.3108583333333,3.618601463300117,7.957877145117483,11.130434782608695,221.08881676834557,4793,4.0,7
2026-07-08 00:00:00,-37.7800733333333,11.3097716666667,3.7417194586744795,7.702591111322049,12.19047619047619,236.7879188376132,4793,4.0,7
2026-07-08 00:20:00,-37.77808,11.30956,3.540810057633529,7.818109851519012,12.19047619047619,233.50033599430003,4796,4.0,4
2026-07-08 00:40:00,-37.77693,11.3088533333333,3.677471760057513,7.871192629288753,13.473684210526315,240.8929038766613,4796,4.0,4
2026-07-08 01:00:00,-37.7757483333333,11.3081116666667,3.6837085024904286,8.075681252786941,13.473684210526315,234.34364695958226,4787,4.0,13
2026-07-08 01:20:00,-37.7745566666667,11.3079066666667,3.7139304206096004,7.836955550734218,15.058823529411764,232.33211506996517,4793,4.0,7
2026-07-08 01:40:00,-37.7731366666667,11.3073516666667,3.9093681550501107,7.801963975413062,12.19047619047619,226.80980368260424,4793,4.0,7
2026-07-08 02:00:00,-37.7720333333333,11.3060383333333,3.670136771886987,7.911100689979253,11.130434782608695,235.2285548603271,4793,4.0,7
2026-07-08 02:20:00,-37.771275,11.304875,3.691303030917538,7.572196666442238,13.473684210526315,243.4337135665259,4793,4.0,7
2026-07-08 02:40:00,-37.77048,11.3034633333333,3.7223221689009196,7.919348353140678,11.130434782608695,227.24060358178633,4793,4.0,7
2026-07-08 03:00:00,-37.76954,11.3019216666667,3.7073775562043636,8.120772966723347,12.19047619047619,229.76687826741664,4790,4.0,10
2026-07-08 03:20:00,-37.76892,11.29985,3.6656237083388024,7.912754803001234,12.19047619047619,236.3620724793886,4799,4.0,1
2026-07-08 03:40:00,-37.76852,11.2980616666667,3.637652244425428,8.110486209582785,12.19047619047619,229.51439588659557,4799,4.0,1
2026-07-08 04:00:00,-37.7680383333333,11.2964283333333,3.6580484492340357,8.25499760535627,12.19047619047619,236.3235954800649,4799,4.0,1
2026-07-08 04:20:00,-37.767725,11.2947616666667,3.4639729962109547,7.799512075437199,12.19047619047619,239.81358876172922,4799,4.0,1
2026-07-08 04:40:00,-37.7670733333333,11.2933433333333,3.373126026441897,7.834557903541119,13.473684210526315,227.61673892544474,4799,4.0,1
2026-07-08 05:00:00,-37.7670816666667,11.29182,3.4464810219542397,7.757599149387677,12.19047619047619,232.34323330625205,4799,4.0,1
2026-07-08 05:20:00,-37.7666116666667,11.2904233333333,3.474913922159221,8.057705099504679,12.19047619047619,235.87283208164243,4799,4.0,1
2026-07-08 05:40:00,-37.7660966666667,11.2889366666667,3.386657569314227,8.063644972723777,12.19047619047619,223.7535074714203,4796,4.0,4
2026-07-08 06:00:00,-37.76596,11.28745,3.4467125335682596,7.851970538286474,12.19047619047619,233.10125732321768,4799,4.0,1
2026-07-08 06:20:00,-37.765415,11.2860266666667,3.6297580536053564,7.976698530868619,12.19047619047619,220.18540839679855,4799,4.0,1
2026-07-08 06:40:00,-37.7650666666667,11.2848183333333,3.2353151396222835,6.9740650937849775,8.827586206896552,190.93415215205283,4799,4.0,1
2026-07-08 07:00:00,-37.7649183333333,11.2831883333333,3.396276280147984,7.923958232974774,13.473684210526315,230.59576346014194,4799,4.0,1
2026-07-08 07:20:00,-37.7650783333333,11.2824916666667,3.3779315706764734,8.126205459645707,12.19047619047619,228.10710672344464,4799,4.0,1
2026-07-08 07:40:00,-37.7651866666667,11.2817833333333,3.4078130286117005,7.998685963918982,12.19047619047619,223.1711203834438,4799,4.0,1
2026-07-08 08:00:00,-37.7652933333333,11.281195,3.376844500291106,7.835500553117988,13.473684210526315,238.99311286046319,4799,4.0,1
2026-07-08 08:20:00,-37.7651266666667,11.2805983333333,3.55279021193919,8.135260140606439,13.473684210526315,244.21692452027946,4799,4.0,1
2026-07-08 08:40:00,-37.7651033333333,11.279715,3.67751971958227,8.298100797401144,13.473684210526315,219.57298931709113,4796,4.0,4
2026-07-08 09:00:00,-37.765135,11.279115,3.5878920262988627,8.102599036326895,13.473684210526315,225.41775231771842,4796,4.0,4
2026-07-08 09:20:00,-37.76502,11.2782116666667,3.3216383652625954,7.905327211094651,12.19047619047619,222.3896204198432,4799,4.0,1
2026-07-08 09:40:00,-37.7649933333333,11.2774183333333,2.849281655130465,7.071520290931753,8.827586206896552,205.03436266735127,4799,4.0,1
2026-07-08 10:00:00,-37.7649533333333,11.27697,3.425198624264095,8.292243275018658,11.130434782608695,225.57072521779162,4796,4.0,4
2026-07-08 10:20:00,-37.7648716666667,11.277115,3.2459313618668095,7.879944262659509,12.19047619047619,237.97989596896434,4796,4.0,4
2026-07-08 10:40:00,-37.7649533333333,11.2775016666667,3.565776984567341,8.33392979720868,11.130434782608695,236.70841894458312,4796,4.0,4
2026-07-08 11:00:00,-37.7647866666667,11.2779383333333,3.315385539638272,8.136339674004526,12.19047619047619,239.19187242945367,4793,4.0,7
2026-07-08 11:20:00,-37.76465,11.2785683333333,3.3657189212458185,8.202711896595662,11.130434782608695,216.37923006424646,4790,4.0,10
2026-07-08 11:40:00,-37.7645,11.2790883333333,3.312831953066524,8.211309512934632,11.130434782608695,207.30188065296608,4793,4.0,7
2026-07-08 12:00:00,-37.7644516666667,11.2794333333333,3.233455792434575,8.028893295742021,12.19047619047619,213.50265871586066,4793,4.0,7
2026-07-08 12:20:00,-37.7643433333333,11.2797533333333,3.1944629272932343,8.165236244636679,12.19047619047619,212.46385518044556,4793,4.0,7
2026-07-08 12:40:00,-37.76411,11.2800716666667,3.3743072231801747,8.168752068243318,12.19047619047619,230.99095222806704,4790,4.0,10
2026-07-08 13:00:00,-37.7638766666667,11.2801483333333,3.280078251135077,8.356637446986902,11.130434782608695,216.48020637897153,4793,4.0,7
2026-07-08 13:20:00,-37.7638166666667,11.2808533333333,2.988617621358486,7.765752503546561,8.827586206896552,203.75422064947537,4793,4.0,7
2026-07-08 13:40:00,-37.7634083333333,11.280995,2.8300215240824778,7.506129402140806,9.481481481481481,199.3615895567915,4793,4.0,7
2026-07-08 14:00:00,-37.763095,11.281455,3.0857985949258784,7.882887031298745,7.757575757575758,202.00597813738995,4793,4.0,7
2026-07-08 14:20:00,-37.7626916666667,11.282035,2.8235653805368415,7.601412879289473,9.481481481481481,207.63222142266736,4796,4.0,4
2026-07-08 14:40:00,-37.76216,11.2821416666667,3.4206972458344556,8.275919722896434,11.130434782608695,208.57523944595914,4790,4.0,10
2026-07-08 15:00:00,-37.76168,11.2825133333333,3.34169561974893,8.415616387699085,11.130434782608695,209.3941185733745,4793,4.0,7
2026-07-08 15:20:00,-37.7611783333333,11.28323,3.3089429883453088,8.568406645699216,12.19047619047619,195.70701429656168,4796,4.0,4
2026-07-08 15:40:00,-37.7603816666667,11.2836666666667,2.950461806449102,8.102706850363923,9.481481481481481,197.75561324237793,4796,4.0,4
2026-07-08 16:00:00,-37.7597233333333,11.2841916666667,3.0822904998542566,8.120795249744955,9.481481481481481,211.11971301854203,4793,4.0,7
2026-07-08 16:20:00,-37.7593466666667,11.2850466666667,3.376987572843727,8.3900405366749,10.24,198.4273945304428,4793,4.0,7
2026-07-08 16:40:00,-37.7586083333333,11.28551,3.032557332650523,7.74861360935665,8.827586206896552,206.78153178339502,4793,4.0,7
2026-07-08 17:20:00,-37.7577383333333,11.285945,3.769603271395622,8.739536627692992,11.130434782608695,186.59624181187374,4790,4.0,10
2026-07-08 17:40:00,-37.7570333333333,11.2861083333333,2.891048413958675,7.683975148532268,8.827586206896552,185.4398182441028,4790,4.0,10
2026-07-08 18:00:00,-37.75616,11.28603,2.9904061243452924,7.662256458139715,8.258064516129032,199.63070546013182,4790,4.0,10
2026-07-08 18:20:00,-37.7554366666667,11.2862083333333,3.1655803949015877,7.916939539342006,9.481481481481481,196.5617015156061,4793,4.0,7
2026-07-08 18:40:00,-37.7547816666667,11.285875,3.143519061552668,8.169869504800939,9.481481481481481,182.89525251474225,4796,4.0,4
2026-07-08 19:00:00,-37.7540716666667,11.28525,3.0519892454644943,7.937091477633325,9.481481481481481,197.13847059230702,4793,4.0,7
2026-07-08 19:20:00,-37.753185,11.28511,2.770343985147833,7.535056750687834,9.481481481481481,202.0427648216976,4796,4.0,4
2026-07-08 19:40:00,-37.7523733333333,11.2851466666667,3.1784887873587118,8.367591272783685,13.473684210526315,216.62634581571143,4799,4.0,1
2026-07-08 20:00:00,-37.7514966666667,11.28578,2.943607105177734,7.903222507835666,9.481481481481481,193.70709266050872,4799,4.0,1
2026-07-08 20:20:00,-37.7507533333333,11.2856633333333,2.9758990936617717,7.958108843016218,9.481481481481481,185.89459748510876,4793,4.0,7
2026-07-08 20:40:00,-37.74995,11.2852866666667,2.8458886825028396,7.700798439317078,9.481481481481481,203.94978359003085,4790,4.0,10
2026-07-08 21:00:00,-37.74894,11.2845733333333,2.6886057347016163,7.463134595129748,8.827586206896552,203.6234302115378,4793,4.0,7
2026-07-08 21:20:00,-37.74816,11.2837416666667,2.6524955543472557,7.516615498904364,9.481481481481481,196.87938420859552,4799,4.0,1
2026-07-08 21:40:00,-37.7475916666667,11.2825883333333,3.0061819133964525,7.998988103027946,9.481481481481481,189.02472755133158,4799,4.0,1
2026-07-08 22:00:00,-37.7469433333333,11.281635,3.0731798662670102,8.335752181141446,9.481481481481481,206.0704751154827,4799,4.0,1
2026-07-08 22:20:00,-37.7461133333333,11.2807066666667,2.9151028468128994,7.940210566328657,9.481481481481481,217.97467279340802,4799,4.0,1
2026-07-08 22:40:00,-37.7457483333333,11.2794083333333,2.7544560086871597,7.937283915648083,9.481481481481481,205.6037573143581,4799,4.0,1
2026-07-08 23:00:00,-37.74544,11.2779183333333,3.2447826299255818,8.3811779308095,11.130434782608695,204.1585529480009,4799,4.0,1
2026-07-08 23:20:00,-37.7450083333333,11.2762316666667,3.07912106796539,8.709147148968475,11.130434782608695,210.41870402162914,4799,4.0,1
2026-07-08 23:40:00,-37.7446016666667,11.2743983333333,2.7302236180484556,7.669695413431917,8.827586206896552,201.51965514082485,4799,4.0,1
2026-07-09 00:00:00,-37.74484,11.2725566666667,2.7797905016639377,7.7884741338846455,9.481481481481481,214.90584636141864,4799,4.0,1
2026-07-09 00:20:00,-37.74473,11.2707583333333,2.7447842156906335,7.697350548968449,7.757575757575758,216.59277549760438,4799,4.0,1
2026-07-09 00:40:00,-37.744905,11.26922,2.6924278780002333,7.842390501093866,9.481481481481481,186.35248125208648,4799,4.0,1
2026-07-09 01:00:00,-37.745295,11.26767,3.030871981895794,8.639990560013716,12.19047619047619,211.9915829669613,4799,4.0,1
2026-07-09 01:20:00,-37.7461016666667,11.26605,2.8315641738668864,8.124492471516119,9.481481481481481,197.630226004449,4796,4.0,4
2026-07-09 01:40:00,-37.7469416666667,11.26411,2.7629113801844793,7.830571976938141,9.481481481481481,188.09218344282948,4790,4.0,10
2026-07-09 02:00:00,-37.7481,11.2628533333333,2.807158169950383,8.216379229869679,9.481481481481481,190.39054275158827,4790,4.0,10
2026-07-09 02:20:00,-37.7492133333333,11.2615233333333,2.95948846454615,8.412669153523353,11.130434782608695,213.0335182198677,4799,4.0,1
2026-07-09 02:40:00,-37.7505983333333,11.2605466666667,3.0347698250586226,8.573001550789733,11.130434782608695,213.44187409427346,4790,4.0,10
2026-07-09 03:00:00,-37.7515416666667,11.2595116666667,2.6927264799333357,7.8028032479163665,9.481481481481481,220.41164457283818,4793,4.0,7
2026-07-09 03:20:00,-37.752705,11.258915,3.169464666995703,8.677662483241438,12.19047619047619,203.86431646394738,4790,4.0,10
2026-07-09 03:40:00,-37.754055,11.2582566666667,3.098709382624743,8.828076107592048,11.130434782608695,204.94975129871938,4796,4.0,4
2026-07-09 04:00:00,-37.7550583333333,11.25797,2.6691837133153626,8.08557774017587,9.481481481481481,203.35104067230748,4790,4.0,10
2026-07-09 04:20:00,-37.7563233333333,11.2578066666667,2.56940149656259,7.689198432966823,8.258064516129032,192.13801908392514,4796,4.0,4
2026-07-09 04:40:00,-37.7580283333333,11.257655,2.7181224172170357,7.931423750127924,9.481481481481481,197.14657231882813,4796,4.0,4
2026-07-09 05:00:00,-37.7598283333333,11.2575016666667,2.787170530719928,7.93760175913649,9.481481481481481,194.20432275880168,4799,4.0,1
2026-07-09 05:20:00,-37.76143,11.257625,2.6678053081435404,7.674557164193265,9.481481481481481,193.94391728516973,4799,4.0,1
2026-07-09 05:40:00,-37.7630716666667,11.2573266666667,2.754698412205111,7.786114054076748,8.827586206896552,205.0882981412351,4796,4.0,4
2026-07-09 06:00:00,-37.7650416666667,11.257385,3.081554414561942,8.23793046833235,9.481481481481481,192.24554186041658,4793,4.0,7
2026-07-09 06:20:00,-37.7668716666667,11.2577633333333,3.3171065467057175,8.866246676911082,11.130434782608695,208.87993570093073,4793,4.0,7
2026-07-09 06:40:00,-37.76852,11.2577516666667,2.9665463392016083,8.3064952725461,9.481481481481481,199.5576816371945,4793,4.0,7
2026-07-09 07:00:00,-37.7702433333333,11.2583283333333,2.952286841873443,8.02962838766777,9.481481481481481,206.4717600701067,4793,4.0,7
2026-07-09 07:20:00,-37.771405,11.25963,2.9823817654827627,8.275909399382828,9.481481481481481,213.42428490566496,4790,4.0,10
2026-07-09 07:40:00,-37.7724566666667,11.2614883333333,2.891166293900561,7.89677858539858,9.481481481481481,202.0950318511696,4793,4.0,7
2026-07-09 08:00:00,-37.7743916666667,11.2631383333333,2.8721624163046706,7.994142052235267,9.481481481481481,207.5784302268695,4793,4.0,7
2026-07-09 08:20:00,-37.7757216666667,11.2644883333333,2.891065443072779,7.9162123293341295,9.481481481481481,192.12968797411568,4793,4.0,7
2026-07-09 08:40:00,-37.7775033333333,11.2656183333333,2.8104025704288658,7.793262483971806,9.481481481481481,211.02804265680246,4796,4.0,4
2026-07-09 09:00:00,-37.7789016666667,11.2669416666667,2.799073551816321,7.824778171316003,9.481481481481481,203.56605477505747,4796,4.0,4
2026-07-09 09:20:00,-37.7801266666667,11.2678883333333,2.906440379452852,8.024061273983515,9.481481481481481,202.12694075397974,4796,4.0,4
2026-07-09 09:40:00,-37.7812533333333,11.2688266666667,2.760132801701294,7.942532970144842,9.481481481481481,206.70616995143354,4799,4.0,1
2026-07-09 10:00:00,-37.7816383333333,11.2696416666667,2.7049116247823592,7.658385262352976,9.481481481481481,219.14171025085992,4793,4.0,7
2026-07-09 10:20:00,-37.78209,11.27129,2.728927153327936,7.821000836364133,9.481481481481481,199.40116491673658,4793,4.0,7
2026-07-09 10:40:00,-37.7832433333333,11.2734566666667,2.8926313468640092,8.125844982883086,9.481481481481481,202.0993039105411,4793,4.0,7
2026-07-09 11:00:00,-37.784345,11.2742833333333,2.7605557522474546,7.717288073391147,9.481481481481481,208.54337662469413,4796,4.0,4
2026-07-09 11:20:00,-37.7848816666667,11.2754716666667,3.150277860723001,8.360256054800583,9.481481481481481,186.25308486589034,4796,4.0,4
2026-07-09 11:40:00,-37.7849083333333,11.2764683333333,2.765354239893489,7.887263095732866,9.481481481481481,188.31343751573507,4796,4.0,4
2026-07-09 12:00:00,-37.7843983333333,11.277705,2.645056828035853,7.814388731683265,8.827586206896552,184.55610418710927,4796,4.0,4
2026-07-09 12:20:00,-37.784165,11.2792233333333,2.697075473898418,7.800583813905431,9.481481481481481,188.00204039775014,4793,4.0,7
2026-07-09 12:40:00,-37.78407,11.2802383333333,2.5611345114151045,7.775698289660465,9.481481481481481,185.92684365791382,4799,4.0,1
2026-07-09 13:00:00,-37.784035,11.2819383333333,2.7848197887554726,8.131101657135977,9.481481481481481,190.1974497666326,4796,4.0,4
2026-07-09 13:20:00,-37.7819766666667,11.2793616666667,2.428170419783758,8.093738692489177,8.827586206896552,168.4552555500842,4790,4.0,10
2026-07-09 13:40:00,-37.777565,11.2782033333333,1.9638995324016428,8.79631953836456,9.481481481481481,,4796,4.0,4
2026-07-09 14:00:00,-37.7889466666667,11.273155,1.6694537644628862,10.230791497191605,9.481481481481481,139.94177951372706,4796,4.0,4
2026-07-18 07:40:00,-36.88045,12.19684,2.8669855399176973,7.210401183323197,8.827586206896552,250.92195968212113,4793,4.0,7
2026-07-18 08:00:00,-36.8796583333333,12.1925183333333,2.8454425274330215,7.2071282825182275,8.827586206896552,255.4826575508512,4796,4.0,4
2026-07-19 15:40:00,-36.623665,12.03797,2.224980960055457,8.107519589672334,9.481481481481481,214.04472807922707,4793,4.0,7
2026-07-19 16:00:00,-36.6110083333333,12.0356216666667,2.052584136161742,7.749259231334865,9.481481481481481,206.54957468625605,4796,4.0,4
2026-07-19 16:20:00,-36.5971983333333,12.0335483333333,2.0513420938881692,7.750745533152579,8.827586206896552,206.43177420105084,4799,4.0,1
2026-07-19 16:40:00,-36.58274,12.0315416666667,1.9666791212921935,7.85656734994641,9.481481481481481,203.73503619952925,4796,4.0,4
2026-07-19 17:00:00,-36.5678433333333,12.0298166666667,1.9374588495609066,7.6282318309113855,8.827586206896552,200.0849115443449,4799,4.0,1
2026-07-19 17:20:00,-36.5529866666667,12.02819,2.001788537854407,7.802489811382781,9.481481481481481,200.73076192158993,4796,4.0,4
2026-07-19 17:40:00,-36.53825,12.0268,1.7998746695327896,7.510467272424157,9.481481481481481,198.84929084109083,4799,4.0,1
2026-07-19 18:00:00,-36.524385,12.0255016666667,1.9557793024773487,7.911744719197977,9.481481481481481,193.3283737936236,4799,4.0,1
2026-07-19 18:20:00,-36.5113133333333,12.0234983333333,1.8076145047109682,7.690570822721446,9.481481481481481,207.05806943884917,4796,4.0,4
2026-07-19 18:40:00,-36.4979616666667,12.0216233333333,1.7505852468803467,7.585178429835177,8.827586206896552,205.99374721708665,4796,4.0,4
2026-07-19 19:00:00,-36.48505,12.019975,1.7107258428412344,7.567459766922327,8.827586206896552,198.68923741978818,4799,4.0,1
2026-07-19 19:20:00,-36.4721116666667,12.01841,1.6902787820673497,7.462642491953186,9.481481481481481,215.8960683321983,4796,4.0,4
2026-07-19 19:40:00,-36.4601466666667,12.01672,1.656980002716125,7.488179940914608,8.258064516129032,202.40325085110322,4799,4.0,1
2026-07-19 20:00:00,-36.449325,12.0148516666667,1.8714356595654313,8.030867532297975,8.827586206896552,194.94706610725927,4799,4.0,1
2026-07-19 20:20:00,-36.43735,12.01335,1.742267268905166,7.500673987671068,8.258064516129032,204.57390408553465,4799,4.0,1
2026-07-19 20:40:00,-36.4255766666667,12.01242,1.5802421633875103,7.241443365677416,7.757575757575758,216.8052074703491,4799,4.0,1
2026-07-19 21:00:00,-36.4149833333333,12.0118883333333,1.83737966274521,7.923966360631874,9.481481481481481,203.4753675768094,4799,4.0,1
2026-07-19 21:20:00,-36.4042333333333,12.011325,1.8084172487478467,7.99560561565932,9.481481481481481,205.3897985376173,4799,4.0,1
2026-07-19 21:40:00,-36.39349,12.010905,1.7603783018022248,7.6425400397383285,8.827586206896552,215.61942127626833,4799,4.0,1
2026-07-19 23:40:00,-36.333595,12.00956,1.708792777571535,7.636053821485714,8.827586206896552,196.1211572037439,4796,4.0,4
2026-07-20 00:00:00,-36.3233483333333,12.0098983333333,1.5743739904719989,7.424690935721942,8.258064516129032,188.6605539781836,4799,4.0,1
2026-07-23 11:00:00,-36.2365516666667,10.0647666666667,4.261500942165468,9.94736611452372,12.19047619047619,224.14725634764778,4799,4.0,1
2026-07-23 11:20:00,-36.2467716666667,10.071805,4.176604190513219,9.693720593173735,13.473684210526315,221.4082348197013,4799,4.0,1
2026-07-23 11:40:00,-36.257485,10.0791,4.373067700932116,10.159057133307542,13.473684210526315,221.31521582673767,4799,4.0,1
2026-07-23 12:00:00,-36.268045,10.0865133333333,3.9747274105210546,9.833047297241617,13.473684210526315,228.09388806323494,4799,4.0,1
2026-07-23 12:20:00,-36.2782416666667,10.0935216666667,3.8318639606450926,9.733038781144556,13.473684210526315,226.30416550435075,4799,4.0,1
2026-07-23 12:40:00,-36.2888916666667,10.10077,4.55095174275367,10.444553275820928,13.473684210526315,219.24318586637852,4799,4.0,1
2026-07-23 13:00:00,-36.2993683333333,10.1081416666667,3.943890643232253,9.53134411201544,13.473684210526315,225.42127702840625,4799,4.0,1
2026-07-23 13:20:00,-36.310105,10.115465,4.332097144579202,9.82955914467997,13.473684210526315,225.7692264890799,4799,4.0,1
2026-07-23 13:40:00,-36.31999,10.122265,4.713451710517133,10.250014569121896,13.473684210526315,223.12467768621374,4799,4.0,1
2026-07-23 14:00:00,-36.3307,10.12965,4.315561260450507,9.670568464690557,12.19047619047619,221.09930248480612,4799,4.0,1
2026-07-23 14:20:00,-36.3416433333333,10.13717,4.30243650296912,10.18758174615424,13.473684210526315,223.8761657134241,4799,4.0,1
2026-07-23 14:40:00,-36.3530316666667,10.144965,3.9358920508418813,9.759840580041782,12.19047619047619,232.9468813334719,4799,4.0,1
2026-07-23 15:00:00,-36.3645016666667,10.1528466666667,3.910400133028841,9.998584441727283,12.19047619047619,228.81911650418965,4799,4.0,1
2026-07-23 15:20:00,-36.3763633333333,10.1609933333333,4.3157347192162865,10.05501714902553,13.473684210526315,230.65227747646588,4799,4.0,1
2026-07-23 15:40:00,-36.3879816666667,10.1690283333333,3.629667611437956,9.352590775052043,13.473684210526315,228.9996859647002,4799,4.0,1
2026-07-23 16:00:00,-36.399675,10.17712,3.7981899614308894,9.718241848584125,13.473684210526315,223.299134239419,4796,4.0,4
2026-07-23 16:20:00,-36.411545,10.18524,3.99985877849924,9.912146304994257,13.473684210526315,232.59185116527428,4799,4.0,1
2026-07-23 16:40:00,-36.423,10.1931583333333,3.986718009705096,9.698971096847059,13.473684210526315,226.47447438063259,4799,4.0,1
2026-07-23 17:00:00,-36.435305,10.2016016666667,4.215484218533021,9.780143335346295,13.473684210526315,233.62745711558114,4799,4.0,1
2026-07-23 17:20:00,-36.4480066666667,10.2103533333333,4.615754298376677,9.685671990213573,13.473684210526315,225.83515761027022,4796,4.0,4
2026-07-23 17:40:00,-36.4608516666667,10.21928,4.3229380637758705,9.965621645645191,13.473684210526315,225.22992808274688,4799,4.0,1
2026-07-23 18:00:00,-36.47394,10.2282983333333,3.9141909050565515,9.518799840983757,13.473684210526315,228.83896113861817,4796,4.0,4
2026-07-23 18:20:00,-36.4874816666667,10.2375983333333,3.9471469810880815,9.639708539034293,13.473684210526315,219.92999962763943,4796,4.0,4
2026-07-23 18:40:00,-36.5010133333333,10.2471083333333,3.8402509244783043,9.863067585858838,13.473684210526315,224.76791243656595,4796,4.0,4
2026-07-23 19:00:00,-36.5146266666667,10.256375,3.679077879222049,9.627433523988635,13.473684210526315,234.5776311185851,4796,4.0,4
2026-07-23 19:20:00,-36.5284066666667,10.2658566666667,3.841065876981332,9.538331994750134,13.473684210526315,221.6594644195402,4799,4.0,1
2026-07-23 19:40:00,-36.5415333333333,10.27487,4.08298367487465,10.030229432774977,13.473684210526315,230.88983043450983,4799,4.0,1
2026-07-23 20:00:00,-36.5554116666667,10.2843883333333,4.373073994472486,10.225889223297052,13.473684210526315,228.47552374627287,4796,4.0,4
2026-07-23 20:20:00,-36.569145,10.293975,3.8334868704603324,9.46242638520246,13.473684210526315,226.68880068915652,4799,4.0,1
2026-07-23 20:40:00,-36.5828533333333,10.3035466666667,3.8116944676496534,9.483995009707783,13.473684210526315,222.4436033901116,4799,4.0,1
2026-07-23 21:00:00,-36.596915,10.3130583333333,3.8022207578898732,9.436073621406344,13.473684210526315,238.8213633201265,4799,4.0,1
2026-07-23 21:20:00,-36.6109333333333,10.3229033333333,4.189171052161958,9.86084535872367,15.058823529411764,224.91129475272623,4796,4.0,4
2026-07-23 21:40:00,-36.62542,10.3329866666667,3.7622013334240307,9.16275218451052,13.473684210526315,241.27824664588726,4793,4.0,7
2026-07-23 22:20:00,-36.6541466666667,10.3527666666667,4.089551664060571,9.563195022655664,13.473684210526315,230.20097547117152,4793,4.0,7
2026-07-23 22:40:00,-36.6681916666667,10.3624566666667,4.123126430736425,9.266062050715428,13.473684210526315,233.0081116513925,4796,4.0,4
2026-07-23 23:00:00,-36.68239,10.372305,3.6670532960781834,8.826837191968135,13.473684210526315,231.79750931015485,4793,4.0,7
2026-07-23 23:20:00,-36.696215,10.3817783333333,3.652171779803931,8.78094321860578,13.473684210526315,226.88004655734565,4796,4.0,4
2026-07-23 23:40:00,-36.7095633333333,10.3910933333333,3.6733280371202657,8.789681212222186,13.473684210526315,229.14046203082137,4790,4.0,10
2026-07-24 00:00:00,-36.72257,10.400225,3.7692258499417712,8.868688685943182,13.473684210526315,231.30557678907047,4796,4.0,4
2026-07-24 00:20:00,-36.7356483333333,10.4092466666667,3.9282393353986076,8.997934945402468,13.473684210526315,228.72482933244004,4793,4.0,7
2026-07-24 00:40:00,-36.7492133333333,10.4185516666667,4.019618835164971,8.657438964887746,13.473684210526315,230.64317384523284,4796,4.0,4
2026-07-24 01:00:00,-36.7626733333333,10.4279366666667,4.1355407350126905,9.247044023277118,13.473684210526315,218.0849400160134,4796,4.0,4
2026-07-24 01:20:00,-36.775945,10.43696,4.1479929695591515,9.110871825328676,13.473684210526315,221.84883076090875,4796,4.0,4
2026-07-24 01:40:00,-36.789445,10.4464366666667,4.087884536981719,8.740634677164206,13.473684210526315,221.25837355223825,4796,4.0,4
2026-07-24 02:00:00,-36.8027916666667,10.45561,4.078427333673593,8.89300457913946,13.473684210526315,221.48378759308963,4793,4.0,7
2026-07-24 23:00:00,-37.425235,10.9905016666667,3.582817781072962,8.161453827610798,12.19047619047619,220.8518407429107,4799,4.0,1
2026-07-24 23:40:00,-37.426625,11.01823,3.3896444392000147,7.840379538352371,12.19047619047619,220.78335641081492,4799,4.0,1
2026-07-25 00:40:00,-37.43217,11.054595,3.6518967642774802,8.367885699366568,12.19047619047619,214.09198338988966,4799,4.0,1
2026-07-25 01:00:00,-37.4345866666667,11.0656483333333,3.4828885996230277,8.357652350521997,12.19047619047619,212.34379307457226,4799,4.0,1
2026-07-25 18:00:00,-37.1746583333333,10.8696683333333,2.267958938381459,7.654225156341191,9.481481481481481,243.34805426501086,4793,4.0,7
2026-07-25 18:20:00,-37.1646666666667,10.868465,2.951703802106355,8.855414198325128,11.130434782608695,219.60023714216956,4793,4.0,7
2026-07-25 18:40:00,-37.1572816666667,10.872785,2.9955622344328448,8.647425314861893,11.130434782608695,240.3647995203575,4796,4.0,4
2026-07-25 19:00:00,-37.1546683333333,10.8844216666667,2.46853725426439,7.387691076585427,9.481481481481481,218.4856851943576,4796,4.0,4
2026-07-25 19:20:00,-37.1521133333333,10.8961183333333,2.7119331168533414,8.212482757320494,11.130434782608695,223.53276394725185,4793,4.0,7
2026-07-25 19:40:00,-37.14964,10.907445,2.956373263050827,8.40479572166435,11.130434782608695,216.9458226678277,4796,4.0,4
2026-07-25 20:00:00,-37.1486416666667,10.91857,2.770191218406357,8.155856880407686,11.130434782608695,219.9675150418808,4793,4.0,7
2026-07-25 20:20:00,-37.1480733333333,10.929495,2.8379346410585398,8.670088014836713,11.130434782608695,226.57741018286592,4793,4.0,7
2026-07-25 20:40:00,-37.1475966666667,10.940045,2.7499646142484044,8.665145111586096,11.130434782608695,230.91626965003468,4796,4.0,4
2026-07-25 21:00:00,-37.1469633333333,10.9502166666667,2.822434112236067,8.490527043382436,11.130434782608695,223.96273939261715,4796,4.0,4
2026-07-25 21:20:00,-37.1464816666667,10.95968,2.8037553657678314,8.544875180038426,11.130434782608695,217.83302909284183,4796,4.0,4
2026-07-25 21:40:00,-37.1460066666667,10.9692583333333,2.6365005557628467,8.362771909602888,12.19047619047619,227.27033899067368,4796,4.0,4
2026-07-25 22:20:00,-37.1462783333333,10.9873816666667,2.799686400051803,8.43016239827561,11.130434782608695,228.70929857135658,4787,4.0,13
2026-07-25 22:40:00,-37.1467583333333,10.996165,2.945544997582127,8.649091858017853,11.130434782608695,214.29624893816427,4796,4.0,4
2026-07-25 23:20:00,-37.1475533333333,11.01343,3.0016936880027565,8.702369879385037,11.130434782608695,233.49192857301037,4793,4.0,7
2026-07-25 23:40:00,-37.14805,11.02188,2.8004980660835885,8.258701161121564,11.130434782608695,229.72421872696543,4799,4.0,1
2026-07-26 00:20:00,-37.1489666666667,11.0395066666667,2.9540686403292518,8.280229940614564,12.19047619047619,224.0855135441816,4796,4.0,4
2026-07-26 00:40:00,-37.1501483333333,11.0469633333333,2.946174279220169,8.706941016233081,13.473684210526315,205.5954368615509,4796,4.0,4
2026-07-26 03:40:00,-37.170295,11.0766816666667,2.5319260485626796,8.483528938047842,13.473684210526315,198.1566979504944,4799,4.0,1
2026-07-27 10:00:00,-36.8196466666667,10.7676516666667,2.529320379033132,7.12272669542041,8.258064516129032,199.9758405896331,4793,4.0,7
2026-07-27 11:00:00,-36.791415,10.737745,3.5251274575327924,9.01061096458105,13.473684210526315,203.51432299126336,4793,4.0,7
2026-07-27 11:20:00,-36.7822133333333,10.7281766666667,3.4816251909367164,8.67322940214262,13.473684210526315,210.2647634125323,4793,4.0,7
2026-07-27 11:40:00,-36.7731333333333,10.7185466666667,3.388238617413509,9.018366359193532,15.058823529411764,201.36307457898883,4790,4.0,10
2026-07-27 13:20:00,-36.748375,10.65128,2.6223387653140606,7.341934522176289,9.481481481481481,207.85159612456636,4799,4.0,1
2026-07-27 13:40:00,-36.7475816666667,10.6349616666667,2.7584381520780648,7.593675591081943,9.481481481481481,214.42789118658376,4799,4.0,1
2026-07-27 14:00:00,-36.7475166666667,10.6188116666667,3.2520428238805095,8.785491731733194,13.473684210526315,217.1871608896056,4799,4.0,1
2026-07-27 15:00:00,-36.7467483333333,10.5701616666667,3.6435205603968512,9.298488709486518,13.473684210526315,211.04667624454635,4799,4.0,1
2026-07-27 15:20:00,-36.747885,10.5537816666667,3.263977924138451,8.843778270658445,13.473684210526315,205.76726350908234,4799,4.0,1
2026-07-27 15:40:00,-36.7490166666667,10.5370533333333,3.1913442994107433,9.039134808593998,13.473684210526315,207.745554665704,4775,4.0,25
2026-07-27 16:00:00,-36.7486083333333,10.52252,3.5010311292690806,9.323599665318778,13.473684210526315,207.21911459286716,4799,4.0,1
2026-07-27 16:40:00,-36.7358366666667,10.522485,3.518994448815458,9.482291162075104,13.473684210526315,228.2528265563205,4793,4.0,7
2026-07-27 17:00:00,-36.731705,10.5249266666667,3.449456157764052,9.637942420166802,15.058823529411764,208.88704673069552,4793,4.0,7
2026-07-27 17:40:00,-36.7291816666667,10.5361683333333,2.994401493624842,9.028690791706122,12.19047619047619,218.37598353901137,4793,4.0,7
2026-07-27 20:00:00,-36.72293,10.5684016666667,3.4068443568163977,9.379797995664001,13.473684210526315,204.00950669392148,4796,4.0,4
2026-07-27 20:40:00,-36.7224433333333,10.5777366666667,3.122648345923803,9.296006124378613,13.473684210526315,205.25210701847146,4796,4.0,4
2026-07-27 21:00:00,-36.7222066666667,10.5823866666667,3.2283846100258056,9.410329712951913,13.473684210526315,208.78632522578818,4793,4.0,7
2026-07-28 01:40:00,-36.721565,10.663155,3.360448435513244,9.467466177678935,12.19047619047619,200.00565384052248,4793,4.0,7
2026-07-28 02:00:00,-36.7219033333333,10.670975,2.442416819650094,8.16420775206389,9.481481481481481,190.23589910676975,4793,4.0,7
2026-07-28 02:20:00,-36.72242,10.67901,3.0344660689680416,9.249895014894637,12.19047619047619,197.98322260662619,4793,4.0,7
2026-07-28 02:40:00,-36.7227666666667,10.686595,3.000103339297633,9.331514287310494,13.473684210526315,207.2551376464806,4796,4.0,4
2026-07-28 03:00:00,-36.7231983333333,10.6944383333333,2.480464867552581,8.175329211487986,8.827586206896552,187.08582572125363,4796,4.0,4
2026-07-28 03:20:00,-36.7249633333333,10.7031766666667,3.2395961830031053,9.490514721725958,13.473684210526315,210.05578910325193,4796,4.0,4
2026-07-28 03:40:00,-36.72687,10.7122133333333,2.7159142034645787,8.575457648397856,9.481481481481481,179.31676845075208,4796,4.0,4
2026-07-28 04:00:00,-36.7289066666667,10.721345,3.1647135888505518,9.532391412123328,12.19047619047619,204.65312210167116,4796,4.0,4
2026-07-28 04:20:00,-36.73112,10.7310066666667,2.7572270731500774,8.921077355063835,9.481481481481481,187.22568341192283,4790,4.0,10
2026-07-28 04:40:00,-36.7361966666667,10.735975,3.552228655089965,9.634806021121323,13.473684210526315,206.43523980285056,4793,4.0,7
2026-07-28 05:00:00,-36.7442133333333,10.73144,3.0437493178876576,9.270155410592762,13.473684210526315,206.9734580349353,4796,4.0,4
2026-07-28 05:20:00,-36.7473416666667,10.71754,2.638069574872271,8.360271571369829,9.481481481481481,186.14580173044635,4796,4.0,4
2026-07-28 05:40:00,-36.749985,10.7052816666667,2.4157325431030015,8.014571210338895,9.481481481481481,196.07712663748708,4796,4.0,4
2026-07-28 06:00:00,-36.752365,10.6930766666667,2.4713508780204747,7.963183544791864,9.481481481481481,202.16237027785053,4796,4.0,4
2026-07-28 06:20:00,-36.7529916666667,10.6811016666667,2.563083407266222,8.027808839639112,9.481481481481481,196.81231162396713,4799,4.0,1
2026-07-28 06:40:00,-36.7536283333333,10.6690216666667,2.5880265891514305,8.060735417576513,9.481481481481481,198.47494295011222,4799,4.0,1
2026-07-28 07:00:00,-36.7542,10.6566533333333,2.5961133717412794,7.765850709525357,8.258064516129032,184.95527911477387,4799,4.0,1
2026-07-28 07:20:00,-36.7548933333333,10.6438216666667,2.4940521104896183,8.018182045503332,9.481481481481481,201.34645795748816,4799,4.0,1
2026-07-28 07:40:00,-36.755575,10.6311416666667,3.1415677124950783,8.926256174731837,11.130434782608695,202.19650087656368,4799,4.0,1
2026-07-28 08:00:00,-36.7667516666667,10.6276716666667,3.121119916706921,9.02920490211146,12.19047619047619,214.0030880527631,4796,4.0,4
2026-07-28 08:20:00,-36.7792983333333,10.6258433333333,2.9938714139412705,8.893832861299147,12.19047619047619,215.6113613569197,4799,4.0,1
2026-07-28 08:40:00,-36.79178,10.6235266666667,2.8907420022390937,8.725478491126545,11.130434782608695,208.58633781594816,4784,4.0,16
2026-07-28 09:00:00,-36.803345,10.6229383333333,2.856055853024551,8.807240248711118,11.130434782608695,216.41079399728758,4796,4.0,4
2026-07-28 09:20:00,-36.814275,10.6223166666667,2.857996892457564,8.683807792816271,11.130434782608695,209.9545649254491,4796,4.0,4
2026-07-28 09:40:00,-36.82471,10.622125,2.3005148270642013,7.682681505240189,7.757575757575758,196.73677643134954,4796,4.0,4
2026-07-28 10:00:00,-36.83423,10.62118,2.369620884208756,7.891857703168123,9.481481481481481,208.79135714753053,4796,4.0,4
2026-07-28 10:20:00,-36.83809,10.6115333333333,2.5882891896633695,8.030034895597035,9.481481481481481,195.2304856995454,4799,4.0,1
2026-07-28 10:40:00,-36.8374833333333,10.5979966666667,2.4125026607226623,7.627457702676697,9.481481481481481,198.7018000174661,4799,4.0,1
2026-07-28 11:00:00,-36.8367016666667,10.5841016666667,3.1046710578418906,8.896795045522833,12.19047619047619,207.24312836932324,4796,4.0,4
2026-07-28 11:20:00,-36.8359833333333,10.5697633333333,2.532317981468039,7.986504743270693,9.481481481481481,191.76331635870005,4799,4.0,1
2026-07-28 11:40:00,-36.835215,10.555355,2.358457866149036,7.517459415756432,9.481481481481481,207.2251213102383,4799,4.0,1
2026-07-28 12:00:00,-36.834565,10.5419166666667,2.7347110440724993,8.20812146644244,9.481481481481481,191.96242093488559,4799,4.0,1
2026-07-28 12:20:00,-36.83399,10.5293533333333,2.7806530670521736,8.385384110866061,12.19047619047619,215.74337032157305,4799,4.0,1
2026-07-28 12:40:00,-36.8333683333333,10.5173383333333,2.7795309869514195,8.460617218334145,11.130434782608695,204.31540186316914,4799,4.0,1
2026-07-28 13:00:00,-36.8327383333333,10.504765,3.1567918387339833,8.829326010662555,12.19047619047619,208.79052019993867,4799,4.0,1
2026-07-28 13:20:00,-36.8321316666667,10.492715,3.111029992377759,8.957526263109132,11.130434782608695,203.4131752580311,4796,4.0,4
2026-07-28 13:40:00,-36.8315033333333,10.4802516666667,3.096038763238868,8.993696008447909,12.19047619047619,208.54376856156267,4799,4.0,1
2026-07-28 14:00:00,-36.8307516666667,10.46762,2.7839386111015494,8.535678692536003,12.19047619047619,208.2305755880301,4799,4.0,1
2026-07-28 14:20:00,-36.8300316666667,10.4546883333333,2.778961446452365,8.89093510667252,12.19047619047619,224.44353261803573,4799,4.0,1
2026-07-28 14:40:00,-36.8294316666667,10.4415433333333,2.8563280770320625,8.435089565224194,11.130434782608695,207.20300754745503,4799,4.0,1
2026-07-28 15:00:00,-36.8287333333333,10.4292333333333,2.6872849770293565,8.701666525246523,11.130434782608695,199.21859101502332,4793,4.0,7
2026-07-28 15:20:00,-36.8280366666667,10.4165016666667,2.773773414308374,8.63138606282634,11.130434782608695,213.0116728046439,4799,4.0,1
2026-07-28 15:40:00,-36.8256333333333,10.40582,2.5172409096422927,8.550612094717787,10.24,210.5606551295547,4799,4.0,1
2026-07-28 16:00:00,-36.82328,10.3950766666667,2.640857288016138,8.673209954609653,11.130434782608695,212.00057273013252,4793,4.0,7
2026-07-28 17:20:00,-36.8110733333333,10.37595,2.0222798004169302,7.757765877218632,9.481481481481481,201.20496389969003,4796,4.0,4
2026-07-28 19:20:00,-36.8004216666667,10.409935,2.075656116654401,8.529883080041726,12.19047619047619,213.01570458065066,4796,4.0,4
2026-07-28 19:40:00,-36.80169,10.41673,2.098413827928163,7.930823133933092,9.481481481481481,204.3735905858388,4793,4.0,7
2026-07-28 20:00:00,-36.8117016666667,10.421185,2.3042193408677667,8.271508827967137,11.130434782608695,212.63994744075472,4796,4.0,4
2026-07-28 20:20:00,-36.82211,10.4259883333333,2.1413362076928597,7.822328200996556,9.481481481481481,198.3555713285592,4793,4.0,7
2026-07-28 20:40:00,-36.83261,10.4309116666667,2.347775960412511,8.336857017809358,12.19047619047619,219.28795404871565,4793,4.0,7
2026-07-28 21:00:00,-36.843035,10.4355983333333,2.4773386551123786,8.3521025357917,11.130434782608695,,4793,4.0,7
2026-07-28 21:20:00,-36.8536366666667,10.440465,2.2685503877375743,8.339207640969805,12.19047619047619,233.26415184602277,4793,4.0,7
2026-07-28 21:40:00,-36.8645216666667,10.44543,2.479096573694212,8.623918363379426,9.481481481481481,210.47319041290703,4796,4.0,4
2026-07-28 22:00:00,-36.8758216666667,10.450595,2.3412817444395224,8.57855779094126,12.19047619047619,218.850472715387,4793,4.0,7
2026-07-28 22:20:00,-36.8876383333333,10.4560033333333,2.3617333606404083,8.57050528233636,12.19047619047619,217.42943441170524,4796,4.0,4
2026-07-28 22:40:00,-36.9002266666667,10.4619116666667,2.579882430577267,8.75977757736339,11.130434782608695,212.01226496790537,4793,4.0,7
2026-07-28 23:00:00,-36.9127266666667,10.467675,2.408887900106615,8.413181448029706,8.827586206896552,202.6452565291736,4796,4.0,4
2026-07-28 23:20:00,-36.9248866666667,10.4732816666667,2.152065650650015,8.23335832927416,11.130434782608695,207.79258107771338,4793,4.0,7
2026-07-28 23:40:00,-36.9368666666667,10.47867,2.339382325359973,8.2172125826949,12.19047619047619,217.03092324921454,4793,4.0,7
2026-07-29 00:00:00,-36.9499183333333,10.4847966666667,2.431374567053605,8.607654942815907,12.19047619047619,228.3437469783355,4796,4.0,4
2026-07-29 00:20:00,-36.9631183333333,10.4906883333333,2.375188452999575,8.340801999589997,11.130434782608695,213.17400566667047,4793,4.0,7
2026-07-29 00:40:00,-36.9762,10.4967866666667,2.3609055253032842,8.40283843247924,12.19047619047619,226.6428331535854,4793,4.0,7
2026-07-29 01:00:00,-36.98927,10.5027816666667,2.378420216582788,8.157003621487911,12.19047619047619,216.86378335284027,4793,4.0,7
2026-07-29 01:20:00,-37.0024733333333,10.50884,2.38885473178878,8.523848481790147,11.130434782608695,211.62147734973618,4793,4.0,7
2026-07-29 01:40:00,-37.01588,10.51505,2.396009456425359,8.27859580895475,11.130434782608695,,4796,4.0,4
2026-07-29 02:00:00,-37.0305083333333,10.5186416666667,2.165501904022094,7.652630253072735,9.481481481481481,,4793,4.0,7
2026-07-29 02:20:00,-37.0359166666667,10.51208,2.3412512451622463,7.932769942553737,11.130434782608695,,4796,4.0,4
2026-07-29 02:40:00,-37.0379333333333,10.503065,2.383505873027731,8.287900927313903,11.130434782608695,,4796,4.0,4
2026-07-29 03:00:00,-37.039785,10.4951816666667,2.2735184652650866,7.900288847429734,8.827586206896552,,4796,4.0,4
2026-07-29 03:20:00,-37.041275,10.487725,2.0429982342461273,7.266856364990741,7.757575757575758,57.86091146240193,4793,4.0,7
2026-07-29 03:40:00,-37.04281,10.480935,2.1616189026900963,8.221706254585039,11.130434782608695,,4793,4.0,7
2026-07-29 04:00:00,-37.043725,10.474415,2.1743684762227002,8.132913286355658,12.19047619047619,,4793,4.0,7
2026-07-29 04:20:00,-37.0441466666667,10.4682166666667,1.9847694323675795,8.026092071228263,9.481481481481481,,4796,4.0,4
2026-07-29 04:40:00,-37.0444733333333,10.4610316666667,2.0243849966373655,7.733728408181796,9.481481481481481,,4790,4.0,10
2026-07-29 05:00:00,-37.0447116666667,10.4542383333333,2.0967770001994173,8.185053586793952,12.19047619047619,,4793,4.0,7
2026-07-29 05:20:00,-37.04511,10.4469033333333,2.1965628681586127,8.298636853171804,10.24,,4793,4.0,7
2026-07-29 05:40:00,-37.0454666666667,10.4393366666667,2.055418727276541,8.308028808083513,11.130434782608695,,4796,4.0,4
2026-07-29 06:00:00,-37.045875,10.4313066666667,2.2505492070222726,8.410764519531222,12.19047619047619,214.43911356447097,4793,4.0,7
2026-07-29 06:20:00,-37.0462866666667,10.423575,2.158570936771887,8.32375813526271,9.481481481481481,,4796,4.0,4
2026-07-29 06:40:00,-37.0465566666667,10.4164833333333,2.0983930751913107,8.067346823460037,12.19047619047619,,4796,4.0,4
2026-07-29 07:00:00,-37.04679,10.4098866666667,2.076937351539943,8.015716663815194,10.24,,4796,4.0,4
2026-07-29 07:20:00,-37.04652,10.403875,2.194340844062868,8.325170507243252,12.19047619047619,,4793,4.0,7
2026-07-29 07:40:00,-37.046105,10.3972916666667,2.259140321820763,8.356305664009156,8.827586206896552,,4793,4.0,7
2026-07-29 08:00:00,-37.04577,10.390675,2.2955362485017266,8.515775573018592,12.19047619047619,,4793,4.0,7
2026-07-29 08:20:00,-37.045465,10.3837916666667,2.0890706044991134,8.3319151030133,11.130434782608695,206.87281280090133,4793,4.0,7
2026-07-29 08:40:00,-37.045005,10.377265,2.0697007619820416,8.308129136198913,8.258064516129032,51.92640891475281,4793,4.0,7
2026-07-29 09:00:00,-37.0445633333333,10.3690433333333,1.9625980739935545,7.6239406783948525,8.258064516129032,42.608524281107236,4796,4.0,4
2026-07-29 09:20:00,-37.04419,10.3612833333333,2.1683281944309343,7.979803449128719,8.258064516129032,30.545879731833708,4790,4.0,10
2026-07-29 09:40:00,-37.0437933333333,10.35404,2.2865630719599825,8.163446456767323,8.827586206896552,56.63890745532112,4790,4.0,10
2026-07-29 10:00:00,-37.04347,10.346895,2.358919529625731,8.359628532901056,9.481481481481481,48.44337976079677,4790,4.0,10
2026-07-29 10:20:00,-37.0421166666667,10.34002,2.1953468557152207,8.159153487366597,9.481481481481481,35.706760652742446,4787,4.0,13
2026-07-29 10:40:00,-37.040625,10.3328066666667,2.2813091610001734,8.297686137012265,8.258064516129032,71.23837307081675,4793,4.0,7
2026-07-29 11:00:00,-37.0390166666667,10.3255866666667,2.3023326672260085,8.10472432585848,8.258064516129032,38.74124499259176,4799,4.0,1
2026-07-29 11:20:00,-37.0375066666667,10.3186233333333,2.295158153637213,8.188281090448713,8.258064516129032,39.64108802420006,4799,4.0,1
2026-07-29 11:40:00,-37.0358433333333,10.3112983333333,2.366458704401204,8.161066244434977,8.827586206896552,59.810248784285704,4799,4.0,1
2026-07-29 12:00:00,-37.03423,10.3045083333333,2.287371931155156,8.243895058280467,8.827586206896552,53.09028406849748,4799,4.0,1
2026-07-29 12:20:00,-37.0294666666667,10.304505,2.5234297329996367,8.369082126896288,8.827586206896552,52.00438240904731,4799,4.0,1
2026-07-29 12:40:00,-37.0250383333333,10.3044616666667,1.9713855329409153,7.593233447650865,8.258064516129032,56.80111718519305,4799,4.0,1
2026-07-29 13:00:00,-37.022235,10.3093016666667,2.1320099340635315,8.417990454835047,12.19047619047619,214.3512500273419,4799,4.0,1
2026-07-29 13:20:00,-37.020355,10.3181533333333,2.2018898030596685,8.241923249781399,8.258064516129032,66.22884475755052,4799,4.0,1
2026-07-29 13:40:00,-37.0207683333333,10.3267716666667,2.0231451710168513,7.945987782870303,8.827586206896552,59.161827153721816,4799,4.0,1
2026-07-29 14:00:00,-37.029655,10.33501,2.2328310772014235,8.276383441180965,9.481481481481481,57.04676860175374,4799,4.0,1
2026-07-29 14:20:00,-37.03817,10.343055,2.1234914424214337,8.096251414464268,9.481481481481481,41.579570327726856,4799,4.0,1
2026-07-29 14:40:00,-37.046755,10.35118,2.244261333375531,8.124560459543517,8.258064516129032,61.13397929011512,4799,4.0,1
2026-07-29 15:00:00,-37.0555466666667,10.3594333333333,2.3239536800605847,8.019969949729797,7.757575757575758,67.09442276591005,4799,4.0,1
2026-07-29 15:20:00,-37.0643383333333,10.3676883333333,2.4207365759934665,8.116784745534561,8.258064516129032,51.10474863683055,4799,4.0,1
2026-07-29 15:40:00,-37.0730366666667,10.3758116666667,2.573847945454958,8.22024836489146,8.827586206896552,61.723061265403544,4799,4.0,1
2026-07-29 16:00:00,-37.0813516666667,10.3834783333333,2.3518442461049047,8.106935673559446,8.258064516129032,61.73015322017528,4799,4.0,1
2026-07-29 16:20:00,-37.0891933333333,10.390885,2.3236700955865093,8.15770339483698,8.827586206896552,67.05866434021448,4799,4.0,1
2026-07-29 16:40:00,-37.096895,10.398195,2.3024896955904666,8.187322965903457,8.827586206896552,66.2027500306304,4799,4.0,1
2026-07-29 17:00:00,-37.1043166666667,10.40509,2.334982837983322,8.283939612845026,8.258064516129032,62.52276731654649,4799,4.0,1
2026-07-29 17:20:00,-37.1121116666667,10.4123233333333,2.4558005356511328,8.187504013144094,8.827586206896552,49.77357660794323,4793,4.0,7
2026-07-29 17:40:00,-37.1202516666667,10.419955,2.2198289923514647,8.166202278551857,8.827586206896552,64.99452153339305,4796,4.0,4
2026-07-29 18:00:00,-37.128445,10.4276916666667,2.365435010391608,8.44222632750967,8.827586206896552,61.2465020560621,4790,4.0,10
2026-07-29 18:20:00,-37.13696,10.4357133333333,2.3330950824868264,8.40381568532576,8.827586206896552,61.5833593868154,4793,4.0,7
2026-07-29 18:40:00,-37.1455133333333,10.44364,2.277238443604094,8.282677540895703,8.827586206896552,52.587692656417346,4796,4.0,4
2026-07-29 19:00:00,-37.1544783333333,10.45204,2.362292994023309,8.438879055152844,9.481481481481481,52.19741019895966,4799,4.0,1
2026-07-29 19:20:00,-37.1636433333333,10.4607133333333,2.133541455141842,8.329884542723166,9.481481481481481,49.54029508998366,4799,4.0,1
2026-07-29 19:40:00,-37.1728116666667,10.4693366666667,2.2134524108812146,8.14393107462556,8.827586206896552,58.257964402599725,4799,4.0,1
2026-07-29 20:00:00,-37.18162,10.4774966666667,2.651850555472647,8.645479848996088,8.827586206896552,80.85163136295489,4799,4.0,1
2026-07-29 20:20:00,-37.189965,10.4854,2.3915119945100214,8.282486316632827,8.827586206896552,61.5930433719204,4793,4.0,7
2026-07-29 20:40:00,-37.198315,10.4933616666667,2.397177478834099,8.349042041252087,8.827586206896552,60.20758077146019,4796,4.0,4
2026-07-29 21:00:00,-37.2069266666667,10.50134,2.1319981879057828,8.141043573082207,8.827586206896552,61.48021655798465,4799,4.0,1
2026-07-29 21:20:00,-37.2160916666667,10.5099666666667,2.2140792119874444,8.293562116793842,8.827586206896552,63.84804157994813,4796,4.0,4
2026-07-29 21:40:00,-37.2254116666667,10.5186016666667,2.1472371398275265,8.02517088975716,8.258064516129032,56.85411345907548,4793,4.0,7
2026-07-29 22:00:00,-37.234555,10.5272666666667,2.198776508930193,8.071331498795443,8.258064516129032,56.50201591279716,4793,4.0,7
2026-07-29 22:20:00,-37.24383,10.535915,2.1320988995759884,8.091173838804886,9.481481481481481,57.66888269551603,4796,4.0,4
2026-07-29 22:40:00,-37.2531166666667,10.54461,2.2417809130444737,8.16010944454117,7.757575757575758,68.44911597430351,4790,4.0,10
2026-07-29 23:00:00,-37.2625233333333,10.5535466666667,2.2833225883451593,8.099975443988594,8.827586206896552,70.02944978311305,4793,4.0,7
2026-07-29 23:20:00,-37.2722316666667,10.5626866666667,2.245108901966089,8.13955402445942,8.827586206896552,61.30306340973482,4790,4.0,10
2026-07-29 23:40:00,-37.2822666666667,10.5720783333333,2.3041582107670506,7.929308799033728,9.481481481481481,65.19166401646706,4793,4.0,7
2026-07-30 00:00:00,-37.29205,10.5813833333333,2.1801862285042732,7.954126063604502,8.258064516129032,68.36280753603947,4793,4.0,7
2026-07-30 00:20:00,-37.30224,10.590985,2.346758638297336,8.334568408511212,8.827586206896552,64.79549696086553,4793,4.0,7
2026-07-30 00:40:00,-37.3128116666667,10.6008966666667,2.1581524107416934,7.998056524267027,9.481481481481481,65.17768322903453,4799,4.0,1
2026-07-30 01:00:00,-37.3234633333333,10.6107533333333,2.3939889646398744,8.125857877436655,8.258064516129032,70.28128155002449,4796,4.0,4
2026-07-30 01:20:00,-37.3323816666667,10.6192816666667,2.3371284776336205,8.059510263769118,8.827586206896552,72.9194108005569,4799,4.0,1
2026-07-30 01:40:00,-37.34088,10.6272966666667,2.358382750314016,7.991039584135973,8.827586206896552,73.1992670451082,4796,4.0,4
2026-07-30 02:00:00,-37.3494233333333,10.635355,2.1567810311056754,7.700926579618889,9.481481481481481,55.985539034325114,4793,4.0,7
2026-07-30 02:20:00,-37.3583683333333,10.6436533333333,2.1577297919125242,7.720535213746014,9.481481481481481,64.61889604917775,4796,4.0,4
2026-07-30 02:40:00,-37.3674766666667,10.652195,2.1540228292420656,7.689828881611591,8.258064516129032,70.63750123833708,4796,4.0,4
2026-07-30 03:00:00,-37.3765983333333,10.6608083333333,2.2364337410500266,7.761590028491741,9.481481481481481,50.14104139273988,4793,4.0,7
2026-07-30 03:20:00,-37.3854966666667,10.6690883333333,2.0814762915553775,7.7760540920279455,9.481481481481481,63.9929224421158,4793,4.0,7
2026-07-30 03:40:00,-37.3940883333333,10.6772783333333,2.20495481591274,7.709532330573055,7.314285714285714,66.5539518794279,4793,4.0,7
2026-07-30 04:00:00,-37.4028083333333,10.6853783333333,2.0690853444402006,7.581561465659692,8.258064516129032,65.35497466948638,4796,4.0,4
2026-07-30 04:20:00,-37.4112166666667,10.6934583333333,2.1526074309347485,7.842219307903902,8.258064516129032,61.283993340266306,4793,4.0,7
2026-07-30 04:40:00,-37.419565,10.7011833333333,2.1212960239825995,7.8427696481553175,8.827586206896552,46.111295121651835,4796,4.0,4
2026-07-30 05:00:00,-37.427855,10.7090716666667,2.2119046166978777,8.034640349931838,9.481481481481481,67.37878520571925,4793,4.0,7
2026-07-30 05:20:00,-37.4362383333333,10.7168383333333,2.277885677608862,7.973858331370251,8.258064516129032,65.83727204109579,4793,4.0,7
2026-07-30 05:40:00,-37.44461,10.7248466666667,2.1912277190731557,7.887804587328059,8.827586206896552,74.65999041670932,4796,4.0,4
2026-07-30 06:00:00,-37.4528333333333,10.73269,2.017287125722679,7.855326716770156,8.827586206896552,58.072801398271054,4796,4.0,4
2026-07-30 06:20:00,-37.4536916666667,10.7478783333333,2.041262178254014,7.781848299402048,8.258064516129032,57.553420716146405,4796,4.0,4
2026-07-30 06:40:00,-37.4539783333333,10.7509783333333,2.2165287648146705,8.119033201031039,12.19047619047619,219.8833513117416,4796,4.0,4
2026-07-30 07:00:00,-37.45488,10.7660633333333,2.088077901492478,7.919929635006483,11.130434782608695,211.72810799206093,4793,4.0,7
2026-07-30 07:20:00,-37.46046,10.7774183333333,2.024950390573237,8.004982563603589,11.130434782608695,,4790,4.0,10
2026-07-30 07:40:00,-37.4709233333333,10.78611,2.076585114717552,8.123987741022258,12.19047619047619,,4799,4.0,1
2026-07-30 08:00:00,-37.4820783333333,10.79512,2.0721940170844726,8.010244429371511,9.481481481481481,111.52180239296945,4799,4.0,1
2026-07-30 08:20:00,-37.4937916666667,10.80466,2.058596724946061,8.19034815093467,12.19047619047619,,4799,4.0,1
2026-07-30 08:40:00,-37.505285,10.8139,2.34015908437718,8.269329739094566,11.130434782608695,,4799,4.0,1
2026-07-30 09:00:00,-37.5149966666667,10.8217083333333,2.3562710694460494,8.320973713337185,11.130434782608695,233.45744889630367,4799,4.0,1
2026-07-30 09:20:00,-37.5236983333333,10.828785,2.266136562914643,8.011449628538477,11.130434782608695,,4799,4.0,1
2026-07-30 09:40:00,-37.5317483333333,10.8353533333333,2.183353880141825,8.22071316662997,11.130434782608695,,4799,4.0,1
2026-07-30 10:00:00,-37.5358566666667,10.8446116666667,2.1661489854177813,8.18682926050771,11.130434782608695,,4799,4.0,1
2026-07-30 10:20:00,-37.5352183333333,10.8574416666667,2.1086734410503816,8.30221768362021,12.19047619047619,,4799,4.0,1
2026-07-30 10:40:00,-37.5344933333333,10.870515,1.8380998972663107,7.521838921890877,7.757575757575758,77.10589095424314,4799,4.0,1
2026-07-30 11:00:00,-37.5338933333333,10.8832916666667,1.7588147589921568,7.467485570541607,8.258064516129032,107.9541822211412,4799,4.0,1
2026-07-30 11:20:00,-37.5332816666667,10.89558,1.7685452353240707,7.281145441242651,8.258064516129032,43.7343874875159,4799,4.0,1
2026-07-30 11:40:00,-37.532955,10.9087883333333,1.8947980905115556,7.391526760005365,7.314285714285714,87.58263394778487,4799,4.0,1
2026-07-30 12:00:00,-37.5335633333333,10.9228583333333,1.8901042097138543,7.461520381958874,7.757575757575758,72.42855315796757,4799,4.0,1
2026-07-30 12:20:00,-37.5344416666667,10.937605,1.8710986539000858,7.606864766370252,7.757575757575758,53.65947553756476,4799,4.0,1
2026-07-30 12:40:00,-37.535145,10.95245,1.7295211570642124,7.40970270701582,7.757575757575758,46.48299381663085,4799,4.0,1
2026-07-30 13:00:00,-37.5359133333333,10.9669133333333,2.06214686943886,8.343979485224438,11.130434782608695,,4799,4.0,1
2026-07-30 13:20:00,-37.5379983333333,10.9808633333333,1.7763730446698835,7.541050559127337,8.258064516129032,,4799,4.0,1
2026-07-30 13:40:00,-37.541105,10.99487,1.8864425426945028,8.50773401325809,11.130434782608695,,4799,4.0,1
2026-07-30 14:00:00,-37.5440566666667,11.0087433333333,1.77916222374308,7.536651669622168,7.757575757575758,85.97255184269852,4799,4.0,1
2026-07-30 14:20:00,-37.5501933333333,11.01349,1.7485173660736248,7.6353586150871,8.827586206896552,85.5897001891069,4799,4.0,1
2026-07-30 14:40:00,-37.55625,11.012775,1.87283728621745,7.882241632768026,11.130434782608695,,4799,4.0,1
2026-07-30 15:00:00,-37.557245,11.0086466666667,1.7783206858107095,7.621400084959389,8.258064516129032,,4799,4.0,1
2026-07-30 15:20:00,-37.55813,11.00461,1.8684958562674845,7.9459480713083295,9.481481481481481,210.24819710284567,4799,4.0,1
2026-07-30 15:40:00,-37.55902,11.0005816666667,1.6785044379003593,7.272223192734155,8.827586206896552,141.48642065914783,4799,4.0,1
2026-07-30 16:00:00,-37.5599783333333,10.9964583333333,1.6376652988697122,7.461578872029536,8.258064516129032,103.96506871647807,4799,4.0,1
2026-07-30 16:20:00,-37.5608416666667,10.99224,1.6726050770693675,7.611298204870935,9.481481481481481,177.38716409782398,4799,4.0,1
2026-07-30 16:40:00,-37.561845,10.987715,1.6179408399243842,7.254689531554787,8.258064516129032,54.89710810447727,4796,4.0,4
2026-07-30 17:00:00,-37.5628516666667,10.9831083333333,1.7767754110820804,7.509575552435687,11.130434782608695,216.00738385539884,4793,4.0,7
2026-07-30 17:20:00,-37.5637366666667,10.9785283333333,1.5011371209171382,6.930218662082863,8.827586206896552,195.49970478860246,4787,4.0,13
2026-07-30 17:40:00,-37.5649166666667,10.973595,1.597577394484509,7.13452368928362,8.827586206896552,358.52021747280907,4790,4.0,10
2026-07-30 18:00:00,-37.5653983333333,10.9676183333333,1.6620512916127095,7.036573735356867,8.827586206896552,157.6507884838104,4790,4.0,10
2026-07-30 18:20:00,-37.56568,10.9612116666667,1.7542863902699755,7.538205863716065,11.130434782608695,209.4633640729652,4787,4.0,13
2026-07-30 18:40:00,-37.5661083333333,10.9543133333333,1.7347655625218161,6.9764049891681195,8.258064516129032,74.61500611130475,4796,4.0,4
2026-07-30 19:00:00,-37.56647,10.9465983333333,1.9163661696246623,7.70785130799659,11.130434782608695,214.79979384473782,4793,4.0,7
2026-07-30 19:20:00,-37.5669316666667,10.9387,1.8194533136793285,7.1173404617195555,8.827586206896552,66.99309339257499,4799,4.0,1
2026-07-30 19:40:00,-37.5673033333333,10.93101,1.886725588940941,7.389458606368063,8.827586206896552,206.64737063194988,4799,4.0,1
2026-07-30 20:00:00,-37.5677016666667,10.9244516666667,1.630894504119561,7.132163403598004,9.481481481481481,189.22330301469609,4799,4.0,1
2026-07-30 20:20:00,-37.5679566666667,10.917965,1.892769080420689,7.568096078901763,11.130434782608695,209.59583357412117,4799,4.0,1
2026-07-30 20:40:00,-37.56831,10.9116583333333,1.6616163642273756,7.106958918596752,8.258064516129032,98.14643819806065,4799,4.0,1
2026-07-30 21:00:00,-37.5686083333333,10.9050116666667,1.619107917975803,7.207086496927284,7.757575757575758,,4799,4.0,1
2026-07-30 21:20:00,-37.5683783333333,10.8987116666667,1.8898778699218752,8.047096522693025,11.130434782608695,,4799,4.0,1
2026-07-30 21:40:00,-37.5679733333333,10.8931333333333,1.9772693700423087,8.267742063853643,11.130434782608695,,4799,4.0,1
2026-07-30 22:00:00,-37.5677116666667,10.8886683333333,1.9161256242199503,8.172531055030015,10.24,,4799,4.0,1
2026-07-30 22:20:00,-37.5675983333333,10.8851083333333,1.6370443961196732,7.022472125142247,7.757575757575758,80.3843556697708,4793,4.0,7
2026-07-30 22:40:00,-37.5674116666667,10.881725,1.695699422793195,7.117609701986411,8.258064516129032,69.84827227753746,4796,4.0,4
2026-07-30 23:00:00,-37.56719,10.8780166666667,1.8617378794572732,7.399318008381847,9.481481481481481,,4799,4.0,1
2026-07-30 23:20:00,-37.567045,10.874325,1.8968424919468545,7.817302747084824,11.130434782608695,211.32724651771966,4799,4.0,1
2026-07-30 23:40:00,-37.56702,10.870615,1.7004772771482417,7.226464036309399,7.757575757575758,54.75892609158791,4796,4.0,4
2026-07-31 00:00:00,-37.5668033333333,10.8670133333333,2.0353996289542007,8.061386842913926,11.130434782608695,,4790,4.0,10
2026-07-31 00:20:00,-37.56659,10.8633983333333,1.8539924817135573,7.980163252603999,10.24,218.54057443491428,4796,4.0,4
2026-07-31 00:40:00,-37.56644,10.859895,1.985454803478428,8.226662252352938,11.130434782608695,,4799,4.0,1
2026-07-31 01:00:00,-37.5661983333333,10.8563283333333,1.8730009962829197,7.998367887443351,11.130434782608695,,4793,4.0,7
2026-07-31 01:20:00,-37.565945,10.8511033333333,1.861735237980124,8.04572433335411,9.481481481481481,,4790,4.0,10
2026-07-31 01:40:00,-37.5655816666667,10.845305,1.803395958657775,8.309434983831,11.130434782608695,,4793,4.0,7
2026-07-31 02:00:00,-37.5652033333333,10.8396716666667,1.7925637493011246,7.989795640646374,11.130434782608695,211.93465504196436,4793,4.0,7
2026-07-31 02:20:00,-37.5641233333333,10.83439,1.8170437405483553,7.795602930951647,11.130434782608695,204.19716799743475,4796,4.0,4
2026-07-31 02:40:00,-37.5630116666667,10.8301516666667,1.7879887823450085,7.788327480374333,10.24,190.45604790228163,4796,4.0,4
2026-07-31 03:00:00,-37.56224,10.8259833333333,1.7307258434119153,7.61822644723357,11.130434782608695,215.33832837839964,4796,4.0,4
2026-07-31 03:20:00,-37.56137,10.8228266666667,1.742021550321066,7.542148321866728,11.130434782608695,234.52949916710662,4793,4.0,7
2026-07-31 03:40:00,-37.560765,10.8194133333333,1.7094586681615227,7.632073529006751,11.130434782608695,206.36398615814502,4796,4.0,4
2026-07-31 04:00:00,-37.5598183333333,10.8149816666667,1.7646528957273122,7.675866697186445,10.24,206.3032027824923,4796,4.0,4
2026-07-31 04:20:00,-37.5589916666667,10.81144,1.786208057903786,7.631723788273646,7.757575757575758,,4793,4.0,7
2026-07-31 04:40:00,-37.5584966666667,10.8087933333333,1.7303132715071812,7.50462281964958,11.130434782608695,223.10751169868283,4793,4.0,7
2026-07-31 05:00:00,-37.5577333333333,10.8057566666667,1.6584396363374407,7.395501326217819,6.918918918918919,108.50008995744508,4793,4.0,7
2026-07-31 05:20:00,-37.5569733333333,10.80228,1.5344906903055553,7.318903511250508,8.827586206896552,165.39678624363535,4793,4.0,7
2026-07-31 05:40:00,-37.5562883333333,10.7992983333333,1.7365790476359322,7.829614499580623,15.058823529411764,246.2325370557511,4793,4.0,7
2026-07-31 06:00:00,-37.5526416666667,10.7982716666667,1.6820311341058085,7.5150438978798215,7.314285714285714,51.22621002498312,4793,4.0,7
2026-07-31 06:20:00,-37.54494,10.7985016666667,1.7872780058012547,7.9404483139622615,11.130434782608695,225.61641801403428,4799,4.0,1
2026-07-31 06:40:00,-37.54161,10.8133116666667,1.8443973461270395,8.279655659614637,15.058823529411764,,4793,4.0,7
2026-07-31 07:00:00,-37.5383216666667,10.8287933333333,1.8004320714378252,8.021160463005229,12.19047619047619,,4796,4.0,4
2026-07-31 07:20:00,-37.5357316666667,10.8440316666667,1.933395125272795,8.20877011961778,15.058823529411764,,4796,4.0,4
2026-07-31 07:40:00,-37.5350116666667,10.8592633333333,1.8846315834183462,8.04328465176266,7.314285714285714,,4799,4.0,1
2026-07-31 08:00:00,-37.5342166666667,10.8747416666667,1.8948156428745153,8.228451616926723,11.130434782608695,,4799,4.0,1
2026-07-31 08:20:00,-37.5334666666667,10.889905,1.8473229551847004,8.333336936137128,11.130434782608695,,4799,4.0,1
2026-07-31 08:40:00,-37.5326433333333,10.905345,1.863464856007513,8.331156259387761,12.19047619047619,,4799,4.0,1
2026-07-31 09:00:00,-37.5332933333333,10.9211166666667,1.8564942971587453,8.35398298809652,15.058823529411764,,4799,4.0,1
2026-07-31 09:20:00,-37.53427,10.9363516666667,1.9732683773237663,8.57290169612063,15.058823529411764,,4799,4.0,1
2026-07-31 09:40:00,-37.5351133333333,10.9520533333333,1.8352262044615597,8.167542297819102,15.058823529411764,,4799,4.0,1
2026-07-31 10:00:00,-37.5359333333333,10.9673066666667,1.8938481790953314,8.285772045085254,11.130434782608695,,4799,4.0,1
2026-07-31 10:20:00,-37.5379116666667,10.9808866666667,1.9374062570099553,8.364033037317487,15.058823529411764,,4799,4.0,1
2026-07-31 10:40:00,-37.5405616666667,10.9928733333333,1.8582556499058793,8.653227265739156,12.19047619047619,,4799,4.0,1
2026-07-31 11:00:00,-37.54311,11.0038566666667,1.8481755713595402,8.606745290314189,13.473684210526315,,4799,4.0,1
2026-07-31 11:20:00,-37.5450633333333,11.0130516666667,1.7994179662694973,8.46753109172615,11.130434782608695,,4799,4.0,1
2026-07-31 11:40:00,-37.55389,11.0133166666667,1.8501394748479896,8.625948855899091,13.473684210526315,,4799,4.0,1
2026-07-31 12:00:00,-37.5576183333333,11.0070883333333,1.7667281091966507,8.466192945713154,13.473684210526315,,4799,4.0,1
2026-07-31 12:20:00,-37.5594816666667,10.9983466666667,1.7324665936395247,8.735203024455549,13.473684210526315,,4799,4.0,1
2026-07-31 12:40:00,-37.56126,10.9899316666667,1.7000040270677463,8.48782073981703,13.473684210526315,253.87231521179856,4799,4.0,1
2026-07-31 13:00:00,-37.5632383333333,10.9806016666667,1.8608957463138092,8.892636950813678,10.24,,4799,4.0,1
2026-07-31 13:20:00,-37.56505,10.972735,1.6808962341980915,8.215645347928668,11.130434782608695,,4799,4.0,1
2026-07-31 13:40:00,-37.5654,10.96583,1.7641915525991505,8.408330661105648,12.19047619047619,,4799,4.0,1
2026-07-31 14:00:00,-37.565675,10.9594383333333,1.6979045275742564,8.501773465433818,13.473684210526315,,4799,4.0,1
2026-07-31 14:20:00,-37.5659416666667,10.9544316666667,1.6351301016969713,8.318991399053608,13.473684210526315,,4799,4.0,1
2026-07-31 14:40:00,-37.5660716666667,10.9504466666667,1.6280789128001059,8.248977982340255,13.473684210526315,,4799,4.0,1
2026-07-31 15:00:00,-37.566265,10.9481416666667,1.580659537743029,8.062630556540137,13.473684210526315,,4790,4.0,10
2026-07-31 15:20:00,-37.5664316666667,10.9452233333333,1.7017329191597987,7.843805520639046,13.473684210526315,,4799,4.0,1
2026-07-31 15:40:00,-37.5665283333333,10.94259,1.621221751199355,7.867541424699152,12.19047619047619,,4793,4.0,7
2026-07-31 16:00:00,-37.566695,10.9392333333333,1.8235116443582566,8.335082588209836,13.473684210526315,,4790,4.0,10
2026-07-31 16:20:00,-37.56693,10.9345866666667,1.7514883072287661,8.365023108447277,13.473684210526315,,4799,4.0,1
2026-07-31 16:40:00,-37.5671483333333,10.9304166666667,1.7892193853822262,8.117688916152959,11.130434782608695,,4796,4.0,4
2026-07-31 17:00:00,-37.5672716666667,10.9265966666667,1.862724752161484,8.235651874994069,13.473684210526315,,4796,4.0,4
2026-07-31 17:20:00,-37.56755,10.923435,1.904524114902683,8.0736094822813,12.19047619047619,,4796,4.0,4
2026-07-31 17:40:00,-37.56767,10.92011,1.7444145211390631,7.968882425518735,11.130434782608695,237.4357365474234,4796,4.0,4
2026-07-31 18:00:00,-37.566225,10.918405,1.8366655881376617,8.157701950608043,12.19047619047619,,4796,4.0,4
2026-07-31 18:20:00,-37.5554283333333,10.9259266666667,1.778046157491712,8.271374708676289,13.473684210526315,,4793,4.0,7
2026-07-31 18:40:00,-37.544215,10.9329133333333,1.8992063677214177,8.72361229674242,13.473684210526315,,4796,4.0,4
2026-07-31 19:00:00,-37.5330866666667,10.9397266666667,1.8341302987803916,8.67209334018672,12.19047619047619,,4796,4.0,4
2026-07-31 19:20:00,-37.5222716666667,10.9464916666667,1.8314512773793954,8.71458196219531,12.19047619047619,,4793,4.0,7
2026-07-31 19:40:00,-37.5109833333333,10.9534683333333,2.020050542957568,8.633203036633125,13.473684210526315,,4793,4.0,7
2026-07-31 20:00:00,-37.4993933333333,10.9606033333333,1.903115923479938,8.454627716549966,12.19047619047619,,4793,4.0,7
2026-07-31 20:20:00,-37.487875,10.9678016666667,1.8954162308972686,8.389074186760851,11.130434782608695,,4796,4.0,4
2026-07-31 20:40:00,-37.4760616666667,10.975065,1.9882956678792916,8.453939539723038,12.19047619047619,,4793,4.0,7
2026-07-31 21:00:00,-37.4642166666667,10.982455,1.9988838383898067,8.631384695601191,12.19047619047619,,4793,4.0,7
2026-07-31 21:20:00,-37.4527216666667,10.9895366666667,1.8641307227394985,8.474236672200421,13.473684210526315,,4793,4.0,7
2026-07-31 21:40:00,-37.4411966666667,10.9966533333333,1.9719667193999166,8.462869250524905,11.130434782608695,,4799,4.0,1
2026-07-31 22:00:00,-37.4298783333333,11.0036066666667,1.8618898408669493,8.374690561387022,12.19047619047619,,4799,4.0,1
2026-07-31 22:20:00,-37.4185033333333,11.0107016666667,1.848928920906327,8.231174224693895,12.19047619047619,,4796,4.0,4
2026-07-31 22:40:00,-37.40721,11.0177283333333,1.8326229878802218,8.211695964767879,12.19047619047619,,4799,4.0,1
2026-07-31 23:00:00,-37.3953266666667,11.0250016666667,1.8255848564905488,8.019199510541235,12.19047619047619,241.7216899356793,4796,4.0,4
2026-07-31 23:20:00,-37.3832933333333,11.03249,1.8846035851515175,8.43429173172886,11.130434782608695,,4790,4.0,10
2026-07-31 23:40:00,-37.3714016666667,11.0399166666667,1.7189237471331826,7.876286105091501,10.24,234.97376764663093,4796,4.0,4
2026-08-01 00:00:00,-37.358265,11.04814,1.759553319841065,7.859211344648395,13.473684210526315,243.93350525893345,4796,4.0,4
2026-08-01 00:20:00,-37.3443583333333,11.0566633333333,1.7684684086597557,7.754600201451192,8.258064516129032,91.53720188535078,4793,4.0,7
2026-08-01 00:40:00,-37.3306533333333,11.0650983333333,1.8266607400124688,7.7818635221289965,7.757575757575758,72.6834655426471,4793,4.0,7
2026-08-01 01:00:00,-37.3172,11.0734633333333,1.7431202635313439,8.064435315423287,12.19047619047619,,4796,4.0,4
2026-08-01 01:20:00,-37.304225,11.0815166666667,1.8130779909437864,7.986235260547519,8.258064516129032,96.47812398295616,4796,4.0,4
2026-08-01 01:40:00,-37.29131,11.0894133333333,2.0906688226482872,8.183017261833463,8.827586206896552,101.9562510311714,4796,4.0,4
2026-08-01 02:00:00,-37.2789983333333,11.097065,2.0179364518165848,7.902811098359248,7.757575757575758,82.6595933367222,4796,4.0,4
2026-08-01 02:20:00,-37.266635,11.1046833333333,1.9870939218067647,7.824355056300096,8.258064516129032,94.01818866734175,4796,4.0,4
2026-08-01 02:40:00,-37.2546066666667,11.1121866666667,1.8784040845067336,7.266855119537412,8.258064516129032,90.41610821620998,4796,4.0,4
2026-08-01 03:00:00,-37.2432066666667,11.1191283333333,1.8834337851291758,7.79820385616835,10.24,214.608611446505,4793,4.0,7
2026-08-01 03:20:00,-37.2316833333333,11.1262566666667,1.8467503981432734,7.770828711521534,7.757575757575758,78.02502217825656,4796,4.0,4
2026-08-01 03:40:00,-37.2201,11.1334583333333,1.9675970270449166,7.897461801832175,8.258064516129032,85.5109537704451,4796,4.0,4
2026-08-01 04:00:00,-37.2086733333333,11.1406033333333,1.9205667848729608,7.726605106606874,8.258064516129032,86.90946986342374,4793,4.0,7
2026-08-01 04:20:00,-37.1970316666667,11.1477366666667,1.918078602598832,7.8778097538018,11.130434782608695,231.7302545692349,4793,4.0,7
2026-08-01 04:40:00,-37.1855533333333,11.1548133333333,1.8881056431980228,7.954620354800406,13.473684210526315,234.3680718763195,4790,4.0,10
2026-08-01 05:00:00,-37.1739783333333,11.161845,1.7654371858864049,8.006915446171694,12.19047619047619,251.01593579910758,4796,4.0,4
2026-08-01 05:20:00,-37.162545,11.1688233333333,1.7937748339399222,7.785641562208153,8.258064516129032,87.78579984234318,4799,4.0,1
2026-08-01 05:40:00,-37.1509566666667,11.1759983333333,1.790609900603868,7.95156384629063,8.258064516129032,83.18794722385474,4793,4.0,7
2026-08-01 06:00:00,-37.138965,11.18345,1.841366007268466,7.7313051446242405,8.827586206896552,100.988195546817,4796,4.0,4
2026-08-01 06:20:00,-37.1269883333333,11.1908983333333,1.7874125253176998,7.884787693239852,7.757575757575758,76.56193600872047,4796,4.0,4
2026-08-01 06:40:00,-37.1154333333333,11.1932966666667,1.930087039213633,8.07475385564286,8.258064516129032,79.41051266427837,4793,4.0,7
2026-08-01 07:00:00,-37.10991,11.2019566666667,1.8103441501719735,8.424102267505873,12.19047619047619,233.18491383295645,4793,4.0,7
2026-08-01 07:20:00,-37.10726,11.21446,1.8148042848069892,7.796494524227051,12.19047619047619,241.9632570833328,4793,4.0,7
2026-08-01 07:40:00,-37.1043616666667,11.227585,1.7386747149563093,8.084082289847029,12.19047619047619,244.93308250127558,4793,4.0,7
2026-08-01 08:00:00,-37.102545,11.2400266666667,1.7182907756149641,8.041381968404313,12.19047619047619,241.00656388650555,4793,4.0,7
2026-08-01 08:20:00,-37.1019233333333,11.2515116666667,1.758529945322703,8.049518579164541,12.19047619047619,,4793,4.0,7
2026-08-01 08:40:00,-37.101325,11.2626516666667,1.7617905825361162,7.739101390830298,8.258064516129032,66.02819588852347,4796,4.0,4
2026-08-01 09:00:00,-37.10084,11.273105,1.8430922125085138,8.170986222184249,12.19047619047619,250.78970645919242,4799,4.0,1
2026-08-01 09:20:00,-37.1002666666667,11.2844333333333,1.8265085631889773,8.038518857741881,12.19047619047619,,4799,4.0,1
2026-08-01 09:40:00,-37.0994483333333,11.295865,1.8058214983753058,7.9070936485657,12.19047619047619,239.80272730701665,4799,4.0,1
2026-08-01 10:00:00,-37.099,11.3065216666667,1.7847084718790402,7.9129162661806225,12.19047619047619,238.92468019446858,4799,4.0,1
2026-08-01 10:20:00,-37.099525,11.3146433333333,1.6333541813935126,7.486151758196808,8.258064516129032,87.33514942369357,4799,4.0,1
2026-08-01 10:40:00,-37.09251,11.322855,1.6201640412187341,7.140057913732322,7.757575757575758,65.74362911219626,4799,4.0,1
2026-08-01 11:00:00,-37.0775716666667,11.33105,1.7047246619148417,7.804412160778417,9.481481481481481,144.01568402611395,4799,4.0,1
2026-08-01 11:20:00,-37.0622933333333,11.339385,1.818782291806776,8.34402545607365,12.19047619047619,238.54215101712902,4799,4.0,1
2026-08-01 11:40:00,-37.0467366666667,11.34791,1.7297886580028796,7.851635799579608,7.757575757575758,77.3766339336297,4799,4.0,1
2026-08-01 12:00:00,-37.031065,11.3564966666667,1.7149617323268245,7.944441870707602,12.19047619047619,256.0491406579742,4799,4.0,1
2026-08-01 12:20:00,-37.0151533333333,11.3649966666667,1.7735985427116525,8.291250875721586,13.473684210526315,229.99877171808,4799,4.0,1
2026-08-01 12:40:00,-36.999465,11.3735733333333,1.6893823984322995,8.0658343206145,12.19047619047619,254.78428027386417,4799,4.0,1
2026-08-01 13:00:00,-36.9836966666667,11.3821983333333,1.7696359374361037,8.52159887753784,12.19047619047619,234.38701299243098,4799,4.0,1
2026-08-01 13:20:00,-36.9706733333333,11.389265,1.7461769077467528,8.171210395439807,11.130434782608695,239.96071664158708,4799,4.0,1
2026-08-01 13:40:00,-36.9549033333333,11.3976883333333,1.7145406984548037,8.05806482031728,12.19047619047619,,4799,4.0,1
2026-08-01 14:00:00,-36.938945,11.40641,1.7583879234923923,8.138022709420804,8.827586206896552,102.08540987391837,4799,4.0,1
2026-08-01 14:20:00,-36.9229983333333,11.4151683333333,1.6640229065591958,8.008185444012078,12.19047619047619,,4799,4.0,1
2026-08-01 14:40:00,-36.9081133333333,11.4226233333333,1.7724612884811892,8.059009095285226,8.827586206896552,107.03957248733195,4799,4.0,1
2026-08-01 15:00:00,-36.905405,11.4245733333333,1.7938659689473526,7.781556039175479,11.130434782608695,240.94742922832,4799,4.0,1
2026-08-01 15:20:00,-36.9024833333333,11.4285583333333,1.7277741889262066,7.633956668095184,11.130434782608695,249.34818236786543,4799,4.0,1
2026-08-01 15:40:00,-36.899955,11.4335216666667,1.8655486876123597,7.682299167063223,8.827586206896552,162.65643454136386,4799,4.0,1
2026-08-01 16:00:00,-36.8979183333333,11.437065,1.7499200116250886,7.794432828126318,11.130434782608695,,4799,4.0,1
2026-08-01 16:20:00,-36.8955783333333,11.4421616666667,1.6942239660922531,7.673402896279116,8.827586206896552,101.70266351013663,4799,4.0,1
2026-08-01 16:40:00,-36.8933883333333,11.446615,1.7099450393881757,7.7076757715128625,8.827586206896552,116.01064039733711,4796,4.0,4
2026-08-01 17:00:00,-36.8913033333333,11.4513116666667,1.7786365524251782,7.789943316937238,8.258064516129032,83.99846121293683,4790,4.0,10
2026-08-01 17:20:00,-36.8890433333333,11.45599,1.6813044992284998,7.688070263801153,8.827586206896552,100.71036790788992,4793,4.0,7
2026-08-01 17:40:00,-36.8865566666667,11.4618016666667,1.8256202259644647,7.854610347439094,8.258064516129032,75.54096367669845,4793,4.0,7
2026-08-01 18:00:00,-36.8839416666667,11.4673516666667,1.8605064339019257,7.835859073913446,10.24,222.83736421942513,4799,4.0,1
2026-08-01 18:20:00,-36.8811183333333,11.4733333333333,1.9253911472843273,7.827420095774098,12.19047619047619,247.02167349118764,4799,4.0,1
2026-08-01 18:40:00,-36.87796,11.478035,1.7906721775220853,7.622210324043568,11.130434782608695,252.5246956588183,4799,4.0,1
2026-08-01 19:00:00,-36.8747433333333,11.4826683333333,1.7567528705339035,7.154045991477375,8.258064516129032,88.78551027471133,4799,4.0,1
2026-08-01 19:20:00,-36.8704333333333,11.4883166666667,1.85418390989636,7.886024147980671,11.130434782608695,246.18653503227867,4793,4.0,7
2026-08-01 19:40:00,-36.8666416666667,11.4926083333333,1.8293615743790745,7.895292582546486,11.130434782608695,246.00545346171174,4796,4.0,4
2026-08-01 20:00:00,-36.8642766666667,11.497575,1.7939511276415934,7.902919801042336,8.827586206896552,103.64342869264965,4793,4.0,7
2026-08-01 20:20:00,-36.8627566666667,11.5034316666667,1.8486176179828282,7.976698931504629,8.827586206896552,103.73932014876993,4793,4.0,7
2026-08-01 20:40:00,-36.862025,11.5080283333333,1.7829909135745863,7.7434366194207875,8.827586206896552,94.40141575217768,4793,4.0,7
2026-08-01 21:00:00,-36.861345,11.5141783333333,1.8924796023141894,8.166863275103966,8.827586206896552,98.28655849645003,4793,4.0,7
2026-08-01 21:20:00,-36.8606683333333,11.519905,1.8279090105891325,7.8994017168729975,9.481481481481481,191.5162798138452,4793,4.0,7
2026-08-01 21:40:00,-36.85951,11.525525,1.8699612392911835,8.161568243619904,8.827586206896552,111.0476124094771,4793,4.0,7
2026-08-01 22:00:00,-36.8580016666667,11.5314166666667,1.8252857188477793,7.782136299166185,8.258064516129032,86.01076727861744,4796,4.0,4
2026-08-01 22:20:00,-36.8562533333333,11.537795,1.6875693581913693,7.83865050312106,8.827586206896552,117.31366139394873,4793,4.0,7
2026-08-01 22:40:00,-36.8543516666667,11.543825,1.7656581853953306,7.931173726309554,8.258064516129032,82.97653767881036,4793,4.0,7
2026-08-01 23:00:00,-36.8521066666667,11.5486933333333,1.6976507092756132,7.692619714095419,8.827586206896552,104.54347955544608,4793,4.0,7
2026-08-01 23:20:00,-36.8495783333333,11.5556666666667,1.8856088226874206,8.180023178834844,11.130434782608695,247.22672741735332,4796,4.0,4
2026-08-01 23:40:00,-36.846815,11.5604716666667,1.8226386669312729,8.025028062724866,8.827586206896552,100.1075506308731,4796,4.0,4
2026-08-02 00:00:00,-36.843395,11.56639,1.7684616745905646,7.931589458620963,8.827586206896552,114.8244260633918,4715,4.0,85
2026-08-02 00:20:00,-36.8398566666667,11.5723533333333,1.851554806063215,8.108147833379196,11.130434782608695,241.7275347982894,4793,4.0,7
2026-08-02 00:40:00,-36.836205,11.57889,1.799468475575931,7.91013226660638,10.24,241.4228985019849,4796,4.0,4
2026-08-02 01:00:00,-36.83252,11.58406,1.7979065131869674,7.969656247012687,8.827586206896552,110.74814346396249,4796,4.0,4
2026-08-02 01:20:00,-36.8284916666667,11.5895316666667,1.792983027371868,8.040841899542807,12.19047619047619,235.77178438481982,4796,4.0,4
2026-08-02 01:40:00,-36.823635,11.5953266666667,1.6892061761803507,7.8621770201574135,9.481481481481481,192.42913328962823,4793,4.0,7
2026-08-02 02:00:00,-36.8184766666667,11.6017183333333,1.8173647060111542,7.640614103767287,8.827586206896552,119.54998282018965,4796,4.0,4
2026-08-02 02:20:00,-36.8130316666667,11.60857,1.6947389379458186,7.620670358488584,9.481481481481481,203.87376015754373,4793,4.0,7
2026-08-02 02:40:00,-36.8082783333333,11.6142233333333,1.8021886111276275,7.909516147094295,8.827586206896552,134.60214304054637,4796,4.0,4
2026-08-02 03:00:00,-36.804245,11.6188833333333,1.8679428057154353,7.852512188268305,9.481481481481481,187.99465277386383,4796,4.0,4
2026-08-02 03:20:00,-36.8000033333333,11.6238633333333,1.678944573099938,7.376626986323272,8.827586206896552,93.73416370136499,4796,4.0,4
2026-08-02 03:40:00,-36.79555,11.6290733333333,1.7385956085382073,7.392972042930513,8.827586206896552,96.23848803188275,4796,4.0,4
2026-08-02 04:00:00,-36.7906516666667,11.63525,1.7965874701948616,7.754998233759102,11.130434782608695,247.8104092115264,4796,4.0,4
2026-08-02 04:20:00,-36.785655,11.6406583333333,1.719346809415379,7.764509332941025,11.130434782608695,229.0356552156233,4796,4.0,4
2026-08-02 04:40:00,-36.7808816666667,11.645155,1.5673722426878365,7.336856175415465,9.481481481481481,237.5460902980185,4793,4.0,7
2026-08-02 05:00:00,-36.776235,11.6489583333333,1.7134808294379105,7.801035052957893,11.130434782608695,244.12246823550527,4796,4.0,4
2026-08-02 05:20:00,-36.77129,11.65348,1.6915810885326192,7.759453056297542,11.130434782608695,,4793,4.0,7
2026-08-02 05:40:00,-36.7656433333333,11.6588716666667,1.661736970196732,7.489370578977567,8.258064516129032,72.19711885934757,4793,4.0,7
2026-08-02 06:00:00,-36.7596533333333,11.6653066666667,1.7916979411213296,7.7328865831415055,8.827586206896552,131.43084994835283,4793,4.0,7
2026-08-02 06:20:00,-36.7540616666667,11.67089,1.8257847307671282,7.814091643481349,11.130434782608695,235.00946419208552,4793,4.0,7
2026-08-02 06:40:00,-36.748705,11.6757566666667,1.9826108169933303,8.221207466149247,11.130434782608695,237.08662469494493,4793,4.0,7
2026-08-02 07:00:00,-36.7430283333333,11.6819116666667,1.732069524973219,7.957413343381421,9.481481481481481,110.12354952139333,4793,4.0,7
2026-08-02 07:20:00,-36.7373066666667,11.68796,1.7909305188332596,7.942876740225493,11.130434782608695,235.07667247135288,4799,4.0,1
2026-08-02 07:40:00,-36.73144,11.6935283333333,1.754074802943108,8.18862107776657,9.481481481481481,161.10829340812137,4799,4.0,1
2026-08-02 08:00:00,-36.7256516666667,11.6983133333333,1.760477702032875,7.627708966876074,8.827586206896552,121.73834183852262,4799,4.0,1
2026-08-02 08:20:00,-36.719655,11.7054133333333,1.951712108468846,8.248417438669017,11.130434782608695,220.28431205518876,4799,4.0,1
2026-08-02 08:40:00,-36.7142933333333,11.7124466666667,1.8099885079687192,7.99565164138044,9.481481481481481,151.25185426239148,4796,4.0,4
2026-08-02 09:00:00,-36.7095833333333,11.7185133333333,1.9721411989902184,7.947122332790699,8.827586206896552,85.37666483187655,4793,4.0,7
2026-08-02 09:20:00,-36.7042183333333,11.7251316666667,1.9173273937393036,7.987111934831349,9.481481481481481,111.65661607636218,4799,4.0,1
2026-08-02 09:40:00,-36.6986216666667,11.7324633333333,1.9566460256024703,8.157407463082148,9.481481481481481,89.98925648644746,4799,4.0,1
2026-08-02 10:00:00,-36.6928016666667,11.7390566666667,1.9041713343494981,7.992875530852538,9.481481481481481,123.92725410700132,4799,4.0,1
2026-08-03 00:00:00,-36.4148366666667,11.6946066666667,,,,,228,4.0,4572
2026-08-03 00:20:00,-36.40887,11.6935333333333,2.361534309585136,8.822072342900729,12.19047619047619,232.24340296326906,4793,4.0,7
2026-08-03 00:40:00,-36.4037816666667,11.6940416666667,2.410275005003848,8.859931240565315,12.19047619047619,,4790,4.0,10
2026-08-03 01:00:00,-36.398055,11.6939716666667,2.300638460232732,8.665893917091537,12.19047619047619,238.46980479527085,4790,4.0,10
2026-08-03 01:20:00,-36.3926183333333,11.6942733333333,2.3478522474262866,8.848375339880869,12.19047619047619,236.11022780702262,4790,4.0,10
2026-08-03 01:40:00,-36.387555,11.694815,2.296728610246536,8.869626093222243,12.19047619047619,235.56849455719095,4793,4.0,7
2026-08-03 02:00:00,-36.38312,11.6965033333333,2.35696795248266,8.738138399144054,12.19047619047619,241.05196513630153,4793,4.0,7
2026-08-03 02:20:00,-36.377665,11.697555,2.307610531201187,8.705067382282929,12.19047619047619,241.92624234549703,4796,4.0,4
2026-08-03 02:40:00,-36.372575,11.699245,2.4454567738310784,8.740461241928276,9.481481481481481,87.72024846065119,4793,4.0,7
2026-08-03 03:00:00,-36.366905,11.7006166666667,2.196812021481058,8.519929897381509,9.481481481481481,,4796,4.0,4
2026-08-03 03:20:00,-36.36118,11.7016833333333,2.4695514912425,8.981301582586154,12.19047619047619,254.39677954351197,4796,4.0,4
2026-08-03 03:40:00,-36.3557233333333,11.7036833333333,2.287208011971354,8.794445489787623,12.19047619047619,,4796,4.0,4
2026-08-03 04:00:00,-36.3499,11.70593,2.271758717305208,8.50252672615238,12.19047619047619,231.7675099670546,4796,4.0,4
2026-08-03 04:20:00,-36.3436483333333,11.70843,2.186691273370678,8.36226444957021,12.19047619047619,236.789981451589,4793,4.0,7
2026-08-03 04:40:00,-36.337575,11.7109866666667,2.198968275461371,8.487176143532409,12.19047619047619,235.40967700110713,4796,4.0,4
2026-08-03 05:00:00,-36.3320433333333,11.711885,2.274197372705372,8.734574001700196,9.481481481481481,145.5637671635326,4796,4.0,4
2026-08-03 05:20:00,-36.3265783333333,11.7133733333333,2.3369070936733083,8.77703593930838,9.481481481481481,,4799,4.0,1
2026-08-03 05:40:00,-36.320325,11.7135033333333,2.244402401467008,8.662113916561715,12.19047619047619,237.08811839612173,4796,4.0,4
2026-08-03 06:00:00,-36.3140733333333,11.71476,2.0451187896945253,8.346652234833075,11.130434782608695,241.12072660530006,4796,4.0,4
2026-08-03 06:20:00,-36.3076566666667,11.7161983333333,2.456814313878901,8.724543437405924,8.827586206896552,118.82034950132118,4796,4.0,4
2026-08-03 06:40:00,-36.301115,11.717605,2.1958528133220256,8.347052354214565,11.130434782608695,247.4134173968449,4796,4.0,4
2026-08-03 07:00:00,-36.295075,11.7198033333333,2.2283007368633867,8.352902361429795,12.19047619047619,235.3713614906182,4793,4.0,7
2026-08-03 07:20:00,-36.2883833333333,11.72038,2.1710330940174405,8.306294365469581,11.130434782608695,243.15418382047366,4796,4.0,4
2026-08-03 07:40:00,-36.2814633333333,11.720545,2.3117707273051575,8.470509006336798,11.130434782608695,232.71763455188992,4787,4.0,13
2026-08-03 08:00:00,-36.2750483333333,11.7212533333333,2.1821039004989222,8.256323095670192,12.19047619047619,228.83483306464944,4787,4.0,13
2026-08-03 08:20:00,-36.2692033333333,11.72237,2.156780665981411,8.132378490717349,8.827586206896552,110.9622405030974,4799,4.0,1
2026-08-03 08:40:00,-36.2636283333333,11.7236316666667,2.248860365992078,8.170741329706495,8.827586206896552,,4799,4.0,1
2026-08-03 09:00:00,-36.2572866666667,11.72472,2.2602830725586815,8.270376332734338,12.19047619047619,240.90325407805352,4799,4.0,1
2026-08-03 09:20:00,-36.2515833333333,11.726685,2.2318701010300357,8.326701995871279,11.130434782608695,261.23526750152075,4799,4.0,1
2026-08-03 09:40:00,-36.2462716666667,11.7268233333333,2.141470315635175,8.238984132450213,9.481481481481481,118.90192678103688,4799,4.0,1
2026-08-03 10:00:00,-36.2410783333333,11.7258466666667,2.1270673881472213,8.216141919355168,9.481481481481481,190.84528398377176,4799,4.0,1
2026-08-03 10:20:00,-36.2362716666667,11.7250633333333,2.077150463923265,8.047329023304963,8.827586206896552,105.06989910531001,4799,4.0,1
2026-08-03 10:40:00,-36.23257,11.7255333333333,2.232430390319716,8.105512075150155,10.24,,4799,4.0,1
2026-08-03 11:00:00,-36.2285383333333,11.7254166666667,2.316630894465033,8.22643865842486,9.481481481481481,171.71337654721083,4799,4.0,1
2026-08-03 11:20:00,-36.2255366666667,11.727235,2.201647397710043,8.113195797010196,11.130434782608695,239.02694044184528,4799,4.0,1
2026-08-03 11:40:00,-36.2189566666667,11.7249966666667,2.22947676120237,8.10753052026919,9.481481481481481,115.83330621202117,4799,4.0,1
2026-08-03 12:00:00,-36.2132033333333,11.722895,2.268278195908963,8.392953096055862,8.827586206896552,106.17000258044777,4799,4.0,1
2026-08-03 12:20:00,-36.2078316666667,11.72133,2.1990876748611976,8.271747764501884,10.24,,4799,4.0,1
2026-08-03 12:40:00,-36.202335,11.7194066666667,2.189231322568582,8.243653959109203,9.481481481481481,139.0790610754765,4799,4.0,1
2026-08-03 13:00:00,-36.19758,11.7178966666667,2.1023204416807126,8.130448485693123,11.130434782608695,240.1184654642799,4799,4.0,1
2026-08-03 13:20:00,-36.19298,11.7167433333333,2.1194278087688128,8.368828092993352,11.130434782608695,220.52603150265003,4799,4.0,1
2026-08-03 13:40:00,-36.1886616666667,11.715585,2.202928548540859,8.407474398517737,10.24,194.290353970855,4799,4.0,1
2026-08-03 14:00:00,-36.1842683333333,11.713555,2.2228238472148325,8.600865453739356,9.481481481481481,178.57408180291048,4799,4.0,1
2026-08-03 14:20:00,-36.1797166666667,11.7113133333333,2.1359770508549745,8.317897567640138,9.481481481481481,141.04755800888688,4796,4.0,4
2026-08-03 14:40:00,-36.175505,11.7093416666667,2.2009675133486892,8.516510508911573,11.130434782608695,214.56640730500658,4799,4.0,1
2026-08-03 15:00:00,-36.1715633333333,11.7081283333333,2.079794684973237,8.278600136627423,9.481481481481481,,4799,4.0,1
2026-08-03 15:20:00,-36.1680616666667,11.70623,2.0388863392777266,7.9868258564503245,9.481481481481481,,4799,4.0,1
2026-08-03 15:40:00,-36.164975,11.7034383333333,2.2628217898751206,8.451940846821442,10.24,215.3943351383068,4793,4.0,7
2026-08-03 16:00:00,-36.1612166666667,11.7002416666667,2.4686130271171867,8.754614921747681,9.481481481481481,,4796,4.0,4
2026-08-03 16:20:00,-36.1575833333333,11.69695,2.2421750248650563,8.349353148111861,9.481481481481481,178.59389773000538,4799,4.0,1
2026-08-03 16:40:00,-36.1531033333333,11.6934316666667,2.107998491835438,8.384012831070399,11.130434782608695,239.28292936766445,4799,4.0,1
2026-08-03 17:00:00,-36.1478633333333,11.6892966666667,2.0408488433068444,8.298395958563654,10.24,145.24186433172162,4799,4.0,1
2026-08-03 17:20:00,-36.1426366666667,11.6858216666667,2.1010415431280376,8.431831529979808,11.130434782608695,,4799,4.0,1
2026-08-03 17:40:00,-36.13405,11.6818966666667,1.959363191397544,8.55658807909407,9.481481481481481,152.92899912689109,4796,4.0,4
2026-08-03 18:00:00,-36.1256933333333,11.6774333333333,1.8996418357860578,8.308339141936868,9.481481481481481,,4793,4.0,7
2026-08-03 18:20:00,-36.1178233333333,11.6729466666667,2.0812791984091765,8.514562961177027,9.481481481481481,163.73942321911306,4796,4.0,4
2026-08-03 18:40:00,-36.1108216666667,11.6690466666667,1.9000045961389926,8.337360469626745,9.481481481481481,165.26066671376083,4796,4.0,4
2026-08-03 19:00:00,-36.1033516666667,11.66527,2.027968435871849,8.607319002403079,9.481481481481481,122.39631952602849,4796,4.0,4
2026-08-03 19:20:00,-36.0967983333333,11.66201,1.9264507524228782,8.282556709676287,9.481481481481481,134.90714169628973,4799,4.0,1
2026-08-03 19:40:00,-36.08984,11.65919,2.110660162043959,8.571275099042843,9.481481481481481,168.22229960890303,4799,4.0,1
2026-08-03 20:00:00,-36.0831483333333,11.6559333333333,2.0936515722617535,8.566788383634215,9.481481481481481,155.83789324338937,4793,4.0,7
2026-08-03 20:20:00,-36.0763033333333,11.6519583333333,1.8272270192355289,8.196701761000151,9.481481481481481,177.9465615326211,4796,4.0,4
2026-08-03 20:40:00,-36.0687366666667,11.64767,2.175854353428608,8.640790369734152,9.481481481481481,168.89993941818489,4793,4.0,7
2026-08-03 21:00:00,-36.06271,11.6440266666667,1.9492255581429119,8.145078906239723,8.827586206896552,177.08931874944585,4796,4.0,4
2026-08-03 21:20:00,-36.0552416666667,11.639485,1.6758051596166281,7.775145824659096,8.827586206896552,151.74820907493427,4796,4.0,4
2026-08-03 21:40:00,-36.0471566666667,11.63452,2.1454293836576657,8.53817129399822,9.481481481481481,160.62285704007098,4796,4.0,4
2026-08-03 22:00:00,-36.03908,11.6291866666667,2.0962777775997,8.441117421272935,9.481481481481481,,4796,4.0,4
2026-08-03 22:20:00,-36.0305666666667,11.6224783333333,1.9649148060854225,7.890476468965443,8.827586206896552,221.7830776773079,4793,4.0,7
2026-08-03 22:40:00,-36.0212616666667,11.6140733333333,2.072116565173877,8.053412442225019,9.481481481481481,193.90677229550113,4796,4.0,4
2026-08-03 23:20:00,-36.0027483333333,11.5950466666667,1.977340318998682,8.160283410788233,9.481481481481481,220.6380651964123,4799,4.0,1
2026-08-03 23:40:00,-35.9942383333333,11.5851133333333,2.0030771107717142,7.904898338504858,9.481481481481481,,4787,4.0,13
2026-08-04 00:40:00,-35.95939,11.5551833333333,2.0797210868996117,7.931359045740883,8.827586206896552,224.8906218188346,4799,4.0,1
2026-08-04 05:20:00,-35.864875,11.4541566666667,2.196576760442489,7.6440580794157045,8.827586206896552,178.74294491707735,4796,4.0,4
2026-08-04 05:40:00,-35.86462,11.44898,1.9636638318303976,7.161438040073586,9.481481481481481,,4799,4.0,1
2026-08-04 06:00:00,-35.8642783333333,11.4438783333333,1.9338193408670523,7.5039673348814775,11.130434782608695,194.59388054827053,4796,4.0,4
2026-08-04 06:20:00,-35.8640833333333,11.4402783333333,1.9701350517341543,7.548283629921364,10.24,189.41758784516,4796,4.0,4
2026-08-04 06:40:00,-35.863655,11.43594,1.7685867623281988,7.108842863103299,8.827586206896552,172.35347592210974,4793,4.0,7
2026-08-04 07:00:00,-35.8636283333333,11.432325,1.9557060489556333,7.27655886235707,9.481481481481481,204.2434982811369,4796,4.0,4
2026-08-04 07:40:00,-35.86318,11.4236216666667,1.869163051561386,7.754400448398817,11.130434782608695,119.17966499681455,4793,4.0,7
2026-08-04 08:00:00,-35.8623616666667,11.42042,1.908008519481338,7.630483373593621,10.24,147.3826159077763,4796,4.0,4
2026-08-04 08:40:00,-35.8512216666667,11.4198716666667,1.9170564853515348,7.678082309790072,9.481481481481481,190.7268653666194,4787,4.0,13
2026-08-04 11:00:00,-35.7497333333333,11.471855,1.7210191369109482,7.1307484164426755,9.481481481481481,178.94871352393585,4799,4.0,1
2026-08-04 21:40:00,-35.4022933333333,11.85246,3.803700540569607,7.626479315931774,13.473684210526315,226.51088573341815,4796,4.0,4
2026-08-04 22:00:00,-35.4029416666667,11.8668216666667,4.000230687113758,7.699307920983063,13.473684210526315,227.45708182368256,4799,4.0,1
2026-08-04 22:20:00,-35.4035916666667,11.8813683333333,3.8589550075666947,7.570357884378937,12.19047619047619,228.49496908226564,4799,4.0,1
2026-08-04 22:40:00,-35.40552,11.8942433333333,3.7049315314775555,7.658912956142833,13.473684210526315,223.89361386975654,4796,4.0,4
2026-08-05 16:40:00,-35.0237416666667,12.1842666666667,4.052463867698648,8.100361460162846,15.058823529411764,232.51614277239946,4799,4.0,1
2026-08-05 17:00:00,-35.0039883333333,12.1963533333333,4.009040872768197,8.200581147710041,15.058823529411764,227.33107805652602,4799,4.0,1
2026-08-05 18:00:00,-34.94661,12.231,3.8003115829534266,8.04886039177571,15.058823529411764,231.29195790690963,4787,4.0,13
2026-08-06 07:40:00,-34.8514066666667,12.485855,3.3430082199790463,8.672884210338589,11.130434782608695,232.19007991124286,4799,4.0,1
2026-08-06 08:00:00,-34.8502266666667,12.4859566666667,3.5067806465818374,8.866438327675722,11.130434782608695,229.62896906405663,4799,4.0,1
2026-08-06 08:20:00,-34.849165,12.4860883333333,2.917618951529449,8.368953574434855,12.19047619047619,238.6665720089435,4799,4.0,1
2026-08-06 08:40:00,-34.832075,12.4843216666667,3.4354061798931483,8.811822457831024,11.130434782608695,241.65906554785536,4799,4.0,1
2026-08-06 09:00:00,-34.81244,12.481985,3.1461031157032453,8.573693460274603,13.473684210526315,229.0379165282449,4796,4.0,4
2026-08-06 09:20:00,-34.7925333333333,12.4792616666667,3.19555398730031,8.62468518489335,12.19047619047619,230.8287232813435,4793,4.0,7
2026-08-06 09:40:00,-34.7720633333333,12.4767966666667,3.315344277152281,8.901445984366987,12.19047619047619,229.0523935307341,4796,4.0,4
2026-08-06 10:00:00,-34.7513783333333,12.4740733333333,3.279011724418191,8.984469159210796,13.473684210526315,223.83345481550862,4793,4.0,7
2026-08-06 10:20:00,-34.7319,12.471565,3.1837931106862207,8.77507215894743,13.473684210526315,238.8434093162257,4799,4.0,1
2026-08-06 10:40:00,-34.7124683333333,12.4691683333333,3.17668438107464,8.924279129390396,13.473684210526315,228.41026632745866,4793,4.0,7
2026-08-06 11:00:00,-34.6931233333333,12.4665516666667,3.1957746721821207,8.824604781637522,11.130434782608695,221.8282522302511,4790,4.0,10
2026-08-06 11:20:00,-34.672905,12.4639033333333,3.331451270998455,9.008477683709044,12.19047619047619,231.8725675021084,4799,4.0,1
2026-08-06 11:40:00,-34.6524716666667,12.4612966666667,3.0085620939663205,8.763271673644736,13.473684210526315,224.33128541876687,4799,4.0,1
2026-08-06 12:00:00,-34.6326216666667,12.458715,3.2484430781222557,9.120323693129532,13.473684210526315,219.30032846962882,4799,4.0,1
2026-08-06 12:20:00,-34.6137,12.4564216666667,3.1937878762172933,9.063673267161752,12.19047619047619,228.54647516089162,4799,4.0,1
2026-08-06 12:40:00,-34.602035,12.4514483333333,3.2352668948920718,8.98820707901071,11.130434782608695,231.12883592551262,4799,4.0,1
2026-08-06 13:00:00,-34.6015233333333,12.4429666666667,2.954762326253314,8.565638498937508,12.19047619047619,232.51487898010228,4799,4.0,1
2026-08-06 13:20:00,-34.6001766666667,12.4353683333333,2.942765516310926,8.915835900060408,12.19047619047619,230.5296231888728,4799,4.0,1
2026-08-06 13:40:00,-34.5987866666667,12.4300366666667,3.0861888048843413,9.052301809224474,12.19047619047619,240.47467008352444,4799,4.0,1
2026-08-06 14:00:00,-34.5980316666667,12.4240716666667,2.8930803354478667,8.772761161146828,10.24,248.42503039103576,4799,4.0,1
2026-08-06 14:20:00,-34.5983933333333,12.4204833333333,3.1048497601142144,9.05571226228452,12.19047619047619,227.73735110597184,4799,4.0,1
2026-08-06 14:40:00,-34.5990433333333,12.416555,3.087194816424955,9.087755336411544,11.130434782608695,242.04520917292717,4799,4.0,1
2026-08-06 15:00:00,-34.5992,12.4103516666667,3.385034190873131,9.02650861832005,12.19047619047619,235.13573795191894,4799,4.0,1
2026-08-06 15:20:00,-34.5992183333333,12.4039933333333,2.9069620454716856,8.781191295877612,12.19047619047619,237.47554960914383,4799,4.0,1
2026-08-06 15:40:00,-34.5989916666667,12.3968966666667,3.2562501945739535,9.02391971211589,11.130434782608695,231.31744141059727,4799,4.0,1
2026-08-06 16:00:00,-34.5984616666667,12.3888166666667,3.0158921171186788,8.8898297074826,13.473684210526315,225.3250424835177,4796,4.0,4
2026-08-06 16:20:00,-34.5953616666667,12.37762,3.137593260376302,8.961124008914542,12.19047619047619,224.7658011612608,4799,4.0,1
2026-08-06 16:40:00,-34.593165,12.36946,2.846484473559163,8.752547535523009,13.473684210526315,223.23023536804004,4799,4.0,1
2026-08-06 17:00:00,-34.5903533333333,12.360365,3.017765135309828,9.03196480797514,12.19047619047619,225.21793220172543,4796,4.0,4
2026-08-06 17:20:00,-34.58868,12.3531066666667,2.7148267470802376,8.443984720127354,11.130434782608695,222.73091634552162,4799,4.0,1
2026-08-06 17:40:00,-34.5778966666667,12.3516933333333,3.2257059626089775,9.175076295681729,13.473684210526315,225.74955650830782,4796,4.0,4
2026-08-06 18:00:00,-34.5759816666667,12.3521183333333,3.1579597845846865,9.14960560365947,13.473684210526315,224.82167254121885,4796,4.0,4
2026-08-06 18:20:00,-34.57536,12.35076,3.2234236411837007,8.906123030923709,12.19047619047619,231.66852613858043,4796,4.0,4
2026-08-06 18:40:00,-34.574695,12.3500066666667,3.1161536703022494,8.98607737186667,11.130434782608695,226.40292476740197,4796,4.0,4
2026-08-06 19:00:00,-34.5741033333333,12.3494866666667,3.350105721681135,9.321180417151838,11.130434782608695,235.368091880346,4793,4.0,7
2026-08-06 19:20:00,-34.57305,12.34985,3.119053904027097,9.11375997871783,12.19047619047619,222.3265908244698,4796,4.0,4
2026-08-06 19:40:00,-34.5720366666667,12.350145,2.9152555945660374,8.86852602053938,12.19047619047619,222.72264021105892,4799,4.0,1
2026-08-06 20:00:00,-34.5709716666667,12.351035,3.2038136161775217,9.422308285876948,12.19047619047619,229.77399835047123,4796,4.0,4
2026-08-06 20:20:00,-34.57014,12.3515,2.846623230381655,9.229074814527051,13.473684210526315,228.64946027975736,4796,4.0,4
2026-08-06 20:40:00,-34.569295,12.3522383333333,2.934675730500693,9.204217554305625,12.19047619047619,232.98644621428684,4796,4.0,4
2026-08-06 21:00:00,-34.55409,12.35217,2.8694162367041542,9.390569516577111,13.473684210526315,219.1312393742508,4799,4.0,1
2026-08-06 21:20:00,-34.5370833333333,12.3524233333333,2.9371343524644935,9.538866497607813,13.473684210526315,221.8024844144178,4799,4.0,1
2026-08-06 21:40:00,-34.52074,12.3525833333333,3.344809252123697,9.87497559599273,12.19047619047619,228.63503974404205,4796,4.0,4
2026-08-06 22:00:00,-34.5043516666667,12.3526783333333,2.846969728049974,9.21079740580227,12.19047619047619,242.8220320943897,4799,4.0,1
2026-08-06 22:20:00,-34.487365,12.3529966666667,3.3013035087985525,9.783758269769727,13.473684210526315,222.15112547635837,4799,4.0,1
2026-08-06 22:40:00,-34.4707733333333,12.3531783333333,3.5019395919078473,10.146567556720711,13.473684210526315,222.7327383293553,4799,4.0,1
2026-08-06 23:00:00,-34.4547483333333,12.3535216666667,3.2956906884624404,9.801997604130252,13.473684210526315,212.70909939416345,4799,4.0,1
2026-08-06 23:20:00,-34.4397716666667,12.3536016666667,3.1657093398686014,9.568362794975645,13.473684210526315,225.70279727422866,4799,4.0,1
2026-08-06 23:40:00,-34.4246083333333,12.3537316666667,3.023685167459722,9.441428590541685,13.473684210526315,218.1572973452839,4796,4.0,4
2026-08-07 00:00:00,-34.4097,12.3539616666667,3.180857246502699,9.762748990423221,13.473684210526315,216.8938129061986,4799,4.0,1
2026-08-07 00:20:00,-34.3950183333333,12.3541666666667,3.681116728777032,10.165410357751838,13.473684210526315,225.92605119061125,4799,4.0,1
2026-08-07 00:40:00,-34.3813483333333,12.3543583333333,3.520914829801598,9.983141796475111,13.473684210526315,227.6243009767066,4799,4.0,1
2026-08-07 01:00:00,-34.36803,12.3544883333333,3.376985545717188,9.967080424526813,13.473684210526315,226.11710799725086,4799,4.0,1
2026-08-07 01:20:00,-34.35525,12.3548116666667,3.724473394672838,10.366750238733017,13.473684210526315,226.58094521452443,4799,4.0,1
2026-08-07 01:40:00,-34.3440066666667,12.3558633333333,3.6205256892920454,10.098740191282458,13.473684210526315,218.92366456412307,4799,4.0,1
2026-08-07 02:00:00,-34.3419616666667,12.36524,3.935564204913237,10.506094404808884,12.19047619047619,234.14985606842936,4796,4.0,4
2026-08-07 02:20:00,-34.3399533333333,12.3737466666667,3.2815873657032864,10.078269658471974,12.19047619047619,227.5402622577122,4799,4.0,1
2026-08-07 02:40:00,-34.3379433333333,12.3824333333333,3.4166187278366866,10.131186461622326,13.473684210526315,224.55929764061568,4796,4.0,4
2026-08-07 03:00:00,-34.3359866666667,12.39107,3.3500232352515695,10.12597362533908,13.473684210526315,228.76726367169417,4799,4.0,1
2026-08-07 03:20:00,-34.3350516666667,12.3984033333333,3.239902950830337,9.71464439389803,13.473684210526315,212.68538584512032,4796,4.0,4
2026-08-07 03:40:00,-34.3347166666667,12.405565,3.3890252388922795,9.930047397588753,13.473684210526315,218.07606314439857,4799,4.0,1
2026-08-07 04:00:00,-34.3341816666667,12.4123933333333,3.3974224416559498,9.917502456254313,12.19047619047619,228.58316930693016,4796,4.0,4
2026-08-07 04:20:00,-34.33386,12.4186716666667,3.4028044484178626,9.868039956589735,12.19047619047619,229.7042446835697,4799,4.0,1
2026-08-07 04:40:00,-34.3334683333333,12.4246166666667,3.373151764701881,9.821521300579963,12.19047619047619,238.9110115025798,4799,4.0,1
2026-08-07 05:00:00,-34.3332116666667,12.429855,3.5040830235688327,10.15470114453791,13.473684210526315,218.57846915966354,4796,4.0,4
2026-08-07 05:20:00,-34.3329933333333,12.4350133333333,3.372586385138627,9.768192336270294,12.19047619047619,227.55834805058765,4793,4.0,7
2026-08-07 05:40:00,-34.3324583333333,12.4392266666667,3.21348036061422,9.656701251356154,13.473684210526315,218.63557864184813,4799,4.0,1
2026-08-07 06:00:00,-34.3322533333333,12.4427966666667,3.29536695684576,9.516745672832826,12.19047619047619,231.02249681163653,4796,4.0,4
2026-08-07 06:20:00,-34.3324816666667,12.44547,3.42396385996656,9.720247283737983,12.19047619047619,234.3562591727866,4796,4.0,4
2026-08-07 06:40:00,-34.3321283333333,12.4494016666667,3.317113143909256,9.654386348473782,13.473684210526315,224.70796780036517,4796,4.0,4
2026-08-07 07:00:00,-34.331995,12.4538,3.4766878213010095,10.079757285506645,13.473684210526315,216.40954019959958,4796,4.0,4
2026-08-07 07:20:00,-34.33174,12.4581166666667,2.8811962528659563,9.096960705785444,13.473684210526315,221.43092957553688,4799,4.0,1
2026-08-07 07:40:00,-34.331915,12.4624183333333,3.316975447358126,9.845599078538594,12.19047619047619,223.16658217874314,4799,4.0,1
2026-08-07 08:00:00,-34.33207,12.4659216666667,3.089722157025711,9.506043081183108,13.473684210526315,227.51102526738396,4799,4.0,1
2026-08-07 08:20:00,-34.3324316666667,12.4690433333333,3.460309856082228,9.896779466136739,12.19047619047619,233.11237404882843,4799,4.0,1
2026-08-07 08:40:00,-34.3326166666667,12.4724266666667,3.151609967878259,9.322672587421145,12.19047619047619,230.9282698983779,4799,4.0,1
2026-08-07 09:00:00,-34.3326016666667,12.476135,3.006983112864743,9.481857531518767,13.473684210526315,229.42304525429356,4799,4.0,1
2026-08-07 09:20:00,-34.33292,12.4792616666667,2.909811077910278,9.521161521631972,13.473684210526315,212.94909296638346,4799,4.0,1
2026-08-07 09:40:00,-34.3329883333333,12.482205,2.985266438564842,9.476307903022603,12.19047619047619,225.88432635804267,4799,4.0,1
2026-08-07 10:00:00,-34.33307,12.485065,3.2411499761512226,9.830866257308621,13.473684210526315,225.09973449536866,4799,4.0,1
2026-08-07 10:20:00,-34.326115,12.4823833333333,2.872583184345029,9.601095227062254,13.473684210526315,220.32317429719657,4799,4.0,1
2026-08-07 10:40:00,-34.3123083333333,12.4746116666667,2.863121131606039,9.953325348367677,13.473684210526315,222.24829132922343,4799,4.0,1
2026-08-07 11:00:00,-34.298375,12.4668583333333,2.9788252187977027,10.125974371846933,13.473684210526315,221.61204617189748,4799,4.0,1
2026-08-07 12:40:00,-34.2290316666667,12.42841,3.280322688922675,10.227508690229618,13.473684210526315,227.31766515618241,4799,4.0,1
2026-08-08 03:20:00,-33.9763483333333,12.2639316666667,3.727626239608726,8.052071694598084,11.130434782608695,222.14322257434316,4796,4.0,4
2026-08-08 03:40:00,-33.97669,12.2683266666667,3.5450329009892405,8.022468794046853,11.130434782608695,211.94395643684564,4796,4.0,4
2026-08-08 04:00:00,-33.97682,12.2732833333333,3.637549727984457,8.015622368832199,11.130434782608695,216.9416386973598,4793,4.0,7
2026-08-10 20:00:00,-33.2966766666667,11.6782083333333,4.026046156191737,7.599172547257558,9.481481481481481,161.92210055334112,4799,4.0,1
2026-08-10 21:20:00,-33.2573366666667,11.613155,3.774304272102764,7.318567715033823,7.314285714285714,132.22968916241012,4799,4.0,1
2026-08-10 23:40:00,-33.2632733333333,11.5054816666667,3.5071987085568206,6.920726870741242,8.258064516129032,112.90420088104247,4799,4.0,1
