timeStamp,latitude,longitude,air_temperature,air_pressure,wind_speed_kt,wind_speed_std,wind_dir_deg,wind_dir_std_deg,gust_hour,gust_minute,gust_speed_kt,gust_dir_deg,num_valid_wind_samples,wind_speed_ms
2026-06-30 09:30:00,-34.499975,15.481005,17.7,1028.7,6.5,2.6,86.10000000000001,18.900000000000002,9,15,9.8,82.9,1080,3.343886
2026-06-30 10:00:00,-34.50595,15.430325,18.2,1025.4,5.2,4.5,76.60000000000001,33.800000000000004,9,41,12.100000000000001,125.80000000000001,1800,2.6751088000000003
2026-06-30 10:30:00,-34.4999433333333,15.4282266666667,16.7,1020.2,7.5,10.0,200.0,53.0,10,26,14.5,239.3,1800,3.85833
2026-06-30 11:00:00,-34.5005733333333,15.426825,16.2,1022.7,10.200000000000001,11.100000000000001,237.5,14.0,10,54,19.8,236.3,1800,5.247328800000001
2026-06-30 11:30:00,-34.500945,15.424535,15.3,1022.6,10.700000000000001,10.700000000000001,237.70000000000002,15.700000000000001,11,2,18.900000000000002,239.70000000000002,1800,5.5045508000000005
2026-06-30 12:00:00,-34.50107,15.4230866666667,15.3,1021.9000000000001,9.5,20.6,235.10000000000002,23.900000000000002,11,46,20.6,239.5,1799,4.887218
2026-06-30 12:30:00,-34.5013983333333,15.4209283333333,15.3,1022.7,10.200000000000001,9.5,237.10000000000002,16.1,12,24,17.900000000000002,235.9,1800,5.247328800000001
2026-06-30 13:00:00,-34.5016716666667,15.4190533333333,15.0,1021.3000000000001,10.700000000000001,10.4,236.9,13.4,12,36,18.8,232.5,1800,5.5045508000000005
2026-06-30 13:30:00,-34.5018833333333,15.41746,14.100000000000001,1021.4000000000001,9.200000000000001,9.3,236.9,14.9,13,1,15.5,231.10000000000002,1800,4.732884800000001
2026-06-30 14:00:00,-34.5021616666667,15.4158516666667,14.0,1021.5,9.4,12.8,237.10000000000002,17.8,13,39,18.400000000000002,248.0,1800,4.8357736000000004
2026-06-30 14:30:00,-34.5000166666667,15.411285,14.100000000000001,1022.1,7.2,21.900000000000002,176.3,70.0,14,7,18.900000000000002,152.4,1800,3.7039968
2026-07-01 07:00:00,-36.9445933333333,12.5294683333333,12.200000000000001,1025.6000000000001,4.6000000000000005,4.800000000000001,32.800000000000004,46.0,6,58,9.8,64.9,243,2.3664424000000004
2026-07-01 07:30:00,-36.969995,12.42691,12.5,1023.8000000000001,4.6000000000000005,4.1000000000000005,30.200000000000003,45.7,7,17,9.700000000000001,59.5,1800,2.3664424000000004
2026-07-01 08:00:00,-37.0175033333333,12.3395316666667,12.8,1022.3000000000001,4.7,4.4,17.3,49.800000000000004,7,58,9.8,357.20000000000005,1800,2.4178868000000002
2026-07-01 08:30:00,-37.070585,12.253665,13.100000000000001,1023.3000000000001,4.5,4.800000000000001,11.4,51.400000000000006,8,2,11.0,66.60000000000001,1799,2.314998
2026-07-01 09:00:00,-37.123805,12.16416,14.0,1023.4000000000001,5.1000000000000005,5.2,20.6,47.900000000000006,8,46,12.100000000000001,66.5,1800,2.6236644000000005
2026-07-01 09:30:00,-37.185245,12.0537783333333,13.9,1022.6,6.0,6.9,15.8,42.900000000000006,9,16,13.3,46.6,1800,3.086664
2026-07-01 10:00:00,-37.24584,11.9353616666667,13.9,1022.1,7.300000000000001,12.200000000000001,27.0,34.300000000000004,9,57,16.6,37.7,1800,3.7554412000000004
2026-07-01 10:30:00,-37.3098783333333,11.8164833333333,14.100000000000001,1022.6,14.9,7.5,52.2,12.3,10,9,19.6,55.1,1800,7.665215600000001
2026-07-01 11:00:00,-37.3750466666667,11.6969433333333,14.3,1021.8000000000001,15.200000000000001,20.900000000000002,67.2,10.3,10,57,30.6,54.0,1800,7.819548800000001
2026-07-01 11:30:00,-37.4137716666667,11.62106,13.8,1022.2,8.5,28.400000000000002,72.2,28.900000000000002,11,7,19.5,90.60000000000001,1800,4.372774
2026-07-01 12:00:00,-37.412455,11.61507,14.4,1021.3000000000001,4.4,7.0,3.6,82.30000000000001,11,59,13.200000000000001,249.20000000000002,1800,2.2635536000000003
2026-07-01 12:30:00,-37.4123966666667,11.6149316666667,14.5,1020.9000000000001,9.0,8.700000000000001,233.70000000000002,15.0,12,23,16.0,234.60000000000002,1799,4.629996
2026-07-01 13:00:00,-37.4119166666667,11.6155783333333,14.700000000000001,1020.8000000000001,9.9,9.600000000000001,240.9,19.8,12,38,16.5,199.3,1800,5.0929956
2026-07-01 13:30:00,-37.4166133333333,11.620365,15.8,1021.2,7.4,9.0,241.20000000000002,34.4,13,5,14.0,242.4,1800,3.8068856
2026-07-01 14:00:00,-37.41429,11.619785,14.9,1020.2,10.200000000000001,10.100000000000001,275.2,26.6,13,49,16.8,297.40000000000003,1800,5.247328800000001
2026-07-01 14:30:00,-37.4025016666667,11.62835,14.3,1021.0,9.9,4.2,294.7,14.9,14,3,15.100000000000001,317.1,1800,5.0929956
2026-07-01 15:00:00,-37.3914466666667,11.6391166666667,14.0,1020.4000000000001,10.200000000000001,3.9000000000000004,297.6,14.9,14,36,14.9,281.8,1800,5.247328800000001
2026-07-01 15:30:00,-37.3798416666667,11.6405383333333,13.600000000000001,1020.5,10.0,4.800000000000001,301.5,17.2,15,9,15.8,340.40000000000003,1800,5.14444
2026-07-01 16:00:00,-37.3920416666667,11.63836,13.5,1020.7,11.0,5.1000000000000005,284.3,15.9,15,31,17.1,292.6,1800,5.6588840000000005
2026-07-01 16:30:00,-37.3972616666667,11.6363616666667,13.600000000000001,1020.4000000000001,12.600000000000001,5.5,296.7,16.6,16,16,19.700000000000003,304.6,1800,6.4819944000000005
2026-07-01 17:00:00,-37.3967683333333,11.6385566666667,13.700000000000001,1020.5,12.600000000000001,4.0,307.1,22.6,16,30,19.3,334.20000000000005,1799,6.4819944000000005
2026-07-01 17:30:00,-37.4031916666667,11.6299266666667,13.8,1020.2,11.0,4.2,310.70000000000005,18.3,17,3,17.2,301.2,1800,5.6588840000000005
2026-07-01 18:00:00,-37.41345,11.6249333333333,13.8,1020.0,11.9,5.300000000000001,316.20000000000005,13.4,17,49,17.400000000000002,316.70000000000005,1800,6.1218836
2026-07-01 18:30:00,-37.4239416666667,11.6139033333333,14.100000000000001,1020.0,13.8,4.0,324.90000000000003,15.100000000000001,18,16,19.3,326.90000000000003,1800,7.0993272
2026-07-01 19:00:00,-37.427625,11.5945633333333,14.0,1019.1,15.700000000000001,6.800000000000001,338.0,12.600000000000001,18,54,22.700000000000003,330.3,1800,8.0767708
2026-07-01 19:30:00,-37.4287466666667,11.5739133333333,11.700000000000001,1018.0,15.8,7.0,335.5,15.200000000000001,19,29,25.900000000000002,340.40000000000003,1800,8.128215200000001
2026-07-01 20:00:00,-37.4227783333333,11.5669333333333,11.4,1018.2,19.700000000000003,8.4,333.8,17.0,19,48,27.1,277.40000000000003,1800,10.134546800000003
2026-07-01 20:30:00,-37.4107466666667,11.57215,11.4,1017.5,16.8,7.5,347.0,12.4,20,16,23.8,345.1,1800,8.6426592
2026-07-01 21:00:00,-37.405065,11.567015,11.5,1018.4000000000001,18.0,7.1000000000000005,347.3,15.4,20,45,24.200000000000003,322.20000000000005,1799,9.259992
2026-07-01 21:30:00,-37.4167616666667,11.5482816666667,12.100000000000001,1020.8000000000001,17.6,6.7,329.6,17.400000000000002,21,26,24.1,310.0,1800,9.054214400000001
2026-07-01 22:00:00,-37.42731,11.5297516666667,13.700000000000001,1025.3,19.1,6.300000000000001,308.20000000000005,16.900000000000002,21,41,26.1,300.3,1800,9.8258804
2026-07-01 22:30:00,-37.4230316666667,11.5110866666667,14.0,1026.5,19.3,6.4,325.70000000000005,15.700000000000001,22,20,25.6,331.6,1800,9.928769200000001
2026-07-01 23:00:00,-37.41556,11.5202383333333,12.9,1023.3000000000001,18.900000000000002,9.200000000000001,313.0,20.8,22,45,30.0,261.7,1800,9.722991600000002
2026-07-01 23:30:00,-37.412765,11.5404466666667,12.9,1023.0,20.700000000000003,8.5,259.90000000000003,12.9,23,10,27.700000000000003,257.3,1800,10.648990800000002
2026-07-02 00:00:00,-37.4115933333333,11.5618216666667,12.4,1021.2,21.5,8.8,237.5,14.600000000000001,23,40,29.700000000000003,248.9,1800,11.060546
2026-07-02 00:30:00,-37.4125116666667,11.5829383333333,12.3,1020.4000000000001,21.400000000000002,7.6000000000000005,233.60000000000002,13.200000000000001,0,7,28.6,201.9,1800,11.009101600000001
2026-07-02 01:00:00,-37.4143916666667,11.6030816666667,12.3,1019.1,20.700000000000003,8.8,238.20000000000002,13.600000000000001,0,30,28.700000000000003,211.10000000000002,1800,10.648990800000002
2026-07-02 01:30:00,-37.4194066666667,11.6181566666667,11.3,1016.0,21.400000000000002,13.9,258.6,18.0,1,9,34.2,250.3,1799,11.009101600000001
2026-07-02 02:00:00,-37.4250866666667,11.6084383333333,10.100000000000001,1012.1,22.8,14.4,270.2,21.700000000000003,1,47,31.5,271.1,1800,11.729323200000001
2026-07-02 02:30:00,-37.4279433333333,11.5892683333333,10.8,1015.3000000000001,22.700000000000003,10.8,250.8,24.1,2,16,32.4,217.0,1800,11.677878800000002
2026-07-02 03:00:00,-37.4292616666667,11.56766,10.8,1015.3000000000001,21.400000000000002,8.1,236.4,23.3,2,34,27.6,201.3,1800,11.009101600000001
2026-07-02 03:30:00,-37.4280583333333,11.5423166666667,10.5,1014.9000000000001,21.200000000000003,40.300000000000004,252.70000000000002,27.200000000000003,3,21,98.4,257.5,1800,10.906212800000002
2026-07-02 04:00:00,-37.42449,11.5178316666667,10.4,1014.2,20.5,16.7,258.6,21.6,3,54,35.5,292.1,1800,10.546102
2026-07-02 04:30:00,-37.4159666666667,11.5180983333333,9.9,1012.0,18.5,19.5,231.3,25.5,4,5,29.900000000000002,228.0,1800,9.517214000000001
2026-07-02 05:00:00,-37.4130016666667,11.535055,9.4,1012.7,16.0,8.5,229.9,17.900000000000002,4,32,23.6,238.4,1800,8.231104
2026-07-02 05:30:00,-37.4120566666667,11.5530333333333,10.5,1017.1,17.8,15.200000000000001,231.0,21.400000000000002,5,9,29.1,209.3,1799,9.1571032
2026-07-02 06:00:00,-37.4121883333333,11.5680233333333,11.200000000000001,1016.3000000000001,15.8,7.2,212.8,22.3,5,41,23.5,254.10000000000002,1800,8.128215200000001
2026-07-02 06:30:00,-37.4126966666667,11.58317,11.5,1017.2,19.8,19.700000000000003,241.3,19.0,6,20,30.1,263.3,1800,10.1859912
2026-07-02 07:00:00,-37.413,11.5937633333333,11.0,1015.1,15.5,11.700000000000001,235.70000000000002,20.900000000000002,6,38,26.400000000000002,241.9,1800,7.973882000000001
2026-07-02 07:30:00,-37.4150383333333,11.6066066666667,11.600000000000001,1018.7,17.6,9.600000000000001,243.8,19.1,7,17,26.200000000000003,240.4,1800,9.054214400000001
2026-07-02 08:00:00,-37.4175183333333,11.6179783333333,10.9,1018.7,17.3,12.5,247.20000000000002,20.6,7,35,28.0,209.10000000000002,1800,8.899881200000001
2026-07-02 08:30:00,-37.42451,11.6113316666667,12.100000000000001,1021.1,17.900000000000002,11.100000000000001,252.3,29.900000000000002,8,13,27.900000000000002,252.8,1800,9.208547600000001
2026-07-02 09:00:00,-37.4279266666667,11.589875,11.0,1018.9000000000001,17.7,5.4,261.1,24.900000000000002,8,34,23.3,248.8,1800,9.1056588
2026-07-02 09:30:00,-37.4290616666667,11.5673316666667,11.0,1018.2,19.200000000000003,7.5,257.7,21.700000000000003,9,25,25.6,283.1,1800,9.877324800000002
2026-07-02 10:00:00,-37.4282833333333,11.5451083333333,11.0,1018.1,19.3,7.1000000000000005,256.2,19.200000000000003,9,37,26.3,249.0,1799,9.928769200000001
2026-07-02 10:30:00,-37.4257783333333,11.5230683333333,11.200000000000001,1018.9000000000001,17.5,16.0,267.6,19.1,10,12,25.900000000000002,290.2,1800,9.00277
2026-07-02 11:00:00,-37.4172116666667,11.5126833333333,11.200000000000001,1019.4000000000001,16.400000000000002,18.400000000000002,267.7,19.400000000000002,10,31,25.400000000000002,270.1,1800,8.436881600000001
2026-07-02 11:30:00,-37.4133783333333,11.5303633333333,12.700000000000001,1024.4,16.1,8.0,261.40000000000003,12.4,11,28,26.3,222.70000000000002,1800,8.282548400000001
2026-07-02 12:00:00,-37.4124083333333,11.546805,12.600000000000001,1022.1,16.5,6.0,258.2,14.5,11,52,22.700000000000003,259.5,1800,8.488326
2026-07-02 12:30:00,-37.4115233333333,11.5614283333333,12.9,1024.5,15.200000000000001,6.5,255.5,13.700000000000001,12,14,22.5,245.60000000000002,1800,7.819548800000001
2026-07-02 13:00:00,-37.4118766666667,11.5739333333333,13.100000000000001,1025.1000000000001,14.3,6.0,259.0,15.600000000000001,12,36,20.900000000000002,256.7,1800,7.356549200000001
2026-07-02 13:30:00,-37.4126283333333,11.5872916666667,13.200000000000001,1025.6000000000001,15.5,7.1000000000000005,264.8,13.4,13,9,23.200000000000003,268.8,1800,7.973882000000001
2026-07-02 14:00:00,-37.4135766666667,11.5982516666667,13.200000000000001,1025.1000000000001,14.700000000000001,5.300000000000001,267.8,15.600000000000001,13,54,20.400000000000002,268.7,1799,7.562326800000001
2026-07-02 14:30:00,-37.4164233333333,11.610815,13.3,1023.8000000000001,14.700000000000001,6.7,271.0,14.600000000000001,14,13,20.6,295.90000000000003,1800,7.562326800000001
2026-07-02 15:00:00,-37.4232816666667,11.6170233333333,13.3,1023.8000000000001,14.8,5.800000000000001,270.1,15.600000000000001,14,34,22.900000000000002,285.40000000000003,1800,7.6137712
2026-07-02 15:30:00,-37.4272366666667,11.5979433333333,12.8,1022.9000000000001,16.7,5.5,277.2,20.0,15,17,22.900000000000002,282.5,1800,8.5912148
2026-07-02 16:00:00,-37.4284966666667,11.578245,11.700000000000001,1020.1,17.2,6.6000000000000005,289.6,18.6,15,31,23.5,333.20000000000005,1800,8.8484368
2026-07-02 16:30:00,-37.4287566666667,11.5590133333333,12.700000000000001,1021.1,17.900000000000002,6.6000000000000005,294.7,17.2,16,28,23.8,293.0,1800,9.208547600000001
2026-07-02 17:00:00,-37.4277666666667,11.5389233333333,12.9,1021.4000000000001,19.900000000000002,8.1,291.7,16.6,16,43,27.3,304.3,1800,10.237435600000001
2026-07-02 17:30:00,-37.4234116666667,11.5405916666667,11.8,1020.3000000000001,16.900000000000002,6.2,281.3,18.1,17,1,23.400000000000002,301.2,1800,8.694103600000002
2026-07-02 18:00:00,-37.4147266666667,11.557785,13.100000000000001,1022.3000000000001,15.3,4.7,287.3,12.4,17,47,20.400000000000002,283.0,1800,7.870993200000001
2026-07-02 18:30:00,-37.403495,11.55845,13.3,1022.6,16.1,5.4,303.3,17.1,18,13,22.1,310.8,1799,8.282548400000001
2026-07-02 19:00:00,-37.3863283333333,11.5493066666667,11.8,1018.4000000000001,16.6,6.9,309.90000000000003,19.400000000000002,18,46,23.400000000000002,320.1,1800,8.5397704
2026-07-02 19:30:00,-37.3688283333333,11.5387733333333,11.600000000000001,1018.3000000000001,17.3,6.2,309.5,21.900000000000002,19,28,24.8,304.5,1800,8.899881200000001
2026-07-02 20:00:00,-37.367295,11.517895,11.600000000000001,1017.8000000000001,17.6,6.7,295.40000000000003,20.700000000000003,19,36,23.200000000000003,286.7,1800,9.054214400000001
2026-07-02 20:30:00,-37.3679816666667,11.4924266666667,11.5,1017.6,17.0,5.0,303.6,18.5,20,21,21.900000000000002,340.1,1800,8.745548
2026-07-02 21:00:00,-37.36661,11.4667533333333,11.9,1019.4000000000001,16.1,5.0,311.6,18.6,20,31,21.5,312.5,1800,8.282548400000001
2026-07-02 21:30:00,-37.3605633333333,11.4455033333333,12.3,1021.5,15.200000000000001,4.9,317.3,21.200000000000003,21,18,21.8,331.5,1800,7.819548800000001
2026-07-02 22:00:00,-37.3546166666667,11.4552866666667,13.0,1022.4000000000001,14.100000000000001,4.2,323.8,14.100000000000001,21,30,20.200000000000003,330.20000000000005,1800,7.253660400000001
2026-07-02 22:30:00,-37.3522483333333,11.4688833333333,13.700000000000001,1024.1000000000001,15.0,4.6000000000000005,322.40000000000003,13.100000000000001,22,15,19.700000000000003,313.6,1799,7.71666
2026-07-02 23:00:00,-37.3516666666667,11.4773333333333,13.9,1025.0,15.9,4.6000000000000005,326.6,13.8,22,30,21.3,289.0,1800,8.1796596
2026-07-02 23:30:00,-37.3511166666667,11.48765,14.5,1027.0,15.5,7.5,320.8,12.9,23,25,23.200000000000003,316.20000000000005,1800,7.973882000000001
2026-07-03 00:00:00,-37.3505966666667,11.5012816666667,14.9,1028.3,17.3,5.4,311.8,12.0,23,31,23.6,315.8,1800,8.899881200000001
2026-07-03 00:30:00,-37.351225,11.511505,15.100000000000001,1028.5,17.2,5.5,321.90000000000003,15.0,0,25,23.5,311.20000000000005,1800,8.8484368
2026-07-03 01:00:00,-37.3520983333333,11.523795,15.200000000000001,1028.9,18.3,5.7,323.20000000000005,13.3,0,51,26.5,282.2,1800,9.4143252
2026-07-03 01:30:00,-37.3534433333333,11.536725,15.4,1029.5,18.5,6.1000000000000005,321.3,14.100000000000001,1,25,23.6,320.70000000000005,1800,9.517214000000001
2026-07-03 02:00:00,-37.355655,11.544485,15.100000000000001,1029.8,19.8,6.5,322.70000000000005,15.8,1,53,26.5,329.70000000000005,1800,10.1859912
2026-07-03 02:30:00,-37.3602633333333,11.5531983333333,15.100000000000001,1028.8,19.400000000000002,6.800000000000001,317.8,16.1,2,26,27.1,310.6,1799,9.9802136
2026-07-03 03:00:00,-37.3660116666667,11.53459,14.5,1026.8,22.400000000000002,11.100000000000001,305.40000000000003,17.7,2,43,31.5,302.2,1800,11.523545600000002
2026-07-03 03:30:00,-37.3677583333333,11.5118083333333,14.600000000000001,1027.9,21.3,9.4,302.2,17.0,3,10,29.3,302.0,1800,10.9576572
2026-07-03 04:00:00,-37.367735,11.4890883333333,14.600000000000001,1026.5,22.6,10.100000000000001,299.7,17.7,3,48,30.3,269.6,1800,11.6264344
2026-07-03 04:30:00,-37.366575,11.466385,14.5,1016.8000000000001,20.900000000000002,6.0,290.90000000000003,17.6,4,1,26.200000000000003,310.40000000000003,1800,10.7518796
2026-07-03 05:00:00,-37.360705,11.4455583333333,14.700000000000001,1015.3000000000001,21.3,7.300000000000001,291.1,18.2,4,52,28.1,305.6,1800,10.9576572
2026-07-03 05:30:00,-37.3540283333333,11.4580366666667,14.8,1017.2,21.200000000000003,7.800000000000001,277.6,19.400000000000002,5,7,27.1,263.3,1800,10.906212800000002
2026-07-03 06:00:00,-37.35214,11.4738383333333,14.700000000000001,1018.1,21.700000000000003,8.5,275.0,15.700000000000001,5,48,29.6,274.40000000000003,1800,11.163434800000001
2026-07-03 06:30:00,-37.3508466666667,11.4905516666667,14.8,1018.6,20.900000000000002,7.7,270.1,17.7,6,14,27.3,213.70000000000002,1800,10.7518796
2026-07-03 07:00:00,-37.3512966666667,11.50984,14.9,1019.1,20.900000000000002,6.5,269.7,14.700000000000001,6,57,26.400000000000002,264.2,1799,10.7518796
2026-07-03 07:30:00,-37.351965,11.52363,15.5,1020.7,20.700000000000003,7.5,269.5,16.5,7,20,27.400000000000002,268.2,1800,10.648990800000002
2026-07-03 08:00:00,-37.3542316666667,11.5409116666667,15.9,1022.0,19.5,8.200000000000001,267.90000000000003,15.600000000000001,7,31,27.400000000000002,246.8,1800,10.031658
2026-07-03 08:30:00,-37.3603833333333,11.5534083333333,16.2,1022.9000000000001,17.8,5.9,262.8,15.700000000000001,8,19,22.900000000000002,264.90000000000003,1800,9.1571032
2026-07-03 09:00:00,-37.3653483333333,11.5376083333333,15.4,1022.7,17.900000000000002,5.4,278.1,20.5,8,58,24.3,322.0,1800,9.208547600000001
2026-07-03 09:30:00,-37.36732,11.5173166666667,15.200000000000001,1022.1,18.7,5.1000000000000005,281.6,16.400000000000002,9,2,25.8,292.5,1800,9.6201028
2026-07-03 10:00:00,-37.3680766666667,11.4965783333333,14.8,1020.7,18.2,5.2,286.3,16.3,9,32,23.6,294.90000000000003,1800,9.3628808
2026-07-03 10:30:00,-37.3669416666667,11.4758566666667,14.8,1020.4000000000001,18.8,6.0,284.6,17.1,10,12,25.700000000000003,289.2,1800,9.671547200000001
2026-07-03 11:00:00,-37.3641783333333,11.4550166666667,14.8,1019.1,17.7,4.2,282.1,16.0,10,45,23.6,278.3,1799,9.1056588
2026-07-03 11:30:00,-37.355905,11.4492333333333,14.700000000000001,1018.7,16.0,3.9000000000000004,281.1,18.5,11,2,20.900000000000002,238.4,1800,8.231104
2026-07-03 12:00:00,-37.3523433333333,11.4669516666667,15.3,1020.1,15.0,4.6000000000000005,271.8,13.0,11,30,22.0,284.6,1800,7.71666
2026-07-03 12:30:00,-37.351835,11.4795316666667,15.700000000000001,1020.7,14.0,3.8000000000000003,266.8,17.2,12,28,19.5,275.6,1800,7.202216
2026-07-03 13:00:00,-37.3507133333333,11.4959633333333,15.8,1021.2,14.200000000000001,3.7,268.2,12.3,12,51,19.3,279.8,1800,7.3051048000000005
2026-07-03 13:30:00,-37.35113,11.5099366666667,15.700000000000001,1018.7,13.8,3.9000000000000004,272.5,13.4,13,15,17.6,292.7,1800,7.0993272
2026-07-03 14:00:00,-37.351875,11.5232083333333,15.5,1016.1,13.5,4.3,275.5,13.4,13,33,18.400000000000002,248.4,1800,6.944994
2026-07-03 14:30:00,-37.3554466666667,11.5182816666667,15.3,1015.9000000000001,12.4,3.3000000000000003,274.6,18.6,14,0,17.1,304.8,1800,6.3791056
2026-07-03 15:00:00,-37.3620716666667,11.49857,14.600000000000001,1015.4000000000001,12.3,3.4000000000000004,270.0,17.6,14,44,16.7,278.8,1800,6.3276612000000005
2026-07-03 15:30:00,-37.3684916666667,11.479605,14.100000000000001,1015.1,11.8,2.9000000000000004,268.40000000000003,18.1,15,6,16.1,284.2,1799,6.070439200000001
2026-07-03 16:00:00,-37.3745783333333,11.461905,13.8,1014.9000000000001,10.9,3.4000000000000004,266.5,15.8,15,30,15.700000000000001,263.5,1800,5.6074396
2026-07-03 16:30:00,-37.3805083333333,11.4441883333333,14.9,1015.5,9.4,2.8000000000000003,264.0,16.900000000000002,16,11,13.5,237.5,1800,4.8357736000000004
2026-07-03 17:00:00,-37.3863366666667,11.4270783333333,15.0,1015.4000000000001,8.8,2.9000000000000004,252.8,17.3,16,44,13.0,247.0,1800,4.5271072000000006
2026-07-03 17:30:00,-37.3923833333333,11.4092416666667,14.9,1014.8000000000001,8.3,3.1,244.70000000000002,18.900000000000002,17,8,12.600000000000001,220.4,1800,4.2698852
2026-07-03 18:00:00,-37.3983183333333,11.3915616666667,14.700000000000001,1015.1,7.9,3.2,241.5,19.6,17,38,11.5,252.4,1800,4.064107600000001
2026-07-03 18:30:00,-37.4041166666667,11.37454,14.8,1014.7,9.4,2.4000000000000004,241.8,17.5,18,9,13.0,241.3,1800,4.8357736000000004
2026-07-03 19:00:00,-37.4100183333333,11.35724,14.8,1014.3000000000001,9.0,2.6,239.70000000000002,18.8,18,37,12.3,245.20000000000002,1800,4.629996
2026-07-03 19:30:00,-37.4160116666667,11.3396533333333,14.700000000000001,1013.8000000000001,9.0,2.4000000000000004,237.5,18.900000000000002,19,21,13.5,248.8,1799,4.629996
2026-07-03 20:00:00,-37.4221083333333,11.3235666666667,14.700000000000001,1013.7,8.8,2.7,232.60000000000002,20.700000000000003,19,30,12.5,225.60000000000002,1800,4.5271072000000006
2026-07-03 20:30:00,-37.421735,11.3233883333333,14.600000000000001,1012.9000000000001,7.0,4.5,233.70000000000002,27.5,20,13,13.0,184.3,1800,3.601108
2026-07-03 21:00:00,-37.4215283333333,11.3225416666667,14.5,1012.7,6.800000000000001,3.8000000000000003,235.60000000000002,25.200000000000003,20,52,11.0,291.0,1800,3.4982192000000003
2026-07-03 21:30:00,-37.4216983333333,11.32343,14.600000000000001,1012.9000000000001,7.0,4.1000000000000005,246.5,25.5,21,15,12.4,227.20000000000002,1800,3.601108
2026-07-03 22:00:00,-37.4215066666667,11.322735,14.5,1012.4000000000001,7.300000000000001,3.5,246.60000000000002,24.700000000000003,21,42,12.0,246.70000000000002,1800,3.7554412000000004
2026-07-03 22:30:00,-37.4213033333333,11.3230633333333,14.5,1012.3000000000001,7.800000000000001,3.8000000000000003,251.0,24.200000000000003,22,9,12.700000000000001,254.60000000000002,1800,4.0126632
2026-07-03 23:00:00,-37.4212583333333,11.3230166666667,14.5,1012.6,9.200000000000001,4.1000000000000005,256.5,20.5,22,56,14.4,246.5,1800,4.732884800000001
2026-07-03 23:30:00,-37.4213483333333,11.3226566666667,14.5,1012.4000000000001,9.9,4.1000000000000005,247.20000000000002,21.200000000000003,23,26,14.8,255.70000000000002,1799,5.0929956
2026-07-04 00:00:00,-37.4218466666667,11.3225983333333,14.4,1012.1,9.1,4.4,248.8,21.6,23,33,13.600000000000001,266.1,1800,4.6814404
2026-07-04 00:30:00,-37.4212033333333,11.3228116666667,14.3,1011.6,8.4,3.7,242.10000000000002,24.5,0,19,12.5,239.60000000000002,1800,4.3213296
2026-07-04 01:00:00,-37.421275,11.3230783333333,14.200000000000001,1011.4000000000001,7.5,3.1,242.20000000000002,23.900000000000002,0,32,11.8,244.70000000000002,1800,3.85833
2026-07-04 01:30:00,-37.421195,11.3228433333333,14.100000000000001,1011.1,5.800000000000001,4.7,238.5,30.200000000000003,1,2,10.600000000000001,231.0,1800,2.9837752000000006
2026-07-04 02:00:00,-37.4221383333333,11.323525,14.200000000000001,1011.3000000000001,5.4,3.1,240.20000000000002,35.9,1,47,9.9,238.10000000000002,1800,2.7779976000000004
2026-07-04 02:30:00,-37.4214216666667,11.3224333333333,14.200000000000001,1011.3000000000001,6.0,3.6,262.2,27.0,2,10,10.8,282.8,1800,3.086664
2026-07-04 03:00:00,-37.4215416666667,11.322405,14.200000000000001,1011.3000000000001,7.6000000000000005,3.7,280.1,22.700000000000003,2,37,12.0,325.40000000000003,1800,3.9097744000000003
2026-07-04 03:30:00,-37.4218216666667,11.3233866666667,14.100000000000001,1011.0,7.4,4.1000000000000005,288.40000000000003,21.0,3,26,13.200000000000001,284.3,1800,3.8068856
2026-07-04 04:00:00,-37.422105,11.32282,14.100000000000001,1010.9000000000001,7.1000000000000005,3.9000000000000004,309.1,23.0,3,41,12.0,329.20000000000005,1799,3.6525524000000003
2026-07-04 04:30:00,-37.4219283333333,11.323445,14.100000000000001,1011.0,9.8,5.5,310.40000000000003,19.3,4,28,15.600000000000001,268.8,1800,5.041551200000001
2026-07-04 05:00:00,-37.4212433333333,11.3229366666667,14.200000000000001,1011.3000000000001,11.200000000000001,4.0,309.20000000000005,19.1,4,33,16.6,317.8,1800,5.761772800000001
2026-07-04 05:30:00,-37.4217183333333,11.322815,14.200000000000001,1011.4000000000001,12.4,5.300000000000001,307.40000000000003,17.8,5,28,18.2,308.40000000000003,1800,6.3791056
2026-07-04 06:00:00,-37.4217833333333,11.322555,14.3,1011.8000000000001,14.3,8.0,309.5,19.1,5,52,23.400000000000002,320.40000000000003,1800,7.356549200000001
2026-07-04 06:30:00,-37.4246983333333,11.31656,14.100000000000001,1011.0,14.9,5.1000000000000005,309.0,18.6,6,4,21.200000000000003,309.1,1800,7.665215600000001
2026-07-04 07:00:00,-37.4324566666667,11.3003216666667,14.200000000000001,1011.4000000000001,15.8,5.6000000000000005,306.5,13.200000000000001,6,50,20.700000000000003,312.8,1800,8.128215200000001
2026-07-04 07:30:00,-37.4406416666667,11.2829733333333,14.4,1012.9000000000001,15.8,5.4,311.3,13.100000000000001,7,27,21.900000000000002,305.90000000000003,1799,8.128215200000001
2026-07-04 08:00:00,-37.4488266666667,11.2661283333333,14.600000000000001,1014.4000000000001,16.8,5.1000000000000005,317.20000000000005,14.3,7,40,22.6,310.0,1799,8.6426592
2026-07-04 08:30:00,-37.4534683333333,11.2565383333333,14.9,1015.8000000000001,17.2,5.6000000000000005,325.1,15.600000000000001,8,17,23.3,328.1,1800,8.8484368
2026-07-04 09:00:00,-37.4533566666667,11.2583516666667,15.200000000000001,1016.6,18.400000000000002,5.4,326.6,17.3,8,56,23.8,318.40000000000003,1800,9.465769600000002
2026-07-04 09:30:00,-37.4538766666667,11.2568983333333,15.3,1016.4000000000001,20.400000000000002,6.6000000000000005,330.8,17.400000000000002,9,23,26.400000000000002,340.1,1800,10.494657600000002
2026-07-04 10:00:00,-37.4535833333333,11.2575233333333,14.4,1015.8000000000001,21.0,7.6000000000000005,334.20000000000005,17.3,9,38,27.0,338.5,1800,10.803324
2026-07-04 10:30:00,-37.453395,11.257105,14.100000000000001,1015.6,22.3,9.0,332.5,18.1,10,24,29.6,323.90000000000003,1800,11.4721012
2026-07-04 11:00:00,-37.4530266666667,11.257765,14.5,1016.9000000000001,21.6,7.9,332.40000000000003,18.400000000000002,10,50,29.900000000000002,330.0,1800,11.111990400000002
2026-07-04 11:30:00,-37.4533883333333,11.25783,14.4,1016.5,22.1,7.9,335.1,19.1,11,12,28.1,336.20000000000005,1800,11.3692124
2026-07-04 12:00:00,-37.4537533333333,11.2572366666667,14.9,1016.3000000000001,22.5,7.800000000000001,333.20000000000005,19.8,11,56,29.900000000000002,289.6,1799,11.57499
2026-07-04 12:30:00,-37.453665,11.2567783333333,14.8,1018.0,23.0,8.9,333.0,19.6,12,6,30.1,314.5,1800,11.832212
2026-07-04 13:00:00,-37.45335,11.2562283333333,15.200000000000001,1018.2,23.700000000000003,9.200000000000001,337.8,20.1,12,59,32.300000000000004,335.70000000000005,1800,12.192322800000001
2026-07-04 13:30:00,-37.4534183333333,11.25639,15.4,1016.0,23.900000000000002,10.0,333.3,20.700000000000003,13,20,30.200000000000003,297.0,1800,12.295211600000002
2026-07-04 14:00:00,-37.453055,11.2566433333333,15.5,1013.7,23.5,9.4,330.0,21.3,13,42,31.400000000000002,330.0,1800,12.089434
2026-07-04 14:30:00,-37.453995,11.2569533333333,15.8,1015.1,23.8,9.200000000000001,332.1,22.700000000000003,14,26,30.400000000000002,340.6,1800,12.2437672
2026-07-04 15:00:00,-37.45364,11.25681,15.9,1013.6,24.0,9.3,332.0,21.5,14,30,30.5,324.6,1800,12.346656
2026-07-04 15:30:00,-37.453575,11.2577,16.0,1013.5,25.900000000000002,100.60000000000001,334.0,30.400000000000002,15,23,97.7,354.1,1800,13.324099600000002
2026-07-04 16:00:00,-37.4532766666667,11.2563816666667,16.0,1014.1,23.900000000000002,10.700000000000001,338.20000000000005,21.1,15,43,30.1,353.40000000000003,1800,12.295211600000002
2026-07-04 16:30:00,-37.4534183333333,11.2564633333333,16.2,1013.5,24.1,10.100000000000001,341.0,21.3,16,19,31.8,10.200000000000001,1799,12.3981004
2026-07-04 17:00:00,-37.453885,11.2567183333333,16.0,1011.6,24.0,12.5,333.70000000000005,25.3,16,46,37.1,339.20000000000005,1800,12.346656
2026-07-04 17:30:00,-37.4534666666667,11.2563716666667,16.0,1013.0,22.700000000000003,8.4,330.8,23.0,17,15,29.5,336.20000000000005,1800,11.677878800000002
2026-07-04 18:00:00,-37.4540233333333,11.2570833333333,16.0,1013.2,23.700000000000003,11.9,328.70000000000005,23.1,17,48,31.8,330.90000000000003,1800,12.192322800000001
2026-07-04 18:30:00,-37.4537066666667,11.2573083333333,16.1,1013.4000000000001,24.700000000000003,10.5,330.6,24.700000000000003,18,18,33.4,299.90000000000003,1800,12.706766800000002
2026-07-04 19:00:00,-37.4531516666667,11.25703,16.2,1013.4000000000001,26.400000000000002,82.60000000000001,326.6,30.8,18,35,101.10000000000001,353.6,1800,13.5813216
2026-07-04 19:30:00,-37.4540483333333,11.2573533333333,16.2,1013.3000000000001,25.700000000000003,15.600000000000001,325.20000000000005,23.900000000000002,19,11,35.6,286.90000000000003,1800,13.221210800000001
2026-07-04 20:00:00,-37.4537283333333,11.2578916666667,16.1,1012.4000000000001,26.700000000000003,16.400000000000002,325.90000000000003,23.700000000000003,19,54,36.300000000000004,300.3,1800,13.735654800000002
2026-07-04 20:30:00,-37.4535833333333,11.2582566666667,16.0,1012.1,27.0,16.400000000000002,327.3,25.0,20,11,36.6,335.40000000000003,1799,13.889988
2026-07-04 21:00:00,-37.4534883333333,11.2563583333333,16.2,1012.5,27.8,14.8,326.6,25.900000000000002,20,54,37.1,330.3,1800,14.301543200000001
2026-07-04 21:30:00,-37.45411,11.259055,16.1,1011.6,29.3,110.30000000000001,323.20000000000005,33.2,21,28,99.9,322.3,1800,15.0732092
2026-07-04 22:00:00,-37.4540633333333,11.2571566666667,16.0,1010.7,29.900000000000002,140.4,328.0,38.7,21,37,99.30000000000001,325.20000000000005,1800,15.3818756
2026-07-04 22:30:00,-37.453655,11.2565783333333,16.2,1010.9000000000001,28.3,20.200000000000003,325.8,28.3,22,0,39.0,18.0,1800,14.5587652
2026-07-04 23:00:00,-37.4539683333333,11.25759,16.1,1010.5,28.400000000000002,19.6,320.20000000000005,28.3,22,41,39.7,269.8,1800,14.610209600000001
2026-07-04 23:30:00,-37.45378,11.2572,14.8,1005.7,28.8,26.8,300.90000000000003,33.2,23,27,66.7,253.60000000000002,1800,14.8159872
2026-07-05 00:00:00,-37.4535566666667,11.2565766666667,14.100000000000001,1002.2,26.0,14.600000000000001,301.1,28.5,23,38,35.800000000000004,322.3,1800,13.375544
2026-07-05 00:30:00,-37.4530383333333,11.2568883333333,14.5,1004.4000000000001,24.5,13.0,297.2,26.3,0,13,33.7,291.5,1799,12.603878
2026-07-05 01:00:00,-37.45344,11.2572216666667,14.5,1004.9000000000001,25.5,11.8,294.1,25.5,0,55,34.1,275.2,1800,13.118322000000001
2026-07-05 01:30:00,-37.4531933333333,11.25711,14.4,1005.0,25.3,19.700000000000003,296.5,28.1,1,6,38.400000000000006,288.90000000000003,1800,13.0154332
2026-07-05 02:00:00,-37.452925,11.2568666666667,14.600000000000001,1005.6,24.3,11.200000000000001,300.0,26.200000000000003,1,32,31.700000000000003,295.3,1800,12.500989200000001
2026-07-05 02:30:00,-37.4534966666667,11.2565016666667,14.600000000000001,1005.5,25.3,79.60000000000001,302.7,31.200000000000003,2,23,100.10000000000001,310.0,1800,13.0154332
2026-07-05 03:00:00,-37.4532216666667,11.2572066666667,14.4,1004.9000000000001,22.700000000000003,10.9,293.90000000000003,25.3,2,43,30.900000000000002,265.7,1800,11.677878800000002
2026-07-05 03:30:00,-37.45349,11.2567233333333,14.8,1007.4000000000001,23.1,12.0,282.7,26.200000000000003,3,29,32.9,291.6,1800,11.883656400000001
2026-07-05 04:00:00,-37.453815,11.2570166666667,14.5,1005.7,24.3,13.0,267.3,27.5,3,40,32.4,258.90000000000003,1797,12.500989200000001
2026-07-05 04:30:00,-37.4531,11.2571916666667,14.0,1004.4000000000001,23.8,14.600000000000001,260.1,26.3,4,5,34.4,250.0,1800,12.2437672
2026-07-05 05:00:00,-37.4530883333333,11.25714,13.700000000000001,1004.0,24.200000000000003,12.5,252.9,26.900000000000002,4,39,32.300000000000004,232.70000000000002,1799,12.449544800000002
2026-07-05 05:30:00,-37.4534833333333,11.2565666666667,13.4,1002.4000000000001,23.700000000000003,14.4,251.70000000000002,27.5,5,29,35.1,271.90000000000003,1800,12.192322800000001
2026-07-05 06:00:00,-37.4528866666667,11.2567066666667,12.9,1001.1,23.6,12.8,251.70000000000002,25.900000000000002,5,44,32.6,243.60000000000002,1799,12.140878400000002
2026-07-05 06:30:00,-37.453145,11.2571816666667,13.100000000000001,1002.6,22.8,10.200000000000001,252.0,24.1,6,9,30.400000000000002,243.9,1800,11.729323200000001
2026-07-05 07:00:00,-37.4532533333333,11.25722,13.700000000000001,1003.1,22.700000000000003,12.3,255.10000000000002,25.0,6,39,31.400000000000002,253.4,1800,11.677878800000002
2026-07-05 07:30:00,-37.4535483333333,11.2565183333333,12.5,1000.9000000000001,22.400000000000002,14.9,259.3,24.8,7,14,31.900000000000002,285.2,1800,11.523545600000002
2026-07-05 08:00:00,-37.4530666666667,11.2571183333333,13.200000000000001,1002.4000000000001,21.1,11.0,251.5,26.5,7,37,29.900000000000002,229.60000000000002,1800,10.854768400000001
2026-07-05 08:30:00,-37.45353,11.25636,12.600000000000001,1001.2,21.1,40.5,249.5,28.1,8,1,97.2,258.2,1800,10.854768400000001
2026-07-05 09:00:00,-37.4596116666667,11.2545083333333,13.9,1004.1,18.400000000000002,10.4,238.9,24.400000000000002,8,31,26.8,229.20000000000002,1799,9.465769600000002
2026-07-05 09:30:00,-37.474135,11.248065,14.100000000000001,1005.0,17.0,10.9,235.9,23.400000000000002,9,12,27.200000000000003,244.5,1800,8.745548
2026-07-05 10:00:00,-37.4881516666667,11.2418,13.4,1006.6,17.0,7.9,246.5,23.1,9,47,24.5,232.4,1800,8.745548
2026-07-05 10:30:00,-37.5022766666667,11.2353066666667,12.600000000000001,1014.0,14.100000000000001,6.7,243.8,21.200000000000003,10,16,19.700000000000003,224.4,1800,7.253660400000001
2026-07-05 11:00:00,-37.5151733333333,11.2295266666667,13.600000000000001,1013.6,15.0,6.4,243.3,20.6,10,56,21.1,247.8,1800,7.71666
2026-07-05 11:30:00,-37.5288516666667,11.2232516666667,12.8,1012.2,15.8,7.6000000000000005,244.70000000000002,21.200000000000003,11,19,22.0,244.20000000000002,1800,8.128215200000001
2026-07-05 12:00:00,-37.5428066666667,11.21697,13.0,1010.1,15.3,5.7,242.60000000000002,20.5,11,59,20.900000000000002,275.3,1800,7.870993200000001
2026-07-05 12:30:00,-37.5567383333333,11.2106183333333,13.600000000000001,1011.4000000000001,14.100000000000001,6.6000000000000005,246.20000000000002,23.0,12,5,21.0,240.60000000000002,1800,7.253660400000001
2026-07-05 13:00:00,-37.5666416666667,11.2113083333333,14.0,1013.1,13.4,6.800000000000001,261.90000000000003,24.3,12,39,19.700000000000003,258.2,1800,6.8935496
2026-07-05 13:30:00,-37.5672416666667,11.2280333333333,14.5,1014.8000000000001,13.8,6.800000000000001,276.8,15.3,13,11,19.700000000000003,289.1,1799,7.0993272
2026-07-05 14:00:00,-37.5680533333333,11.2451433333333,14.5,1013.6,14.200000000000001,6.300000000000001,282.0,14.8,13,55,21.0,289.1,1800,7.3051048000000005
2026-07-05 14:30:00,-37.5688766666667,11.262775,14.3,1012.4000000000001,15.5,9.1,279.3,14.200000000000001,14,1,24.200000000000003,258.1,1800,7.973882000000001
2026-07-05 15:00:00,-37.5713216666667,11.2817666666667,14.3,1011.8000000000001,16.0,6.7,275.0,14.8,14,58,24.6,293.0,1800,8.231104
2026-07-05 15:30:00,-37.5756,11.301105,14.100000000000001,1010.7,16.900000000000002,7.7,278.40000000000003,14.600000000000001,15,18,24.200000000000003,265.90000000000003,1800,8.694103600000002
2026-07-05 16:00:00,-37.58313,11.3146316666667,13.700000000000001,1010.7,18.2,7.7,268.6,15.4,15,32,25.8,259.90000000000003,1800,9.3628808
2026-07-05 16:30:00,-37.5903416666667,11.30891,12.5,1009.6,19.8,10.9,269.40000000000003,23.700000000000003,16,21,29.3,319.3,1800,10.1859912
2026-07-05 17:00:00,-37.5923766666667,11.2995,13.5,1015.3000000000001,19.1,9.9,283.7,20.8,16,35,27.200000000000003,238.10000000000002,1800,9.8258804
2026-07-05 17:30:00,-37.59466,11.2898816666667,12.9,1018.7,19.200000000000003,7.0,284.5,21.400000000000002,17,14,26.900000000000002,304.1,1799,9.877324800000002
2026-07-05 18:00:00,-37.596705,11.28028,12.5,1018.1,19.1,9.700000000000001,285.2,20.3,17,42,27.1,281.2,1800,9.8258804
2026-07-05 18:30:00,-37.5983966666667,11.2700866666667,12.4,1017.3000000000001,18.3,9.700000000000001,284.40000000000003,22.200000000000003,18,22,26.700000000000003,305.6,1800,9.4143252
2026-07-05 19:00:00,-37.5989683333333,11.25983,13.4,1019.0,17.6,7.4,285.2,24.3,18,33,24.700000000000003,295.1,1800,9.054214400000001
2026-07-05 19:30:00,-37.599295,11.25044,12.700000000000001,1017.5,17.6,7.9,290.5,21.0,19,2,23.200000000000003,298.0,1800,9.054214400000001
2026-07-05 20:00:00,-37.5998666666667,11.2411466666667,13.0,1018.7,16.6,5.4,295.8,20.200000000000003,19,53,22.5,287.40000000000003,1800,8.5397704
2026-07-05 20:30:00,-37.6003116666667,11.2327633333333,13.9,1019.2,17.0,7.5,283.0,21.5,20,11,23.400000000000002,301.2,1800,8.745548
2026-07-05 21:00:00,-37.6007683333333,11.22416,14.0,1019.7,16.7,6.7,296.40000000000003,23.200000000000003,20,31,22.400000000000002,315.8,1800,8.5912148
2026-07-05 21:30:00,-37.6013433333333,11.21547,14.100000000000001,1020.1,15.3,8.4,308.5,25.700000000000003,21,10,22.5,308.70000000000005,1799,7.870993200000001
2026-07-05 22:00:00,-37.6016733333333,11.2074866666667,14.3,1020.4000000000001,16.0,7.0,312.5,23.0,21,33,22.900000000000002,304.0,1800,8.231104
2026-07-05 22:30:00,-37.6014516666667,11.2014883333333,13.4,1018.3000000000001,15.8,9.0,304.2,23.8,22,12,26.5,41.1,1800,8.128215200000001
2026-07-05 23:00:00,-37.6011633333333,11.1964316666667,12.8,1016.8000000000001,12.600000000000001,10.200000000000001,316.1,26.0,22,31,20.8,328.70000000000005,1800,6.4819944000000005
2026-07-05 23:30:00,-37.600805,11.1910533333333,14.200000000000001,1019.9000000000001,13.200000000000001,6.300000000000001,314.3,23.700000000000003,23,25,19.3,347.5,1800,6.7906608
2026-07-06 00:00:00,-37.60055,11.1854283333333,13.4,1018.5,13.8,10.700000000000001,318.3,22.1,23,43,21.200000000000003,346.40000000000003,1800,7.0993272
2026-07-06 00:30:00,-37.6001366666667,11.1792583333333,13.600000000000001,1018.4000000000001,13.600000000000001,10.8,315.70000000000005,24.200000000000003,0,28,21.400000000000002,350.3,1800,6.996438400000001
2026-07-06 01:00:00,-37.5998916666667,11.1721466666667,14.200000000000001,1019.6,13.0,5.9,323.5,22.3,0,47,18.7,328.3,1800,6.687772
2026-07-06 01:30:00,-37.599345,11.1638333333333,13.200000000000001,1018.3000000000001,14.200000000000001,7.4,321.5,25.8,1,15,23.400000000000002,293.40000000000003,1800,7.3051048000000005
2026-07-06 02:00:00,-37.599035,11.155375,13.5,1018.4000000000001,14.100000000000001,5.5,322.90000000000003,23.900000000000002,1,33,19.5,328.1,1799,7.253660400000001
2026-07-06 02:30:00,-37.5984016666667,11.1458766666667,14.4,1020.0,16.400000000000002,6.2,326.8,20.6,2,16,22.5,318.40000000000003,1800,8.436881600000001
2026-07-06 03:00:00,-37.5973366666667,11.1356383333333,14.4,1020.1,16.0,9.600000000000001,326.3,18.7,2,59,23.900000000000002,336.5,1800,8.231104
2026-07-06 03:30:00,-37.5950766666667,11.1254716666667,13.9,1019.5,15.9,8.9,322.3,19.8,3,0,24.1,311.40000000000003,1800,8.1796596
2026-07-06 04:00:00,-37.5932266666667,11.1169516666667,14.0,1019.2,16.900000000000002,9.4,324.5,18.400000000000002,3,50,23.700000000000003,341.0,1800,8.694103600000002
2026-07-06 04:30:00,-37.5911333333333,11.1074283333333,14.4,1020.5,17.900000000000002,7.0,337.40000000000003,20.700000000000003,4,16,26.1,335.3,1800,9.208547600000001
2026-07-06 05:00:00,-37.5889683333333,11.0985766666667,13.9,1019.5,17.900000000000002,6.800000000000001,334.1,21.1,4,47,24.8,318.0,1800,9.208547600000001
2026-07-06 05:30:00,-37.5824133333333,11.0987066666667,13.200000000000001,1018.1,17.3,10.5,337.40000000000003,20.900000000000002,5,6,26.3,295.0,1800,8.899881200000001
2026-07-06 06:00:00,-37.5773966666667,11.1032283333333,13.700000000000001,1019.2,17.7,7.1000000000000005,320.8,20.8,5,45,24.200000000000003,293.40000000000003,1799,9.1056588
2026-07-06 06:30:00,-37.5747233333333,11.1155733333333,14.4,1019.9000000000001,17.8,9.700000000000001,320.1,19.1,6,11,28.700000000000003,318.70000000000005,1800,9.1571032
2026-07-06 07:00:00,-37.5719583333333,11.1279516666667,14.600000000000001,1020.3000000000001,18.1,8.8,325.3,18.1,6,48,27.3,345.70000000000005,1800,9.311436400000002
2026-07-06 07:30:00,-37.56955,11.140775,14.8,1021.4000000000001,19.0,7.6000000000000005,308.6,14.0,7,14,26.700000000000003,283.0,1800,9.774436
2026-07-06 08:00:00,-37.5687916666667,11.154985,14.8,1021.2,17.400000000000002,7.7,309.40000000000003,17.7,7,51,25.200000000000003,326.6,1800,8.9513256
2026-07-06 08:30:00,-37.568095,11.168975,15.200000000000001,1022.6,19.0,8.3,316.3,15.0,8,3,27.400000000000002,310.70000000000005,1800,9.774436
2026-07-06 09:00:00,-37.5673566666667,11.1835466666667,15.4,1023.0,19.1,6.9,307.0,16.2,8,35,25.5,296.2,1800,9.8258804
2026-07-06 09:30:00,-37.5663866666667,11.1992416666667,15.9,1025.3,19.6,6.4,305.7,15.100000000000001,9,11,26.3,312.8,1800,10.083102400000001
2026-07-06 10:00:00,-37.5726683333333,11.2154816666667,15.100000000000001,1021.2,20.400000000000002,13.4,300.2,15.200000000000001,9,44,31.5,306.6,1800,10.494657600000002
2026-07-06 10:30:00,-37.584785,11.2307366666667,14.200000000000001,1016.6,19.700000000000003,12.3,299.6,20.3,10,2,29.400000000000002,285.40000000000003,1799,10.134546800000003
2026-07-06 11:00:00,-37.59939,11.237185,14.200000000000001,1017.9000000000001,20.0,14.5,282.1,15.4,10,32,30.700000000000003,269.8,1800,10.28888
2026-07-06 11:30:00,-37.6124866666667,11.2380466666667,14.3,1023.7,20.400000000000002,9.200000000000001,270.7,18.7,11,1,31.3,275.6,1800,10.494657600000002
2026-07-06 12:00:00,-37.6274483333333,11.2380133333333,15.0,1023.9000000000001,20.0,7.7,272.7,16.8,11,43,26.3,285.0,1800,10.28888
2026-07-06 12:30:00,-37.6427266666667,11.2383033333333,15.100000000000001,1025.2,20.6,8.3,277.1,18.0,12,13,26.8,284.7,1800,10.5975464
2026-07-06 13:00:00,-37.6568783333333,11.2386783333333,14.5,1022.5,23.200000000000003,22.8,276.7,18.3,12,47,36.9,272.3,1800,11.935100800000003
2026-07-06 13:30:00,-37.6710083333333,11.2390066666667,14.3,1020.4000000000001,20.900000000000002,8.700000000000001,285.5,18.7,13,7,28.3,298.3,1800,10.7518796
2026-07-06 14:00:00,-37.6845083333333,11.2392016666667,14.4,1023.9000000000001,20.1,7.9,290.0,16.1,13,37,28.0,280.0,1800,10.340324400000002
2026-07-06 14:30:00,-37.6974533333333,11.23987,15.3,1024.8,19.3,6.6000000000000005,292.2,15.0,14,24,25.700000000000003,308.90000000000003,1799,9.928769200000001
2026-07-06 15:00:00,-37.7068983333333,11.240075,14.8,1023.6,21.0,7.6000000000000005,296.7,16.8,14,57,27.3,294.3,1800,10.803324
2026-07-06 15:30:00,-37.7172266666667,11.2403366666667,15.600000000000001,1023.7,21.8,8.5,286.8,15.4,15,20,28.8,320.8,1798,11.2148792
2026-07-06 16:00:00,-37.729545,11.2400933333333,15.700000000000001,1023.9000000000001,21.3,7.7,282.7,17.400000000000002,15,39,27.200000000000003,268.5,1800,10.9576572
2026-07-06 16:30:00,-37.738055,11.2332733333333,14.100000000000001,1020.2,21.8,9.5,291.40000000000003,21.900000000000002,16,21,30.900000000000002,301.0,1800,11.2148792
2026-07-06 17:00:00,-37.7404183333333,11.2223233333333,14.100000000000001,1019.9000000000001,22.1,9.200000000000001,297.5,19.8,16,46,29.700000000000003,282.6,1800,11.3692124
2026-07-06 17:30:00,-37.7425083333333,11.2129733333333,14.700000000000001,1022.0,22.700000000000003,8.5,296.2,21.400000000000002,17,18,28.6,283.3,1800,11.677878800000002
2026-07-06 18:00:00,-37.7446433333333,11.2032116666667,14.200000000000001,1020.6,22.3,7.800000000000001,298.6,20.0,17,38,29.0,311.40000000000003,1800,11.4721012
2026-07-06 18:30:00,-37.7463666666667,11.197895,14.200000000000001,1021.0,22.1,9.700000000000001,295.8,23.0,18,6,31.900000000000002,264.0,1799,11.3692124
2026-07-06 19:00:00,-37.7486916666667,11.2012716666667,14.3,1021.4000000000001,21.1,8.9,292.5,27.1,18,32,28.400000000000002,280.3,1800,10.854768400000001
2026-07-06 19:30:00,-37.75065,11.2048933333333,14.0,1020.8000000000001,20.900000000000002,7.9,292.2,25.6,19,21,27.1,324.1,1800,10.7518796
2026-07-06 20:00:00,-37.7527366666667,11.208705,14.8,1022.1,20.8,7.800000000000001,290.8,24.3,19,36,28.1,295.7,1800,10.700435200000001
2026-07-06 20:30:00,-37.7547033333333,11.2117316666667,15.600000000000001,1023.4000000000001,18.900000000000002,6.5,294.40000000000003,25.8,20,25,24.1,263.1,1800,9.722991600000002
2026-07-06 21:00:00,-37.75664,11.214415,14.8,1022.1,19.6,7.0,291.3,26.0,20,45,25.200000000000003,288.40000000000003,1800,10.083102400000001
2026-07-06 21:30:00,-37.7587983333333,11.2169283333333,14.5,1021.1,19.1,6.1000000000000005,293.2,25.700000000000003,21,18,23.6,310.3,1800,9.8258804
2026-07-06 22:00:00,-37.760055,11.2194883333333,14.3,1020.9000000000001,19.0,7.7,292.7,26.200000000000003,21,50,26.900000000000002,291.90000000000003,1800,9.774436
2026-07-06 22:30:00,-37.7615666666667,11.2223766666667,14.200000000000001,1019.6,18.5,7.2,279.5,26.200000000000003,22,13,24.700000000000003,258.1,1800,9.517214000000001
2026-07-06 23:00:00,-37.76329,11.2252716666667,14.0,1017.9000000000001,16.6,8.700000000000001,285.90000000000003,25.0,22,40,23.6,285.90000000000003,1799,8.5397704
2026-07-06 23:30:00,-37.7646766666667,11.22862,15.200000000000001,1022.3000000000001,17.1,6.9,282.8,25.0,23,18,23.8,288.3,1800,8.7969924
2026-07-07 00:00:00,-37.7659483333333,11.231905,15.700000000000001,1023.9000000000001,16.8,5.5,278.2,24.700000000000003,23,42,22.900000000000002,263.3,1800,8.6426592
2026-07-07 00:30:00,-37.7668216666667,11.2350883333333,14.9,1022.7,17.2,5.5,274.40000000000003,23.3,0,16,22.0,273.5,1800,8.8484368
2026-07-07 01:00:00,-37.7676016666667,11.2380816666667,15.5,1023.3000000000001,17.0,5.300000000000001,265.1,23.200000000000003,0,44,23.200000000000003,286.40000000000003,1800,8.745548
2026-07-07 01:30:00,-37.768245,11.2412516666667,14.0,1019.0,16.6,10.5,260.90000000000003,23.8,1,1,24.900000000000002,269.0,1800,8.5397704
2026-07-07 02:00:00,-37.7685966666667,11.2434266666667,14.5,1020.8000000000001,16.2,5.1000000000000005,259.8,23.1,1,33,21.3,279.1,1800,8.333992799999999
2026-07-07 02:30:00,-37.7688583333333,11.2450083333333,13.9,1019.2,15.100000000000001,5.5,265.90000000000003,23.900000000000002,2,15,20.700000000000003,272.3,1800,7.768104400000001
2026-07-07 03:00:00,-37.7693616666667,11.2461183333333,14.9,1020.5,15.4,5.800000000000001,268.6,24.6,2,33,21.8,240.9,1799,7.9224376
2026-07-07 03:30:00,-37.7700166666667,11.247015,14.200000000000001,1020.4000000000001,15.200000000000001,4.800000000000001,268.5,24.8,3,14,20.3,258.2,1800,7.819548800000001
2026-07-07 04:00:00,-37.77084,11.2473333333333,14.9,1020.8000000000001,15.0,5.300000000000001,264.7,22.3,3,48,20.900000000000002,269.0,1800,7.71666
2026-07-07 04:30:00,-37.772045,11.2472666666667,14.700000000000001,1020.8000000000001,16.3,5.2,268.6,23.1,4,11,21.200000000000003,245.20000000000002,1800,8.3854372
2026-07-07 05:00:00,-37.7734483333333,11.24703,14.700000000000001,1021.8000000000001,14.0,4.5,273.3,22.8,4,31,18.400000000000002,270.2,1800,7.202216
2026-07-07 05:30:00,-37.7750866666667,11.24715,15.3,1022.4000000000001,13.4,3.9000000000000004,274.7,24.400000000000002,5,25,18.1,268.90000000000003,1800,6.8935496
2026-07-07 06:00:00,-37.7764433333333,11.2478616666667,14.5,1021.7,13.600000000000001,5.1000000000000005,280.6,22.8,5,43,21.200000000000003,302.8,1800,6.996438400000001
2026-07-07 06:30:00,-37.7781733333333,11.2479716666667,14.700000000000001,1022.3000000000001,13.5,4.6000000000000005,291.6,24.8,6,29,18.8,313.40000000000003,1800,6.944994
2026-07-07 07:00:00,-37.77991,11.2476016666667,15.5,1023.2,15.0,4.6000000000000005,298.40000000000003,23.400000000000002,6,51,19.6,336.1,1799,7.71666
2026-07-07 07:30:00,-37.7819166666667,11.2477133333333,15.600000000000001,1023.7,15.600000000000001,5.1000000000000005,299.8,22.1,7,16,21.400000000000002,326.5,1800,8.0253264
2026-07-07 08:00:00,-37.7837116666667,11.2481316666667,15.8,1024.2,15.4,5.0,304.2,23.400000000000002,7,53,20.200000000000003,313.70000000000005,1800,7.9224376
2026-07-07 08:30:00,-37.7856766666667,11.2492866666667,16.1,1025.9,13.9,4.1000000000000005,305.6,22.8,8,16,18.2,295.8,1800,7.150771600000001
2026-07-07 09:00:00,-37.7876466666667,11.2507966666667,16.5,1028.2,14.3,5.1000000000000005,298.7,22.200000000000003,8,59,19.8,271.3,1800,7.356549200000001
2026-07-07 09:30:00,-37.7893616666667,11.2523416666667,16.1,1026.5,15.4,5.5,305.2,24.5,9,23,21.0,280.3,1800,7.9224376
2026-07-07 10:00:00,-37.790705,11.25367,15.3,1024.3,16.400000000000002,4.9,308.1,21.5,9,59,22.200000000000003,306.5,1800,8.436881600000001
2026-07-07 10:30:00,-37.7925616666667,11.2547583333333,14.9,1024.7,16.400000000000002,5.4,309.3,21.6,10,14,21.6,332.40000000000003,1800,8.436881600000001
2026-07-07 11:00:00,-37.794275,11.257125,15.600000000000001,1026.4,16.3,5.0,315.90000000000003,20.6,10,57,22.700000000000003,301.2,1800,8.3854372
2026-07-07 11:30:00,-37.7957416666667,11.259555,15.9,1027.1000000000001,17.3,6.0,323.20000000000005,22.3,11,5,23.400000000000002,303.2,1799,8.899881200000001
2026-07-07 12:00:00,-37.796895,11.2623116666667,16.5,1027.5,18.6,5.6000000000000005,322.8,20.900000000000002,11,36,24.400000000000002,315.70000000000005,1800,9.5686584
2026-07-07 12:30:00,-37.7985683333333,11.2651433333333,16.400000000000002,1026.8,20.400000000000002,9.3,318.20000000000005,22.6,12,25,28.200000000000003,355.6,1800,10.494657600000002
2026-07-07 13:00:00,-37.8000383333333,11.26787,15.4,1023.0,22.0,8.8,320.8,23.1,12,48,30.5,301.90000000000003,1800,11.317768000000001
2026-07-07 13:30:00,-37.8013183333333,11.2711066666667,15.5,1023.6,22.900000000000002,10.700000000000001,322.3,23.200000000000003,13,17,31.0,284.0,1800,11.7807676
2026-07-07 14:00:00,-37.8029883333333,11.27337,16.0,1026.1000000000001,24.3,65.7,314.6,28.900000000000002,13,46,100.2,282.0,1800,12.500989200000001
2026-07-07 14:30:00,-37.804085,11.275455,16.0,1026.2,23.700000000000003,10.9,313.40000000000003,25.900000000000002,14,20,31.400000000000002,315.90000000000003,1800,12.192322800000001
2026-07-07 15:00:00,-37.8051783333333,11.2781816666667,16.0,1022.6,24.0,12.3,315.3,27.3,14,48,30.700000000000003,316.40000000000003,1800,12.346656
2026-07-07 15:30:00,-37.8063033333333,11.28149,16.1,1022.1,23.8,11.4,310.3,27.200000000000003,15,29,30.400000000000002,302.7,1799,12.2437672
2026-07-07 16:00:00,-37.8065966666667,11.28486,16.2,1022.8000000000001,24.400000000000002,11.600000000000001,310.70000000000005,27.200000000000003,15,58,32.0,312.5,1800,12.5524336
2026-07-07 16:30:00,-37.80708,11.28838,16.400000000000002,1022.9000000000001,24.200000000000003,12.8,303.6,27.1,16,20,35.800000000000004,261.0,1800,12.449544800000002
2026-07-07 17:00:00,-37.8068283333333,11.2914866666667,15.9,1020.2,23.700000000000003,11.5,301.1,27.400000000000002,16,40,31.5,277.3,1800,12.192322800000001
2026-07-07 17:30:00,-37.8067633333333,11.2940016666667,16.0,1020.6,23.400000000000002,13.200000000000001,297.0,28.1,17,5,39.6,265.2,1800,12.037989600000001
2026-07-07 18:00:00,-37.806385,11.29714,16.1,1021.3000000000001,22.6,9.1,292.5,27.8,17,33,30.3,263.7,1800,11.6264344
2026-07-07 18:30:00,-37.8063666666667,11.29955,16.1,1021.3000000000001,22.6,8.8,290.2,26.700000000000003,18,27,30.400000000000002,300.1,1800,11.6264344
2026-07-07 19:00:00,-37.805875,11.3024133333333,16.2,1021.3000000000001,21.200000000000003,8.6,285.2,26.700000000000003,18,54,29.0,277.90000000000003,1800,10.906212800000002
2026-07-07 19:30:00,-37.8051683333333,11.3053383333333,16.1,1021.9000000000001,21.200000000000003,13.4,267.7,35.2,19,23,31.5,193.3,1799,10.906212800000002
2026-07-07 20:00:00,-37.803,11.3079066666667,14.9,1016.4000000000001,18.400000000000002,7.7,200.10000000000002,28.0,19,50,24.1,184.3,1800,9.465769600000002
2026-07-07 20:30:00,-37.8003233333333,11.3096766666667,14.3,1014.9000000000001,18.5,8.4,189.3,24.900000000000002,20,3,26.900000000000002,196.4,1800,9.517214000000001
2026-07-07 21:00:00,-37.7970633333333,11.3113716666667,14.200000000000001,1014.5,18.8,8.0,192.60000000000002,25.6,20,50,25.6,170.70000000000002,1800,9.671547200000001
2026-07-07 21:30:00,-37.7940616666667,11.3117683333333,13.600000000000001,1013.1,19.700000000000003,10.200000000000001,189.5,26.900000000000002,21,14,29.200000000000003,168.60000000000002,1800,10.134546800000003
2026-07-07 22:00:00,-37.791345,11.312185,13.200000000000001,1011.0,21.8,10.8,185.3,25.3,21,46,29.900000000000002,163.0,1800,11.2148792
2026-07-07 22:30:00,-37.7884833333333,11.312225,12.9,1009.7,23.200000000000003,15.100000000000001,189.0,23.700000000000003,22,20,34.2,184.10000000000002,1800,11.935100800000003
2026-07-07 23:00:00,-37.7858933333333,11.3118316666667,12.9,1009.5,22.700000000000003,15.600000000000001,192.20000000000002,25.3,22,50,33.7,176.4,1800,11.677878800000002
2026-07-07 23:30:00,-37.7827383333333,11.311295,13.0,1010.0,23.400000000000002,12.5,186.9,23.400000000000002,23,24,32.2,180.4,1800,12.037989600000001
2026-07-08 00:00:00,-37.7801083333333,11.309795,12.8,1010.3000000000001,23.0,12.9,189.9,24.700000000000003,23,40,32.1,194.10000000000002,1799,11.832212
2026-07-08 00:30:00,-37.7775,11.309265,12.5,1008.4000000000001,21.6,10.100000000000001,189.4,24.200000000000003,0,0,28.400000000000002,185.20000000000002,1800,11.111990400000002
2026-07-08 01:00:00,-37.775785,11.3081166666667,12.8,1010.0,20.8,11.3,190.10000000000002,23.3,0,53,30.1,204.9,1800,10.700435200000001
2026-07-08 01:30:00,-37.773795,11.3077916666667,11.600000000000001,1007.6,20.6,14.9,188.9,26.200000000000003,1,12,30.200000000000003,172.5,1800,10.5975464
2026-07-08 02:00:00,-37.77203,11.3060183333333,11.8,1007.6,19.200000000000003,11.700000000000001,183.9,27.0,1,34,28.1,194.20000000000002,1800,9.877324800000002
2026-07-08 02:30:00,-37.770935,11.304315,12.100000000000001,1008.6,18.6,11.8,182.5,25.3,2,13,26.700000000000003,167.3,1800,9.5686584
2026-07-08 03:00:00,-37.7695383333333,11.301895,12.0,1007.1,18.400000000000002,10.9,180.60000000000002,21.8,2,54,27.1,168.0,1800,9.465769600000002
2026-07-08 03:30:00,-37.7687833333333,11.2988333333333,12.8,1009.1,18.5,10.5,177.0,22.700000000000003,3,13,26.5,192.8,1800,9.517214000000001
2026-07-08 04:00:00,-37.76805,11.2964033333333,12.8,1009.1,18.7,10.700000000000001,177.9,23.900000000000002,3,48,28.5,201.0,1799,9.6201028
2026-07-08 04:30:00,-37.7673533333333,11.2939166666667,12.600000000000001,1008.5,18.3,10.3,175.3,23.1,4,27,26.0,149.5,1800,9.4143252
2026-07-08 05:00:00,-37.7670833333333,11.29182,11.3,1005.9000000000001,20.900000000000002,11.8,175.8,24.6,4,44,29.1,173.9,1800,10.7518796
2026-07-08 05:30:00,-37.766185,11.28975,11.200000000000001,1006.2,19.6,11.8,174.10000000000002,24.3,5,2,28.6,173.0,1800,10.083102400000001
2026-07-08 06:00:00,-37.7659716666667,11.287455,11.600000000000001,1006.2,19.200000000000003,11.5,169.4,22.700000000000003,5,48,28.3,185.0,1800,9.877324800000002
2026-07-08 06:30:00,-37.76533,11.2853316666667,12.200000000000001,1007.2,17.400000000000002,10.3,167.5,22.8,6,9,27.700000000000003,163.8,1800,8.9513256
2026-07-08 07:00:00,-37.7649333333333,11.283225,11.3,1006.0,17.2,25.200000000000003,164.0,25.700000000000003,6,45,66.5,176.5,1800,8.8484368
2026-07-08 07:30:00,-37.765035,11.28222,11.700000000000001,1007.1,15.0,8.0,169.20000000000002,23.3,7,13,21.900000000000002,153.4,1800,7.71666
2026-07-08 08:00:00,-37.76526,11.28123,11.3,1006.6,16.6,12.5,157.0,24.5,7,38,27.0,178.70000000000002,1800,8.5397704
2026-07-08 08:30:00,-37.7650866666667,11.2801366666667,12.200000000000001,1008.2,16.1,8.700000000000001,165.60000000000002,21.5,8,4,23.400000000000002,166.3,1799,8.282548400000001
2026-07-08 09:00:00,-37.765135,11.279115,12.100000000000001,1009.2,15.8,13.200000000000001,156.8,23.900000000000002,8,31,28.3,200.70000000000002,1800,8.128215200000001
2026-07-08 09:30:00,-37.7650983333333,11.277665,12.5,1009.6,13.4,8.200000000000001,159.70000000000002,21.6,9,4,20.3,166.4,1800,6.8935496
2026-07-08 10:00:00,-37.7649533333333,11.2770016666667,12.200000000000001,1009.8000000000001,12.8,8.6,163.9,23.0,9,49,19.5,201.4,1800,6.5848832
2026-07-08 10:30:00,-37.7648016666667,11.2772233333333,11.200000000000001,1008.0,13.3,9.1,161.10000000000002,22.700000000000003,10,2,21.6,141.9,1800,6.842105200000001
2026-07-08 11:00:00,-37.76481,11.27796,11.4,1011.0,10.100000000000001,9.200000000000001,163.10000000000002,24.900000000000002,10,32,19.8,196.60000000000002,1800,5.195884400000001
2026-07-08 11:30:00,-37.76468,11.27877,12.700000000000001,1012.4000000000001,8.9,7.4,164.5,24.6,11,1,16.400000000000002,181.70000000000002,1800,4.5785516
2026-07-08 12:00:00,-37.7644566666667,11.279405,12.9,1012.5,9.5,7.5,162.9,22.1,11,42,16.1,169.9,1800,4.887218
2026-07-08 12:30:00,-37.7641766666667,11.279805,13.0,1013.5,8.4,6.4,166.8,24.1,12,20,16.2,154.3,1799,4.3213296
2026-07-08 13:00:00,-37.7638766666667,11.2801466666667,12.9,1011.9000000000001,7.2,6.800000000000001,183.10000000000002,31.5,12,59,13.600000000000001,188.70000000000002,1800,3.7039968
2026-07-08 13:30:00,-37.76361,11.2808066666667,12.9,1011.4000000000001,8.4,9.600000000000001,185.9,26.3,13,15,16.8,201.60000000000002,1800,4.3213296
2026-07-08 14:00:00,-37.7630816666667,11.28145,13.3,1013.6,8.9,7.5,185.70000000000002,24.3,13,50,16.900000000000002,185.9,1800,4.5785516
2026-07-08 14:30:00,-37.7625616666667,11.2820883333333,13.0,1012.0,10.4,9.600000000000001,184.60000000000002,25.900000000000002,14,12,19.6,206.70000000000002,1800,5.350217600000001
2026-07-08 15:00:00,-37.7616766666667,11.2825216666667,12.8,1010.4000000000001,10.100000000000001,7.300000000000001,189.60000000000002,22.5,14,58,18.900000000000002,172.3,1800,5.195884400000001
2026-07-08 15:30:00,-37.7609116666667,11.2834683333333,12.600000000000001,1009.5,11.0,6.800000000000001,181.3,22.8,15,23,17.7,171.70000000000002,1800,5.6588840000000005
2026-07-08 16:00:00,-37.7597083333333,11.2841733333333,12.200000000000001,1007.6,11.100000000000001,7.800000000000001,180.9,21.8,15,49,18.400000000000002,189.8,1800,5.710328400000001
2026-07-08 16:30:00,-37.75903,11.2852416666667,11.9,1006.1,11.8,7.2,178.3,21.8,16,10,18.900000000000002,183.20000000000002,1800,6.070439200000001
2026-07-08 17:30:00,-37.7573366666667,11.2859466666667,10.8,1004.9000000000001,15.100000000000001,9.3,192.10000000000002,24.200000000000003,17,23,23.3,191.4,1800,7.768104400000001
2026-07-08 18:00:00,-37.7561716666667,11.2860466666667,11.5,1005.4000000000001,13.200000000000001,9.4,182.8,21.700000000000003,17,46,24.700000000000003,176.5,1800,6.7906608
2026-07-08 18:30:00,-37.7549933333333,11.2860016666667,11.600000000000001,1005.5,12.3,10.0,181.10000000000002,20.5,18,3,21.900000000000002,172.70000000000002,1800,6.3276612000000005
2026-07-08 19:00:00,-37.75405,11.28526,10.8,1006.1,12.5,10.8,183.3,21.200000000000003,18,54,20.400000000000002,197.3,1800,6.43055
2026-07-08 19:30:00,-37.7528,11.2850483333333,10.9,1005.1,11.9,9.600000000000001,173.9,22.0,19,2,20.0,160.0,1800,6.1218836
2026-07-08 20:00:00,-37.7514816666667,11.2857816666667,11.100000000000001,1005.0,12.5,13.8,173.70000000000002,22.5,19,54,23.700000000000003,194.0,1800,6.43055
2026-07-08 20:30:00,-37.7503533333333,11.2856516666667,10.8,1005.5,12.8,9.1,174.9,21.8,20,7,20.5,162.10000000000002,1800,6.5848832
2026-07-08 21:00:00,-37.7489366666667,11.2845816666667,11.600000000000001,1005.9000000000001,13.200000000000001,7.7,165.60000000000002,22.0,20,34,19.200000000000003,171.3,1798,6.7906608
2026-07-08 21:30:00,-37.74771,11.283005,11.600000000000001,1005.6,14.200000000000001,11.4,166.9,20.0,21,12,23.3,152.3,1800,7.3051048000000005
2026-07-08 22:00:00,-37.746965,11.28164,11.700000000000001,1006.2,14.100000000000001,9.3,160.3,21.3,21,45,23.3,147.6,1800,7.253660400000001
2026-07-08 22:30:00,-37.745865,11.2802533333333,11.600000000000001,1005.7,12.3,8.3,154.5,19.900000000000002,22,20,19.900000000000002,141.5,1800,6.3276612000000005
2026-07-08 23:00:00,-37.7454633333333,11.2779116666667,11.8,1006.5,12.3,8.200000000000001,155.0,20.200000000000003,22,56,21.0,172.10000000000002,1800,6.3276612000000005
2026-07-08 23:30:00,-37.7448866666667,11.2752866666667,11.9,1006.9000000000001,13.100000000000001,7.6000000000000005,151.5,18.2,23,3,20.1,137.4,1800,6.739216400000001
2026-07-09 00:00:00,-37.74486,11.27256,11.9,1007.1,13.200000000000001,11.4,153.70000000000002,20.200000000000003,23,45,21.200000000000003,168.60000000000002,1800,6.7906608
2026-07-09 00:30:00,-37.7448783333333,11.270005,12.0,1007.1,15.100000000000001,9.3,152.70000000000002,18.900000000000002,0,13,24.5,145.5,1800,7.768104400000001
2026-07-09 01:00:00,-37.74528,11.2676766666667,12.0,1007.2,12.700000000000001,7.300000000000001,146.1,17.5,0,35,19.6,176.70000000000002,1800,6.533438800000001
2026-07-09 01:30:00,-37.7466166666667,11.26489,12.100000000000001,1007.5,11.8,6.5,144.5,20.200000000000003,1,4,17.900000000000002,169.20000000000002,1799,6.070439200000001
2026-07-09 02:00:00,-37.748095,11.2628366666667,12.100000000000001,1007.7,12.8,8.0,152.70000000000002,18.5,1,48,20.1,144.3,1800,6.5848832
2026-07-09 02:30:00,-37.7498966666667,11.261105,12.200000000000001,1008.2,11.200000000000001,7.9,147.0,20.5,2,13,18.3,142.0,1800,5.761772800000001
2026-07-09 03:00:00,-37.75153,11.2595,12.200000000000001,1008.1,11.5,9.200000000000001,156.9,19.1,2,38,20.5,192.70000000000002,1800,5.916106
2026-07-09 03:30:00,-37.7533516666667,11.2585183333333,12.100000000000001,1008.0,10.100000000000001,8.700000000000001,146.20000000000002,23.700000000000003,3,7,17.7,186.20000000000002,1800,5.195884400000001
2026-07-09 04:00:00,-37.755075,11.2579666666667,12.200000000000001,1008.2,9.700000000000001,10.700000000000001,151.9,21.700000000000003,3,44,19.400000000000002,146.6,1800,4.9901068
2026-07-09 04:30:00,-37.757075,11.2577316666667,12.200000000000001,1008.3000000000001,8.4,9.4,134.9,25.5,4,12,16.400000000000002,150.8,1800,4.3213296
2026-07-09 05:00:00,-37.759825,11.2575083333333,12.200000000000001,1008.4000000000001,9.700000000000001,7.6000000000000005,133.1,21.5,4,39,17.0,133.9,1800,4.9901068
2026-07-09 05:30:00,-37.7622533333333,11.2573633333333,12.200000000000001,1008.2,7.800000000000001,8.3,135.3,26.900000000000002,5,1,15.0,150.6,1799,4.0126632
2026-07-09 06:00:00,-37.7650416666667,11.25744,12.200000000000001,1008.8000000000001,6.9,9.1,125.10000000000001,35.5,5,53,15.100000000000001,111.2,1800,3.5496636
2026-07-09 06:30:00,-37.767755,11.2576483333333,12.200000000000001,1008.3000000000001,9.3,11.200000000000001,132.20000000000002,26.3,6,20,16.900000000000002,128.0,1800,4.7843292
2026-07-09 07:00:00,-37.770235,11.2583516666667,12.0,1007.3000000000001,9.9,9.8,142.70000000000002,22.900000000000002,6,59,18.3,147.6,1800,5.0929956
2026-07-09 07:30:00,-37.7717633333333,11.260515,12.200000000000001,1008.3000000000001,10.0,9.5,129.4,22.3,7,4,17.6,150.9,1800,5.14444
2026-07-09 08:00:00,-37.77438,11.263135,12.3,1009.0,9.3,8.1,142.4,22.400000000000002,7,58,16.8,152.5,1800,4.7843292
2026-07-09 08:30:00,-37.7765333333333,11.2651433333333,12.3,1008.4000000000001,10.100000000000001,8.200000000000001,140.20000000000002,20.400000000000002,8,28,17.5,132.20000000000002,1800,5.195884400000001
2026-07-09 09:00:00,-37.77892,11.2669633333333,12.700000000000001,1010.5,8.700000000000001,7.800000000000001,137.20000000000002,24.8,8,40,16.3,147.4,1800,4.4756628
2026-07-09 09:30:00,-37.7808283333333,11.268465,12.9,1011.4000000000001,7.1000000000000005,8.8,126.7,35.0,9,15,14.600000000000001,71.5,1800,3.6525524000000003
2026-07-09 10:00:00,-37.7816616666667,11.2696416666667,12.700000000000001,1010.4000000000001,6.800000000000001,6.9,115.7,36.0,9,36,14.9,110.9,1799,3.4982192000000003
2026-07-09 10:30:00,-37.7823766666667,11.2724616666667,12.600000000000001,1010.1,9.200000000000001,9.9,115.80000000000001,24.900000000000002,10,7,16.1,157.10000000000002,1800,4.732884800000001
2026-07-09 11:00:00,-37.7843366666667,11.2742916666667,12.600000000000001,1011.0,5.5,12.200000000000001,108.0,44.900000000000006,10,59,17.5,148.70000000000002,1800,2.8294420000000002
2026-07-09 11:30:00,-37.7848183333333,11.2758883333333,12.9,1011.7,9.9,11.3,115.30000000000001,28.6,11,3,18.6,113.60000000000001,1800,5.0929956
2026-07-09 12:00:00,-37.7843866666667,11.2777166666667,12.9,1011.9000000000001,7.5,12.4,112.5,38.1,11,52,15.8,191.10000000000002,1800,3.85833
2026-07-09 12:30:00,-37.7840416666667,11.279665,13.100000000000001,1012.7,10.4,5.5,130.5,20.8,12,4,16.1,159.60000000000002,1800,5.350217600000001
2026-07-09 13:00:00,-37.7840216666667,11.2819533333333,13.5,1014.1,10.0,7.0,147.70000000000002,24.1,12,51,17.2,103.9,1800,5.14444
2026-07-09 13:30:00,-37.779655,11.2790783333333,14.100000000000001,1016.1,7.5,16.6,171.0,50.6,13,3,16.1,250.5,1800,3.85833
2026-07-09 14:00:00,-37.7889766666667,11.273055,14.9,1020.5,2.9000000000000004,4.2,41.1,78.30000000000001,13,59,12.200000000000001,50.5,1799,1.4918876000000003
2026-07-09 14:30:00,-37.7747083333333,11.3282966666667,11.700000000000001,1010.8000000000001,14.100000000000001,20.8,263.3,33.0,14,18,25.200000000000003,253.4,1800,7.253660400000001
2026-07-09 15:00:00,-37.747775,11.3848966666667,11.3,1010.4000000000001,14.4,16.8,254.10000000000002,16.8,14,59,26.5,256.6,1800,7.4079936
2026-07-09 15:30:00,-37.7228383333333,11.4386483333333,11.3,1008.7,20.5,7.6000000000000005,262.8,13.4,15,10,26.3,260.40000000000003,1800,10.546102
2026-07-09 16:00:00,-37.6966766666667,11.4945966666667,11.8,1007.2,20.3,10.200000000000001,267.5,12.200000000000001,15,38,28.8,265.7,1800,10.4432132
2026-07-09 16:30:00,-37.6731383333333,11.5491,12.3,1006.1,21.1,10.8,261.2,14.4,16,26,28.0,272.1,1800,10.854768400000001
2026-07-09 17:00:00,-37.647325,11.6055083333333,11.600000000000001,1003.2,13.0,21.400000000000002,252.20000000000002,17.8,16,30,25.8,267.2,1800,6.687772
2026-07-09 17:30:00,-37.62267,11.6596316666667,12.100000000000001,1004.7,17.6,11.200000000000001,259.2,15.8,17,18,24.200000000000003,263.6,1800,9.054214400000001
2026-07-09 18:00:00,-37.597695,11.7129783333333,12.4,1006.0,19.200000000000003,9.9,257.0,14.200000000000001,17,39,27.5,222.10000000000002,1799,9.877324800000002
2026-07-09 18:30:00,-37.5719166666667,11.755045,12.600000000000001,1007.1,16.8,12.8,248.4,18.2,18,29,27.3,252.70000000000002,1800,8.6426592
2026-07-09 19:00:00,-37.5346716666667,11.8520916666667,12.8,1007.8000000000001,23.5,16.400000000000002,251.70000000000002,8.9,18,47,32.6,244.4,1800,12.089434
2026-07-09 19:30:00,-37.4914866666667,11.946415,12.600000000000001,1007.0,21.3,20.900000000000002,245.70000000000002,10.100000000000001,19,23,30.3,241.5,1800,10.9576572
2026-07-09 20:00:00,-37.4496516666667,12.0395383333333,12.200000000000001,1004.8000000000001,25.900000000000002,10.8,252.60000000000002,8.3,19,39,32.300000000000004,249.10000000000002,1800,13.324099600000002
2026-07-09 20:30:00,-37.407765,12.13172,12.100000000000001,1004.7,23.8,10.700000000000001,249.5,7.800000000000001,20,29,30.6,242.10000000000002,1800,12.2437672
2026-07-09 21:00:00,-37.3670983333333,12.2226683333333,12.0,1004.2,21.3,18.3,245.10000000000002,8.4,20,30,30.8,249.5,1800,10.9576572
2026-07-09 21:30:00,-37.34848,12.2912266666667,11.8,1003.3000000000001,20.700000000000003,23.400000000000002,263.3,16.6,21,7,29.0,282.5,1800,10.648990800000002
2026-07-09 22:00:00,-37.349675,12.3945083333333,12.200000000000001,1005.6,19.6,18.5,274.6,11.0,21,38,30.200000000000003,276.8,1800,10.083102400000001
2026-07-09 22:30:00,-37.3465083333333,12.5001133333333,12.600000000000001,1007.4000000000001,19.3,29.0,272.8,14.5,22,29,35.1,211.5,1799,9.928769200000001
2026-07-09 23:00:00,-37.2601033333333,12.4854483333333,12.4,1004.9000000000001,17.5,14.700000000000001,191.3,14.600000000000001,22,30,32.4,191.4,1800,9.00277
2026-07-09 23:30:00,-37.29043,12.4093316666667,13.0,1008.3000000000001,10.8,11.600000000000001,58.2,43.900000000000006,23,1,25.900000000000002,46.6,1800,5.555995200000001
2026-07-10 00:00:00,-37.3134083333333,12.30755,13.3,1010.4000000000001,11.0,3.7,71.5,16.1,23,31,16.7,82.60000000000001,1800,5.6588840000000005
2026-07-10 00:30:00,-37.319395,12.2206316666667,13.4,1011.0,8.5,4.6000000000000005,87.30000000000001,13.700000000000001,0,4,14.9,65.0,1800,4.372774
2026-07-10 01:00:00,-37.3196083333333,12.1548016666667,13.600000000000001,1011.3000000000001,6.9,2.3000000000000003,86.9,16.7,0,46,11.4,88.5,1800,3.5496636
2026-07-10 01:30:00,-37.3184616666667,12.0937966666667,13.600000000000001,1011.7,5.9,2.6,80.30000000000001,25.700000000000003,1,9,10.100000000000001,45.300000000000004,1800,3.0352196000000005
2026-07-10 02:00:00,-37.3456883333333,12.0740433333333,13.700000000000001,1012.3000000000001,6.6000000000000005,7.5,20.400000000000002,58.2,1,52,14.700000000000001,337.5,1800,3.3953304
2026-07-10 02:30:00,-37.3469066666667,12.1284216666667,13.700000000000001,1011.2,13.0,20.5,273.8,32.800000000000004,2,5,26.200000000000003,264.7,1799,6.687772
2026-07-10 03:00:00,-37.3467966666667,12.19171,13.8,1011.7,14.700000000000001,19.1,272.6,16.900000000000002,2,59,24.6,279.40000000000003,1800,7.562326800000001
2026-07-10 03:30:00,-37.3470116666667,12.2546183333333,13.8,1011.9000000000001,14.4,15.0,273.3,16.6,3,6,23.8,273.40000000000003,1800,7.4079936
2026-07-10 04:00:00,-37.3776083333333,12.2479816666667,13.700000000000001,1011.6,8.1,10.700000000000001,357.5,56.400000000000006,3,30,19.3,85.7,1800,4.1669963999999995
2026-07-10 04:30:00,-37.37382,12.1856083333333,13.600000000000001,1011.4000000000001,5.1000000000000005,1.5,67.8,24.6,4,2,9.0,104.5,1800,2.6236644000000005
2026-07-10 05:00:00,-37.3735,12.122255,13.700000000000001,1012.3000000000001,5.800000000000001,1.7000000000000002,80.5,19.5,4,36,9.700000000000001,85.10000000000001,1800,2.9837752000000006
2026-07-10 05:30:00,-37.3739633333333,12.05453,13.9,1013.2,6.7,3.4000000000000004,85.80000000000001,17.7,5,25,12.700000000000001,103.60000000000001,1800,3.4467748
2026-07-10 06:00:00,-37.3744566666667,11.95109,14.0,1014.0,9.600000000000001,1.9000000000000001,86.9,12.100000000000001,5,45,13.100000000000001,86.30000000000001,1800,4.938662400000001
2026-07-10 06:30:00,-37.3736833333333,11.8482883333333,14.3,1015.5,9.4,1.5,89.30000000000001,12.100000000000001,6,25,13.4,99.80000000000001,1800,4.8357736000000004
2026-07-10 07:00:00,-37.2954166666667,11.8480633333333,14.3,1014.1,20.900000000000002,32.800000000000004,203.0,26.400000000000002,6,34,34.9,205.8,1799,10.7518796
2026-07-10 07:30:00,-37.28926,11.887675,14.4,1014.3000000000001,17.400000000000002,40.0,267.0,51.2,7,1,28.6,325.6,1800,8.9513256
2026-07-10 08:00:00,-37.34834,11.96822,14.5,1015.5,16.8,21.200000000000003,312.40000000000003,13.200000000000001,7,42,25.8,321.6,1800,8.6426592
2026-07-10 08:30:00,-37.3835,12.016335,14.5,1015.7,13.0,54.400000000000006,313.8,66.8,8,7,26.8,184.20000000000002,1800,6.687772
2026-07-10 09:00:00,-37.3784616666667,12.0123233333333,14.600000000000001,1016.8000000000001,6.6000000000000005,15.4,104.7,78.60000000000001,8,37,16.1,174.20000000000002,1800,3.3953304
2026-07-10 09:30:00,-37.3793666666667,12.0192383333333,15.0,1018.3000000000001,6.300000000000001,34.7,205.9,97.7,9,2,28.900000000000002,176.9,1800,3.2409972000000002
2026-07-10 10:00:00,-37.37428,12.0227833333333,15.100000000000001,1020.1,4.800000000000001,8.1,131.9,85.5,9,52,13.600000000000001,132.5,1800,2.4693312000000005
2026-07-10 10:30:00,-37.3699266666667,12.011485,15.3,1021.4000000000001,5.300000000000001,8.6,89.5,79.7,10,29,15.600000000000001,147.0,1800,2.7265532000000006
2026-07-10 11:00:00,-37.34974,12.0019433333333,14.9,1019.4000000000001,9.3,15.200000000000001,113.5,56.6,10,44,17.8,52.800000000000004,1799,4.7843292
2026-07-10 11:30:00,-37.3891633333333,12.0196433333333,15.5,1021.7,6.6000000000000005,8.8,333.20000000000005,54.2,11,19,14.100000000000001,32.5,1800,3.3953304
2026-07-10 12:00:00,-37.3704433333333,12.01555,15.0,1019.7,10.4,24.8,140.8,61.5,11,32,28.200000000000003,120.5,1800,5.350217600000001
2026-07-10 12:30:00,-37.356635,12.0110583333333,14.700000000000001,1019.1,8.0,13.3,134.20000000000002,34.1,12,1,16.8,143.1,1800,4.115552
2026-07-10 13:00:00,-37.341335,12.0039733333333,14.700000000000001,1018.7,10.4,13.3,121.0,25.3,12,45,19.0,112.2,1800,5.350217600000001
2026-07-10 13:30:00,-37.360105,12.0257366666667,14.9,1019.4000000000001,8.9,22.1,296.7,80.0,13,6,25.1,263.1,1800,4.5785516
2026-07-10 14:00:00,-37.3899366666667,12.0477333333333,15.200000000000001,1021.1,5.7,8.700000000000001,314.20000000000005,59.2,13,59,22.6,263.2,1800,2.9323308000000003
2026-07-10 14:30:00,-37.3703166666667,12.0448833333333,14.4,1017.6,10.0,23.1,146.1,48.900000000000006,14,0,28.1,128.0,1800,5.14444
2026-07-10 15:00:00,-37.3571616666667,12.0417216666667,14.3,1016.8000000000001,7.800000000000001,9.8,144.70000000000002,32.0,14,39,14.9,213.20000000000002,1799,4.0126632
2026-07-10 15:30:00,-37.3623016666667,12.0483033333333,14.5,1017.0,9.700000000000001,20.8,255.5,89.10000000000001,15,13,22.8,324.3,1800,4.9901068
2026-07-10 16:00:00,-37.378935,12.0631833333333,14.8,1018.3000000000001,9.200000000000001,22.8,8.700000000000001,90.30000000000001,15,44,28.200000000000003,106.2,1800,4.732884800000001
2026-07-10 16:30:00,-37.3641283333333,12.0578983333333,14.5,1017.2,9.5,8.5,119.4,21.0,16,11,15.0,107.7,1800,4.887218
2026-07-10 17:00:00,-37.3498233333333,12.05243,14.5,1016.9000000000001,10.700000000000001,10.700000000000001,111.4,18.0,16,33,17.400000000000002,105.5,1800,5.5045508000000005
2026-07-10 17:30:00,-37.3262183333333,12.0420883333333,14.5,1016.7,12.100000000000001,10.700000000000001,139.1,63.7,17,29,20.6,187.4,1800,6.224772400000001
2026-07-10 18:00:00,-37.35771,12.0652983333333,14.700000000000001,1018.3000000000001,7.5,19.200000000000003,310.70000000000005,58.5,17,30,22.200000000000003,358.0,1800,3.85833
2026-07-10 18:30:00,-37.3788166666667,12.0834583333333,14.9,1019.3000000000001,6.7,18.400000000000002,320.0,59.6,18,25,19.0,246.3,1800,3.4467748
2026-07-10 19:00:00,-37.3589183333333,12.07597,14.5,1017.4000000000001,9.4,23.6,158.0,58.900000000000006,18,30,24.8,107.80000000000001,1800,4.8357736000000004
2026-07-10 19:30:00,-37.3484416666667,12.0715683333333,14.600000000000001,1017.6,8.1,11.200000000000001,107.80000000000001,43.800000000000004,19,10,15.3,81.80000000000001,1799,4.1669963999999995
2026-07-10 20:00:00,-37.3711416666667,12.0979266666667,14.700000000000001,1018.1,11.700000000000001,19.5,349.70000000000005,84.7,19,55,21.5,302.90000000000003,1800,6.018994800000001
2026-07-10 20:30:00,-37.36307,12.1062616666667,14.700000000000001,1018.1,8.9,21.900000000000002,101.5,85.4,20,0,20.3,94.9,1800,4.5785516
2026-07-10 21:00:00,-37.3527216666667,12.0998266666667,14.700000000000001,1018.3000000000001,5.0,5.9,126.4,48.0,20,56,9.700000000000001,115.60000000000001,1800,2.57222
2026-07-10 21:30:00,-37.34167,12.0929766666667,14.700000000000001,1018.3000000000001,6.2,7.0,103.5,39.400000000000006,21,25,12.200000000000001,96.7,1800,3.1895528
2026-07-10 22:00:00,-37.35679,12.1173283333333,14.9,1018.9000000000001,8.4,16.400000000000002,297.0,70.5,21,36,18.7,5.0,1800,4.3213296
2026-07-10 22:30:00,-37.3680766666667,12.124975,15.100000000000001,1020.1,3.2,2.7,9.4,98.0,22,29,7.6000000000000005,142.3,1800,1.6462208
2026-07-10 23:00:00,-37.356685,12.12694,15.0,1019.0,9.700000000000001,44.7,168.9,60.1,22,35,24.5,120.0,1800,4.9901068
2026-07-10 23:30:00,-37.3463933333333,12.1175133333333,14.9,1019.0,7.5,7.800000000000001,122.9,27.0,23,21,13.0,120.7,1799,3.85833
2026-07-11 00:00:00,-37.33416,12.1122783333333,14.8,1018.7,7.9,21.8,139.6,47.800000000000004,23,59,22.3,238.9,1800,4.064107600000001
2026-07-11 00:30:00,-37.354985,12.158465,14.8,1018.3000000000001,13.9,29.700000000000003,302.8,67.10000000000001,0,23,30.0,158.0,1800,7.150771600000001
2026-07-11 01:00:00,-37.3465883333333,12.15036,15.100000000000001,1019.7,6.800000000000001,8.6,114.60000000000001,39.1,0,45,14.4,133.4,1800,3.4982192000000003
2026-07-11 01:30:00,-37.3553316666667,12.1582466666667,15.200000000000001,1020.6,5.2,9.600000000000001,26.0,93.30000000000001,1,14,14.8,292.2,1800,2.6751088000000003
2026-07-11 02:00:00,-37.3476733333333,12.15189,14.8,1018.7,7.2,9.600000000000001,112.4,36.0,1,32,15.700000000000001,156.70000000000002,1800,3.7039968
2026-07-11 02:30:00,-37.338,12.14318,15.0,1019.3000000000001,8.1,7.9,111.9,20.700000000000003,2,23,13.700000000000001,103.10000000000001,1800,4.1669963999999995
2026-07-11 03:00:00,-37.326105,12.1315966666667,15.0,1019.1,10.100000000000001,9.5,93.30000000000001,19.6,2,55,17.2,82.60000000000001,1800,5.195884400000001
2026-07-11 03:30:00,-37.3378633333333,12.15378,14.5,1017.2,10.8,18.5,327.90000000000003,88.2,3,10,21.8,315.6,1800,5.555995200000001
2026-07-11 04:00:00,-37.34729,12.1793166666667,13.9,1014.1,5.9,11.700000000000001,300.3,72.7,3,30,14.0,44.7,1799,3.0352196000000005
2026-07-11 04:30:00,-37.3426133333333,12.1738983333333,14.100000000000001,1014.8000000000001,6.4,11.5,92.80000000000001,57.2,4,24,14.600000000000001,110.30000000000001,1800,3.2924416
2026-07-11 05:00:00,-37.3319216666667,12.1645566666667,14.9,1018.4000000000001,9.600000000000001,9.5,101.7,19.8,4,52,15.700000000000001,101.2,1800,4.938662400000001
2026-07-11 05:30:00,-37.3281,12.1677833333333,15.100000000000001,1019.4000000000001,11.0,16.8,115.2,81.10000000000001,5,21,25.700000000000003,310.6,1800,5.6588840000000005
2026-07-11 06:00:00,-37.337625,12.1980566666667,15.100000000000001,1018.9000000000001,12.9,25.6,299.5,92.9,5,48,30.1,97.7,1800,6.6363276
2026-07-11 06:30:00,-37.327145,12.1889016666667,15.0,1018.4000000000001,10.100000000000001,9.0,105.2,21.6,6,17,16.1,90.2,1800,5.195884400000001
2026-07-11 07:00:00,-37.316405,12.17819,14.9,1018.4000000000001,14.100000000000001,15.0,91.0,16.1,6,39,23.700000000000003,85.80000000000001,1800,7.253660400000001
2026-07-11 07:30:00,-37.3031,12.1728316666667,14.600000000000001,1017.3000000000001,12.3,17.8,98.9,60.1,7,23,24.6,332.70000000000005,1800,6.3276612000000005
2026-07-11 08:00:00,-37.33585,12.2072783333333,14.9,1019.1,6.5,8.0,310.20000000000005,42.0,7,41,15.4,67.4,1799,3.343886
2026-07-11 08:30:00,-37.3470616666667,12.2190016666667,15.0,1020.3000000000001,4.0,4.0,318.40000000000003,72.3,8,14,9.0,275.1,1800,2.057776
2026-07-11 09:00:00,-37.3337733333333,12.2167566666667,15.0,1019.7,13.4,27.3,67.9,79.0,8,34,31.8,69.2,1800,6.8935496
2026-07-11 09:30:00,-37.3265066666667,12.2088183333333,16.3,1027.3,8.0,7.9,82.2,25.8,9,10,14.100000000000001,136.3,1800,4.115552
2026-07-11 10:00:00,-37.3374333333333,12.23916,16.5,1026.7,10.0,21.1,289.0,93.7,9,40,25.700000000000003,271.6,1800,5.14444
2026-07-11 10:30:00,-37.3246633333333,12.2406833333333,15.100000000000001,1020.1,12.8,62.7,44.800000000000004,91.10000000000001,10,6,38.900000000000006,51.0,1800,6.5848832
2026-07-11 11:00:00,-37.317935,12.2303083333333,15.600000000000001,1023.7,9.200000000000001,16.2,90.4,30.5,10,40,17.0,112.30000000000001,1800,4.732884800000001
2026-07-11 11:30:00,-37.3118516666667,12.22171,16.8,1031.3,5.9,10.200000000000001,111.4,47.6,11,23,14.3,204.10000000000002,1800,3.0352196000000005
2026-07-11 12:00:00,-37.3060966666667,12.2182216666667,17.0,1030.8,6.7,19.5,114.5,61.800000000000004,11,47,19.1,7.300000000000001,1799,3.4467748
2026-07-11 12:30:00,-37.31712,12.2473166666667,16.7,1029.0,4.5,4.800000000000001,286.40000000000003,60.900000000000006,12,9,12.3,293.6,1800,2.314998
2026-07-11 13:00:00,-37.3163616666667,12.2636366666667,16.2,1026.7,6.0,19.1,253.3,90.4,12,46,23.1,192.0,1800,3.086664
2026-07-11 13:30:00,-37.3081733333333,12.254895,16.2,1027.0,6.800000000000001,8.1,92.30000000000001,37.0,13,28,14.200000000000001,88.2,1800,3.4982192000000003
2026-07-11 14:00:00,-37.3019466666667,12.2465516666667,15.700000000000001,1023.9000000000001,9.600000000000001,11.5,69.2,37.4,13,59,17.900000000000002,172.9,1800,4.938662400000001
2026-07-11 14:30:00,-37.309635,12.2825516666667,16.0,1025.1000000000001,9.600000000000001,20.200000000000003,289.7,75.60000000000001,14,21,24.700000000000003,56.400000000000006,1800,4.938662400000001
2026-07-11 15:00:00,-37.29624,12.2751233333333,15.5,1022.4000000000001,10.600000000000001,21.3,99.30000000000001,45.800000000000004,14,56,23.8,137.0,1800,5.453106400000001
2026-07-11 15:30:00,-37.317705,12.28305,16.2,1025.5,6.300000000000001,6.300000000000001,326.0,74.10000000000001,15,26,13.3,94.2,1800,3.2409972000000002
2026-07-11 16:00:00,-37.3079333333333,12.272695,15.5,1022.1,11.9,9.5,79.80000000000001,27.5,15,59,17.400000000000002,70.8,1800,6.1218836
2026-07-11 16:30:00,-37.2969633333333,12.2648216666667,15.3,1020.8000000000001,13.600000000000001,11.9,90.9,33.1,16,3,23.900000000000002,63.800000000000004,1799,6.996438400000001
2026-07-11 17:00:00,-37.287725,12.2559166666667,15.4,1021.1,11.600000000000001,11.5,87.30000000000001,19.3,16,40,17.8,84.60000000000001,1800,5.967550400000001
2026-07-11 17:30:00,-37.2941983333333,12.2706833333333,15.5,1021.6,9.4,39.1,281.6,92.7,17,9,28.900000000000002,351.6,1800,4.8357736000000004
2026-07-11 18:00:00,-37.31567,12.2987466666667,15.8,1023.5,4.5,3.5,298.8,47.300000000000004,17,48,8.700000000000001,15.9,1800,2.314998
2026-07-11 18:30:00,-37.2994016666667,12.29882,15.5,1021.2,15.100000000000001,19.400000000000002,62.2,84.2,18,5,28.8,52.400000000000006,1800,7.768104400000001
2026-07-11 19:00:00,-37.2882883333333,12.29218,15.3,1019.9000000000001,12.9,12.100000000000001,66.7,18.3,18,31,20.0,72.0,1800,6.6363276
2026-07-11 19:30:00,-37.2777333333333,12.2907316666667,15.3,1019.8000000000001,12.0,20.700000000000003,76.0,66.5,19,23,25.700000000000003,318.3,1800,6.173328
2026-07-11 20:00:00,-37.3084533333333,12.3261333333333,15.3,1020.2,12.200000000000001,24.1,329.6,65.9,19,49,30.1,108.80000000000001,1800,6.2762168
2026-07-11 20:30:00,-37.2984916666667,12.3185183333333,15.200000000000001,1019.5,8.3,18.0,74.9,43.6,20,3,18.2,92.9,1799,4.2698852
2026-07-11 21:00:00,-37.2896816666667,12.3128333333333,15.200000000000001,1019.5,7.4,14.200000000000001,72.4,46.1,20,59,17.0,45.900000000000006,1800,3.8068856
2026-07-11 21:30:00,-37.2827983333333,12.3125466666667,15.3,1019.4000000000001,11.100000000000001,37.2,47.300000000000004,87.0,21,18,29.400000000000002,272.90000000000003,1800,5.710328400000001
2026-07-11 22:00:00,-37.3039116666667,12.341595,15.3,1020.2,4.5,3.9000000000000004,305.0,49.5,21,35,10.8,351.70000000000005,1800,2.314998
2026-07-11 22:30:00,-37.3060483333333,12.3511433333333,15.3,1020.2,7.5,37.5,347.90000000000003,88.60000000000001,22,29,23.700000000000003,221.20000000000002,1800,3.85833
2026-07-11 23:00:00,-37.2999433333333,12.338045,15.3,1019.5,13.200000000000001,14.0,47.7,24.8,22,30,26.900000000000002,50.900000000000006,1800,6.7906608
2026-07-11 23:30:00,-37.2922816666667,12.32598,15.3,1019.4000000000001,14.0,14.8,50.7,18.0,23,11,21.0,43.7,1800,7.202216
2026-07-12 00:00:00,-37.283265,12.3208433333333,15.200000000000001,1019.3000000000001,11.4,18.3,64.9,61.400000000000006,23,55,25.6,306.1,1800,5.864661600000001
2026-07-12 00:30:00,-37.29537,12.3807083333333,15.3,1020.4000000000001,8.9,22.0,263.0,27.3,0,28,26.3,184.70000000000002,1799,4.5785516
2026-07-12 01:00:00,-37.2878683333333,12.36917,15.3,1020.1,10.600000000000001,8.8,52.2,36.5,0,30,20.1,39.7,1800,5.453106400000001
2026-07-12 01:30:00,-37.2816633333333,12.3604583333333,15.3,1020.2,8.700000000000001,10.200000000000001,60.6,26.900000000000002,1,28,14.700000000000001,74.8,1800,4.4756628
2026-07-12 02:00:00,-37.2757483333333,12.3500766666667,15.3,1020.2,8.3,9.600000000000001,47.5,29.3,1,44,14.700000000000001,13.0,1800,4.2698852
2026-07-12 02:30:00,-37.28308,12.378815,15.3,1020.2,7.300000000000001,11.100000000000001,288.40000000000003,76.9,2,8,19.700000000000003,262.7,1800,3.7554412000000004
2026-07-12 03:00:00,-37.2827116666667,12.3977033333333,15.3,1020.6,7.4,22.1,294.90000000000003,77.10000000000001,2,48,24.900000000000002,164.20000000000002,1800,3.8068856
2026-07-12 03:30:00,-37.27669,12.3866866666667,15.3,1019.9000000000001,9.4,7.6000000000000005,45.0,42.0,3,27,14.8,53.0,1800,4.8357736000000004
2026-07-12 04:00:00,-37.270525,12.375675,15.3,1019.8000000000001,11.0,5.5,41.300000000000004,15.8,3,44,16.900000000000002,51.0,1800,5.6588840000000005
2026-07-12 04:30:00,-37.272625,12.390275,15.3,1019.9000000000001,8.0,9.1,351.90000000000003,77.10000000000001,4,13,16.7,296.1,1800,4.115552
2026-07-12 05:00:00,-37.27187,12.4095,15.3,1020.5,8.8,17.5,343.5,72.10000000000001,4,44,24.400000000000002,40.800000000000004,1799,4.5271072000000006
2026-07-12 05:30:00,-37.2687583333333,12.400125,15.3,1020.2,9.600000000000001,12.200000000000001,28.900000000000002,53.900000000000006,5,21,17.1,359.3,1800,4.938662400000001
2026-07-12 06:00:00,-37.2789516666667,12.4145466666667,15.200000000000001,1020.0,9.8,18.7,4.4,75.0,5,41,27.6,58.5,1800,5.041551200000001
2026-07-12 06:30:00,-37.2721183333333,12.4054233333333,15.3,1020.3000000000001,8.700000000000001,7.800000000000001,24.200000000000003,24.5,6,28,14.200000000000001,21.400000000000002,1800,4.4756628
2026-07-12 07:00:00,-37.263635,12.3974583333333,15.3,1020.4000000000001,6.1000000000000005,8.6,9.700000000000001,53.2,6,30,12.5,19.5,1800,3.1381084
2026-07-12 07:30:00,-37.266195,12.4082016666667,15.3,1020.6,7.800000000000001,10.3,348.90000000000003,80.5,7,13,18.8,294.40000000000003,1800,4.0126632
2026-07-12 08:00:00,-37.2784133333333,12.434855,15.4,1021.5,3.7,2.5,299.3,37.5,7,56,9.0,297.0,1800,1.9034428
2026-07-12 08:30:00,-37.2756083333333,12.4382516666667,14.3,1015.2,7.9,15.3,336.5,50.400000000000006,8,26,16.0,303.1,1800,4.064107600000001
2026-07-12 09:00:00,-37.2725,12.4399716666667,14.3,1014.7,10.3,9.5,324.20000000000005,26.0,8,49,19.6,350.70000000000005,1799,5.2987732
2026-07-12 09:30:00,-37.270335,12.4330966666667,15.100000000000001,1018.4000000000001,10.9,8.1,32.7,20.5,9,10,19.200000000000003,13.3,1800,5.6074396
2026-07-12 10:00:00,-37.264085,12.4248983333333,16.0,1023.8000000000001,7.4,9.700000000000001,40.7,41.400000000000006,9,35,13.700000000000001,34.7,1800,3.8068856
2026-07-12 10:30:00,-37.2567566666667,12.4152983333333,16.3,1025.3,9.0,14.5,43.900000000000006,56.900000000000006,10,25,21.1,228.3,1800,4.629996
2026-07-12 11:00:00,-37.2711433333333,12.4639616666667,16.7,1027.0,9.200000000000001,13.100000000000001,282.6,56.5,10,53,23.3,15.4,1800,4.732884800000001
2026-07-12 11:30:00,-37.264655,12.4490683333333,16.900000000000002,1028.1000000000001,8.9,10.9,48.800000000000004,27.900000000000002,11,12,16.5,95.10000000000001,1800,4.5785516
2026-07-12 12:00:00,-37.2535183333333,12.4392166666667,16.6,1025.8,4.3,5.5,80.60000000000001,50.6,11,59,9.700000000000001,115.4,1800,2.2121092
2026-07-12 12:30:00,-37.242105,12.4330933333333,16.400000000000002,1025.2,5.4,9.8,77.80000000000001,44.800000000000004,12,28,14.8,58.900000000000006,1800,2.7779976000000004
2026-07-12 13:00:00,-37.2399333333333,12.4363716666667,16.2,1024.0,7.7,18.900000000000002,25.3,71.0,12,45,20.1,312.8,1799,3.9612188
2026-07-12 13:30:00,-37.2598633333333,12.460035,17.0,1027.6000000000001,4.0,2.4000000000000004,324.5,30.700000000000003,13,15,8.3,314.70000000000005,1800,2.057776
2026-07-12 14:00:00,-37.2635816666667,12.4736433333333,17.1,1028.3,5.6000000000000005,7.5,350.5,64.2,13,56,12.5,61.6,1800,2.8808864000000005
2026-07-12 14:30:00,-37.250015,12.4605733333333,16.5,1025.1000000000001,8.200000000000001,7.5,42.300000000000004,20.200000000000003,14,27,13.600000000000001,34.6,1800,4.218440800000001
2026-07-12 15:00:00,-37.23888,12.44726,16.0,1023.2,9.8,10.5,37.1,19.400000000000002,14,45,15.9,30.900000000000002,1800,5.041551200000001
2026-07-12 15:30:00,-37.2543366666667,12.49377,16.400000000000002,1025.1000000000001,6.4,11.5,302.3,53.5,15,26,15.8,285.0,1800,3.2924416
2026-07-12 16:00:00,-37.250615,12.50454,16.0,1023.4000000000001,11.200000000000001,20.700000000000003,329.90000000000003,74.9,15,37,27.900000000000002,339.8,1800,5.761772800000001
2026-07-12 16:30:00,-37.2444566666667,12.4915466666667,15.600000000000001,1021.3000000000001,10.0,3.2,3.9000000000000004,12.9,16,14,14.5,26.8,1800,5.14444
2026-07-12 17:00:00,-37.237615,12.47941,15.5,1021.0,10.3,3.8000000000000003,20.5,10.8,16,37,14.4,7.0,1800,5.2987732
2026-07-12 17:30:00,-37.2340733333333,12.483775,15.5,1021.1,7.800000000000001,12.600000000000001,356.0,75.8,17,16,16.900000000000002,296.90000000000003,1799,4.0126632
2026-07-12 18:00:00,-37.249,12.515035,15.600000000000001,1022.4000000000001,3.7,2.0,298.3,31.1,17,59,8.3,306.7,1800,1.9034428
2026-07-12 18:30:00,-37.2129583333333,12.5958016666667,15.600000000000001,1021.8000000000001,14.8,24.8,245.8,23.400000000000002,18,15,23.8,248.9,1800,7.6137712
2026-07-12 19:00:00,-37.164015,12.6829733333333,15.5,1021.1,16.7,11.3,237.8,10.700000000000001,18,35,23.200000000000003,241.10000000000002,1800,8.5912148
2026-07-12 19:30:00,-37.1184816666667,12.7688116666667,15.5,1020.9000000000001,16.900000000000002,9.8,241.0,10.600000000000001,19,29,22.6,251.8,1800,8.694103600000002
2026-07-12 20:00:00,-37.07176,12.8568266666667,15.4,1020.7,17.400000000000002,9.700000000000001,241.4,9.9,19,37,23.0,237.5,1800,8.9513256
2026-07-12 20:30:00,-37.0230183333333,12.9453133333333,15.4,1020.6,17.7,10.0,239.8,10.9,20,4,24.1,235.70000000000002,1800,9.1056588
2026-07-12 21:00:00,-36.977105,13.0344816666667,15.4,1020.7,17.5,10.5,239.5,11.9,20,50,23.8,245.4,1800,9.00277
2026-07-12 21:30:00,-36.9310266666667,13.1176533333333,15.5,1020.8000000000001,16.3,10.600000000000001,236.8,12.700000000000001,21,17,23.1,235.60000000000002,1799,8.3854372
2026-07-12 22:00:00,-36.88388,13.2018883333333,15.5,1021.1,17.0,11.0,236.0,13.100000000000001,21,54,24.700000000000003,229.5,1800,8.745548
2026-07-12 22:30:00,-36.8355833333333,13.289685,15.600000000000001,1021.0,17.900000000000002,12.4,236.9,12.3,22,5,25.3,239.60000000000002,1800,9.208547600000001
2026-07-12 23:00:00,-36.7893033333333,13.3757233333333,15.600000000000001,1021.1,16.400000000000002,10.600000000000001,236.0,12.700000000000001,22,35,23.700000000000003,231.3,1800,8.436881600000001
2026-07-12 23:30:00,-36.7435616666667,13.460355,15.600000000000001,1021.2,17.400000000000002,10.8,237.9,12.0,23,4,25.1,211.4,1800,8.9513256
2026-07-13 00:00:00,-36.6952983333333,13.545335,15.5,1020.9000000000001,18.3,11.700000000000001,238.3,10.9,23,39,25.200000000000003,251.60000000000002,1800,9.4143252
2026-07-13 00:30:00,-36.650795,13.62834,15.4,1020.6,17.5,9.1,239.4,11.0,0,15,22.900000000000002,244.60000000000002,1800,9.00277
2026-07-13 01:00:00,-36.6038366666667,13.7137133333333,15.4,1020.4000000000001,18.900000000000002,9.0,240.60000000000002,9.4,0,55,25.1,249.70000000000002,1800,9.722991600000002
2026-07-13 01:30:00,-36.5565,13.8014433333333,15.3,1020.0,22.5,8.700000000000001,244.8,7.0,1,8,28.700000000000003,241.10000000000002,1799,11.57499
2026-07-13 02:00:00,-36.5098133333333,13.8863683333333,15.4,1020.4000000000001,22.1,10.0,243.60000000000002,7.4,1,31,28.900000000000002,230.5,1800,11.3692124
2026-07-13 02:30:00,-36.4651683333333,13.9710916666667,15.3,1019.9000000000001,21.0,7.9,244.8,7.6000000000000005,2,21,26.8,249.9,1800,10.803324
2026-07-13 03:00:00,-36.41836,14.0565433333333,15.200000000000001,1019.3000000000001,22.6,7.1000000000000005,246.70000000000002,6.800000000000001,2,58,27.700000000000003,248.60000000000002,1800,11.6264344
2026-07-13 03:30:00,-36.372385,14.1407783333333,15.200000000000001,1019.4000000000001,22.0,8.1,245.3,7.300000000000001,3,12,28.6,247.3,1800,11.317768000000001
2026-07-13 04:00:00,-36.3266116666667,14.2246533333333,15.200000000000001,1019.3000000000001,24.1,9.8,249.10000000000002,7.6000000000000005,3,57,29.6,252.4,1800,12.3981004
2026-07-13 04:30:00,-36.2783283333333,14.3114266666667,15.3,1020.1,24.900000000000002,9.5,249.20000000000002,6.9,4,13,30.900000000000002,250.8,1800,12.809655600000001
2026-07-13 05:00:00,-36.2304683333333,14.3988333333333,15.4,1020.5,24.6,8.9,248.3,6.5,4,45,30.900000000000002,256.90000000000003,1800,12.655322400000001
2026-07-13 05:30:00,-36.1828766666667,14.48655,15.4,1020.4000000000001,24.0,7.0,248.0,6.0,5,10,29.6,259.3,1800,12.346656
2026-07-13 06:00:00,-36.1383816666667,14.5686333333333,15.4,1020.3000000000001,23.200000000000003,8.0,249.3,6.6000000000000005,5,38,28.700000000000003,258.2,1799,11.935100800000003
2026-07-13 06:30:00,-36.0897833333333,14.6554533333333,15.600000000000001,1020.9000000000001,24.6,9.700000000000001,248.8,6.5,6,20,30.3,244.9,1800,12.655322400000001
2026-07-13 07:00:00,-36.0414433333333,14.7452016666667,15.700000000000001,1020.8000000000001,27.0,8.4,252.0,5.800000000000001,6,30,32.300000000000004,257.2,1800,13.889988
2026-07-13 07:30:00,-35.9922716666667,14.83553,15.600000000000001,1020.2,27.700000000000003,8.6,252.70000000000002,5.6000000000000005,7,11,32.4,248.60000000000002,1800,14.250098800000002
2026-07-13 08:00:00,-35.941925,14.9239666666667,15.700000000000001,1020.9000000000001,27.200000000000003,9.1,248.9,5.1000000000000005,7,53,33.6,252.9,1800,13.992876800000001
2026-07-13 08:30:00,-35.8924983333333,15.0159983333333,15.600000000000001,1020.7,26.200000000000003,8.200000000000001,248.60000000000002,5.0,8,19,32.5,249.5,1800,13.478432800000002
2026-07-13 09:00:00,-35.8414533333333,15.1064166666667,15.8,1021.8000000000001,25.6,7.4,246.20000000000002,4.5,8,38,33.800000000000004,242.8,1800,13.1697664
2026-07-13 09:30:00,-35.79293,15.1964716666667,16.0,1022.6,24.0,5.2,246.5,4.3,9,1,28.5,238.8,1800,12.346656
2026-07-13 10:00:00,-35.7446616666667,15.284245,16.0,1023.2,21.900000000000002,5.9,245.10000000000002,5.6000000000000005,9,34,26.700000000000003,246.9,1799,11.266323600000002
2026-07-13 10:30:00,-35.6979216666667,15.3723183333333,16.1,1023.7,23.1,6.5,247.8,5.9,10,20,29.3,238.8,1800,11.883656400000001
2026-07-13 11:00:00,-35.6499733333333,15.4594016666667,16.400000000000002,1024.5,23.200000000000003,6.4,247.3,5.5,10,43,28.5,256.1,1800,11.935100800000003
2026-07-13 11:30:00,-35.6007133333333,15.545965,16.5,1025.2,23.0,6.6000000000000005,246.4,6.0,11,0,28.6,258.5,1800,11.832212
2026-07-13 12:00:00,-35.55226,15.63453,16.6,1025.6000000000001,22.200000000000003,7.2,245.60000000000002,6.2,11,30,27.5,243.9,1800,11.420656800000001
2026-07-13 12:30:00,-35.5051983333333,15.7205216666667,16.7,1026.1000000000001,21.0,6.4,244.9,6.6000000000000005,12,29,25.900000000000002,243.0,1800,10.803324
2026-07-13 13:00:00,-35.4566516666667,15.8057566666667,16.6,1025.5,21.700000000000003,5.9,244.60000000000002,6.1000000000000005,12,49,26.5,237.3,1800,11.163434800000001
2026-07-13 13:30:00,-35.4105366666667,15.892055,16.8,1026.4,19.3,9.4,244.8,6.800000000000001,13,20,24.900000000000002,250.60000000000002,1800,9.928769200000001
2026-07-13 14:00:00,-35.3613616666667,15.978085,16.8,1026.7,18.400000000000002,12.8,239.5,11.5,13,43,25.200000000000003,251.20000000000002,1799,9.465769600000002
2026-07-13 14:30:00,-35.312475,16.067215,17.0,1027.6000000000001,16.1,5.7,239.3,9.600000000000001,14,18,21.1,232.20000000000002,1800,8.282548400000001
2026-07-13 15:00:00,-35.262795,16.1558283333333,17.0,1027.6000000000001,16.1,5.4,239.20000000000002,9.3,14,53,20.900000000000002,223.4,1800,8.282548400000001
2026-07-13 15:30:00,-35.2148266666667,16.2430266666667,16.900000000000002,1026.9,16.3,5.2,240.60000000000002,8.700000000000001,15,17,21.0,251.0,1800,8.3854372
2026-07-13 16:00:00,-35.1673466666667,16.3300133333333,16.7,1025.8,17.0,5.800000000000001,241.4,8.700000000000001,15,33,21.400000000000002,246.60000000000002,1800,8.745548
2026-07-13 16:30:00,-35.12139,16.41732,16.3,1024.4,17.6,7.5,243.10000000000002,9.1,16,14,22.8,246.4,1800,9.054214400000001
2026-07-13 17:00:00,-35.073375,16.4988483333333,16.1,1023.4000000000001,19.400000000000002,6.300000000000001,243.5,7.800000000000001,16,46,23.6,241.5,1800,9.9802136
2026-07-13 17:30:00,-35.02879,16.5818783333333,16.1,1023.8000000000001,13.9,5.6000000000000005,239.60000000000002,10.0,17,20,18.6,250.9,1800,7.150771600000001
2026-07-13 18:00:00,-34.981955,16.66525,15.9,1023.1,14.3,5.5,238.70000000000002,9.600000000000001,17,54,18.5,232.20000000000002,1800,7.356549200000001
2026-07-13 18:30:00,-34.935415,16.74973,15.8,1022.8000000000001,15.0,7.800000000000001,238.20000000000002,11.200000000000001,18,29,20.5,239.5,1799,7.71666
2026-07-13 19:00:00,-34.8907883333333,16.8294583333333,15.4,1020.7,16.1,9.600000000000001,237.5,12.8,18,56,21.6,241.5,1800,8.282548400000001
2026-07-13 19:30:00,-34.8440966666667,16.9109783333333,15.3,1020.4000000000001,18.0,9.9,239.9,10.700000000000001,19,18,25.400000000000002,228.0,1800,9.259992
2026-07-13 20:00:00,-34.7982366666667,16.995645,15.3,1020.0,17.900000000000002,11.3,241.60000000000002,10.5,19,47,25.3,258.1,1800,9.208547600000001
2026-07-13 20:30:00,-34.7524766666667,17.0787116666667,15.200000000000001,1020.5,16.1,12.100000000000001,239.4,11.4,20,2,26.0,239.0,1800,8.282548400000001
2026-07-13 21:00:00,-34.7039983333333,17.1616033333333,15.200000000000001,1020.5,14.9,5.9,238.60000000000002,10.3,20,31,21.5,242.60000000000002,1800,7.665215600000001
2026-07-13 21:30:00,-34.6779683333333,17.255195,15.0,1019.9000000000001,13.9,6.1000000000000005,253.5,12.4,21,11,18.6,241.5,1800,7.150771600000001
2026-07-13 22:00:00,-34.6299983333333,17.3366066666667,15.0,1019.7,14.5,7.2,236.8,12.8,21,31,20.200000000000003,229.3,1800,7.4594380000000005
2026-07-13 22:30:00,-34.572025,17.41336,15.0,1019.7,14.200000000000001,5.9,229.8,10.100000000000001,22,0,19.6,238.9,1799,7.3051048000000005
2026-07-13 23:00:00,-34.52117,17.4943133333333,14.9,1019.5,13.9,6.7,234.5,11.700000000000001,22,52,20.1,237.5,1800,7.150771600000001
2026-07-13 23:30:00,-34.4743333333333,17.57387,14.8,1019.2,12.9,5.0,235.3,12.100000000000001,23,17,17.8,237.3,1800,6.6363276
2026-07-14 00:00:00,-34.4278333333333,17.6542966666667,15.0,1020.1,11.8,5.1000000000000005,233.3,12.3,23,59,18.7,238.60000000000002,1800,6.070439200000001
2026-07-14 00:30:00,-34.3828466666667,17.73474,14.9,1019.5,14.600000000000001,7.4,239.20000000000002,10.8,0,27,20.200000000000003,258.0,1800,7.510882400000001
2026-07-14 01:00:00,-34.3379883333333,17.8152966666667,14.4,1016.9000000000001,14.700000000000001,6.1000000000000005,239.5,10.600000000000001,0,37,19.3,242.20000000000002,1800,7.562326800000001
2026-07-14 01:30:00,-34.29488,17.89437,14.0,1015.6,15.5,7.1000000000000005,241.3,10.3,1,29,20.900000000000002,244.4,1800,7.973882000000001
2026-07-14 02:00:00,-34.254675,17.9657533333333,13.200000000000001,1012.0,15.700000000000001,9.3,240.3,11.700000000000001,1,35,21.200000000000003,237.70000000000002,1800,8.0767708
2026-07-14 02:30:00,-34.2145733333333,18.0397816666667,12.5,1010.2,14.200000000000001,12.5,236.3,12.9,2,0,22.900000000000002,231.9,1799,7.3051048000000005
2026-07-14 03:00:00,-34.174195,18.11074,11.9,1008.5,11.700000000000001,10.9,229.60000000000002,14.700000000000001,2,34,19.700000000000003,232.4,1800,6.018994800000001
2026-07-14 03:30:00,-34.127645,18.1784966666667,11.3,1005.4000000000001,15.200000000000001,17.3,229.8,15.5,3,25,24.900000000000002,223.70000000000002,1800,7.819548800000001
2026-07-14 04:00:00,-34.06633,18.22469,11.200000000000001,1004.3000000000001,18.5,11.600000000000001,215.5,9.700000000000001,3,39,25.1,211.20000000000002,1800,9.517214000000001
2026-07-14 04:30:00,-34.000855,18.27015,11.4,1005.2,16.7,13.4,209.3,13.0,4,1,24.700000000000003,212.20000000000002,1800,8.5912148
2026-07-14 05:00:00,-33.9305133333333,18.31909,11.600000000000001,1006.5,18.7,15.3,211.9,9.5,4,51,26.200000000000003,216.4,1800,9.6201028
2026-07-14 05:30:00,-33.875065,18.375885,11.3,1005.2,19.700000000000003,9.600000000000001,225.9,20.1,5,5,27.1,270.0,1800,10.134546800000003
2026-07-14 06:00:00,-33.8772083333333,18.441255,11.100000000000001,1005.5,8.200000000000001,22.700000000000003,266.8,23.5,5,36,19.0,27.400000000000002,1800,4.218440800000001
2026-07-14 06:30:00,-33.8840383333333,18.449785,10.8,1004.6,3.8000000000000003,3.0,0.5,52.5,6,12,10.100000000000001,26.6,1800,1.9548872000000002
2026-07-14 07:00:00,-33.8839683333333,18.4501666666667,10.8,1003.8000000000001,5.4,4.0,21.8,20.1,6,34,11.100000000000001,12.9,1799,2.7779976000000004
2026-07-14 07:30:00,-33.88394,18.4492333333333,11.100000000000001,1004.4000000000001,5.7,5.300000000000001,29.8,21.900000000000002,7,17,11.0,48.5,1800,2.9323308000000003
2026-07-14 08:00:00,-33.884105,18.4493866666667,11.3,1005.3000000000001,7.1000000000000005,11.600000000000001,49.400000000000006,25.3,7,38,15.200000000000001,30.6,1800,3.6525524000000003
2026-07-14 08:30:00,-33.884155,18.4495116666667,11.8,1007.7,5.9,11.0,41.300000000000004,34.1,8,14,15.200000000000001,32.7,1800,3.0352196000000005
2026-07-14 09:00:00,-33.8840483333333,18.44881,12.200000000000001,1009.0,6.800000000000001,9.5,38.0,24.6,8,33,14.5,317.90000000000003,1800,3.4982192000000003
2026-07-14 09:30:00,-33.8842,18.449285,12.700000000000001,1011.2,7.800000000000001,13.4,33.800000000000004,24.900000000000002,9,8,15.9,34.6,1800,4.0126632
2026-07-14 10:00:00,-33.8562616666667,18.4105916666667,12.700000000000001,1011.0,18.400000000000002,64.4,122.80000000000001,61.7,9,53,31.5,111.2,1800,9.465769600000002
2026-07-14 10:30:00,-33.878825,18.298115,13.3,1013.1,22.0,7.300000000000001,86.80000000000001,20.6,10,10,27.8,54.6,1800,11.317768000000001
2026-07-14 11:00:00,-33.9662933333333,18.2307783333333,13.5,1013.7,21.5,3.5,47.900000000000006,6.7,10,32,27.0,47.400000000000006,1799,11.060546
2026-07-14 11:30:00,-34.0307633333333,18.1416133333333,12.600000000000001,1010.4000000000001,27.6,13.200000000000001,72.5,14.5,11,28,34.9,81.0,1800,14.1986544
2026-07-14 12:00:00,-34.07915,18.03697,12.4,1009.6,31.6,7.2,85.9,3.7,11,39,36.6,89.60000000000001,1800,16.256430400000003
2026-07-14 12:30:00,-34.125245,17.9309333333333,13.600000000000001,1014.7,28.700000000000003,6.5,88.4,3.8000000000000003,12,21,34.2,91.0,1800,14.764542800000001
2026-07-14 13:00:00,-34.1679533333333,17.843145,14.5,1018.2,26.0,49.7,92.0,26.900000000000002,12,45,34.7,348.6,1800,13.375544
2026-07-14 13:30:00,-34.19264,17.79345,15.5,1022.8000000000001,16.5,11.8,103.7,24.900000000000002,13,24,24.0,105.4,1800,8.488326
2026-07-14 14:00:00,-34.23017,17.7145866666667,15.600000000000001,1022.8000000000001,21.400000000000002,41.7,98.5,29.1,13,59,31.8,78.10000000000001,1800,11.009101600000001
2026-07-14 14:30:00,-34.28295,17.6036766666667,16.1,1024.6000000000001,30.6,5.0,79.10000000000001,4.0,14,20,34.9,71.60000000000001,1800,15.741986400000002
2026-07-14 15:00:00,-34.3338316666667,17.4911916666667,16.5,1026.4,30.200000000000003,12.200000000000001,77.4,4.4,14,57,37.0,81.4,1800,15.536208800000002
2026-07-14 15:30:00,-34.3843166666667,17.3830316666667,16.1,1024.4,31.700000000000003,13.700000000000001,76.5,5.4,15,25,40.0,75.4,1799,16.3078748
2026-07-14 16:00:00,-34.4386616666667,17.2727866666667,16.2,1024.8,30.1,13.9,71.2,4.800000000000001,15,31,39.0,68.2,1800,15.484764400000001
2026-07-14 16:30:00,-34.491,17.1561633333333,16.0,1023.9000000000001,31.5,20.900000000000002,73.7,5.0,16,28,43.800000000000004,76.60000000000001,1800,16.204986
2026-07-14 17:00:00,-34.5448383333333,17.0421483333333,15.9,1022.7,33.0,14.700000000000001,73.60000000000001,4.7,16,50,43.2,74.0,1800,16.976652
2026-07-14 17:30:00,-34.5984716666667,16.9312433333333,16.0,1023.1,36.4,14.5,76.4,4.6000000000000005,17,23,44.300000000000004,78.2,1800,18.7257616
2026-07-14 18:00:00,-34.65205,16.8191,16.1,1023.5,36.300000000000004,15.200000000000001,76.10000000000001,4.9,17,45,45.2,79.7,1800,18.674317200000004
2026-07-14 18:30:00,-34.7035933333333,16.70358,16.1,1023.6,33.800000000000004,14.600000000000001,75.3,4.7,18,17,46.800000000000004,69.5,1800,17.388207200000004
2026-07-14 19:00:00,-34.7565016666667,16.5901416666667,15.9,1022.2,35.800000000000004,14.4,76.2,4.4,18,31,46.300000000000004,75.9,1800,18.417095200000002
2026-07-14 19:30:00,-34.810085,16.4772016666667,16.1,1023.4000000000001,38.7,10.5,80.30000000000001,4.5,19,15,44.900000000000006,81.9,1799,19.9089828
2026-07-14 20:00:00,-34.8594133333333,16.3669416666667,15.8,1021.6,31.6,32.7,73.4,6.2,19,32,45.6,71.8,1800,16.256430400000003
2026-07-14 20:30:00,-34.9093883333333,16.2612366666667,16.1,1022.9000000000001,29.6,6.6000000000000005,70.4,3.9000000000000004,20,6,36.2,69.2,1800,15.2275424
2026-07-14 21:00:00,-34.9607316666667,16.1566033333333,16.5,1025.2,29.700000000000003,6.6000000000000005,69.7,3.8000000000000003,20,38,35.800000000000004,68.8,1800,15.278986800000002
2026-07-14 21:30:00,-35.01071,16.0490016666667,16.7,1026.2,29.700000000000003,12.4,71.10000000000001,4.800000000000001,21,14,41.0,77.4,1800,15.278986800000002
2026-07-14 22:00:00,-35.0564416666667,15.9497,16.3,1024.4,31.900000000000002,18.5,74.60000000000001,4.4,21,42,43.400000000000006,70.0,1800,16.410763600000003
2026-07-14 22:30:00,-35.06392,15.9305383333333,16.3,1024.7,14.9,45.400000000000006,84.5,67.3,22,29,32.800000000000004,90.80000000000001,1800,7.665215600000001
2026-07-14 23:00:00,-35.09511,15.8859316666667,16.0,1022.4000000000001,26.700000000000003,7.1000000000000005,77.2,7.800000000000001,22,35,31.700000000000003,62.1,1800,13.735654800000002
2026-07-14 23:30:00,-35.1279333333333,15.842425,15.9,1022.3000000000001,27.0,9.9,71.3,6.9,23,18,34.800000000000004,75.3,1799,13.889988
2026-07-15 00:00:00,-35.1626283333333,15.7967416666667,16.0,1022.6,26.400000000000002,8.4,71.2,7.1000000000000005,23,37,31.900000000000002,71.10000000000001,1800,13.5813216
2026-07-15 00:30:00,-35.1969733333333,15.751625,16.1,1023.5,27.400000000000002,11.700000000000001,71.5,6.9,0,26,34.6,81.10000000000001,1800,14.095765600000002
2026-07-15 01:00:00,-35.2307633333333,15.7053283333333,15.8,1021.6,28.3,9.3,75.0,6.7,0,34,34.2,74.4,1800,14.5587652
2026-07-15 01:30:00,-35.26584,15.6595466666667,15.9,1021.9000000000001,26.700000000000003,7.2,74.8,6.5,1,29,32.300000000000004,78.7,1800,13.735654800000002
2026-07-15 02:00:00,-35.2990316666667,15.6143283333333,15.4,1020.1,18.0,33.800000000000004,57.800000000000004,13.5,1,34,33.9,59.7,1800,9.259992
2026-07-15 02:30:00,-35.3341916666667,15.5695233333333,14.9,1018.8000000000001,17.0,11.700000000000001,52.0,12.5,2,4,23.0,45.0,1800,8.745548
2026-07-15 03:00:00,-35.368505,15.522665,14.600000000000001,1017.7,15.700000000000001,11.3,53.0,13.4,2,44,22.1,40.400000000000006,1800,8.0767708
2026-07-15 03:30:00,-35.4024233333333,15.4776133333333,14.5,1017.8000000000001,14.3,10.9,49.2,15.600000000000001,3,26,20.6,38.6,1800,7.356549200000001
2026-07-15 04:00:00,-35.4363216666667,15.4316366666667,14.700000000000001,1018.7,14.9,14.0,50.0,15.4,3,31,22.6,51.400000000000006,1799,7.665215600000001
2026-07-15 04:30:00,-35.4700366666667,15.3856533333333,15.0,1019.5,15.100000000000001,14.0,50.900000000000006,15.600000000000001,4,13,22.6,46.900000000000006,1800,7.768104400000001
2026-07-15 05:00:00,-35.504135,15.3408466666667,15.200000000000001,1020.1,17.1,15.4,52.0,13.100000000000001,4,33,25.3,54.400000000000006,1800,8.7969924
2026-07-15 05:30:00,-35.5387183333333,15.2959633333333,15.200000000000001,1020.0,14.600000000000001,15.3,48.400000000000006,16.5,5,10,24.700000000000003,57.2,1800,7.510882400000001
2026-07-15 06:00:00,-35.5720416666667,15.2509033333333,15.200000000000001,1020.1,14.3,14.5,48.900000000000006,17.5,5,59,23.5,64.7,1800,7.356549200000001
2026-07-15 06:30:00,-35.606265,15.2068233333333,15.0,1019.2,14.9,14.3,49.300000000000004,14.9,6,22,23.200000000000003,53.5,1800,7.665215600000001
2026-07-15 07:00:00,-35.64024,15.1614116666667,15.100000000000001,1019.2,13.600000000000001,14.0,48.0,16.400000000000002,6,32,21.1,62.0,1800,6.996438400000001
2026-07-15 07:30:00,-35.6748833333333,15.115625,15.4,1020.4000000000001,14.100000000000001,12.8,49.6,15.200000000000001,7,13,21.200000000000003,45.5,1800,7.253660400000001
2026-07-15 08:00:00,-35.7093033333333,15.069435,15.9,1022.8000000000001,13.200000000000001,11.100000000000001,48.6,16.7,7,48,19.700000000000003,64.9,1799,6.7906608
2026-07-15 08:30:00,-35.7432033333333,15.02451,16.1,1022.4000000000001,12.5,9.3,47.900000000000006,17.3,8,27,18.400000000000002,37.7,1187,6.43055
2026-07-15 09:00:00,-35.7766683333333,14.978275,16.7,1026.2,12.100000000000001,12.100000000000001,50.400000000000006,18.6,8,35,18.8,53.5,1800,6.224772400000001
2026-07-15 09:30:00,-35.81156,14.9316283333333,16.7,1026.2,12.600000000000001,11.5,52.1,17.2,9,18,18.8,55.800000000000004,1800,6.4819944000000005
2026-07-15 10:00:00,-35.845655,14.9046966666667,17.2,1028.8,13.100000000000001,23.5,39.2,41.300000000000004,9,56,28.400000000000002,228.5,1799,6.739216400000001
2026-07-15 10:30:00,-35.8336383333333,14.921075,15.600000000000001,1023.9000000000001,4.0,3.0,245.3,45.300000000000004,10,19,8.4,276.6,1800,2.057776
2026-07-15 11:00:00,-35.8331016666667,14.9267933333333,15.4,1023.8000000000001,3.4000000000000004,3.0,270.5,57.0,10,53,8.9,215.5,1800,1.7491096000000002
2026-07-15 11:30:00,-35.8335233333333,14.92997,15.4,1023.6,3.7,3.9000000000000004,286.40000000000003,61.400000000000006,11,29,8.5,75.60000000000001,1800,1.9034428
2026-07-15 12:00:00,-35.8324883333333,14.9337316666667,15.3,1023.7,3.8000000000000003,4.0,296.8,52.0,11,50,10.0,52.900000000000006,1800,1.9548872000000002
2026-07-15 12:30:00,-35.8323133333333,14.936575,15.200000000000001,1023.1,4.4,5.5,304.0,40.1,12,12,11.600000000000001,166.5,1800,2.2635536000000003
2026-07-15 13:00:00,-35.8319533333333,14.9392766666667,15.200000000000001,1022.8000000000001,3.8000000000000003,3.5,305.2,46.5,12,33,9.0,286.1,1800,1.9548872000000002
2026-07-15 13:30:00,-35.8305516666667,14.943035,15.200000000000001,1022.3000000000001,3.8000000000000003,3.6,302.1,42.800000000000004,13,25,9.5,294.40000000000003,1800,1.9548872000000002
2026-07-15 14:00:00,-35.8292433333333,14.9464866666667,15.200000000000001,1021.6,4.0,3.9000000000000004,302.7,49.900000000000006,13,48,10.0,307.1,1800,2.057776
2026-07-15 14:30:00,-35.8289433333333,14.9540366666667,15.200000000000001,1021.3000000000001,4.6000000000000005,3.4000000000000004,294.7,42.400000000000006,14,7,9.4,68.4,1799,2.3664424000000004
2026-07-15 15:00:00,-35.8454183333333,14.9479433333333,15.9,1023.8000000000001,5.6000000000000005,7.2,227.3,50.900000000000006,14,38,13.100000000000001,49.1,1800,2.8808864000000005
2026-07-15 15:30:00,-35.8635,14.940865,15.600000000000001,1022.4000000000001,5.6000000000000005,9.200000000000001,226.3,62.5,15,20,13.8,313.70000000000005,1800,2.8808864000000005
2026-07-15 16:00:00,-35.882925,14.9335183333333,15.3,1021.1,5.9,8.1,246.8,70.2,15,54,14.200000000000001,234.10000000000002,1800,3.0352196000000005
2026-07-15 16:30:00,-35.9006383333333,14.9278283333333,14.8,1018.7,6.0,6.6000000000000005,253.10000000000002,63.0,16,16,13.5,243.10000000000002,1800,3.086664
2026-07-15 17:00:00,-35.9250266666667,14.90038,14.600000000000001,1018.1,13.0,21.400000000000002,57.1,61.400000000000006,16,56,23.400000000000002,115.7,1800,6.687772
2026-07-15 17:30:00,-35.95146,14.84858,14.5,1017.9000000000001,17.6,11.600000000000001,74.10000000000001,15.100000000000001,17,9,24.0,80.0,1800,9.054214400000001
2026-07-15 18:00:00,-35.98091,14.7967516666667,14.5,1017.4000000000001,18.3,8.700000000000001,77.60000000000001,11.700000000000001,17,44,26.5,90.7,1800,9.4143252
2026-07-15 18:30:00,-36.0099716666667,14.7445316666667,14.5,1017.6,18.8,7.1000000000000005,84.60000000000001,10.5,18,12,25.200000000000003,82.2,1799,9.671547200000001
2026-07-15 19:00:00,-36.0383566666667,14.693395,14.700000000000001,1018.1,22.6,11.600000000000001,84.30000000000001,9.3,18,52,29.900000000000002,93.80000000000001,1800,11.6264344
2026-07-15 19:30:00,-36.0663983333333,14.6428383333333,14.9,1018.5,24.900000000000002,12.5,83.10000000000001,10.100000000000001,19,27,31.6,86.30000000000001,1800,12.809655600000001
2026-07-15 20:00:00,-36.0947366666667,14.59294,15.0,1018.9000000000001,25.900000000000002,13.3,79.30000000000001,11.3,19,57,32.4,88.5,1800,13.324099600000002
2026-07-15 20:30:00,-36.1219383333333,14.5411666666667,15.100000000000001,1019.3000000000001,26.5,13.200000000000001,81.0,10.0,20,0,34.300000000000004,75.3,1800,13.632766
2026-07-15 21:00:00,-36.1503016666667,14.4923483333333,15.200000000000001,1019.6,26.5,17.5,76.9,12.5,20,52,34.0,71.0,1800,13.632766
2026-07-15 21:30:00,-36.17363,14.441925,15.3,1020.2,25.400000000000002,24.3,77.4,11.5,21,14,33.7,74.2,1800,13.066877600000002
2026-07-15 22:00:00,-36.201645,14.3925016666667,15.200000000000001,1020.0,25.5,20.6,70.60000000000001,9.9,21,45,35.2,64.2,1800,13.118322000000001
2026-07-15 22:30:00,-36.2322733333333,14.338415,15.0,1019.3000000000001,24.700000000000003,28.0,69.5,9.600000000000001,22,4,35.0,81.2,1799,12.706766800000002
2026-07-15 23:00:00,-36.26222,14.2849183333333,14.700000000000001,1017.5,27.900000000000002,18.2,75.2,9.5,22,47,35.5,74.8,1800,14.352987600000002
2026-07-15 23:30:00,-36.2902,14.2337683333333,14.600000000000001,1017.5,29.6,13.4,81.4,10.8,23,28,36.2,98.0,1800,15.2275424
2026-07-16 00:00:00,-36.31969,14.18078,14.600000000000001,1017.6,31.0,11.700000000000001,81.4,8.700000000000001,23,44,38.300000000000004,66.7,1800,15.947764000000001
2026-07-16 00:30:00,-36.34702,14.1268383333333,14.600000000000001,1017.7,29.3,11.100000000000001,83.5,8.200000000000001,0,0,35.6,84.30000000000001,1800,15.0732092
2026-07-16 01:00:00,-36.3749883333333,14.0735616666667,14.8,1018.4000000000001,28.0,15.0,79.80000000000001,9.9,0,39,35.9,70.60000000000001,1800,14.404432
2026-07-16 01:30:00,-36.40389,14.0205766666667,15.100000000000001,1019.5,27.3,16.0,78.2,10.600000000000001,1,26,35.300000000000004,65.9,1800,14.0443212
2026-07-16 02:00:00,-36.43342,13.9665766666667,14.9,1018.2,29.3,10.600000000000001,81.80000000000001,8.6,1,40,36.6,93.7,1800,15.0732092
2026-07-16 02:30:00,-36.4628933333333,13.9169166666667,15.0,1018.6,28.900000000000002,10.3,79.2,8.4,2,18,35.800000000000004,89.0,1800,14.867431600000002
2026-07-16 03:00:00,-36.4900366666667,13.86478,15.0,1019.0,27.6,13.4,78.7,9.200000000000001,2,56,34.5,68.8,1799,14.1986544
2026-07-16 03:30:00,-36.5181966666667,13.813335,15.200000000000001,1019.9000000000001,29.700000000000003,11.4,80.5,7.9,3,18,36.6,82.30000000000001,1800,15.278986800000002
2026-07-16 04:00:00,-36.5436016666667,13.8401416666667,15.200000000000001,1020.6,10.700000000000001,50.400000000000006,162.0,80.80000000000001,3,31,32.9,165.20000000000002,1800,5.5045508000000005
2026-07-16 04:30:00,-36.49821,13.91945,15.5,1022.9000000000001,9.600000000000001,7.7,234.4,25.0,4,26,19.3,247.3,1800,4.938662400000001
2026-07-16 05:00:00,-36.4447216666667,14.00876,15.600000000000001,1023.3000000000001,11.3,5.7,238.9,13.3,4,34,19.3,241.4,1800,5.8132172
2026-07-16 05:30:00,-36.3912466666667,14.09617,15.9,1024.4,10.8,5.2,238.3,15.5,5,18,20.5,236.9,1800,5.555995200000001
2026-07-16 06:00:00,-36.3507716666667,14.1673883333333,15.9,1024.6000000000001,8.8,9.0,240.20000000000002,22.3,5,43,15.0,275.0,1800,4.5271072000000006
2026-07-16 06:30:00,-36.33704,14.199575,16.0,1024.2,5.4,5.9,251.60000000000002,40.7,6,27,11.9,238.0,1800,2.7779976000000004
2026-07-16 07:00:00,-36.33276,14.206455,16.0,1024.0,7.0,13.0,311.70000000000005,55.400000000000006,6,55,18.6,329.40000000000003,1799,3.601108
2026-07-16 07:30:00,-36.34031,14.2111816666667,16.0,1023.6,11.8,25.5,284.5,41.2,7,13,20.6,265.6,1800,6.070439200000001
2026-07-16 08:00:00,-36.351815,14.210345,16.0,1024.1000000000001,12.9,24.6,281.1,23.1,7,52,22.900000000000002,253.20000000000002,1800,6.6363276
2026-07-16 08:30:00,-36.3649333333333,14.2135283333333,16.1,1024.1000000000001,14.0,24.8,270.40000000000003,26.8,8,22,23.3,256.40000000000003,1800,7.202216
2026-07-16 09:00:00,-36.3687916666667,14.248235,15.9,1023.4000000000001,10.4,26.1,179.10000000000002,61.0,8,31,28.3,123.10000000000001,1800,5.350217600000001
2026-07-16 09:30:00,-36.392075,14.1952116666667,16.400000000000002,1025.6000000000001,23.1,12.200000000000001,79.60000000000001,12.600000000000001,9,2,31.400000000000002,76.4,1800,11.883656400000001
2026-07-16 10:00:00,-36.415805,14.143145,16.400000000000002,1025.6000000000001,22.900000000000002,10.700000000000001,78.10000000000001,7.0,9,42,29.400000000000002,79.5,1800,11.7807676
2026-07-16 10:30:00,-36.4415733333333,14.0898233333333,16.5,1026.3,22.5,8.4,77.4,9.5,10,27,28.8,81.30000000000001,1800,11.57499
2026-07-16 11:00:00,-36.467275,14.0365083333333,16.5,1025.9,23.1,11.100000000000001,76.3,7.300000000000001,10,46,29.8,74.9,1799,11.883656400000001
2026-07-16 11:30:00,-36.4933666666667,13.981655,17.1,1029.2,15.200000000000001,58.1,66.60000000000001,13.3,11,11,27.900000000000002,59.400000000000006,1800,7.819548800000001
2026-07-16 12:00:00,-36.5200633333333,13.92683,18.5,1035.9,7.300000000000001,1.4000000000000001,55.7,10.0,11,40,9.4,66.4,1800,3.7554412000000004
2026-07-16 12:30:00,-36.5458416666667,13.8716283333333,18.3,1035.7,7.300000000000001,1.6,57.300000000000004,9.8,12,20,9.8,54.0,1800,3.7554412000000004
2026-07-16 13:00:00,-36.572005,13.816505,18.400000000000002,1035.7,7.4,1.8,56.2,10.3,12,41,10.0,26.900000000000002,1800,3.8068856
2026-07-16 13:30:00,-36.5993333333333,13.7613183333333,18.400000000000002,1035.4,7.4,1.6,54.800000000000004,10.200000000000001,13,29,9.8,52.7,1800,3.8068856
2026-07-16 14:00:00,-36.6271416666667,13.7028466666667,18.3,1034.9,8.1,1.5,53.900000000000006,9.0,13,40,10.200000000000001,64.9,1800,4.1669963999999995
2026-07-16 14:30:00,-36.656355,13.6450366666667,18.400000000000002,1034.8,8.3,1.2000000000000002,53.0,9.1,14,4,10.200000000000001,55.6,1800,4.2698852
2026-07-16 15:00:00,-36.6814166666667,13.5896816666667,18.3,1034.2,7.800000000000001,1.3,55.800000000000004,9.600000000000001,14,48,10.0,43.2,1800,4.0126632
2026-07-16 15:30:00,-36.7066733333333,13.5367316666667,18.2,1034.1000000000001,7.6000000000000005,1.8,54.800000000000004,10.4,15,4,18.3,51.5,1799,3.9097744000000003
2026-07-16 16:00:00,-36.7326083333333,13.482205,18.1,1033.5,7.7,2.1,54.5,11.600000000000001,15,32,17.7,41.6,1800,3.9612188
2026-07-16 16:30:00,-36.7589616666667,13.4272983333333,17.0,1027.8,17.2,27.8,68.3,10.700000000000001,16,22,25.700000000000003,88.9,1800,8.8484368
2026-07-16 17:00:00,-36.7840483333333,13.37425,16.3,1024.1000000000001,19.3,13.100000000000001,72.60000000000001,9.0,16,51,25.6,82.0,1800,9.928769200000001
2026-07-16 17:30:00,-36.8098816666667,13.3197016666667,16.3,1024.0,20.5,12.3,72.9,8.200000000000001,17,15,27.5,75.8,1800,10.546102
2026-07-16 18:00:00,-36.8361066666667,13.264295,16.2,1024.0,20.400000000000002,10.4,72.2,8.0,17,43,26.200000000000003,86.9,1800,10.494657600000002
2026-07-16 18:30:00,-36.862445,13.2090883333333,16.2,1023.8000000000001,19.700000000000003,11.100000000000001,70.8,8.3,18,29,24.900000000000002,75.4,1800,10.134546800000003
2026-07-16 19:00:00,-36.8890416666667,13.1549766666667,16.2,1024.2,20.0,11.200000000000001,70.10000000000001,7.9,18,58,25.700000000000003,69.10000000000001,1800,10.28888
2026-07-16 19:30:00,-36.9149066666667,13.0996816666667,16.2,1024.0,19.200000000000003,10.3,70.9,8.0,19,23,25.400000000000002,64.9,1799,9.877324800000002
2026-07-16 20:00:00,-36.9432783333333,13.0703033333333,16.2,1024.0,17.1,42.5,71.4,51.2,19,50,30.3,171.10000000000002,1800,8.7969924
2026-07-16 20:30:00,-36.935615,13.065275,16.2,1024.8,9.3,16.8,146.20000000000002,43.300000000000004,20,20,20.900000000000002,110.4,1800,4.7843292
2026-07-16 21:00:00,-36.9395283333333,13.0635716666667,16.3,1024.7,7.6000000000000005,18.0,309.5,55.800000000000004,20,51,16.900000000000002,317.70000000000005,1800,3.9097744000000003
2026-07-16 21:30:00,-36.9287666666667,13.0596033333333,16.3,1025.1000000000001,8.4,12.5,259.1,79.0,21,12,16.3,169.9,1800,4.3213296
2026-07-16 22:00:00,-36.9261916666667,13.0589033333333,16.400000000000002,1025.2,7.300000000000001,11.4,315.40000000000003,56.2,21,56,15.9,357.5,1800,3.7554412000000004
2026-07-16 22:30:00,-36.9345366666667,13.061645,16.5,1025.5,10.9,19.8,295.5,30.3,22,20,19.3,280.5,1800,5.6074396
2026-07-16 23:00:00,-36.9441666666667,13.060915,16.400000000000002,1024.9,11.0,19.900000000000002,288.40000000000003,28.700000000000003,22,48,18.400000000000002,275.3,1800,5.6588840000000005
2026-07-16 23:30:00,-36.95762,13.063405,16.0,1022.7,12.9,8.4,277.2,12.5,23,4,18.7,267.2,1799,6.6363276
2026-07-17 00:00:00,-36.9628433333333,13.06682,16.1,1023.7,7.4,11.9,303.2,60.400000000000006,23,39,14.3,340.5,1800,3.8068856
2026-07-17 00:30:00,-36.9353716666667,13.065815,16.400000000000002,1025.5,7.6000000000000005,17.1,194.5,97.0,0,29,20.900000000000002,148.8,1800,3.9097744000000003
2026-07-17 01:00:00,-36.923175,13.00544,16.400000000000002,1025.4,16.900000000000002,12.4,111.9,12.5,0,35,24.900000000000002,126.5,1800,8.694103600000002
2026-07-17 01:30:00,-36.912655,12.943735,16.5,1025.4,17.2,10.9,110.2,10.3,1,13,23.6,106.60000000000001,1800,8.8484368
2026-07-17 02:00:00,-36.9022516666667,12.8842116666667,16.5,1025.3,17.900000000000002,10.5,111.60000000000001,9.600000000000001,1,51,25.400000000000002,115.4,1800,9.208547600000001
2026-07-17 02:30:00,-36.89247,12.8249516666667,16.3,1024.2,20.1,11.8,112.2,7.7,2,21,26.900000000000002,107.5,1800,10.340324400000002
2026-07-17 03:00:00,-36.8824716666667,12.764085,16.1,1023.5,20.400000000000002,13.0,111.9,7.6000000000000005,2,57,28.900000000000002,111.80000000000001,1800,10.494657600000002
2026-07-17 03:30:00,-36.87216,12.70435,16.0,1022.9000000000001,20.400000000000002,12.4,112.2,7.6000000000000005,3,2,28.3,118.80000000000001,1800,10.494657600000002
2026-07-17 04:00:00,-36.8824916666667,12.6648533333333,16.0,1022.6,20.3,50.400000000000006,94.0,40.900000000000006,3,47,33.2,266.40000000000003,1799,10.4432132
2026-07-17 04:30:00,-36.87217,12.69989,16.0,1023.6,5.2,5.7,203.10000000000002,57.400000000000006,4,2,10.4,190.8,1800,2.6751088000000003
2026-07-17 05:00:00,-36.8687166666667,12.6977766666667,15.9,1022.2,15.8,37.1,263.5,30.900000000000002,4,52,24.3,278.3,1800,8.128215200000001
2026-07-17 05:30:00,-36.8683316666667,12.6987133333333,15.3,1020.9000000000001,18.400000000000002,15.8,269.1,13.8,5,21,27.3,254.3,1800,9.465769600000002
2026-07-17 06:00:00,-36.86956,12.705145,15.4,1021.5,17.0,22.700000000000003,274.5,20.1,5,30,25.3,259.5,1800,8.745548
2026-07-17 06:30:00,-36.87294,12.705615,15.4,1021.9000000000001,17.2,8.1,274.8,8.6,6,6,22.1,263.0,1800,8.8484368
2026-07-17 07:00:00,-36.8721866666667,12.706465,15.5,1021.6,13.0,50.800000000000004,282.3,77.7,6,55,28.5,52.7,1800,6.687772
2026-07-17 07:30:00,-36.9407833333333,12.7010366666667,15.5,1022.3000000000001,15.9,78.80000000000001,28.900000000000002,22.5,7,3,32.9,11.100000000000001,1800,8.1796596
2026-07-17 08:00:00,-36.9949233333333,12.6998133333333,16.1,1026.0,6.6000000000000005,12.5,22.6,70.3,7,38,12.3,78.10000000000001,1799,3.3953304
2026-07-17 08:30:00,-36.9950716666667,12.6920616666667,16.8,1029.7,2.9000000000000004,1.9000000000000001,99.0,36.300000000000004,8,15,6.7,91.5,1800,1.4918876000000003
2026-07-18 07:00:00,-36.8823266666667,12.2054183333333,15.9,1019.3000000000001,14.3,9.9,292.7,23.400000000000002,6,58,23.8,286.6,600,7.356549200000001
2026-07-18 07:40:00,-36.8804533333333,12.1968166666667,15.0,1015.4000000000001,16.0,6.9,278.40000000000003,17.3,7,32,22.200000000000003,281.2,600,8.231104
2026-07-18 07:50:00,-36.880145,12.194885,15.0,1015.4000000000001,15.8,5.5,287.5,23.6,7,44,21.0,336.20000000000005,600,8.128215200000001
2026-07-18 08:00:00,-36.8796583333333,12.1924833333333,14.9,1014.8000000000001,15.0,4.7,296.40000000000003,20.0,7,55,19.200000000000003,282.5,600,7.71666
2026-07-19 15:40:00,-36.623655,12.03798,13.4,1009.8000000000001,10.200000000000001,4.9,280.5,37.5,15,36,15.100000000000001,331.8,600,5.247328800000001
2026-07-19 15:50:00,-36.6172016666667,12.0368316666667,13.3,1009.7,10.4,6.9,263.40000000000003,38.1,15,41,15.700000000000001,233.60000000000002,600,5.350217600000001
2026-07-19 16:00:00,-36.6109833333333,12.0356416666667,13.3,1009.5,11.600000000000001,8.200000000000001,253.10000000000002,34.9,15,52,17.1,284.6,600,5.967550400000001
2026-07-19 16:10:00,-36.6039683333333,12.0345383333333,13.3,1009.6,9.600000000000001,6.7,274.2,37.7,16,6,14.8,333.70000000000005,600,4.938662400000001
2026-07-19 16:20:00,-36.59721,12.0335483333333,13.3,1009.7,10.100000000000001,8.3,271.90000000000003,40.2,16,15,15.700000000000001,262.5,600,5.195884400000001
2026-07-19 16:30:00,-36.590095,12.0323216666667,13.3,1009.6,8.3,6.1000000000000005,277.8,42.0,16,20,13.3,246.3,600,4.2698852
2026-07-19 16:40:00,-36.5827483333333,12.0315483333333,13.3,1009.7,10.700000000000001,5.5,283.7,42.1,16,32,14.8,257.6,600,5.5045508000000005
2026-07-19 16:50:00,-36.575275,12.0306583333333,13.4,1009.9000000000001,8.6,7.4,274.90000000000003,41.6,16,48,14.3,252.9,600,4.4242184
2026-07-19 17:00:00,-36.56785,12.02982,13.3,1009.7,9.5,9.9,271.90000000000003,41.6,16,51,16.8,303.0,600,4.887218
2026-07-19 17:10:00,-36.5601666666667,12.0290133333333,13.4,1010.0,9.8,9.5,289.3,39.900000000000006,17,2,17.5,263.8,600,5.041551200000001
2026-07-19 17:20:00,-36.5530066666667,12.0281783333333,13.4,1010.1,9.700000000000001,8.1,280.3,41.2,17,15,16.1,251.60000000000002,600,4.9901068
2026-07-19 17:30:00,-36.5458816666667,12.02747,13.5,1010.3000000000001,9.9,5.4,278.7,39.2,17,28,16.5,343.3,600,5.0929956
2026-07-19 17:40:00,-36.5382383333333,12.026775,13.4,1010.2,9.3,7.300000000000001,274.90000000000003,34.800000000000004,17,34,14.8,256.3,600,4.7843292
2026-07-19 17:50:00,-36.53152,12.026015,13.4,1010.3000000000001,7.5,5.6000000000000005,268.5,41.900000000000006,17,48,12.100000000000001,271.0,600,3.85833
2026-07-19 18:00:00,-36.524375,12.0254833333333,13.4,1010.0,10.0,7.6000000000000005,299.90000000000003,40.300000000000004,17,51,15.5,292.90000000000003,600,5.14444
2026-07-19 18:10:00,-36.5178716666667,12.0245766666667,13.3,1009.4000000000001,10.200000000000001,4.9,296.0,44.5,18,1,15.5,264.3,600,5.247328800000001
2026-07-19 18:20:00,-36.5113083333333,12.0235033333333,13.3,1009.6,8.700000000000001,5.4,260.5,31.400000000000002,18,10,13.4,249.5,600,4.4756628
2026-07-19 18:30:00,-36.5045466666667,12.022375,13.4,1010.1,8.700000000000001,4.2,287.8,39.2,18,24,12.200000000000001,338.90000000000003,599,4.4756628
2026-07-19 18:40:00,-36.4979483333333,12.021635,13.5,1010.1,10.200000000000001,4.6000000000000005,286.90000000000003,37.9,18,34,15.3,273.8,600,5.247328800000001
2026-07-19 18:50:00,-36.4914933333333,12.0207766666667,13.4,1010.1,7.1000000000000005,4.5,286.0,44.1,18,49,12.4,294.40000000000003,600,3.6525524000000003
2026-07-19 19:00:00,-36.485055,12.0199866666667,13.3,1009.7,8.8,5.0,289.6,39.800000000000004,18,50,13.8,256.1,600,4.5271072000000006
2026-07-19 19:10:00,-36.47849,12.0191,13.200000000000001,1008.9000000000001,6.300000000000001,4.5,281.1,41.2,19,9,13.200000000000001,295.40000000000003,600,3.2409972000000002
2026-07-19 19:20:00,-36.4720866666667,12.0184166666667,13.200000000000001,1009.0,8.3,3.7,299.5,37.9,19,10,13.200000000000001,272.1,600,4.2698852
2026-07-19 19:30:00,-36.46647,12.017475,13.3,1009.2,9.200000000000001,5.4,295.90000000000003,32.800000000000004,19,28,14.700000000000001,281.90000000000003,600,4.732884800000001
2026-07-19 19:40:00,-36.460115,12.0167283333333,13.200000000000001,1008.9000000000001,9.4,3.6,293.8,29.700000000000003,19,33,13.9,299.90000000000003,600,4.8357736000000004
2026-07-19 19:50:00,-36.4546116666667,12.0158083333333,13.200000000000001,1008.9000000000001,10.4,4.6000000000000005,287.6,32.6,19,42,15.100000000000001,267.8,600,5.350217600000001
2026-07-19 20:00:00,-36.4493183333333,12.0148583333333,13.3,1009.4000000000001,10.200000000000001,2.7,271.40000000000003,25.0,19,50,14.600000000000001,260.5,600,5.247328800000001
2026-07-19 20:10:00,-36.4430133333333,12.0140116666667,13.4,1009.8000000000001,10.8,4.800000000000001,297.6,31.200000000000003,20,1,17.0,286.6,600,5.555995200000001
2026-07-19 20:20:00,-36.4373316666667,12.0133733333333,13.4,1009.8000000000001,11.600000000000001,3.4000000000000004,292.5,28.400000000000002,20,15,15.600000000000001,286.2,600,5.967550400000001
2026-07-19 20:30:00,-36.43148,12.0129233333333,13.3,1009.2,10.3,5.800000000000001,305.2,32.4,20,28,16.900000000000002,285.40000000000003,600,5.2987732
2026-07-19 20:40:00,-36.4255566666667,12.01243,13.3,1009.0,10.600000000000001,3.6,293.0,27.5,20,36,15.0,297.2,600,5.453106400000001
2026-07-19 20:50:00,-36.42011,12.0122283333333,13.200000000000001,1009.0,11.200000000000001,6.2,294.0,25.700000000000003,20,42,16.8,269.1,600,5.761772800000001
2026-07-19 21:00:00,-36.41498,12.0118916666667,13.3,1009.3000000000001,11.600000000000001,5.7,287.3,30.0,20,50,19.8,274.40000000000003,600,5.967550400000001
2026-07-19 21:10:00,-36.4094983333333,12.011595,13.3,1009.4000000000001,11.9,5.5,312.40000000000003,27.700000000000003,21,6,17.7,335.40000000000003,600,6.1218836
2026-07-19 21:20:00,-36.4042233333333,12.011335,13.3,1009.2,10.8,5.300000000000001,296.0,28.0,21,19,17.3,296.90000000000003,600,5.555995200000001
2026-07-19 21:30:00,-36.3987466666667,12.0110516666667,13.4,1009.5,12.8,4.5,312.40000000000003,30.5,21,23,17.5,310.5,600,6.5848832
2026-07-19 21:40:00,-36.3934816666667,12.0109,13.3,1009.4000000000001,13.9,7.5,301.5,25.8,21,34,20.3,283.6,600,7.150771600000001
2026-07-19 21:50:00,-36.3883483333333,12.0110666666667,13.3,1009.4000000000001,13.5,4.6000000000000005,299.8,21.6,21,49,19.1,312.3,600,6.944994
2026-07-19 23:30:00,-36.3384816666667,12.0091866666667,13.100000000000001,1009.0,13.5,3.8000000000000003,294.2,26.6,23,22,17.2,296.5,600,6.944994
2026-07-19 23:40:00,-36.3336183333333,12.0095766666667,13.100000000000001,1009.1,13.700000000000001,5.6000000000000005,292.3,22.5,23,37,18.3,299.1,600,7.047882800000001
2026-07-19 23:50:00,-36.3287616666667,12.0096616666667,13.200000000000001,1009.2,17.5,4.4,287.0,22.900000000000002,23,40,22.6,266.90000000000003,600,9.00277
2026-07-20 00:00:00,-36.3233666666667,12.0099133333333,13.0,1008.4000000000001,14.700000000000001,7.800000000000001,299.90000000000003,25.8,23,58,22.400000000000002,293.3,600,7.562326800000001
2026-07-23 10:40:00,-36.2266833333333,10.0580533333333,13.700000000000001,1013.7,9.700000000000001,4.9,186.8,29.0,10,35,15.100000000000001,182.4,600,4.9901068
2026-07-23 10:50:00,-36.2315716666667,10.0614883333333,13.700000000000001,1014.2,8.4,6.5,193.0,32.0,10,48,14.8,167.4,600,4.3213296
2026-07-23 11:00:00,-36.2365366666667,10.0647633333333,13.700000000000001,1015.2,7.6000000000000005,3.8000000000000003,183.70000000000002,36.2,10,53,11.4,190.0,600,3.9097744000000003
2026-07-23 11:10:00,-36.2417283333333,10.0682583333333,13.8,1015.9000000000001,7.2,8.1,210.9,33.9,11,7,13.4,214.4,600,3.7039968
2026-07-23 11:20:00,-36.2467883333333,10.0718133333333,13.8,1016.6,7.2,7.4,223.70000000000002,28.200000000000003,11,16,13.4,209.70000000000002,600,3.7039968
2026-07-23 11:30:00,-36.2520433333333,10.0755466666667,13.8,1016.8000000000001,7.2,8.200000000000001,221.8,29.900000000000002,11,27,13.4,246.70000000000002,600,3.7039968
2026-07-23 11:40:00,-36.2574833333333,10.079145,13.8,1015.9000000000001,7.800000000000001,7.0,203.4,32.9,11,34,14.3,182.10000000000002,600,4.0126632
2026-07-23 11:50:00,-36.26282,10.0828116666667,13.700000000000001,1015.7,6.4,6.2,205.70000000000002,34.9,11,44,12.4,244.20000000000002,600,3.2924416
2026-07-23 12:00:00,-36.2680383333333,10.08652,13.8,1016.5,4.7,4.5,188.10000000000002,49.6,11,57,8.6,195.10000000000002,600,2.4178868000000002
2026-07-23 12:10:00,-36.2731533333333,10.09003,13.8,1016.9000000000001,3.7,3.9000000000000004,201.60000000000002,53.6,12,4,8.200000000000001,25.8,600,1.9034428
2026-07-23 12:20:00,-36.2782416666667,10.09353,14.0,1018.3000000000001,2.8000000000000003,3.4000000000000004,212.5,79.0,12,11,6.800000000000001,266.8,600,1.4404432000000003
2026-07-23 12:30:00,-36.2835633333333,10.0972133333333,14.100000000000001,1018.7,3.0,3.6,201.10000000000002,82.30000000000001,12,24,7.2,214.60000000000002,600,1.543332
2026-07-23 12:40:00,-36.28889,10.1007733333333,14.100000000000001,1018.1,5.300000000000001,7.4,226.10000000000002,50.300000000000004,12,36,11.100000000000001,228.60000000000002,600,2.7265532000000006
2026-07-23 12:50:00,-36.294185,10.1045233333333,14.100000000000001,1017.8000000000001,5.1000000000000005,6.300000000000001,254.70000000000002,32.4,12,41,12.4,245.20000000000002,600,2.6236644000000005
2026-07-23 13:00:00,-36.2993783333333,10.1081516666667,14.200000000000001,1018.6,4.5,5.0,253.8,41.400000000000006,12,59,9.600000000000001,291.7,600,2.314998
2026-07-23 13:10:00,-36.3050116666667,10.1117983333333,14.200000000000001,1017.9000000000001,4.6000000000000005,5.6000000000000005,225.10000000000002,45.300000000000004,13,4,9.8,231.3,600,2.3664424000000004
2026-07-23 13:20:00,-36.3101083333333,10.11548,14.4,1018.3000000000001,5.300000000000001,6.4,261.2,32.5,13,14,11.700000000000001,253.0,600,2.7265532000000006
2026-07-23 13:30:00,-36.3150816666667,10.1187566666667,14.3,1018.1,5.7,6.800000000000001,250.9,31.0,13,29,12.600000000000001,234.5,600,2.9323308000000003
2026-07-23 13:40:00,-36.31998,10.12228,14.4,1018.2,5.300000000000001,5.5,262.7,33.300000000000004,13,35,12.600000000000001,261.40000000000003,600,2.7265532000000006
2026-07-23 13:50:00,-36.3253133333333,10.125805,14.4,1017.6,5.9,5.0,263.8,27.900000000000002,13,48,11.5,247.8,600,3.0352196000000005
2026-07-23 14:00:00,-36.3307066666667,10.1296633333333,14.5,1018.4000000000001,6.0,9.1,266.5,32.1,13,59,12.700000000000001,252.3,600,3.086664
2026-07-23 14:10:00,-36.3363183333333,10.1334683333333,14.4,1017.1,8.3,5.7,263.2,20.0,14,1,13.4,267.6,600,4.2698852
2026-07-23 14:20:00,-36.3416483333333,10.1371666666667,14.3,1016.6,6.5,5.5,260.0,23.900000000000002,14,10,11.700000000000001,274.3,600,3.343886
2026-07-23 14:30:00,-36.3472316666667,10.1409383333333,14.4,1016.9000000000001,7.1000000000000005,5.5,247.4,24.400000000000002,14,22,12.100000000000001,230.20000000000002,599,3.6525524000000003
2026-07-23 14:40:00,-36.353005,10.145005,14.3,1016.4000000000001,6.7,5.7,256.0,22.6,14,39,11.9,266.7,600,3.4467748
2026-07-23 14:50:00,-36.3587133333333,10.1488666666667,14.5,1017.0,6.0,5.4,271.8,23.1,14,40,11.600000000000001,13.8,600,3.086664
2026-07-23 15:00:00,-36.364475,10.152885,14.600000000000001,1017.7,5.800000000000001,4.2,259.2,23.5,14,53,11.3,276.8,600,2.9837752000000006
2026-07-23 15:10:00,-36.37044,10.1570133333333,14.600000000000001,1017.3000000000001,4.0,3.6,277.6,38.300000000000004,15,0,8.6,261.1,600,2.057776
2026-07-23 15:20:00,-36.3763416666667,10.1610133333333,14.700000000000001,1017.3000000000001,5.1000000000000005,4.9,281.40000000000003,30.1,15,17,9.8,304.40000000000003,596,2.6236644000000005
2026-07-23 15:30:00,-36.3821683333333,10.1651533333333,14.9,1016.2,6.800000000000001,4.3,298.0,19.8,15,23,12.3,318.8,600,3.4982192000000003
2026-07-23 15:40:00,-36.3879583333333,10.1690383333333,14.700000000000001,1015.0,7.5,3.7,281.3,18.900000000000002,15,37,11.0,295.40000000000003,600,3.85833
2026-07-23 15:50:00,-36.393785,10.173075,14.4,1013.5,6.9,3.6,284.1,19.900000000000002,15,45,11.0,293.7,600,3.5496636
2026-07-23 16:00:00,-36.3996566666667,10.1771383333333,14.4,1012.4000000000001,7.300000000000001,4.4,300.2,17.5,15,54,13.600000000000001,332.70000000000005,600,3.7554412000000004
2026-07-23 16:10:00,-36.4057716666667,10.18123,14.0,1010.3000000000001,8.1,4.1000000000000005,305.0,18.8,16,3,13.700000000000001,292.5,600,4.1669963999999995
2026-07-23 16:20:00,-36.4115466666667,10.18526,13.700000000000001,1008.3000000000001,7.800000000000001,4.9,299.7,18.7,16,16,11.4,299.5,600,4.0126632
2026-07-23 16:30:00,-36.41732,10.1891733333333,13.600000000000001,1008.3000000000001,8.8,5.0,296.40000000000003,19.6,16,23,13.4,310.40000000000003,600,4.5271072000000006
2026-07-23 16:40:00,-36.4230066666667,10.1931533333333,13.5,1007.9000000000001,8.1,3.9000000000000004,302.3,16.3,16,37,13.5,323.8,600,4.1669963999999995
2026-07-23 16:50:00,-36.429025,10.1973,13.5,1008.0,7.6000000000000005,3.9000000000000004,299.90000000000003,16.900000000000002,16,46,11.9,282.6,600,3.9097744000000003
2026-07-23 17:00:00,-36.4353233333333,10.2015666666667,13.4,1008.0,7.5,7.1000000000000005,307.40000000000003,17.8,16,58,14.5,313.70000000000005,600,3.85833
2026-07-23 17:10:00,-36.44163,10.2058466666667,13.4,1008.0,7.6000000000000005,4.5,316.8,18.400000000000002,17,0,11.100000000000001,302.2,600,3.9097744000000003
2026-07-23 17:20:00,-36.4480066666667,10.210325,12.100000000000001,1008.0,9.200000000000001,5.4,305.6,17.3,17,17,15.600000000000001,313.0,600,4.732884800000001
2026-07-23 17:30:00,-36.4544783333333,10.2147183333333,11.600000000000001,1008.0,8.700000000000001,4.2,316.8,18.2,17,27,12.5,315.8,600,4.4756628
2026-07-23 17:40:00,-36.4608666666667,10.219265,11.600000000000001,1008.2,10.4,4.800000000000001,310.6,15.8,17,32,15.0,296.5,600,5.350217600000001
2026-07-23 17:50:00,-36.4675966666667,10.2237933333333,11.700000000000001,1008.4000000000001,10.700000000000001,5.2,315.90000000000003,19.900000000000002,17,46,15.200000000000001,325.5,600,5.5045508000000005
2026-07-23 18:00:00,-36.4739766666667,10.2283066666667,11.9,1008.6,11.0,5.9,323.3,16.1,17,53,17.7,327.1,600,5.6588840000000005
2026-07-23 18:10:00,-36.480775,10.233045,11.9,1008.7,11.3,6.2,314.90000000000003,15.200000000000001,18,5,16.3,309.3,600,5.8132172
2026-07-23 18:20:00,-36.487485,10.2375883333333,12.100000000000001,1008.8000000000001,12.200000000000001,6.2,315.20000000000005,17.1,18,12,17.1,310.8,600,6.2762168
2026-07-23 18:30:00,-36.4942866666667,10.2423133333333,12.3,1009.2,13.100000000000001,6.0,319.3,14.8,18,25,17.8,303.1,600,6.739216400000001
2026-07-23 18:40:00,-36.5010083333333,10.2471033333333,12.600000000000001,1009.6,13.600000000000001,5.9,323.8,15.5,18,31,18.400000000000002,337.6,600,6.996438400000001
2026-07-23 18:50:00,-36.50779,10.251755,13.100000000000001,1010.4000000000001,13.200000000000001,7.2,318.70000000000005,15.9,18,44,20.200000000000003,323.70000000000005,599,6.7906608
2026-07-23 19:00:00,-36.5146233333333,10.2563933333333,13.600000000000001,1011.1,13.5,7.5,319.6,14.9,18,55,18.8,318.90000000000003,600,6.944994
2026-07-23 19:10:00,-36.5215866666667,10.2612566666667,13.9,1011.3000000000001,14.200000000000001,6.300000000000001,325.1,16.2,19,0,22.0,311.0,600,7.3051048000000005
2026-07-23 19:20:00,-36.5284066666667,10.2658633333333,14.100000000000001,1011.4000000000001,15.100000000000001,6.4,318.6,15.600000000000001,19,11,20.200000000000003,318.0,600,7.768104400000001
2026-07-23 19:30:00,-36.5350466666667,10.2704933333333,14.200000000000001,1011.3000000000001,15.4,6.9,323.3,18.8,19,27,20.0,317.1,600,7.9224376
2026-07-23 19:40:00,-36.54154,10.27487,14.3,1011.7,14.700000000000001,6.300000000000001,324.20000000000005,16.8,19,33,20.0,310.6,600,7.562326800000001
2026-07-23 19:50:00,-36.5482466666667,10.27955,14.3,1011.7,14.700000000000001,6.2,333.6,17.900000000000002,19,45,19.5,312.70000000000005,600,7.562326800000001
2026-07-23 20:00:00,-36.5553833333333,10.284405,14.3,1011.9000000000001,15.5,6.300000000000001,326.90000000000003,18.7,19,52,19.5,336.8,600,7.973882000000001
2026-07-23 20:10:00,-36.5621833333333,10.2892066666667,14.3,1012.0,14.9,7.9,328.40000000000003,17.400000000000002,20,2,20.3,295.8,600,7.665215600000001
2026-07-23 20:20:00,-36.5691133333333,10.2939783333333,14.4,1012.1,15.600000000000001,6.0,321.90000000000003,18.1,20,15,20.700000000000003,324.3,600,8.0253264
2026-07-23 20:30:00,-36.5759816666667,10.2987466666667,14.4,1012.1,16.5,7.4,323.0,17.8,20,27,21.6,322.70000000000005,600,8.488326
2026-07-23 20:40:00,-36.582825,10.3035533333333,14.4,1012.0,16.5,5.6000000000000005,322.20000000000005,17.400000000000002,20,37,21.1,340.90000000000003,600,8.488326
2026-07-23 20:50:00,-36.5898216666667,10.3083033333333,14.5,1012.2,17.2,6.300000000000001,317.90000000000003,17.1,20,43,22.900000000000002,319.1,600,8.8484368
2026-07-23 21:00:00,-36.59689,10.313055,14.600000000000001,1012.7,18.400000000000002,7.800000000000001,321.20000000000005,17.8,20,54,26.8,0.5,600,9.465769600000002
2026-07-23 21:10:00,-36.603845,10.3179366666667,14.600000000000001,1013.0,17.8,8.200000000000001,319.8,16.6,21,3,23.900000000000002,321.90000000000003,600,9.1571032
2026-07-23 21:20:00,-36.6109183333333,10.3229066666667,14.700000000000001,1013.1,18.1,6.5,315.8,15.700000000000001,21,13,22.5,308.20000000000005,600,9.311436400000002
2026-07-23 21:30:00,-36.6181033333333,10.3278966666667,14.700000000000001,1013.1,18.400000000000002,6.800000000000001,318.20000000000005,15.9,21,29,26.8,315.3,600,9.465769600000002
2026-07-23 21:40:00,-36.6254366666667,10.3329883333333,14.700000000000001,1013.1,18.1,6.7,320.0,16.8,21,36,24.400000000000002,328.3,600,9.311436400000002
2026-07-23 21:50:00,-36.6327466666667,10.337875,14.8,1013.4000000000001,18.900000000000002,7.7,317.20000000000005,17.0,21,49,23.6,304.0,600,9.722991600000002
2026-07-23 22:00:00,-36.639955,10.3429883333333,14.9,1013.8000000000001,19.700000000000003,6.6000000000000005,315.6,16.400000000000002,21,56,24.8,323.8,600,10.134546800000003
2026-07-23 22:10:00,-36.64713,10.3478333333333,15.0,1014.3000000000001,19.5,6.9,320.20000000000005,17.1,22,6,25.6,330.20000000000005,600,10.031658
2026-07-23 22:20:00,-36.6541933333333,10.35276,15.0,1014.1,20.0,6.4,321.40000000000003,16.5,22,17,25.0,309.8,600,10.28888
2026-07-23 22:30:00,-36.661215,10.357565,15.0,1014.1,20.0,6.7,315.1,16.7,22,26,24.900000000000002,316.90000000000003,600,10.28888
2026-07-23 22:40:00,-36.668225,10.3624466666667,15.100000000000001,1014.1,20.0,6.5,311.90000000000003,17.400000000000002,22,39,24.5,301.8,600,10.28888
2026-07-23 22:50:00,-36.6753933333333,10.3674683333333,15.100000000000001,1014.5,20.200000000000003,7.7,311.0,16.8,22,43,25.8,312.8,600,10.391768800000001
2026-07-23 23:00:00,-36.6824133333333,10.37232,15.200000000000001,1014.7,20.200000000000003,7.7,306.8,14.600000000000001,22,54,26.0,311.90000000000003,599,10.391768800000001
2026-07-23 23:10:00,-36.6893633333333,10.3771366666667,15.200000000000001,1014.7,20.400000000000002,7.0,307.5,15.0,23,0,25.3,326.8,600,10.494657600000002
2026-07-23 23:20:00,-36.6962283333333,10.3818016666667,15.3,1015.0,19.8,7.5,308.70000000000005,15.100000000000001,23,11,28.400000000000002,286.40000000000003,600,10.1859912
2026-07-23 23:30:00,-36.7029616666667,10.3866666666667,15.3,1015.4000000000001,19.5,7.5,306.0,14.5,23,28,25.900000000000002,302.5,600,10.031658
2026-07-23 23:40:00,-36.7095866666667,10.391105,15.3,1015.6,20.200000000000003,6.0,300.2,13.3,23,31,24.5,278.3,600,10.391768800000001
2026-07-23 23:50:00,-36.7161016666667,10.3958033333333,15.5,1016.0,19.0,6.9,298.1,13.4,23,44,24.1,299.5,600,9.774436
2026-07-24 00:00:00,-36.72258,10.40022,15.4,1016.1,19.400000000000002,6.2,292.90000000000003,13.600000000000001,23,53,25.5,298.90000000000003,600,9.9802136
2026-07-24 00:10:00,-36.7290183333333,10.404735,15.5,1016.1,19.400000000000002,5.6000000000000005,296.2,15.9,0,2,24.3,319.20000000000005,600,9.9802136
2026-07-24 00:20:00,-36.7356816666667,10.40925,15.5,1016.0,19.400000000000002,7.800000000000001,298.8,14.5,0,19,25.900000000000002,296.0,600,9.9802136
2026-07-24 00:30:00,-36.7424416666667,10.4139133333333,14.8,1014.8000000000001,20.6,10.600000000000001,303.1,17.1,0,28,27.3,333.70000000000005,600,10.5975464
2026-07-24 00:40:00,-36.7492066666667,10.4185433333333,13.8,1012.6,20.400000000000002,10.600000000000001,302.8,16.6,0,32,27.400000000000002,315.90000000000003,600,10.494657600000002
2026-07-24 00:50:00,-36.7559283333333,10.4233,13.700000000000001,1011.0,22.400000000000002,10.5,301.8,16.900000000000002,0,44,29.700000000000003,292.40000000000003,600,11.523545600000002
2026-07-24 01:00:00,-36.762685,10.4279183333333,13.8,1011.3000000000001,22.8,9.5,304.2,17.400000000000002,0,56,29.6,8.700000000000001,600,11.729323200000001
2026-07-24 01:10:00,-36.7692666666667,10.432575,14.100000000000001,1012.6,21.0,10.0,308.3,14.9,1,6,27.400000000000002,314.20000000000005,600,10.803324
2026-07-24 01:20:00,-36.7759366666667,10.43698,14.5,1014.0,22.200000000000003,9.4,306.5,16.400000000000002,1,15,29.1,290.7,600,11.420656800000001
2026-07-24 01:30:00,-36.7826466666667,10.4417616666667,14.9,1014.8000000000001,23.0,8.5,309.0,17.2,1,24,28.900000000000002,286.90000000000003,600,11.832212
2026-07-24 01:40:00,-36.78944,10.4464383333333,15.200000000000001,1015.3000000000001,21.6,9.8,305.5,16.3,1,31,28.1,295.40000000000003,600,11.111990400000002
2026-07-24 01:50:00,-36.7961933333333,10.4512016666667,15.200000000000001,1014.9000000000001,22.0,9.200000000000001,305.40000000000003,14.8,1,41,28.1,313.40000000000003,600,11.317768000000001
2026-07-24 02:00:00,-36.8028,10.4556033333333,15.200000000000001,1014.9000000000001,21.700000000000003,11.5,304.3,16.3,1,55,29.200000000000003,293.5,600,11.163434800000001
2026-07-24 03:00:00,-36.84211,10.4830333333333,14.700000000000001,1015.0,22.8,10.700000000000001,291.40000000000003,16.900000000000002,2,56,31.200000000000003,306.7,600,11.729323200000001
2026-07-24 04:00:00,-36.878865,10.5083866666667,14.9,1013.5,21.200000000000003,13.3,288.1,18.3,3,59,31.6,321.90000000000003,600,10.906212800000002
2026-07-24 23:40:00,-37.42665,11.0182333333333,13.5,1010.6,15.0,4.9,253.3,12.200000000000001,23,31,20.1,245.5,600,7.71666
2026-07-24 23:50:00,-37.42695,11.0254066666667,13.700000000000001,1011.0,14.5,3.8000000000000003,256.40000000000003,14.9,23,46,18.2,237.0,600,7.4594380000000005
2026-07-25 00:00:00,-37.4273666666667,11.0319833333333,13.5,1010.1,16.0,3.5,248.20000000000002,12.600000000000001,23,59,19.700000000000003,243.4,599,8.231104
2026-07-25 00:50:00,-37.4333666666667,11.0599116666667,13.700000000000001,1012.0,14.9,3.3000000000000003,244.0,14.8,0,40,18.5,256.8,600,7.665215600000001
2026-07-25 01:00:00,-37.4345866666667,11.0656283333333,13.5,1010.5,14.600000000000001,7.1000000000000005,257.40000000000003,15.100000000000001,0,57,19.6,267.1,600,7.510882400000001
2026-07-25 18:00:00,-37.1746466666667,10.86968,15.0,1014.6,13.5,3.2,282.1,12.100000000000001,17,55,17.1,287.3,600,6.944994
2026-07-25 18:10:00,-37.16981,10.8685366666667,15.0,1014.7,13.8,4.2,287.8,12.5,18,7,19.1,269.40000000000003,600,7.0993272
2026-07-25 18:20:00,-37.164655,10.86848,15.100000000000001,1014.8000000000001,12.700000000000001,4.7,290.1,14.600000000000001,18,14,17.400000000000002,303.90000000000003,600,6.533438800000001
2026-07-25 18:30:00,-37.1595483333333,10.8683583333333,15.0,1014.5,12.5,5.300000000000001,291.7,13.5,18,27,16.900000000000002,284.1,600,6.43055
2026-07-25 18:40:00,-37.1572833333333,10.8727916666667,15.0,1014.5,13.200000000000001,4.9,273.90000000000003,14.700000000000001,18,33,17.900000000000002,294.6,600,6.7906608
2026-07-25 18:50:00,-37.155905,10.87858,15.100000000000001,1014.9000000000001,12.0,4.3,271.3,16.6,18,43,16.7,267.5,600,6.173328
2026-07-25 19:00:00,-37.1546616666667,10.8844233333333,15.100000000000001,1015.1,12.600000000000001,5.2,260.6,11.700000000000001,18,59,17.7,265.2,600,6.4819944000000005
2026-07-25 19:10:00,-37.153425,10.8899533333333,15.0,1014.8000000000001,12.700000000000001,7.300000000000001,278.0,15.8,19,0,19.3,284.8,600,6.533438800000001
2026-07-25 19:20:00,-37.15211,10.8961216666667,15.0,1014.7,13.100000000000001,9.8,275.0,12.0,19,14,22.6,275.0,600,6.739216400000001
2026-07-25 19:30:00,-37.1507283333333,10.90185,14.9,1014.3000000000001,11.8,10.200000000000001,268.90000000000003,11.3,19,22,17.3,274.0,600,6.070439200000001
2026-07-25 19:40:00,-37.1496483333333,10.9074283333333,14.9,1014.2,11.100000000000001,3.3000000000000003,251.3,13.4,19,35,14.4,262.3,600,5.710328400000001
2026-07-25 19:50:00,-37.14902,10.9130483333333,14.9,1014.4000000000001,12.5,6.9,261.7,10.3,19,48,19.700000000000003,252.60000000000002,600,6.43055
2026-07-25 20:00:00,-37.1486483333333,10.9185916666667,14.700000000000001,1013.4000000000001,10.5,2.9000000000000004,266.0,14.0,19,50,14.100000000000001,289.7,600,5.401662
2026-07-25 20:10:00,-37.14844,10.9238483333333,14.8,1013.9000000000001,12.200000000000001,9.9,278.7,11.700000000000001,20,7,17.900000000000002,294.5,600,6.2762168
2026-07-25 20:20:00,-37.1480716666667,10.9294983333333,14.8,1013.5,11.8,4.0,280.40000000000003,10.200000000000001,20,10,16.8,277.40000000000003,600,6.070439200000001
2026-07-25 20:30:00,-37.1478383333333,10.9348,14.8,1013.9000000000001,10.3,4.0,279.3,12.4,20,29,16.1,269.5,600,5.2987732
2026-07-25 20:40:00,-37.1476066666667,10.9400533333333,14.8,1013.8000000000001,13.700000000000001,5.4,259.90000000000003,9.700000000000001,20,31,19.5,271.1,600,7.047882800000001
2026-07-25 20:50:00,-37.1473066666667,10.9452183333333,14.8,1013.6,12.700000000000001,3.4000000000000004,264.8,11.100000000000001,20,49,16.3,262.1,600,6.533438800000001
2026-07-25 21:00:00,-37.146985,10.9502166666667,14.9,1013.9000000000001,13.700000000000001,3.9000000000000004,259.0,999.0,20,50,17.900000000000002,253.8,599,7.047882800000001
2026-07-25 21:10:00,-37.1467333333333,10.9550983333333,14.9,1014.0,13.200000000000001,3.3000000000000003,258.3,10.200000000000001,21,1,17.5,265.7,600,6.7906608
2026-07-25 21:20:00,-37.1464983333333,10.9596666666667,14.8,1014.2,12.600000000000001,4.5,245.8,12.3,21,11,17.3,253.70000000000002,600,6.4819944000000005
2026-07-25 21:30:00,-37.14622,10.9644183333333,14.8,1013.9000000000001,14.3,5.0,262.40000000000003,9.3,21,23,19.1,255.10000000000002,600,7.356549200000001
2026-07-25 21:40:00,-37.1460083333333,10.9692533333333,14.200000000000001,1011.1,16.5,7.0,255.10000000000002,9.9,21,34,23.3,241.4,600,8.488326
2026-07-25 21:50:00,-37.1457466666667,10.974075,14.0,1009.6,14.200000000000001,6.6000000000000005,267.8,11.5,21,41,19.5,259.90000000000003,600,7.3051048000000005
2026-07-25 22:10:00,-37.1460483333333,10.9827316666667,14.4,1011.7,14.4,8.1,241.60000000000002,12.100000000000001,22,7,20.700000000000003,254.8,600,7.4079936
2026-07-25 22:20:00,-37.1462833333333,10.9873666666667,14.5,1011.9000000000001,15.200000000000001,5.2,236.9,12.200000000000001,22,15,21.1,247.5,600,7.819548800000001
2026-07-25 22:30:00,-37.1464516666667,10.9918183333333,14.700000000000001,1012.9000000000001,14.100000000000001,4.1000000000000005,234.20000000000002,13.5,22,26,18.400000000000002,251.10000000000002,600,7.253660400000001
2026-07-25 22:40:00,-37.1467516666667,10.9961516666667,14.9,1013.7,14.3,5.5,236.60000000000002,11.600000000000001,22,32,20.700000000000003,259.5,600,7.356549200000001
2026-07-25 22:50:00,-37.1470533333333,11.0006383333333,15.100000000000001,1014.7,14.0,3.9000000000000004,240.5,11.700000000000001,22,43,19.3,237.60000000000002,600,7.202216
2026-07-25 23:30:00,-37.147815,11.0176033333333,15.200000000000001,1015.7,13.5,3.6,247.4,11.600000000000001,23,25,17.400000000000002,228.0,600,6.944994
2026-07-25 23:40:00,-37.14806,11.02188,15.200000000000001,1015.8000000000001,12.8,3.0,252.20000000000002,12.700000000000001,23,35,16.0,255.4,600,6.5848832
2026-07-26 00:00:00,-37.1484533333333,11.0306816666667,15.200000000000001,1015.8000000000001,15.8,4.0,246.20000000000002,10.9,23,55,20.200000000000003,233.10000000000002,600,8.128215200000001
2026-07-26 00:20:00,-37.148965,11.0395016666667,15.3,1015.8000000000001,13.9,3.8000000000000003,250.9,12.200000000000001,0,10,18.2,253.4,600,7.150771600000001
2026-07-26 00:30:00,-37.1494233333333,11.0436016666667,15.3,1015.9000000000001,15.4,3.6,248.3,12.700000000000001,0,28,20.700000000000003,235.4,600,7.9224376
2026-07-26 00:40:00,-37.1501316666667,11.0469633333333,15.3,1015.8000000000001,16.0,5.2,247.4,12.100000000000001,0,31,21.5,245.0,600,8.231104
2026-07-26 00:50:00,-37.1507633333333,11.0503566666667,15.3,1015.7,13.9,4.7,254.20000000000002,11.4,0,47,19.1,275.6,600,7.150771600000001
2026-07-26 01:00:00,-37.151655,11.0536583333333,15.3,1015.7,15.100000000000001,3.6,244.3,12.200000000000001,0,56,19.700000000000003,239.3,600,7.768104400000001
2026-07-26 01:30:00,-37.1538716666667,11.063955,15.3,1015.2,14.4,3.8000000000000003,255.20000000000002,12.600000000000001,1,24,19.3,272.6,600,7.4079936
2026-07-26 01:40:00,-37.1546316666667,11.0677433333333,15.3,1015.3000000000001,14.8,4.3,255.9,13.0,1,32,19.6,255.8,600,7.6137712
2026-07-26 03:30:00,-37.1696066666667,11.079745,15.4,1015.6,14.8,4.7,253.60000000000002,14.9,3,20,20.3,273.6,600,7.6137712
2026-07-26 03:50:00,-37.1709533333333,11.0739433333333,15.4,1015.4000000000001,15.5,4.2,254.10000000000002,14.200000000000001,3,48,19.700000000000003,247.4,600,7.973882000000001
2026-07-26 05:50:00,-37.178445,11.0355983333333,15.600000000000001,1016.2,16.0,3.8000000000000003,266.5,13.8,5,48,19.6,266.0,600,8.231104
2026-07-27 09:50:00,-36.823945,10.772345,13.600000000000001,1010.3000000000001,10.8,5.5,167.0,13.0,9,47,16.2,165.0,600,5.555995200000001
2026-07-27 10:00:00,-36.81964,10.7676283333333,13.4,1009.8000000000001,10.9,4.7,160.10000000000002,12.5,9,50,15.9,169.60000000000002,600,5.6074396
2026-07-27 10:20:00,-36.8103116666667,10.75773,13.4,1009.7,12.0,6.1000000000000005,176.0,14.200000000000001,10,15,18.2,170.60000000000002,600,6.173328
2026-07-27 10:30:00,-36.8055533333333,10.752645,13.4,1010.0,11.9,6.2,158.20000000000002,14.5,10,23,19.200000000000003,156.0,600,6.1218836
2026-07-27 10:40:00,-36.80082,10.74771,13.4,1010.0,12.8,6.4,153.1,16.7,10,34,18.400000000000002,122.30000000000001,600,6.5848832
2026-07-27 10:50:00,-36.79609,10.7427283333333,13.4,1010.2,11.700000000000001,4.9,146.4,15.700000000000001,10,43,17.5,149.9,599,6.018994800000001
2026-07-27 11:00:00,-36.791415,10.7377216666667,13.5,1010.5,10.600000000000001,5.300000000000001,152.3,18.5,10,55,18.0,171.70000000000002,600,5.453106400000001
2026-07-27 11:10:00,-36.7866733333333,10.732885,13.600000000000001,1010.6,10.9,5.7,172.8,16.3,11,5,16.3,188.60000000000002,600,5.6074396
2026-07-27 11:20:00,-36.7822233333333,10.728185,13.700000000000001,1011.0,9.200000000000001,3.7,168.5,17.6,11,13,12.5,132.6,600,4.732884800000001
2026-07-27 11:30:00,-36.77765,10.7233866666667,13.8,1011.6,10.0,3.8000000000000003,158.70000000000002,17.3,11,29,13.5,171.10000000000002,600,5.14444
2026-07-27 11:40:00,-36.773135,10.7185516666667,13.8,1011.4000000000001,9.600000000000001,5.1000000000000005,167.10000000000002,13.3,11,30,15.700000000000001,161.8,600,4.938662400000001
2026-07-27 11:50:00,-36.7684516666667,10.7135133333333,13.8,1011.4000000000001,8.8,3.9000000000000004,172.70000000000002,16.1,11,47,13.8,184.70000000000002,600,4.5271072000000006
2026-07-27 13:00:00,-36.75078,10.6669233333333,14.100000000000001,1012.1,9.3,4.6000000000000005,129.8,16.8,12,59,14.5,139.8,600,4.7843292
2026-07-27 13:10:00,-36.749195,10.6592583333333,14.0,1011.8000000000001,9.1,6.5,137.20000000000002,14.9,13,4,14.3,157.5,600,4.6814404
2026-07-27 13:20:00,-36.7483666666667,10.6512716666667,13.9,1011.4000000000001,9.0,4.6000000000000005,125.30000000000001,17.900000000000002,13,17,14.4,118.30000000000001,600,4.629996
2026-07-27 13:30:00,-36.7482283333333,10.643205,13.8,1011.1,9.1,3.6,137.20000000000002,16.2,13,29,13.4,139.20000000000002,600,4.6814404
2026-07-27 13:40:00,-36.74756,10.6349616666667,13.700000000000001,1010.7,8.3,4.2,143.5,16.3,13,32,13.0,121.30000000000001,600,4.2698852
2026-07-27 13:50:00,-36.7473766666667,10.6271733333333,13.600000000000001,1010.6,10.0,3.5,144.4,18.0,13,41,15.700000000000001,146.3,600,5.14444
2026-07-27 14:00:00,-36.74751,10.6187966666667,13.5,1010.1,9.600000000000001,3.3000000000000003,138.3,14.8,13,58,13.200000000000001,123.0,600,4.938662400000001
2026-07-27 14:30:00,-36.7468716666667,10.5943716666667,13.4,1009.7,10.100000000000001,5.9,170.20000000000002,18.3,14,21,15.8,172.8,600,5.195884400000001
2026-07-27 14:40:00,-36.7471483333333,10.58626,13.3,1009.5,10.3,4.5,156.20000000000002,18.2,14,39,15.5,159.4,600,5.2987732
2026-07-27 14:50:00,-36.7470516666667,10.5782183333333,13.3,1009.4000000000001,10.8,4.4,162.10000000000002,18.8,14,48,15.4,174.0,600,5.555995200000001
2026-07-27 15:00:00,-36.7467416666667,10.5701583333333,13.3,1009.2,10.9,5.2,166.5,18.7,14,59,17.3,181.0,599,5.6074396
2026-07-27 15:10:00,-36.7475733333333,10.562085,13.200000000000001,1009.2,11.4,5.0,170.70000000000002,17.6,15,0,17.900000000000002,156.3,600,5.864661600000001
2026-07-27 15:20:00,-36.747845,10.55378,13.100000000000001,1008.9000000000001,9.9,5.6000000000000005,178.4,18.900000000000002,15,10,15.3,170.9,600,5.0929956
2026-07-27 15:30:00,-36.74829,10.54549,13.100000000000001,1008.6,9.9,4.6000000000000005,161.0,21.900000000000002,15,24,14.9,128.9,600,5.0929956
2026-07-27 15:40:00,-36.7490183333333,10.5370516666667,13.0,1008.4000000000001,9.9,4.4,171.4,25.200000000000003,15,36,14.8,174.60000000000002,600,5.0929956
2026-07-27 15:50:00,-36.7496116666667,10.5286916666667,13.0,1008.4000000000001,10.5,4.7,166.70000000000002,24.3,15,44,15.5,162.3,600,5.401662
2026-07-27 16:00:00,-36.7486116666667,10.5225266666667,13.0,1008.4000000000001,8.8,6.6000000000000005,173.3,25.900000000000002,15,50,13.8,148.4,600,4.5271072000000006
2026-07-27 16:30:00,-36.7389816666667,10.5226083333333,12.8,1007.7,10.8,7.300000000000001,161.10000000000002,17.5,16,26,15.5,190.20000000000002,600,5.555995200000001
2026-07-27 16:40:00,-36.7358466666667,10.5224883333333,12.700000000000001,1007.2,8.8,15.5,181.0,22.700000000000003,16,32,16.6,147.0,600,4.5271072000000006
2026-07-27 16:50:00,-36.7328783333333,10.522645,12.8,1007.4000000000001,9.600000000000001,3.9000000000000004,170.10000000000002,17.400000000000002,16,46,13.9,143.20000000000002,600,4.938662400000001
2026-07-27 17:00:00,-36.73171,10.52493,12.600000000000001,1007.2,8.5,7.2,135.6,25.400000000000002,16,54,15.200000000000001,183.4,600,4.372774
2026-07-27 17:30:00,-36.7297816666667,10.5335266666667,12.8,1007.7,8.5,3.2,145.8,15.0,17,28,12.600000000000001,136.0,599,4.372774
2026-07-27 17:40:00,-36.7291883333333,10.5361716666667,12.8,1007.8000000000001,9.0,6.1000000000000005,138.4,17.0,17,30,17.3,130.8,600,4.629996
2026-07-27 17:50:00,-36.728635,10.538785,12.8,1007.8000000000001,8.700000000000001,4.1000000000000005,137.4,18.2,17,40,14.0,147.0,600,4.4756628
2026-07-27 18:00:00,-36.7279766666667,10.5413683333333,12.8,1007.8000000000001,9.5,5.5,141.3,20.3,17,59,15.5,149.5,600,4.887218
2026-07-27 18:40:00,-36.72582,10.5512416666667,12.9,1007.9000000000001,12.9,8.0,155.4,12.9,18,31,19.3,149.5,600,6.6363276
2026-07-27 18:50:00,-36.7253366666667,10.5534616666667,12.8,1007.6,9.8,4.800000000000001,134.3,18.900000000000002,18,40,14.0,116.0,600,5.041551200000001
2026-07-27 19:00:00,-36.7248433333333,10.5556583333333,12.700000000000001,1007.4000000000001,7.9,4.3,132.8,19.0,18,50,13.100000000000001,136.4,600,4.064107600000001
2026-07-27 20:00:00,-36.722925,10.5684,12.8,1007.6,9.200000000000001,3.5,131.8,18.2,19,55,13.5,139.1,600,4.732884800000001
2026-07-27 20:30:00,-36.7225016666667,10.5755933333333,12.8,1007.7,10.3,3.7,132.6,15.600000000000001,20,25,13.9,135.0,600,5.2987732
2026-07-27 20:40:00,-36.7224116666667,10.577735,12.8,1007.9000000000001,9.8,4.7,121.9,17.7,20,36,14.100000000000001,129.20000000000002,600,5.041551200000001
2026-07-27 20:50:00,-36.72231,10.5799833333333,12.700000000000001,1007.4000000000001,10.200000000000001,9.200000000000001,131.9,17.3,20,40,19.0,155.10000000000002,600,5.247328800000001
2026-07-27 21:00:00,-36.7222133333333,10.5823833333333,12.700000000000001,1007.3000000000001,9.4,3.6,146.9,19.3,20,50,13.600000000000001,169.10000000000002,600,4.8357736000000004
2026-07-27 21:40:00,-36.7216733333333,10.5916866666667,12.8,1007.5,13.0,9.1,112.7,24.1,21,39,19.5,72.60000000000001,600,6.687772
2026-07-27 21:50:00,-36.72161,10.5938516666667,11.8,1007.0,13.4,11.8,90.10000000000001,15.4,21,41,20.8,123.5,600,6.8935496
2026-07-28 01:30:00,-36.7212833333333,10.6590433333333,12.3,1006.1,7.300000000000001,4.6000000000000005,128.20000000000002,26.700000000000003,1,29,17.0,86.60000000000001,600,3.7554412000000004
2026-07-28 01:40:00,-36.72158,10.6631366666667,12.4,1006.4000000000001,10.4,5.9,85.30000000000001,24.5,1,37,16.0,90.9,600,5.350217600000001
2026-07-28 01:50:00,-36.7218066666667,10.666955,12.4,1006.2,7.9,6.0,90.0,25.200000000000003,1,40,12.8,104.5,600,4.064107600000001
2026-07-28 02:00:00,-36.7218966666667,10.67094,12.5,1006.7,8.1,7.800000000000001,96.9,23.900000000000002,1,57,14.0,85.7,600,4.1669963999999995
2026-07-28 02:10:00,-36.7221016666667,10.6750333333333,12.5,1007.1,6.300000000000001,8.200000000000001,94.4,30.0,2,0,13.200000000000001,82.10000000000001,600,3.2409972000000002
2026-07-28 02:20:00,-36.72242,10.6789983333333,12.700000000000001,1007.6,9.4,8.6,88.30000000000001,21.400000000000002,2,19,18.3,76.10000000000001,600,4.8357736000000004
2026-07-28 02:30:00,-36.7226283333333,10.6828333333333,12.700000000000001,1007.4000000000001,10.0,8.0,87.80000000000001,17.2,2,20,16.2,78.2,600,5.14444
2026-07-28 02:40:00,-36.7227583333333,10.6865766666667,12.700000000000001,1007.6,8.0,7.0,92.9,23.5,2,39,13.9,78.4,600,4.115552
2026-07-28 02:50:00,-36.7229866666667,10.6904483333333,12.700000000000001,1007.8000000000001,8.4,23.6,85.80000000000001,35.6,2,40,18.900000000000002,91.5,600,4.3213296
2026-07-28 03:00:00,-36.7231883333333,10.694415,12.8,1008.1,9.8,8.9,105.30000000000001,23.400000000000002,2,56,17.2,129.3,600,5.041551200000001
2026-07-28 03:10:00,-36.7240466666667,10.6987633333333,12.8,1007.8000000000001,11.0,8.200000000000001,101.10000000000001,22.1,3,7,16.3,116.4,600,5.6588840000000005
2026-07-28 03:20:00,-36.7249633333333,10.7031733333333,12.700000000000001,1007.5,10.700000000000001,6.7,91.9,21.1,3,10,16.900000000000002,70.7,600,5.5045508000000005
2026-07-28 03:30:00,-36.725905,10.7074,12.8,1007.8000000000001,11.200000000000001,7.0,99.4,16.5,3,26,16.7,100.80000000000001,600,5.761772800000001
2026-07-28 03:40:00,-36.7268933333333,10.7122016666667,12.700000000000001,1007.6,9.4,10.100000000000001,102.2,22.6,3,30,18.0,130.20000000000002,599,4.8357736000000004
2026-07-28 03:50:00,-36.7279,10.7166483333333,12.8,1007.8000000000001,12.100000000000001,14.200000000000001,100.30000000000001,19.6,3,46,22.0,81.2,600,6.224772400000001
2026-07-28 04:00:00,-36.7289166666667,10.72133,12.8,1007.6,10.700000000000001,6.4,79.60000000000001,16.7,3,58,16.2,78.10000000000001,600,5.5045508000000005
2026-07-28 04:10:00,-36.730055,10.7262716666667,12.700000000000001,1007.6,6.7,6.6000000000000005,83.10000000000001,27.900000000000002,4,0,15.4,90.0,600,3.4467748
2026-07-28 04:20:00,-36.73113,10.7310083333333,12.9,1008.1,9.700000000000001,4.9,98.2,18.400000000000002,4,11,13.5,91.30000000000001,600,4.9901068
2026-07-28 04:30:00,-36.73187,10.7350833333333,12.9,1008.2,9.200000000000001,6.5,104.10000000000001,25.3,4,28,16.0,141.6,600,4.732884800000001
2026-07-28 04:40:00,-36.73619,10.735985,12.9,1008.2,9.4,4.2,125.10000000000001,25.3,4,37,14.700000000000001,85.5,600,4.8357736000000004
2026-07-28 04:50:00,-36.7414433333333,10.7358583333333,12.9,1008.1,7.800000000000001,2.6,108.80000000000001,26.200000000000003,4,43,11.4,97.2,600,4.0126632
2026-07-28 05:00:00,-36.7442116666667,10.731455,12.9,1008.1,4.9,3.0,87.9,26.1,4,51,8.9,36.800000000000004,600,2.5207756000000003
2026-07-28 05:10:00,-36.7458,10.7245866666667,13.100000000000001,1009.2,6.800000000000001,7.4,85.80000000000001,27.900000000000002,5,8,12.8,126.30000000000001,600,3.4982192000000003
2026-07-28 05:20:00,-36.7473433333333,10.7175383333333,13.200000000000001,1009.5,9.200000000000001,3.2,117.60000000000001,13.3,5,11,13.600000000000001,114.4,600,4.732884800000001
2026-07-28 05:30:00,-36.7486183333333,10.71127,13.3,1009.4000000000001,8.9,3.8000000000000003,120.4,15.3,5,24,13.4,116.7,600,4.5785516
2026-07-28 05:40:00,-36.749975,10.70528,13.200000000000001,1009.5,7.800000000000001,5.0,121.10000000000001,17.400000000000002,5,38,12.4,99.30000000000001,600,4.0126632
2026-07-28 05:50:00,-36.7513166666667,10.699115,13.3,1009.6,11.100000000000001,4.9,100.80000000000001,14.9,5,46,16.0,84.2,600,5.710328400000001
2026-07-28 06:00:00,-36.7523566666667,10.6930866666667,13.3,1009.6,12.0,4.4,92.9,14.9,5,53,16.0,96.7,600,6.173328
2026-07-28 06:10:00,-36.7526233333333,10.68718,13.200000000000001,1009.6,11.4,5.800000000000001,94.9,15.3,6,2,17.7,109.2,600,5.864661600000001
2026-07-28 06:20:00,-36.7529833333333,10.6811033333333,13.3,1009.7,11.9,6.4,85.9,15.100000000000001,6,14,17.3,100.0,600,6.1218836
2026-07-28 06:30:00,-36.7533216666667,10.6750933333333,13.200000000000001,1009.5,9.3,4.7,80.5,19.0,6,20,15.3,30.400000000000002,600,4.7843292
2026-07-28 06:40:00,-36.75361,10.6690183333333,13.200000000000001,1009.8000000000001,8.5,3.7,78.10000000000001,18.900000000000002,6,34,12.600000000000001,114.10000000000001,600,4.372774
2026-07-28 06:50:00,-36.7539633333333,10.6629016666667,13.3,1010.1,7.7,3.5,94.10000000000001,16.8,6,41,11.700000000000001,105.10000000000001,600,3.9612188
2026-07-28 07:00:00,-36.75419,10.6566366666667,13.4,1010.5,8.5,6.0,94.4,17.1,6,57,15.100000000000001,62.900000000000006,600,4.372774
2026-07-28 07:10:00,-36.7545716666667,10.6502066666667,13.600000000000001,1010.8000000000001,11.4,8.200000000000001,102.4,17.2,7,4,18.400000000000002,92.5,600,5.864661600000001
2026-07-28 07:20:00,-36.7548566666667,10.6438,13.5,1010.9000000000001,8.700000000000001,5.0,68.60000000000001,15.8,7,19,15.0,87.80000000000001,600,4.4756628
2026-07-28 07:30:00,-36.7553183333333,10.637305,13.600000000000001,1011.4000000000001,10.8,8.3,80.0,19.8,7,24,18.400000000000002,64.0,600,5.555995200000001
2026-07-28 07:40:00,-36.7555666666667,10.6311316666667,13.700000000000001,1011.5,11.9,6.2,82.80000000000001,21.3,7,36,18.1,78.10000000000001,600,6.1218836
2026-07-28 07:50:00,-36.7603066666667,10.6280233333333,13.700000000000001,1011.5,10.9,8.6,62.6,18.0,7,41,18.0,48.2,599,5.6074396
2026-07-28 08:00:00,-36.7667466666667,10.62769,13.8,1011.7,12.9,13.4,70.9,17.400000000000002,7,57,20.6,89.80000000000001,600,6.6363276
2026-07-28 08:10:00,-36.7730133333333,10.6272066666667,13.700000000000001,1011.6,10.8,6.9,66.7,16.6,8,0,16.400000000000002,40.300000000000004,600,5.555995200000001
2026-07-28 08:20:00,-36.77928,10.6258616666667,13.8,1011.7,10.8,5.7,36.1,18.3,8,18,16.400000000000002,26.400000000000002,600,5.555995200000001
2026-07-28 08:30:00,-36.7856316666667,10.6249733333333,13.9,1012.0,11.4,7.5,52.6,18.8,8,26,18.7,83.7,600,5.864661600000001
2026-07-28 08:40:00,-36.7917583333333,10.6235166666667,14.0,1012.5,9.8,6.9,72.8,17.3,8,38,17.400000000000002,93.4,600,5.041551200000001
2026-07-28 08:50:00,-36.79776,10.6232383333333,14.0,1012.8000000000001,12.600000000000001,6.6000000000000005,75.0,15.4,8,44,17.6,108.9,600,6.4819944000000005
2026-07-28 09:00:00,-36.8033366666667,10.6229583333333,14.0,1012.9000000000001,11.700000000000001,7.800000000000001,63.1,15.200000000000001,8,56,17.7,60.7,600,6.018994800000001
2026-07-28 09:10:00,-36.808865,10.6221416666667,14.100000000000001,1013.3000000000001,11.8,6.6000000000000005,69.10000000000001,14.4,9,6,18.0,54.800000000000004,600,6.070439200000001
2026-07-28 09:20:00,-36.81427,10.6223433333333,14.3,1013.8000000000001,13.200000000000001,8.0,60.900000000000006,15.9,9,17,19.5,39.300000000000004,600,6.7906608
2026-07-28 09:30:00,-36.81959,10.6229633333333,14.4,1014.1,12.4,5.2,52.6,14.4,9,20,17.5,46.900000000000006,600,6.3791056
2026-07-28 09:40:00,-36.824715,10.6221266666667,14.4,1014.4000000000001,13.200000000000001,10.9,67.4,17.900000000000002,9,37,20.200000000000003,83.7,600,6.7906608
2026-07-28 09:50:00,-36.8295033333333,10.6215716666667,14.4,1014.5,13.200000000000001,8.700000000000001,65.7,17.900000000000002,9,46,18.900000000000002,47.1,600,6.7906608
2026-07-28 10:00:00,-36.83425,10.62116,14.600000000000001,1015.1,12.100000000000001,6.1000000000000005,55.6,14.3,9,55,17.6,71.0,600,6.224772400000001
2026-07-28 10:10:00,-36.8385233333333,10.6181933333333,14.700000000000001,1015.5,11.9,6.300000000000001,70.4,15.0,10,1,16.400000000000002,74.3,600,6.1218836
2026-07-28 10:20:00,-36.8381033333333,10.6115216666667,14.700000000000001,1016.0,14.700000000000001,5.5,88.9,13.0,10,11,19.8,107.10000000000001,600,7.562326800000001
2026-07-28 10:30:00,-36.8378266666667,10.6047633333333,14.8,1016.1,12.4,3.8000000000000003,91.30000000000001,12.9,10,24,17.5,83.2,600,6.3791056
2026-07-28 10:40:00,-36.837495,10.5979916666667,14.8,1016.3000000000001,12.4,5.1000000000000005,90.4,12.200000000000001,10,35,17.7,94.10000000000001,600,6.3791056
2026-07-28 10:50:00,-36.8370966666667,10.5911483333333,15.0,1016.8000000000001,13.200000000000001,9.5,91.0,14.3,10,47,21.3,102.80000000000001,600,6.7906608
2026-07-28 11:00:00,-36.8367066666667,10.5840933333333,15.0,1016.9000000000001,14.100000000000001,7.4,84.30000000000001,20.3,10,54,20.3,88.0,600,7.253660400000001
2026-07-28 11:10:00,-36.8363983333333,10.576945,15.0,1017.7,13.600000000000001,6.0,78.60000000000001,14.200000000000001,11,9,18.8,84.9,600,6.996438400000001
2026-07-28 11:20:00,-36.835975,10.5697433333333,15.4,1019.5,14.4,6.0,72.8,17.6,11,19,21.0,70.9,600,7.4079936
2026-07-28 11:30:00,-36.835615,10.5624233333333,15.3,1019.5,13.100000000000001,8.9,58.400000000000006,18.3,11,23,19.5,45.0,600,6.739216400000001
2026-07-28 11:40:00,-36.835215,10.5553316666667,15.4,1019.9000000000001,13.4,7.2,69.2,19.0,11,39,18.1,74.5,600,6.8935496
2026-07-28 11:50:00,-36.8349516666667,10.5485616666667,15.700000000000001,1021.4000000000001,12.700000000000001,6.9,64.0,15.8,11,41,17.900000000000002,53.900000000000006,599,6.533438800000001
2026-07-28 12:00:00,-36.834565,10.5419033333333,15.3,1019.7,12.100000000000001,6.9,58.0,18.7,11,55,17.7,78.9,599,6.224772400000001
2026-07-28 12:10:00,-36.83434,10.535565,15.100000000000001,1018.3000000000001,14.200000000000001,8.200000000000001,65.10000000000001,20.200000000000003,12,9,19.5,35.4,600,7.3051048000000005
2026-07-28 12:20:00,-36.8339933333333,10.529335,14.9,1017.8000000000001,9.700000000000001,10.4,61.300000000000004,26.3,12,19,18.400000000000002,65.60000000000001,600,4.9901068
2026-07-28 12:30:00,-36.8336183333333,10.5234116666667,15.0,1018.2,11.0,7.6000000000000005,70.2,14.600000000000001,12,26,16.6,74.8,600,5.6588840000000005
2026-07-28 12:40:00,-36.8333716666667,10.5173316666667,14.9,1018.2,10.0,11.200000000000001,60.2,15.8,12,30,17.8,64.2,600,5.14444
2026-07-28 12:50:00,-36.8329866666667,10.5111366666667,15.0,1018.4000000000001,11.3,7.4,64.9,19.8,12,40,17.0,58.900000000000006,600,5.8132172
2026-07-28 13:00:00,-36.8327066666667,10.50479,15.0,1018.3000000000001,10.9,8.700000000000001,53.5,20.700000000000003,12,55,16.3,63.7,600,5.6074396
2026-07-28 13:10:00,-36.8323516666667,10.4987683333333,14.9,1018.1,10.700000000000001,8.700000000000001,55.800000000000004,19.900000000000002,13,2,16.7,55.800000000000004,600,5.5045508000000005
2026-07-28 13:20:00,-36.8320966666667,10.4927333333333,14.8,1017.7,11.700000000000001,14.200000000000001,56.7,15.9,13,15,21.1,61.0,600,6.018994800000001
2026-07-28 13:30:00,-36.83177,10.48672,14.8,1017.4000000000001,10.0,8.5,66.3,16.8,13,21,18.2,63.900000000000006,600,5.14444
2026-07-28 13:40:00,-36.8314833333333,10.480265,14.9,1017.4000000000001,10.8,7.1000000000000005,75.3,16.900000000000002,13,36,17.5,77.2,600,5.555995200000001
2026-07-28 13:50:00,-36.8310483333333,10.4738433333333,14.9,1017.1,13.700000000000001,8.5,55.2,19.5,13,47,19.8,53.5,600,7.047882800000001
2026-07-28 14:00:00,-36.8307416666667,10.46763,14.700000000000001,1016.6,10.8,8.5,61.300000000000004,16.8,13,50,17.3,65.2,600,5.555995200000001
2026-07-28 14:10:00,-36.8304783333333,10.46111,15.100000000000001,1018.0,10.100000000000001,10.100000000000001,72.5,19.400000000000002,14,6,17.2,78.30000000000001,600,5.195884400000001
2026-07-28 14:20:00,-36.8300133333333,10.45469,15.200000000000001,1018.5,12.3,10.700000000000001,72.7,18.0,14,14,20.400000000000002,107.9,600,6.3276612000000005
2026-07-28 14:30:00,-36.8297266666667,10.44802,14.8,1016.9000000000001,11.8,19.5,63.900000000000006,23.8,14,26,22.6,56.900000000000006,600,6.070439200000001
2026-07-28 14:40:00,-36.8294166666667,10.441555,14.700000000000001,1016.2,10.200000000000001,8.9,77.60000000000001,18.8,14,30,18.400000000000002,82.7,600,5.247328800000001
2026-07-28 14:50:00,-36.8290816666667,10.43541,14.9,1016.9000000000001,9.1,5.4,62.2,16.3,14,49,15.200000000000001,50.300000000000004,600,4.6814404
2026-07-28 15:00:00,-36.8287216666667,10.429235,14.8,1016.8000000000001,11.100000000000001,8.0,51.900000000000006,14.0,14,57,17.400000000000002,51.2,600,5.710328400000001
2026-07-28 15:10:00,-36.82838,10.422705,14.8,1016.5,10.9,12.9,47.5,15.200000000000001,15,6,18.8,43.300000000000004,600,5.6074396
2026-07-28 15:20:00,-36.828025,10.416485,14.8,1016.3000000000001,10.8,11.200000000000001,58.5,12.9,15,16,20.1,34.800000000000004,600,5.555995200000001
2026-07-28 15:30:00,-36.826785,10.4109916666667,14.700000000000001,1015.9000000000001,12.600000000000001,10.8,64.3,14.4,15,27,24.1,9.5,600,6.4819944000000005
2026-07-28 15:40:00,-36.8256416666667,10.4058133333333,14.8,1015.7,12.3,6.4,54.300000000000004,16.0,15,35,20.1,65.3,600,6.3276612000000005
2026-07-28 15:50:00,-36.8243933333333,10.40039,14.8,1015.8000000000001,13.200000000000001,13.8,64.7,15.0,15,40,21.8,59.5,600,6.7906608
2026-07-28 16:00:00,-36.82329,10.395095,14.8,1015.8000000000001,14.100000000000001,13.3,55.7,14.200000000000001,15,55,22.700000000000003,52.6,600,7.253660400000001
2026-07-28 16:20:00,-36.821035,10.3852433333333,14.8,1015.7,12.700000000000001,17.0,58.7,15.600000000000001,16,17,21.200000000000003,62.400000000000006,599,6.533438800000001
2026-07-28 16:30:00,-36.81999,10.3804033333333,14.8,1015.5,13.200000000000001,13.5,74.2,14.200000000000001,16,22,23.400000000000002,70.3,600,6.7906608
2026-07-28 17:20:00,-36.8110733333333,10.3759533333333,15.100000000000001,1016.3000000000001,12.3,9.700000000000001,47.7,15.8,17,19,18.900000000000002,49.2,600,6.3276612000000005
2026-07-28 17:30:00,-36.8091566666667,10.3761166666667,15.100000000000001,1016.4000000000001,12.100000000000001,5.5,45.400000000000006,10.600000000000001,17,23,17.3,35.9,600,6.224772400000001
2026-07-28 18:30:00,-36.8045566666667,10.39137,15.200000000000001,1016.4000000000001,13.600000000000001,9.1,54.0,10.200000000000001,18,23,20.200000000000003,54.2,600,6.996438400000001
2026-07-28 19:10:00,-36.8012983333333,10.4061883333333,15.4,1017.3000000000001,14.0,7.2,58.2,6.4,19,9,23.6,58.300000000000004,600,7.202216
2026-07-28 19:20:00,-36.800405,10.4099383333333,15.4,1017.4000000000001,14.4,8.0,52.800000000000004,11.5,19,10,22.900000000000002,68.9,600,7.4079936
2026-07-28 19:30:00,-36.7996183333333,10.4138783333333,15.4,1017.3000000000001,16.7,5.5,68.0,6.1000000000000005,19,28,21.1,64.5,600,8.5912148
2026-07-28 19:40:00,-36.801705,10.4167566666667,15.3,1017.3000000000001,15.5,7.6000000000000005,54.6,15.3,19,30,24.1,43.2,600,7.973882000000001
2026-07-28 19:50:00,-36.8067183333333,10.41884,15.3,1017.3000000000001,13.4,6.5,35.0,12.5,19,45,19.400000000000002,13.700000000000001,600,6.8935496
2026-07-28 20:00:00,-36.8117433333333,10.4211883333333,15.4,1017.5,13.4,8.200000000000001,32.2,13.0,19,55,18.900000000000002,68.8,600,6.8935496
2026-07-28 20:10:00,-36.816975,10.4235383333333,15.4,1017.5,13.0,4.7,36.1,15.0,20,7,17.900000000000002,54.5,600,6.687772
2026-07-28 20:20:00,-36.8221333333333,10.4259933333333,15.5,1017.6,13.8,10.9,29.3,14.4,20,18,24.200000000000003,28.400000000000002,600,7.0993272
2026-07-28 20:30:00,-36.8273383333333,10.428345,15.4,1017.2,17.400000000000002,7.6000000000000005,33.9,14.3,20,20,22.8,59.400000000000006,599,8.9513256
2026-07-28 20:40:00,-36.8326333333333,10.4309316666667,15.3,1016.8000000000001,15.0,6.5,37.4,16.400000000000002,20,35,20.900000000000002,40.7,600,7.71666
2026-07-28 20:50:00,-36.837935,10.43323,15.200000000000001,1016.5,13.8,8.3,41.400000000000006,15.8,20,43,21.700000000000003,43.7,600,7.0993272
2026-07-28 21:00:00,-36.84306,10.4356016666667,15.3,1016.6,12.5,7.800000000000001,43.6,17.6,20,58,17.900000000000002,39.7,600,6.43055
2026-07-28 21:10:00,-36.848225,10.4379166666667,15.3,1016.7,14.100000000000001,6.6000000000000005,35.6,14.700000000000001,21,6,22.0,34.2,600,7.253660400000001
2026-07-28 21:20:00,-36.853645,10.44046,15.200000000000001,1016.6,14.5,8.200000000000001,41.1,16.6,21,13,19.0,41.0,600,7.4594380000000005
2026-07-28 21:30:00,-36.859215,10.44294,15.3,1016.6,13.600000000000001,7.4,40.800000000000004,18.1,21,20,20.1,33.7,600,6.996438400000001
2026-07-28 21:40:00,-36.864535,10.44542,15.3,1016.6,13.3,9.1,38.900000000000006,17.8,21,37,22.200000000000003,32.4,600,6.842105200000001
2026-07-28 21:50:00,-36.8701283333333,10.4480483333333,15.3,1016.6,14.8,7.9,40.7,18.7,21,40,21.3,22.1,600,7.6137712
2026-07-28 22:00:00,-36.875845,10.4505866666667,15.3,1016.8000000000001,14.600000000000001,9.9,23.1,17.400000000000002,21,55,22.0,47.300000000000004,600,7.510882400000001
2026-07-28 22:10:00,-36.8817083333333,10.4532816666667,15.3,1016.8000000000001,15.200000000000001,9.200000000000001,22.200000000000003,17.8,22,2,21.200000000000003,17.3,600,7.819548800000001
2026-07-28 22:20:00,-36.8876566666667,10.4559816666667,15.4,1017.0,15.100000000000001,8.9,36.1,20.5,22,10,21.700000000000003,21.5,600,7.768104400000001
2026-07-28 22:30:00,-36.893845,10.4589916666667,15.4,1017.1,16.7,11.4,28.200000000000003,20.6,22,25,22.700000000000003,32.0,600,8.5912148
2026-07-28 22:40:00,-36.9002566666667,10.4619083333333,15.5,1017.4000000000001,12.700000000000001,5.9,10.100000000000001,18.7,22,35,19.400000000000002,352.5,600,6.533438800000001
2026-07-28 22:50:00,-36.90667,10.46485,15.600000000000001,1017.7,14.9,5.5,6.1000000000000005,18.0,22,41,21.200000000000003,18.6,600,7.665215600000001
2026-07-28 23:00:00,-36.9127483333333,10.4676616666667,15.600000000000001,1017.8000000000001,10.5,5.4,8.9,17.400000000000002,22,55,14.8,10.700000000000001,600,5.401662
2026-07-28 23:10:00,-36.9187316666667,10.470395,15.700000000000001,1018.2,10.600000000000001,3.4000000000000004,0.7000000000000001,16.8,23,9,14.4,18.900000000000002,600,5.453106400000001
2026-07-28 23:20:00,-36.9249,10.4732583333333,15.700000000000001,1018.3000000000001,12.600000000000001,7.1000000000000005,29.6,17.8,23,16,18.2,69.8,600,6.4819944000000005
2026-07-28 23:30:00,-36.9310566666667,10.475885,15.700000000000001,1018.3000000000001,15.200000000000001,10.4,35.0,18.400000000000002,23,29,22.1,19.700000000000003,600,7.819548800000001
2026-07-28 23:40:00,-36.9368783333333,10.4786466666667,15.700000000000001,1018.2,17.3,8.200000000000001,31.8,19.6,23,38,22.8,13.700000000000001,600,8.899881200000001
2026-07-28 23:50:00,-36.9434266666667,10.48166,15.600000000000001,1018.0,12.600000000000001,7.9,31.6,19.1,23,42,18.900000000000002,348.5,600,6.4819944000000005
2026-07-29 00:00:00,-36.94991,10.4847816666667,15.700000000000001,1018.3000000000001,11.700000000000001,4.4,2.9000000000000004,17.8,23,58,16.6,350.40000000000003,600,6.018994800000001
2026-07-29 00:10:00,-36.9563916666667,10.487815,15.8,1018.6,11.700000000000001,5.2,17.3,19.200000000000003,0,9,16.8,17.0,600,6.018994800000001
2026-07-29 00:20:00,-36.9631133333333,10.4906716666667,15.8,1018.6,11.8,5.0,21.200000000000003,18.400000000000002,0,16,17.900000000000002,5.800000000000001,600,6.070439200000001
2026-07-29 00:30:00,-36.9695333333333,10.4938733333333,15.8,1018.6,11.600000000000001,5.5,18.6,17.5,0,29,17.1,357.8,600,5.967550400000001
2026-07-29 00:40:00,-36.9761883333333,10.4967833333333,15.700000000000001,1018.5,10.4,4.4,8.1,16.400000000000002,0,31,15.5,7.0,599,5.350217600000001
2026-07-29 00:50:00,-36.9826816666667,10.4997483333333,15.8,1018.7,10.5,4.800000000000001,16.0,19.700000000000003,0,49,14.5,33.5,600,5.401662
2026-07-29 01:00:00,-36.989265,10.50278,15.8,1018.6,12.200000000000001,6.1000000000000005,30.6,18.6,0,53,17.6,19.6,600,6.2762168
2026-07-29 01:10:00,-36.9958866666667,10.5058166666667,15.8,1018.6,11.200000000000001,5.1000000000000005,25.700000000000003,14.9,1,4,17.2,12.0,600,5.761772800000001
2026-07-29 01:20:00,-37.00247,10.5088216666667,15.8,1018.6,11.700000000000001,4.800000000000001,23.400000000000002,15.600000000000001,1,11,16.5,18.6,600,6.018994800000001
2026-07-29 01:30:00,-37.009075,10.511885,15.8,1018.6,15.0,8.200000000000001,32.0,16.5,1,26,22.400000000000002,16.1,600,7.71666
2026-07-29 01:40:00,-37.0158933333333,10.515025,15.700000000000001,1018.4000000000001,16.900000000000002,7.2,35.6,17.2,1,37,23.400000000000002,34.800000000000004,600,8.694103600000002
2026-07-29 01:50:00,-37.0228616666667,10.5183733333333,15.8,1018.4000000000001,14.700000000000001,6.9,28.200000000000003,18.0,1,41,21.400000000000002,2.8000000000000003,600,7.562326800000001
2026-07-29 02:00:00,-37.0305116666667,10.5186283333333,15.700000000000001,1018.3000000000001,12.4,7.1000000000000005,15.3,11.9,1,52,18.400000000000002,8.1,600,6.3791056
2026-07-29 02:10:00,-37.0349983333333,10.516435,15.8,1018.5,13.600000000000001,8.1,28.400000000000002,21.200000000000003,2,9,20.1,330.0,600,6.996438400000001
2026-07-29 02:20:00,-37.0359116666667,10.5120783333333,15.700000000000001,1018.4000000000001,15.200000000000001,5.6000000000000005,48.5,11.9,2,11,19.700000000000003,49.0,600,7.819548800000001
2026-07-29 02:30:00,-37.0369183333333,10.50773,15.700000000000001,1018.4000000000001,14.4,5.7,50.5,13.8,2,28,18.8,34.1,600,7.4079936
2026-07-29 02:40:00,-37.0379433333333,10.50306,15.700000000000001,1018.4000000000001,13.200000000000001,12.4,30.0,18.1,2,32,20.5,351.70000000000005,600,6.7906608
2026-07-29 02:50:00,-37.0387833333333,10.4990733333333,15.700000000000001,1018.3000000000001,13.3,4.7,3.2,16.5,2,46,17.2,342.8,600,6.842105200000001
2026-07-29 03:00:00,-37.0397783333333,10.4951833333333,15.600000000000001,1018.2,11.600000000000001,4.5,4.1000000000000005,16.0,2,52,15.8,8.5,600,5.967550400000001
2026-07-29 03:10:00,-37.04048,10.4912766666667,15.700000000000001,1018.2,11.8,4.6000000000000005,6.7,16.5,3,7,15.9,14.4,600,6.070439200000001
2026-07-29 03:20:00,-37.041285,10.48772,15.700000000000001,1018.4000000000001,12.700000000000001,6.9,2.2,20.5,3,17,18.3,340.70000000000005,600,6.533438800000001
2026-07-29 03:30:00,-37.0421666666667,10.4841866666667,15.700000000000001,1018.3000000000001,12.8,4.6000000000000005,355.8,17.2,3,21,17.1,357.6,600,6.5848832
2026-07-29 03:40:00,-37.04282,10.4809316666667,15.700000000000001,1018.4000000000001,11.700000000000001,3.2,351.40000000000003,13.100000000000001,3,32,15.0,2.3000000000000003,600,6.018994800000001
2026-07-29 03:50:00,-37.04358,10.4774283333333,15.700000000000001,1018.5,11.8,6.1000000000000005,358.1,12.9,3,49,17.400000000000002,3.7,600,6.070439200000001
2026-07-29 04:00:00,-37.0437266666667,10.4744133333333,15.8,1018.6,12.100000000000001,6.5,13.200000000000001,20.0,3,52,17.8,30.1,600,6.224772400000001
2026-07-29 04:10:00,-37.0438333333333,10.471375,15.8,1018.7,10.700000000000001,5.4,31.8,11.5,4,9,17.8,30.6,600,5.5045508000000005
2026-07-29 04:20:00,-37.0441483333333,10.4682316666667,15.700000000000001,1018.7,11.4,7.2,12.200000000000001,13.5,4,17,17.900000000000002,17.8,600,5.864661600000001
2026-07-29 04:30:00,-37.0442333333333,10.4648533333333,15.700000000000001,1018.5,11.0,12.3,33.6,15.4,4,21,20.5,40.6,600,5.6588840000000005
2026-07-29 04:40:00,-37.04446,10.4610466666667,15.8,1018.8000000000001,10.600000000000001,4.7,27.5,14.4,4,37,14.600000000000001,38.800000000000004,600,5.453106400000001
2026-07-29 04:50:00,-37.0444916666667,10.4580016666667,15.700000000000001,1018.7,12.200000000000001,4.1000000000000005,30.400000000000002,14.100000000000001,4,42,16.8,50.2,599,6.2762168
2026-07-29 05:00:00,-37.0447183333333,10.4542466666667,15.700000000000001,1018.5,11.4,5.5,26.400000000000002,18.0,4,51,17.0,25.1,600,5.864661600000001
2026-07-29 05:10:00,-37.0449216666667,10.4506666666667,15.600000000000001,1018.2,11.200000000000001,5.5,26.700000000000003,14.0,5,0,16.2,32.0,600,5.761772800000001
2026-07-29 05:20:00,-37.0451116666667,10.4469233333333,15.700000000000001,1018.3000000000001,11.600000000000001,4.800000000000001,17.900000000000002,15.600000000000001,5,10,15.700000000000001,18.8,600,5.967550400000001
2026-07-29 05:30:00,-37.0452566666667,10.4431,15.700000000000001,1018.5,10.4,2.9000000000000004,11.9,15.8,5,24,13.600000000000001,9.700000000000001,600,5.350217600000001
2026-07-29 05:40:00,-37.04547,10.439355,15.700000000000001,1018.5,10.3,3.5,7.2,14.8,5,37,14.8,27.0,600,5.2987732
2026-07-29 05:50:00,-37.045565,10.4354716666667,15.700000000000001,1018.4000000000001,10.8,4.1000000000000005,24.400000000000002,13.200000000000001,5,41,15.8,37.2,600,5.555995200000001
2026-07-29 06:00:00,-37.0458716666667,10.4313233333333,15.700000000000001,1018.5,11.0,6.2,18.1,16.7,5,57,16.900000000000002,25.8,600,5.6588840000000005
2026-07-29 06:10:00,-37.0460216666667,10.4272916666667,15.700000000000001,1018.4000000000001,10.8,5.300000000000001,9.200000000000001,15.0,6,0,16.8,5.300000000000001,600,5.555995200000001
2026-07-29 06:20:00,-37.0462883333333,10.4235916666667,15.700000000000001,1018.5,10.5,4.2,353.40000000000003,16.3,6,14,15.5,320.1,600,5.401662
2026-07-29 06:30:00,-37.0465,10.42002,15.700000000000001,1018.7,12.100000000000001,5.5,338.5,13.700000000000001,6,28,19.0,333.1,600,6.224772400000001
2026-07-29 06:40:00,-37.0465683333333,10.4164833333333,15.700000000000001,1018.6,9.200000000000001,6.6000000000000005,333.0,18.8,6,32,17.0,321.0,600,4.732884800000001
2026-07-29 06:50:00,-37.04677,10.4131366666667,15.8,1019.3000000000001,4.800000000000001,2.2,350.6,27.0,6,49,7.9,350.40000000000003,600,2.4693312000000005
2026-07-29 07:00:00,-37.0467783333333,10.4098883333333,15.9,1019.8000000000001,8.200000000000001,5.0,349.6,22.900000000000002,6,57,15.4,16.6,600,4.218440800000001
2026-07-29 07:10:00,-37.0465516666667,10.4068066666667,15.9,1019.4000000000001,11.600000000000001,5.800000000000001,326.5,15.700000000000001,7,5,16.7,307.8,600,5.967550400000001
2026-07-29 07:20:00,-37.0465116666667,10.4038966666667,15.9,1019.3000000000001,9.200000000000001,5.4,307.1,17.900000000000002,7,10,14.8,326.3,600,4.732884800000001
2026-07-29 07:30:00,-37.04638,10.4006583333333,15.9,1019.8000000000001,4.800000000000001,3.4000000000000004,314.6,29.400000000000002,7,20,8.700000000000001,335.8,600,2.4693312000000005
2026-07-29 07:40:00,-37.0461233333333,10.3972916666667,16.0,1020.6,5.2,2.7,333.20000000000005,23.900000000000002,7,32,9.0,344.90000000000003,600,2.6751088000000003
2026-07-29 07:50:00,-37.0459116666667,10.3940516666667,16.0,1020.9000000000001,6.6000000000000005,4.800000000000001,324.8,18.0,7,49,12.9,330.0,600,3.3953304
2026-07-29 08:00:00,-37.0457866666667,10.3906716666667,16.0,1020.6,9.3,3.6,323.8,13.0,7,54,13.3,324.5,600,4.7843292
2026-07-29 08:10:00,-37.045665,10.38725,16.0,1020.6,9.0,4.1000000000000005,336.0,13.700000000000001,8,3,13.3,350.20000000000005,600,4.629996
2026-07-29 08:20:00,-37.04548,10.3837866666667,16.1,1020.9000000000001,7.300000000000001,2.5,347.20000000000005,13.4,8,10,10.600000000000001,351.8,600,3.7554412000000004
2026-07-29 08:30:00,-37.0453183333333,10.3806266666667,16.1,1021.1,9.3,2.7,341.5,11.5,8,22,12.8,329.6,600,4.7843292
2026-07-29 08:40:00,-37.0450316666667,10.3772433333333,16.1,1021.2,7.7,2.0,331.70000000000005,16.900000000000002,8,37,10.0,315.1,600,3.9612188
2026-07-29 08:50:00,-37.044725,10.3731583333333,16.1,1021.3000000000001,6.800000000000001,2.2,321.3,17.6,8,45,10.8,320.6,600,3.4982192000000003
2026-07-29 09:00:00,-37.0445783333333,10.3690116666667,16.2,1021.4000000000001,6.9,2.3000000000000003,339.5,19.400000000000002,8,59,10.3,6.7,599,3.5496636
2026-07-29 09:10:00,-37.044405,10.36501,16.2,1021.8000000000001,7.7,2.4000000000000004,352.1,15.9,9,1,10.5,15.4,600,3.9612188
2026-07-29 09:20:00,-37.0442116666667,10.36126,16.2,1021.8000000000001,7.800000000000001,2.5,345.70000000000005,16.7,9,11,11.0,345.0,600,4.0126632
2026-07-29 09:30:00,-37.0439766666667,10.3576583333333,16.3,1021.8000000000001,8.3,2.0,326.90000000000003,16.900000000000002,9,22,11.100000000000001,338.3,600,4.2698852
2026-07-29 09:40:00,-37.0438133333333,10.35403,16.3,1022.4000000000001,7.4,2.2,338.8,16.1,9,32,9.8,324.70000000000005,600,3.8068856
2026-07-29 09:50:00,-37.0436616666667,10.35051,16.400000000000002,1023.0,6.6000000000000005,2.0,332.6,15.600000000000001,9,42,9.5,327.8,600,3.3953304
2026-07-29 10:00:00,-37.0434733333333,10.346875,16.5,1023.7,5.800000000000001,2.5,347.90000000000003,17.6,9,51,8.8,5.1000000000000005,600,2.9837752000000006
2026-07-29 10:10:00,-37.0428366666667,10.34337,16.7,1025.3,5.4,2.0,352.40000000000003,18.1,10,8,8.9,64.0,600,2.7779976000000004
2026-07-29 10:20:00,-37.0421166666667,10.3400083333333,17.1,1027.1000000000001,4.0,1.7000000000000002,348.70000000000005,27.6,10,18,6.9,344.5,600,2.057776
2026-07-29 10:30:00,-37.0413416666667,10.3364566666667,17.1,1027.4,4.2,2.3000000000000003,347.5,23.8,10,29,8.3,346.3,600,2.1606648
2026-07-29 10:40:00,-37.04062,10.3327983333333,16.900000000000002,1026.1000000000001,6.4,2.5,336.3,18.6,10,36,9.9,318.70000000000005,600,3.2924416
2026-07-29 10:50:00,-37.03975,10.3291383333333,16.900000000000002,1025.6000000000001,6.7,3.2,346.1,17.900000000000002,10,44,10.200000000000001,8.4,600,3.4467748
2026-07-29 11:00:00,-37.039015,10.3255733333333,16.900000000000002,1025.6000000000001,6.800000000000001,2.3000000000000003,355.20000000000005,14.5,10,52,9.9,334.3,600,3.4982192000000003
2026-07-29 11:10:00,-37.0382983333333,10.3221783333333,17.1,1026.4,6.2,1.9000000000000001,346.5,18.900000000000002,11,3,9.5,349.40000000000003,600,3.1895528
2026-07-29 11:20:00,-37.037505,10.31863,17.2,1026.9,7.300000000000001,3.0,355.90000000000003,17.5,11,16,13.200000000000001,1.8,600,3.7554412000000004
2026-07-29 11:30:00,-37.03671,10.3148916666667,17.400000000000002,1027.7,6.5,3.6,345.8,18.5,11,23,10.600000000000001,302.8,600,3.343886
2026-07-29 11:40:00,-37.0358316666667,10.3112983333333,17.7,1029.2,4.800000000000001,3.6,308.40000000000003,36.2,11,37,8.3,249.0,600,2.4693312000000005
2026-07-29 11:50:00,-37.0350583333333,10.307865,17.3,1027.4,5.4,2.3000000000000003,313.90000000000003,22.3,11,42,8.1,304.5,600,2.7779976000000004
2026-07-29 12:00:00,-37.0342216666667,10.3045133333333,17.1,1026.3,6.0,2.0,333.3,19.200000000000003,11,54,9.0,336.40000000000003,600,3.086664
2026-07-29 12:10:00,-37.0317,10.3045933333333,17.2,1026.1000000000001,4.6000000000000005,2.3000000000000003,328.90000000000003,31.1,12,1,7.2,312.8,600,2.3664424000000004
2026-07-29 12:20:00,-37.0294566666667,10.3045033333333,17.400000000000002,1027.4,4.1000000000000005,2.1,318.1,30.400000000000002,12,12,6.9,299.6,600,2.1092204000000003
2026-07-29 12:30:00,-37.0272666666667,10.30456,17.7,1028.6000000000001,3.8000000000000003,2.0,318.40000000000003,34.7,12,23,6.800000000000001,341.40000000000003,600,1.9548872000000002
2026-07-29 12:40:00,-37.0250366666667,10.3044883333333,17.7,1029.1000000000001,3.1,1.5,313.6,38.900000000000006,12,32,5.2,275.3,600,1.5947764
2026-07-29 12:50:00,-37.0231566666667,10.305195,18.1,1029.9,2.9000000000000004,1.8,287.40000000000003,35.6,12,49,5.4,295.2,600,1.4918876000000003
2026-07-29 13:00:00,-37.0222333333333,10.3093116666667,18.3,1030.7,3.1,1.1,289.6,26.3,12,50,5.1000000000000005,3.0,600,1.5947764
2026-07-29 13:10:00,-37.0213133333333,10.3135766666667,18.1,1031.5,2.2,0.7000000000000001,313.70000000000005,38.300000000000004,13,3,3.7,13.5,599,1.1317768000000001
2026-07-29 13:20:00,-37.0203333333333,10.31817,18.1,1030.7,2.9000000000000004,1.8,281.5,33.9,13,19,6.0,261.5,600,1.4918876000000003
2026-07-29 13:30:00,-37.0193866666667,10.3226833333333,18.0,1028.9,3.4000000000000004,1.8,255.20000000000002,25.0,13,28,5.9,298.7,600,1.7491096000000002
2026-07-29 13:40:00,-37.0207733333333,10.3267833333333,17.7,1027.8,3.3000000000000003,1.5,260.40000000000003,31.400000000000002,13,35,5.5,256.0,600,1.6976652
2026-07-29 13:50:00,-37.0253816666667,10.3310516666667,16.900000000000002,1025.8,2.8000000000000003,3.0,216.20000000000002,50.6,13,49,6.9,197.0,600,1.4404432000000003
2026-07-29 14:00:00,-37.0296566666667,10.3350133333333,16.7,1024.4,3.3000000000000003,2.8000000000000003,227.5,32.9,13,57,6.6000000000000005,224.20000000000002,600,1.6976652
2026-07-29 14:10:00,-37.033945,10.3390333333333,16.6,1023.8000000000001,3.9000000000000004,2.9000000000000004,202.5,33.6,14,8,7.6000000000000005,168.8,600,2.0063316
2026-07-29 14:20:00,-37.038175,10.34307,16.5,1023.4000000000001,3.4000000000000004,2.4000000000000004,200.70000000000002,40.1,14,19,6.800000000000001,213.5,600,1.7491096000000002
2026-07-29 14:30:00,-37.042425,10.3469933333333,16.5,1023.2,4.1000000000000005,2.5,200.20000000000002,24.0,14,25,6.5,171.8,600,2.1092204000000003
2026-07-29 14:40:00,-37.0467666666667,10.3512083333333,16.5,1023.1,3.9000000000000004,2.5,195.8,27.200000000000003,14,37,7.4,208.20000000000002,600,2.0063316
2026-07-29 14:50:00,-37.0511666666667,10.3553533333333,16.400000000000002,1022.7,4.0,3.2,198.8,29.8,14,47,7.1000000000000005,253.10000000000002,600,2.057776
2026-07-29 15:00:00,-37.05555,10.359445,16.400000000000002,1022.2,4.4,2.5,176.10000000000002,28.200000000000003,14,52,7.4,159.60000000000002,600,2.2635536000000003
2026-07-29 15:10:00,-37.0599866666667,10.363565,16.3,1021.9000000000001,3.9000000000000004,2.7,171.5,36.2,15,0,7.6000000000000005,249.10000000000002,600,2.0063316
2026-07-29 15:20:00,-37.0643333333333,10.3677033333333,16.400000000000002,1022.2,3.6,2.5,201.3,30.700000000000003,15,17,6.300000000000001,178.0,600,1.8519984
2026-07-29 15:30:00,-37.0686683333333,10.37172,16.400000000000002,1021.9000000000001,5.300000000000001,2.5,173.3,21.5,15,22,8.5,168.70000000000002,600,2.7265532000000006
2026-07-29 15:40:00,-37.073035,10.3758366666667,16.3,1021.5,5.2,3.2,179.20000000000002,25.1,15,33,8.8,161.4,600,2.6751088000000003
2026-07-29 15:50:00,-37.07713,10.37965,16.3,1021.2,5.6000000000000005,2.9000000000000004,173.10000000000002,19.3,15,48,9.3,157.60000000000002,600,2.8808864000000005
2026-07-29 16:00:00,-37.0813583333333,10.3835033333333,16.1,1020.4000000000001,6.800000000000001,2.3000000000000003,156.70000000000002,17.8,15,55,10.0,158.10000000000002,600,3.4982192000000003
2026-07-29 16:10:00,-37.08535,10.3873283333333,16.0,1019.9000000000001,6.300000000000001,3.6,155.70000000000002,23.400000000000002,16,0,9.700000000000001,149.9,600,3.2409972000000002
2026-07-29 16:20:00,-37.089205,10.390915,16.0,1019.8000000000001,7.4,3.1,149.20000000000002,14.4,16,18,10.9,132.6,600,3.8068856
2026-07-29 16:30:00,-37.0931116666667,10.394535,16.0,1019.6,7.6000000000000005,2.4000000000000004,140.70000000000002,15.600000000000001,16,23,10.700000000000001,125.9,600,3.9097744000000003
2026-07-29 16:40:00,-37.0969133333333,10.3982266666667,16.0,1019.6,7.4,2.8000000000000003,144.20000000000002,18.0,16,38,10.9,153.60000000000002,600,3.8068856
2026-07-29 16:50:00,-37.1008116666667,10.4017183333333,16.0,1019.7,7.300000000000001,2.9000000000000004,150.5,17.8,16,46,11.200000000000001,138.5,600,3.7554412000000004
2026-07-29 17:00:00,-37.10431,10.4051166666667,16.0,1019.5,8.4,2.2,138.6,11.600000000000001,16,57,12.100000000000001,152.5,600,4.3213296
2026-07-29 17:10:00,-37.108125,10.4087266666667,16.0,1019.4000000000001,7.2,1.7000000000000002,133.6,19.3,17,9,9.5,81.4,599,3.7039968
2026-07-29 17:20:00,-37.112105,10.4123516666667,16.0,1019.4000000000001,5.5,2.6,145.4,20.200000000000003,17,18,8.9,126.80000000000001,600,2.8294420000000002
2026-07-29 17:30:00,-37.1161883333333,10.4162033333333,16.0,1019.6,6.6000000000000005,3.1,135.9,18.400000000000002,17,25,10.0,136.5,600,3.3953304
2026-07-29 17:40:00,-37.1202516666667,10.420005,16.0,1019.3000000000001,7.1000000000000005,1.8,134.20000000000002,14.5,17,31,9.700000000000001,143.6,600,3.6525524000000003
2026-07-29 17:50:00,-37.1244066666667,10.42393,16.1,1019.5,8.3,3.1,125.80000000000001,18.5,17,48,12.200000000000001,111.2,600,4.2698852
2026-07-29 18:00:00,-37.12844,10.4277183333333,15.9,1018.9000000000001,10.0,2.2,125.9,14.5,17,55,12.3,108.30000000000001,600,5.14444
2026-07-29 18:10:00,-37.1326216666667,10.4315616666667,15.9,1018.7,10.8,2.9000000000000004,123.7,13.4,18,4,14.600000000000001,118.10000000000001,600,5.555995200000001
2026-07-29 18:20:00,-37.1369783333333,10.43572,15.9,1018.6,10.5,2.0,122.80000000000001,16.8,18,10,13.3,126.9,600,5.401662
2026-07-29 18:30:00,-37.141165,10.4396883333333,15.8,1018.4000000000001,11.100000000000001,2.0,127.9,15.9,18,29,15.0,134.5,600,5.710328400000001
2026-07-29 18:40:00,-37.1455333333333,10.443635,15.8,1018.3000000000001,11.8,2.4000000000000004,128.3,10.9,18,32,14.8,129.3,600,6.070439200000001
2026-07-29 18:50:00,-37.1499716666667,10.44781,15.8,1018.4000000000001,11.4,2.3000000000000003,130.8,14.100000000000001,18,47,14.100000000000001,156.0,600,5.864661600000001
2026-07-29 19:00:00,-37.154495,10.4520366666667,15.9,1018.5,11.5,2.3000000000000003,127.80000000000001,15.8,18,58,14.700000000000001,125.2,600,5.916106
2026-07-29 19:10:00,-37.1590583333333,10.456275,15.8,1018.5,11.0,2.2,129.6,15.8,19,1,13.600000000000001,132.70000000000002,600,5.6588840000000005
2026-07-29 19:20:00,-37.1636633333333,10.4607016666667,15.8,1018.6,10.0,2.1,126.30000000000001,15.100000000000001,19,10,13.200000000000001,131.5,600,5.14444
2026-07-29 19:30:00,-37.168265,10.464965,15.9,1018.8000000000001,9.700000000000001,2.6,130.6,15.100000000000001,19,26,12.700000000000001,129.4,600,4.9901068
2026-07-29 19:40:00,-37.1728283333333,10.4693383333333,15.9,1019.0,8.9,2.2,126.80000000000001,15.0,19,31,12.3,117.9,600,4.5785516
2026-07-29 19:50:00,-37.1772866666667,10.47351,15.9,1019.1,9.600000000000001,2.1,125.60000000000001,16.900000000000002,19,42,12.4,109.80000000000001,600,4.938662400000001
2026-07-29 20:00:00,-37.18164,10.4774966666667,15.9,1019.1,10.8,2.5,126.80000000000001,12.100000000000001,19,56,14.100000000000001,132.4,600,5.555995200000001
2026-07-29 20:10:00,-37.1858216666667,10.481635,15.9,1018.9000000000001,11.3,2.9000000000000004,126.4,14.9,20,4,14.9,121.80000000000001,600,5.8132172
2026-07-29 20:20:00,-37.1899883333333,10.4853883333333,15.9,1018.7,9.8,2.4000000000000004,120.80000000000001,13.5,20,16,13.3,128.1,600,5.041551200000001
2026-07-29 20:30:00,-37.1941883333333,10.4894916666667,15.9,1018.7,8.4,1.8,121.2,17.2,20,27,11.0,112.2,600,4.3213296
2026-07-29 20:40:00,-37.198355,10.493345,15.9,1018.8000000000001,7.7,1.8,118.4,18.2,20,37,10.0,124.4,600,3.9612188
2026-07-29 20:50:00,-37.2025716666667,10.4971633333333,15.9,1018.8000000000001,7.5,2.1,130.9,13.3,20,40,10.3,129.70000000000002,600,3.85833
2026-07-29 21:00:00,-37.2069466666667,10.5013216666667,15.9,1018.9000000000001,8.200000000000001,1.8,124.5,12.200000000000001,20,56,11.3,132.0,600,4.218440800000001
2026-07-29 21:10:00,-37.21148,10.505505,15.9,1018.9000000000001,8.5,2.1,128.1,15.600000000000001,21,1,12.100000000000001,148.0,600,4.372774
2026-07-29 21:20:00,-37.2160933333333,10.5099516666667,15.9,1019.0,7.7,2.0,130.70000000000002,14.5,21,12,11.700000000000001,140.4,599,3.9612188
2026-07-29 21:30:00,-37.220835,10.5143883333333,15.9,1019.0,7.300000000000001,1.9000000000000001,128.8,16.1,21,24,10.5,97.10000000000001,600,3.7554412000000004
2026-07-29 21:40:00,-37.2253966666667,10.5185783333333,15.9,1019.1,8.200000000000001,2.0,127.2,12.600000000000001,21,37,10.8,120.60000000000001,600,4.218440800000001
2026-07-29 21:50:00,-37.2300083333333,10.5229283333333,15.9,1019.1,8.700000000000001,2.3000000000000003,125.10000000000001,12.4,21,45,12.0,133.6,600,4.4756628
2026-07-29 22:00:00,-37.2345433333333,10.5272833333333,15.9,1019.0,9.200000000000001,1.8,129.9,14.200000000000001,21,50,12.200000000000001,103.10000000000001,600,4.732884800000001
2026-07-29 22:10:00,-37.2392916666667,10.531645,15.8,1018.9000000000001,8.9,5.1000000000000005,113.80000000000001,27.3,22,3,12.8,123.10000000000001,600,4.5785516
2026-07-29 22:20:00,-37.2438133333333,10.5359083333333,15.9,1018.8000000000001,8.1,4.4,133.5,14.200000000000001,22,18,12.8,134.8,600,4.1669963999999995
2026-07-29 22:30:00,-37.2483716666667,10.54031,15.8,1018.9000000000001,8.200000000000001,2.7,132.3,15.9,22,23,11.8,154.20000000000002,600,4.218440800000001
2026-07-29 22:40:00,-37.25311,10.54462,15.9,1018.9000000000001,8.1,2.9000000000000004,137.1,15.100000000000001,22,30,11.0,137.6,600,4.1669963999999995
2026-07-29 22:50:00,-37.2577066666667,10.548855,15.9,1019.1,8.8,2.1,136.9,12.9,22,44,12.3,145.20000000000002,600,4.5271072000000006
2026-07-29 23:00:00,-37.2625116666667,10.5535366666667,15.9,1019.2,7.9,3.2,120.2,21.5,22,51,10.600000000000001,100.80000000000001,600,4.064107600000001
2026-07-29 23:10:00,-37.267385,10.557955,16.0,1019.5,8.4,1.8,114.7,16.0,23,5,10.9,115.2,600,4.3213296
2026-07-29 23:20:00,-37.2722333333333,10.5626716666667,16.0,1019.3000000000001,8.3,2.0,126.2,17.2,23,10,11.200000000000001,129.8,600,4.2698852
2026-07-29 23:30:00,-37.2772483333333,10.5674266666667,16.0,1019.2,9.1,1.8,121.5,18.1,23,24,11.9,98.5,600,4.6814404
2026-07-29 23:40:00,-37.2822816666667,10.5720533333333,15.9,1019.0,8.200000000000001,2.3000000000000003,114.2,17.2,23,38,11.200000000000001,154.8,600,4.218440800000001
2026-07-29 23:50:00,-37.287145,10.5767666666667,15.9,1019.2,8.3,2.8000000000000003,106.0,16.7,23,48,12.600000000000001,129.6,600,4.2698852
2026-07-30 00:00:00,-37.29204,10.5813566666667,15.9,1019.0,9.0,2.5,114.0,16.8,23,55,13.100000000000001,116.4,600,4.629996
2026-07-30 00:10:00,-37.2970933333333,10.5860833333333,15.9,1019.0,6.5,1.6,112.5,20.700000000000003,0,0,9.200000000000001,38.0,600,3.343886
2026-07-30 00:20:00,-37.3022533333333,10.5909733333333,15.9,1019.2,7.300000000000001,1.5,110.30000000000001,18.2,0,18,9.5,105.10000000000001,600,3.7554412000000004
2026-07-30 00:30:00,-37.3075916666667,10.59586,15.9,1019.1,6.7,1.4000000000000001,116.60000000000001,18.400000000000002,0,29,9.5,125.10000000000001,600,3.4467748
2026-07-30 00:40:00,-37.3128383333333,10.600895,15.9,1019.1,7.300000000000001,1.9000000000000001,131.9,17.7,0,30,10.200000000000001,153.1,600,3.7554412000000004
2026-07-30 00:50:00,-37.31812,10.6058283333333,15.9,1019.2,5.6000000000000005,2.1,137.20000000000002,24.200000000000003,0,47,8.8,112.9,600,2.8808864000000005
2026-07-30 01:00:00,-37.3234866666667,10.610755,15.9,1019.2,5.6000000000000005,2.0,131.9,23.8,0,57,8.8,170.20000000000002,600,2.8808864000000005
2026-07-30 01:10:00,-37.328185,10.61514,15.9,1019.4000000000001,6.0,1.8,123.9,24.3,1,2,8.200000000000001,138.3,600,3.086664
2026-07-30 01:20:00,-37.3323966666667,10.6192916666667,16.0,1019.4000000000001,8.200000000000001,2.4000000000000004,104.0,17.3,1,12,12.4,118.9,600,4.218440800000001
2026-07-30 01:30:00,-37.3367566666667,10.6232666666667,16.0,1019.3000000000001,7.7,1.5,117.60000000000001,19.8,1,20,10.8,123.60000000000001,599,3.9612188
2026-07-30 01:40:00,-37.3409216666667,10.6272933333333,16.0,1019.2,9.0,2.6,125.0,15.5,1,34,13.3,138.70000000000002,600,4.629996
2026-07-30 01:50:00,-37.3450933333333,10.631255,16.0,1019.2,9.9,3.2,113.30000000000001,22.5,1,49,14.4,77.7,600,5.0929956
2026-07-30 02:00:00,-37.3494516666667,10.6353616666667,16.0,1018.7,12.600000000000001,3.5,85.80000000000001,10.4,1,57,17.0,79.9,600,6.4819944000000005
2026-07-30 02:10:00,-37.3539016666667,10.6394183333333,15.9,1018.2,13.600000000000001,3.4000000000000004,83.80000000000001,11.600000000000001,2,5,18.6,60.400000000000006,600,6.996438400000001
2026-07-30 02:20:00,-37.3583833333333,10.6436633333333,15.8,1018.1,13.5,3.5,81.80000000000001,12.5,2,15,18.3,86.10000000000001,600,6.944994
2026-07-30 02:30:00,-37.3628533333333,10.647855,15.700000000000001,1018.0,13.3,2.6,88.4,13.100000000000001,2,22,16.5,68.8,600,6.842105200000001
2026-07-30 02:40:00,-37.367475,10.6521966666667,15.8,1018.1,11.4,2.3000000000000003,86.4,13.100000000000001,2,30,14.0,75.3,600,5.864661600000001
2026-07-30 02:50:00,-37.371995,10.6566116666667,15.8,1018.2,10.700000000000001,2.4000000000000004,84.60000000000001,14.0,2,41,14.4,73.10000000000001,600,5.5045508000000005
2026-07-30 03:00:00,-37.3765933333333,10.660815,15.8,1018.3000000000001,9.700000000000001,2.2,89.9,13.100000000000001,2,55,12.700000000000001,108.80000000000001,600,4.9901068
2026-07-30 03:10:00,-37.38108,10.66506,15.8,1018.3000000000001,8.6,1.7000000000000002,97.4,15.0,3,1,11.700000000000001,98.60000000000001,600,4.4242184
2026-07-30 03:20:00,-37.3855083333333,10.669105,15.700000000000001,1018.4000000000001,8.700000000000001,1.8,97.0,15.100000000000001,3,18,11.4,114.9,600,4.4756628
2026-07-30 03:30:00,-37.3898266666667,10.67336,15.8,1018.4000000000001,9.3,1.9000000000000001,94.0,16.6,3,27,11.9,94.60000000000001,600,4.7843292
2026-07-30 03:40:00,-37.3940916666667,10.6772683333333,15.8,1018.2,10.0,1.6,89.30000000000001,12.600000000000001,3,33,12.8,81.60000000000001,600,5.14444
2026-07-30 03:50:00,-37.3985116666667,10.6814466666667,15.8,1018.2,9.200000000000001,1.9000000000000001,86.9,14.600000000000001,3,49,12.100000000000001,72.5,600,4.732884800000001
2026-07-30 04:00:00,-37.4028133333333,10.6853833333333,15.700000000000001,1018.1,10.100000000000001,2.1,92.2,12.9,3,58,13.200000000000001,144.1,600,5.195884400000001
2026-07-30 04:10:00,-37.4070433333333,10.6896116666667,15.700000000000001,1017.9000000000001,10.8,2.0,100.30000000000001,13.100000000000001,4,5,13.4,110.4,600,5.555995200000001
2026-07-30 04:20:00,-37.41122,10.6934716666667,15.600000000000001,1017.7,10.700000000000001,2.0,112.2,13.100000000000001,4,14,14.100000000000001,111.9,600,5.5045508000000005
2026-07-30 04:30:00,-37.415385,10.697465,15.600000000000001,1017.6,10.4,1.4000000000000001,103.10000000000001,14.5,4,23,12.4,94.10000000000001,600,5.350217600000001
2026-07-30 04:40:00,-37.419575,10.70119,15.600000000000001,1017.6,9.4,1.8,102.4,14.9,4,30,12.100000000000001,113.4,600,4.8357736000000004
2026-07-30 04:50:00,-37.423735,10.705115,15.600000000000001,1017.6,10.200000000000001,1.8,98.7,14.600000000000001,4,46,13.0,90.0,600,5.247328800000001
2026-07-30 05:00:00,-37.4278566666667,10.7090633333333,15.600000000000001,1017.5,10.0,1.6,96.0,13.200000000000001,4,51,12.5,106.5,600,5.14444
2026-07-30 05:10:00,-37.43201,10.7129566666667,15.600000000000001,1017.6,10.5,3.0,88.80000000000001,14.5,5,5,15.200000000000001,81.0,600,5.401662
2026-07-30 05:20:00,-37.4362416666667,10.7168383333333,15.600000000000001,1017.6,9.700000000000001,2.3000000000000003,85.80000000000001,12.9,5,15,12.600000000000001,88.2,600,4.9901068
2026-07-30 05:30:00,-37.4404383333333,10.7207716666667,15.600000000000001,1017.8000000000001,7.800000000000001,1.7000000000000002,96.4,16.900000000000002,5,20,10.700000000000001,91.80000000000001,600,4.0126632
2026-07-30 05:40:00,-37.44461,10.7248433333333,15.600000000000001,1017.8000000000001,9.1,2.0,105.60000000000001,15.0,5,37,12.200000000000001,106.60000000000001,600,4.6814404
2026-07-30 05:50:00,-37.4487116666667,10.7286066666667,15.600000000000001,1017.6,9.8,2.6,113.7,15.0,5,46,13.4,103.60000000000001,599,5.041551200000001
2026-07-30 06:00:00,-37.4528366666667,10.7326666666667,15.600000000000001,1017.7,8.700000000000001,3.4000000000000004,120.4,14.9,5,57,12.8,110.9,600,4.4756628
2026-07-30 06:10:00,-37.45346,10.74022,15.600000000000001,1017.9000000000001,6.5,6.0,132.5,19.0,6,1,11.700000000000001,117.80000000000001,600,3.343886
2026-07-30 06:20:00,-37.4537166666667,10.7478733333333,15.700000000000001,1018.4000000000001,9.3,7.0,112.30000000000001,19.400000000000002,6,14,14.9,131.3,600,4.7843292
2026-07-30 06:30:00,-37.4519816666667,10.7493683333333,15.700000000000001,1018.1,10.8,3.4000000000000004,145.70000000000002,15.5,6,24,14.4,167.4,600,5.555995200000001
2026-07-30 06:40:00,-37.4539916666667,10.7509666666667,15.8,1018.3000000000001,10.5,2.9000000000000004,124.5,21.700000000000003,6,35,14.600000000000001,118.0,600,5.401662
2026-07-30 06:50:00,-37.4544333333333,10.7584416666667,15.8,1018.3000000000001,9.200000000000001,2.3000000000000003,124.5,12.3,6,44,13.200000000000001,112.30000000000001,600,4.732884800000001
2026-07-30 07:00:00,-37.454885,10.76605,15.8,1018.3000000000001,8.5,2.1,126.0,13.9,6,56,11.700000000000001,117.10000000000001,600,4.372774
2026-07-30 07:10:00,-37.45536,10.773425,15.700000000000001,1018.4000000000001,9.0,2.3000000000000003,109.0,18.5,7,6,11.9,59.800000000000004,600,4.629996
2026-07-30 07:20:00,-37.4604733333333,10.77742,15.9,1019.0,9.0,2.6,67.3,14.4,7,19,12.700000000000001,53.900000000000006,600,4.629996
2026-07-30 07:30:00,-37.4656933333333,10.7819033333333,16.0,1019.4000000000001,8.200000000000001,2.4000000000000004,72.2,15.3,7,28,11.200000000000001,60.6,600,4.218440800000001
2026-07-30 07:40:00,-37.4709233333333,10.7861,16.0,1019.7,10.700000000000001,5.300000000000001,52.0,14.4,7,37,15.0,46.1,600,5.5045508000000005
2026-07-30 07:50:00,-37.4763566666667,10.7905383333333,16.0,1019.5,11.600000000000001,3.3000000000000003,46.7,11.100000000000001,7,40,16.0,50.5,600,5.967550400000001
2026-07-30 08:00:00,-37.4820866666667,10.7951116666667,16.1,1019.7,11.600000000000001,3.7,44.5,11.3,7,54,15.100000000000001,50.7,600,5.967550400000001
2026-07-30 08:10:00,-37.4878966666667,10.7997583333333,16.1,1020.0,12.4,3.4000000000000004,40.900000000000006,11.100000000000001,8,4,16.2,42.5,600,6.3791056
2026-07-30 08:20:00,-37.4937783333333,10.80464,16.1,1020.5,12.5,3.6,50.300000000000004,11.5,8,19,15.9,51.6,600,6.43055
2026-07-30 08:30:00,-37.4996483333333,10.8094133333333,16.2,1021.3000000000001,12.200000000000001,4.7,53.1,12.700000000000001,8,28,16.400000000000002,52.400000000000006,600,6.2762168
2026-07-30 08:40:00,-37.505295,10.8139016666667,16.400000000000002,1022.9000000000001,12.8,3.9000000000000004,56.7,15.5,8,38,16.6,66.9,600,6.5848832
2026-07-30 08:50:00,-37.5106116666667,10.81819,16.400000000000002,1023.8000000000001,14.0,5.0,53.300000000000004,13.700000000000001,8,49,18.1,72.0,600,7.202216
2026-07-30 09:00:00,-37.5149966666667,10.8216983333333,16.400000000000002,1021.7,12.200000000000001,9.600000000000001,43.300000000000004,8.9,8,51,19.0,44.6,600,6.2762168
2026-07-30 09:10:00,-37.519435,10.8252883333333,16.6,1023.8000000000001,10.5,3.9000000000000004,33.7,12.700000000000001,9,4,14.0,38.7,600,5.401662
2026-07-30 09:20:00,-37.5236816666667,10.82879,16.7,1025.0,10.3,3.4000000000000004,48.2,10.4,9,11,13.700000000000001,39.5,600,5.2987732
2026-07-30 09:30:00,-37.52762,10.83211,16.7,1025.1000000000001,8.9,3.7,45.2,11.200000000000001,9,20,13.4,32.800000000000004,600,4.5785516
2026-07-30 09:40:00,-37.5317533333333,10.8353666666667,16.900000000000002,1026.3,8.3,4.3,38.300000000000004,10.8,9,38,13.8,28.0,600,4.2698852
2026-07-30 09:50:00,-37.53583,10.838785,17.2,1027.0,8.9,3.4000000000000004,25.400000000000002,11.5,9,44,12.9,24.8,600,4.5785516
2026-07-30 10:00:00,-37.5358316666667,10.8446033333333,17.0,1027.0,8.5,2.3000000000000003,25.400000000000002,13.600000000000001,9,53,12.4,45.6,599,4.372774
2026-07-30 10:10:00,-37.5355133333333,10.85095,16.900000000000002,1026.3,8.700000000000001,2.3000000000000003,21.200000000000003,14.100000000000001,10,3,11.8,14.600000000000001,600,4.4756628
2026-07-30 10:20:00,-37.5352,10.8574466666667,16.900000000000002,1025.8,8.6,1.8,12.100000000000001,10.8,10,17,11.200000000000001,18.2,600,4.4242184
2026-07-30 10:30:00,-37.534825,10.8641716666667,16.900000000000002,1026.0,7.2,2.2,5.9,12.600000000000001,10,20,9.8,18.6,600,3.7039968
2026-07-30 10:40:00,-37.5344783333333,10.8705316666667,17.0,1027.2,6.1000000000000005,1.8,15.200000000000001,16.1,10,38,8.5,6.6000000000000005,600,3.1381084
2026-07-30 10:50:00,-37.5341366666667,10.8768133333333,17.1,1027.7,5.7,1.6,7.6000000000000005,12.0,10,44,8.3,11.100000000000001,600,2.9323308000000003
2026-07-30 11:00:00,-37.533885,10.8833083333333,17.1,1027.5,5.6000000000000005,1.4000000000000001,3.0,15.200000000000001,10,54,7.9,5.5,600,2.8808864000000005
2026-07-30 11:10:00,-37.5335833333333,10.889555,16.900000000000002,1027.6000000000001,4.9,1.5,11.0,13.9,11,1,7.5,16.2,600,2.5207756000000003
2026-07-30 11:20:00,-37.533265,10.8955783333333,17.1,1028.4,5.300000000000001,1.4000000000000001,357.0,15.8,11,13,7.4,337.90000000000003,600,2.7265532000000006
2026-07-30 11:30:00,-37.5328616666667,10.9017166666667,17.2,1029.9,3.8000000000000003,1.3,11.5,24.900000000000002,11,28,6.1000000000000005,344.90000000000003,600,1.9548872000000002
2026-07-30 11:40:00,-37.53295,10.9087966666667,17.3,1030.2,3.5,1.1,7.5,22.900000000000002,11,39,5.7,18.3,600,1.800554
2026-07-30 11:50:00,-37.5332583333333,10.9157583333333,17.3,1029.6000000000001,3.0,1.3,7.1000000000000005,28.5,11,42,5.4,18.900000000000002,600,1.543332
2026-07-30 12:00:00,-37.5335666666667,10.9228733333333,17.2,1028.9,2.3000000000000003,0.9,24.6,33.9,11,51,4.2,67.60000000000001,600,1.1832212000000002
2026-07-30 12:10:00,-37.53396,10.9301683333333,17.3,1029.7,2.0,0.9,16.1,40.5,12,7,4.6000000000000005,13.5,600,1.028888
2026-07-30 12:20:00,-37.5344383333333,10.93762,17.3,1029.8,2.1,1.2000000000000002,52.7,47.1,12,19,4.5,50.2,600,1.0803324
2026-07-30 12:30:00,-37.5347266666667,10.945015,17.0,1028.2,3.2,1.6,79.5,23.5,12,28,6.1000000000000005,115.0,600,1.6462208
2026-07-30 12:40:00,-37.535155,10.9524816666667,16.7,1026.1000000000001,4.2,1.5,83.2,16.0,12,35,6.4,103.30000000000001,600,2.1606648
2026-07-30 12:50:00,-37.5354433333333,10.9598883333333,16.6,1024.9,5.1000000000000005,2.1,87.2,14.100000000000001,12,48,7.800000000000001,105.7,600,2.6236644000000005
2026-07-30 13:00:00,-37.5359083333333,10.9669366666667,16.5,1024.6000000000001,5.6000000000000005,1.9000000000000001,88.80000000000001,12.600000000000001,12,56,8.8,81.2,600,2.8808864000000005
2026-07-30 13:10:00,-37.5365066666667,10.9738733333333,16.6,1026.6000000000001,5.2,1.4000000000000001,81.60000000000001,17.0,13,2,7.0,84.60000000000001,600,2.6751088000000003
2026-07-30 13:20:00,-37.5379883333333,10.9808883333333,16.7,1026.8,5.7,1.7000000000000002,85.10000000000001,12.9,13,19,9.5,83.10000000000001,600,2.9323308000000003
2026-07-30 13:30:00,-37.5396216666667,10.9880133333333,16.6,1024.4,7.300000000000001,1.6,79.80000000000001,14.8,13,25,10.600000000000001,65.5,600,3.7554412000000004
2026-07-30 13:40:00,-37.541105,10.9948933333333,16.6,1026.7,6.7,1.4000000000000001,76.2,9.9,13,31,8.9,71.5,600,3.4467748
2026-07-30 13:50:00,-37.5426,11.0020466666667,16.6,1025.2,7.1000000000000005,1.7000000000000002,78.10000000000001,11.600000000000001,13,41,9.5,77.2,600,3.6525524000000003
2026-07-30 14:00:00,-37.54405,11.008755,16.6,1025.4,7.9,1.8,76.4,10.700000000000001,13,56,11.3,55.900000000000006,599,4.064107600000001
2026-07-30 14:10:00,-37.5461683333333,11.013475,16.6,1024.0,7.800000000000001,1.4000000000000001,74.3,12.700000000000001,14,2,10.100000000000001,73.5,600,4.0126632
2026-07-30 14:20:00,-37.5501916666667,11.0134966666667,17.1,1023.2,9.3,2.0,76.3,8.700000000000001,14,14,12.0,92.80000000000001,600,4.7843292
2026-07-30 14:30:00,-37.55366,11.0134666666667,17.2,1022.7,9.1,2.4000000000000004,85.30000000000001,9.0,14,29,12.700000000000001,86.7,600,4.6814404
2026-07-30 14:40:00,-37.5562466666667,11.0128,17.1,1022.6,9.9,2.2,101.60000000000001,12.3,14,31,12.8,109.80000000000001,600,5.0929956
2026-07-30 14:50:00,-37.5567383333333,11.0107083333333,17.0,1022.2,8.8,1.7000000000000002,110.5,9.0,14,46,11.100000000000001,104.60000000000001,600,4.5271072000000006
2026-07-30 15:00:00,-37.5572233333333,11.0086783333333,16.8,1022.1,8.200000000000001,2.3000000000000003,111.0,9.8,14,56,12.3,101.0,600,4.218440800000001
2026-07-30 15:10:00,-37.5576233333333,11.0067966666667,16.8,1021.9000000000001,7.7,2.3000000000000003,109.60000000000001,10.4,15,4,11.200000000000001,118.30000000000001,600,3.9612188
2026-07-30 15:20:00,-37.55813,11.004645,16.7,1021.6,8.1,1.9000000000000001,118.80000000000001,11.200000000000001,15,11,10.5,118.0,600,4.1669963999999995
2026-07-30 15:30:00,-37.5585833333333,11.00261,16.5,1020.9000000000001,7.4,2.3000000000000003,116.30000000000001,9.200000000000001,15,21,10.200000000000001,125.5,600,3.8068856
2026-07-30 15:40:00,-37.5590166666667,11.000615,16.5,1020.9000000000001,6.800000000000001,2.6,118.10000000000001,10.700000000000001,15,32,10.100000000000001,135.1,600,3.4982192000000003
2026-07-30 15:50:00,-37.5594216666667,10.9985966666667,16.5,1020.9000000000001,6.7,1.8,129.1,13.3,15,41,8.9,137.20000000000002,600,3.4467748
2026-07-30 16:00:00,-37.5599666666667,10.9965166666667,16.400000000000002,1020.7,7.5,1.8,125.5,10.4,15,50,9.9,93.80000000000001,600,3.85833
2026-07-30 16:10:00,-37.56041,10.9944433333333,16.3,1020.5,7.9,1.9000000000000001,114.5,9.700000000000001,16,3,10.200000000000001,132.4,600,4.064107600000001
2026-07-30 16:20:00,-37.5608366666667,10.9922783333333,16.3,1020.5,7.2,2.1,117.60000000000001,10.9,16,13,10.600000000000001,105.4,600,3.7039968
2026-07-30 16:30:00,-37.561335,10.99007,16.3,1020.3000000000001,6.5,1.9000000000000001,118.0,12.200000000000001,16,27,9.9,121.30000000000001,600,3.343886
2026-07-30 16:40:00,-37.5618616666667,10.987765,16.2,1020.2,6.800000000000001,1.7000000000000002,107.9,10.4,16,36,9.600000000000001,112.30000000000001,600,3.4982192000000003
2026-07-30 16:50:00,-37.5623433333333,10.9854966666667,16.2,1020.0,7.300000000000001,1.9000000000000001,109.30000000000001,12.100000000000001,16,42,9.8,105.4,600,3.7554412000000004
2026-07-30 17:00:00,-37.5628683333333,10.983135,16.2,1020.1,7.0,2.2,101.30000000000001,11.4,16,51,9.8,94.0,600,3.601108
2026-07-30 17:10:00,-37.56337,10.9808766666667,16.2,1020.1,7.2,2.4000000000000004,107.0,12.4,17,7,10.5,96.30000000000001,600,3.7039968
2026-07-30 17:20:00,-37.5637783333333,10.9785516666667,16.2,1020.0,7.2,2.1,106.7,13.0,17,18,10.3,95.30000000000001,600,3.7039968
2026-07-30 17:30:00,-37.5643766666667,10.9760416666667,16.2,1019.8000000000001,8.1,2.3000000000000003,99.5,11.9,17,26,11.100000000000001,94.60000000000001,600,4.1669963999999995
2026-07-30 17:40:00,-37.5649433333333,10.9736133333333,16.2,1019.6,9.8,2.7,94.30000000000001,7.7,17,37,13.700000000000001,110.7,600,5.041551200000001
2026-07-30 17:50:00,-37.5652433333333,10.9706483333333,16.2,1019.5,9.700000000000001,2.9000000000000004,101.9,9.4,17,42,13.9,97.80000000000001,600,4.9901068
2026-07-30 18:00:00,-37.565415,10.9676166666667,16.3,1019.9000000000001,8.700000000000001,2.4000000000000004,100.0,9.200000000000001,17,57,12.5,85.30000000000001,600,4.4756628
2026-07-30 18:10:00,-37.5655433333333,10.9646116666667,16.3,1020.0,9.5,2.3000000000000003,101.60000000000001,8.4,18,9,12.9,92.5,599,4.887218
2026-07-30 18:20:00,-37.565715,10.9612,16.2,1020.0,11.3,3.4000000000000004,93.5,5.9,18,12,14.600000000000001,89.10000000000001,600,5.8132172
2026-07-30 18:30:00,-37.5659166666667,10.957915,16.3,1020.2,9.9,3.6,94.2,9.8,18,26,14.3,89.5,600,5.0929956
2026-07-30 18:40:00,-37.56612,10.9543066666667,16.3,1020.3000000000001,9.8,2.8000000000000003,96.9,9.5,18,37,13.200000000000001,96.30000000000001,600,5.041551200000001
2026-07-30 18:50:00,-37.5662666666667,10.950455,16.400000000000002,1020.6,8.9,4.3,96.9,9.700000000000001,18,46,13.5,93.30000000000001,600,4.5785516
2026-07-30 19:00:00,-37.56649,10.9465883333333,16.400000000000002,1020.7,10.200000000000001,2.2,94.0,8.700000000000001,18,57,13.700000000000001,94.10000000000001,600,5.247328800000001
2026-07-30 19:10:00,-37.5666933333333,10.9426133333333,16.3,1020.6,10.4,3.2,94.7,8.3,19,0,13.4,87.9,600,5.350217600000001
2026-07-30 19:20:00,-37.5669333333333,10.9386966666667,16.3,1020.8000000000001,8.5,3.0,81.80000000000001,10.4,19,13,12.200000000000001,73.4,600,4.372774
2026-07-30 19:30:00,-37.5670983333333,10.9348966666667,16.400000000000002,1021.0,9.8,6.6000000000000005,68.10000000000001,15.100000000000001,19,25,14.4,80.9,600,5.041551200000001
2026-07-30 19:40:00,-37.5673033333333,10.9310316666667,16.6,1021.6,5.0,1.8,68.60000000000001,15.5,19,37,8.0,81.30000000000001,600,2.57222
2026-07-30 19:50:00,-37.5674766666667,10.9277266666667,16.7,1021.8000000000001,7.5,4.3,74.4,12.3,19,47,12.0,81.80000000000001,600,3.85833
2026-07-30 20:00:00,-37.5676983333333,10.92447,16.5,1020.7,8.1,2.2,80.7,10.200000000000001,19,55,11.600000000000001,81.4,600,4.1669963999999995
2026-07-30 20:10:00,-37.56784,10.92125,16.400000000000002,1020.7,6.5,2.9000000000000004,72.2,14.600000000000001,20,4,10.3,61.7,600,3.343886
2026-07-30 20:20:00,-37.5679516666667,10.9179816666667,16.3,1020.8000000000001,5.7,3.6,43.800000000000004,15.4,20,12,10.4,25.0,600,2.9323308000000003
2026-07-30 20:30:00,-37.5681566666667,10.91482,16.400000000000002,1020.5,4.5,2.6,43.900000000000006,19.400000000000002,20,25,7.800000000000001,35.800000000000004,600,2.314998
2026-07-30 20:40:00,-37.5682866666667,10.91166,16.5,1020.5,3.7,1.9000000000000001,48.800000000000004,21.400000000000002,20,33,7.300000000000001,51.300000000000004,600,1.9034428
2026-07-30 20:50:00,-37.5685416666667,10.9084466666667,16.6,1021.3000000000001,3.3000000000000003,1.5,65.9,22.700000000000003,20,41,5.6000000000000005,46.400000000000006,600,1.6976652
2026-07-30 21:00:00,-37.5685866666667,10.90502,16.6,1022.1,2.9000000000000004,1.3,80.9,27.1,20,59,5.2,158.9,600,1.4918876000000003
2026-07-30 21:10:00,-37.5684383333333,10.90178,16.7,1022.7,2.9000000000000004,1.2000000000000002,81.9,25.3,21,4,5.300000000000001,85.7,600,1.4918876000000003
2026-07-30 21:20:00,-37.568335,10.8987266666667,16.7,1023.0,2.8000000000000003,1.2000000000000002,91.4,26.1,21,16,4.800000000000001,81.0,600,1.4404432000000003
2026-07-30 21:30:00,-37.5680266666667,10.89577,16.7,1023.2,2.8000000000000003,1.6,68.10000000000001,26.200000000000003,21,29,6.0,51.300000000000004,600,1.4404432000000003
2026-07-30 21:40:00,-37.5679433333333,10.8931466666667,16.7,1022.8000000000001,5.7,4.800000000000001,65.5,33.7,21,36,9.600000000000001,78.2,600,2.9323308000000003
2026-07-30 21:50:00,-37.5678783333333,10.890775,16.6,1021.8000000000001,7.7,3.0,56.1,13.100000000000001,21,47,10.9,46.300000000000004,600,3.9612188
2026-07-30 22:00:00,-37.5676866666667,10.8886916666667,16.6,1021.3000000000001,6.9,2.4000000000000004,50.5,11.3,21,51,9.8,40.5,600,3.5496636
2026-07-30 22:10:00,-37.5675733333333,10.8869166666667,16.6,1021.3000000000001,7.7,2.5,54.7,12.600000000000001,22,9,10.5,27.400000000000002,600,3.9612188
2026-07-30 22:20:00,-37.5675966666667,10.8851183333333,16.6,1021.2,8.1,2.6,57.6,11.3,22,16,11.0,43.2,599,4.1669963999999995
2026-07-30 22:30:00,-37.5674383333333,10.88357,16.6,1021.0,8.5,2.6,60.300000000000004,11.100000000000001,22,20,11.4,73.9,600,4.372774
2026-07-30 22:40:00,-37.567425,10.8817283333333,16.5,1020.7,9.5,2.3000000000000003,66.8,9.600000000000001,22,38,13.8,39.400000000000006,600,4.887218
2026-07-30 22:50:00,-37.567335,10.8799166666667,16.5,1020.5,9.600000000000001,3.2,62.400000000000006,10.100000000000001,22,41,13.4,48.7,600,4.938662400000001
2026-07-30 23:00:00,-37.5672316666667,10.8780233333333,16.5,1020.3000000000001,9.3,2.8000000000000003,66.2,9.700000000000001,22,56,12.700000000000001,62.5,600,4.7843292
2026-07-30 23:10:00,-37.5672266666667,10.8762916666667,16.400000000000002,1020.3000000000001,9.4,2.7,66.60000000000001,10.700000000000001,23,2,12.8,78.9,600,4.8357736000000004
2026-07-30 23:20:00,-37.567085,10.8743333333333,16.5,1020.4000000000001,8.5,2.5,76.9,10.3,23,10,11.8,74.0,600,4.372774
2026-07-30 23:30:00,-37.5671133333333,10.8725383333333,16.5,1020.5,8.3,2.6,72.9,12.0,23,23,11.4,79.60000000000001,600,4.2698852
2026-07-30 23:40:00,-37.5670466666667,10.8706316666667,16.5,1020.6,6.5,2.7,87.10000000000001,15.600000000000001,23,33,11.5,104.30000000000001,600,3.343886
2026-07-30 23:50:00,-37.5669033333333,10.8690166666667,16.5,1020.7,7.2,4.6000000000000005,71.2,14.600000000000001,23,47,14.8,85.30000000000001,600,3.7039968
2026-07-31 00:00:00,-37.5667983333333,10.86703,16.5,1020.7,5.300000000000001,3.1,71.7,14.8,23,58,9.1,57.1,600,2.7265532000000006
2026-07-31 00:10:00,-37.5667083333333,10.8650066666667,16.400000000000002,1020.7,6.7,2.6,70.2,12.0,0,0,10.4,91.4,600,3.4467748
2026-07-31 00:20:00,-37.56663,10.86342,16.400000000000002,1020.6,6.300000000000001,2.6,78.0,11.8,0,18,9.5,55.1,600,3.2409972000000002
2026-07-31 00:30:00,-37.5664833333333,10.8615416666667,16.400000000000002,1020.4000000000001,7.7,2.8000000000000003,69.2,10.200000000000001,0,21,11.5,67.2,600,3.9612188
2026-07-31 00:40:00,-37.5664833333333,10.8599233333333,16.400000000000002,1020.1,7.300000000000001,2.8000000000000003,63.800000000000004,9.8,0,32,10.9,55.0,600,3.7554412000000004
2026-07-31 00:50:00,-37.5664416666667,10.8580866666667,16.400000000000002,1020.3000000000001,6.800000000000001,2.9000000000000004,64.10000000000001,9.700000000000001,0,41,9.4,66.4,600,3.4982192000000003
2026-07-31 01:00:00,-37.56621,10.8563483333333,16.400000000000002,1020.6,6.4,2.9000000000000004,59.1,10.0,0,53,9.200000000000001,66.10000000000001,600,3.2924416
2026-07-31 01:10:00,-37.5660666666667,10.8538,16.400000000000002,1020.7,7.1000000000000005,4.2,61.300000000000004,9.0,1,9,10.5,74.7,600,3.6525524000000003
2026-07-31 01:20:00,-37.5659583333333,10.8511166666667,16.3,1020.2,8.3,2.3000000000000003,64.10000000000001,9.3,1,17,11.100000000000001,61.0,600,4.2698852
2026-07-31 01:30:00,-37.5658266666667,10.8483366666667,16.2,1019.5,9.9,3.0,62.800000000000004,7.7,1,25,14.200000000000001,60.7,600,5.0929956
2026-07-31 01:40:00,-37.56558,10.8453233333333,16.0,1018.8000000000001,10.200000000000001,3.0,60.6,8.5,1,39,14.700000000000001,52.800000000000004,600,5.247328800000001
2026-07-31 01:50:00,-37.565455,10.8424516666667,16.0,1018.2,8.9,2.8000000000000003,60.900000000000006,9.5,1,48,13.200000000000001,53.400000000000006,600,4.5785516
2026-07-31 02:00:00,-37.5652066666667,10.8396883333333,16.0,1018.0,8.8,2.7,59.6,10.100000000000001,1,51,13.100000000000001,42.900000000000006,600,4.5271072000000006
2026-07-31 02:10:00,-37.564645,10.8367466666667,15.9,1017.5,8.0,2.9000000000000004,49.1,10.3,2,0,11.700000000000001,60.1,600,4.115552
2026-07-31 02:20:00,-37.56412,10.8343933333333,15.9,1017.1,6.4,2.2,52.2,13.9,2,10,9.3,85.80000000000001,600,3.2924416
2026-07-31 02:30:00,-37.563575,10.8322516666667,15.8,1016.9000000000001,6.0,2.3000000000000003,58.5,13.600000000000001,2,29,10.100000000000001,54.5,599,3.086664
2026-07-31 02:40:00,-37.5630033333333,10.8301516666667,15.8,1016.9000000000001,5.7,2.4000000000000004,55.7,12.4,2,30,9.200000000000001,28.700000000000003,600,2.9323308000000003
2026-07-31 02:50:00,-37.5625716666667,10.8282266666667,15.8,1016.9000000000001,5.4,1.9000000000000001,57.400000000000006,12.200000000000001,2,46,7.9,39.2,600,2.7779976000000004
2026-07-31 03:00:00,-37.5622383333333,10.8259933333333,15.8,1016.9000000000001,4.9,2.7,43.900000000000006,16.900000000000002,2,55,9.600000000000001,31.8,600,2.5207756000000003
2026-07-31 03:10:00,-37.5617433333333,10.8242783333333,15.8,1016.9000000000001,2.4000000000000004,1.5,14.200000000000001,41.7,3,0,4.800000000000001,31.400000000000002,600,1.2346656000000003
2026-07-31 03:20:00,-37.5613833333333,10.8228433333333,15.8,1017.1,2.7,1.8,37.7,32.800000000000004,3,13,5.4,3.6,600,1.3889988000000002
2026-07-31 03:30:00,-37.56108,10.8210983333333,15.9,1017.4000000000001,2.8000000000000003,2.2,17.7,36.7,3,22,5.5,345.20000000000005,600,1.4404432000000003
2026-07-31 03:40:00,-37.5607766666667,10.8194266666667,15.8,1017.8000000000001,1.7000000000000002,0.9,8.4,67.4,3,39,3.9000000000000004,51.400000000000006,600,0.8745548000000001
2026-07-31 03:50:00,-37.560305,10.817265,15.9,1018.3000000000001,2.1,1.3,39.6,47.900000000000006,3,40,4.3,21.900000000000002,600,1.0803324
2026-07-31 04:00:00,-37.55983,10.8149766666667,16.0,1018.8000000000001,2.5,1.5,41.300000000000004,41.5,3,55,5.300000000000001,12.9,600,1.28611
2026-07-31 04:10:00,-37.5592333333333,10.8128566666667,16.0,1019.1,2.0,1.1,10.4,55.2,4,4,4.5,6.5,600,1.028888
2026-07-31 04:20:00,-37.5590016666667,10.8114233333333,16.0,1019.6,1.6,0.7000000000000001,246.10000000000002,77.80000000000001,4,17,3.0,183.3,600,0.8231104
2026-07-31 04:30:00,-37.558675,10.8101116666667,16.1,1020.6,1.9000000000000001,1.5,98.5,62.300000000000004,4,26,4.2,114.2,600,0.9774436000000001
2026-07-31 04:40:00,-37.5585183333333,10.8087883333333,16.2,1021.1,1.8,1.1,103.60000000000001,77.9,4,30,4.1000000000000005,209.4,600,0.9259992
2026-07-31 04:50:00,-37.5580766666667,10.8072466666667,16.3,1021.2,1.6,1.0,71.60000000000001,70.0,4,46,3.6,58.400000000000006,600,0.8231104
2026-07-31 05:00:00,-37.5577583333333,10.8057716666667,16.2,1020.9000000000001,2.5,1.8,55.900000000000006,48.7,4,50,5.0,98.80000000000001,600,1.28611
2026-07-31 05:10:00,-37.55735,10.8039516666667,16.2,1020.6,4.1000000000000005,2.3000000000000003,65.5,28.1,5,9,8.4,35.1,600,2.1092204000000003
2026-07-31 05:20:00,-37.5569983333333,10.8023,16.2,1020.1,3.6,2.3000000000000003,37.5,38.0,5,15,6.7,35.5,600,1.8519984
2026-07-31 05:30:00,-37.556645,10.8004966666667,16.2,1019.8000000000001,3.8000000000000003,3.8000000000000003,15.4,41.5,5,20,8.8,356.70000000000005,600,1.9548872000000002
2026-07-31 05:40:00,-37.5562916666667,10.7992933333333,16.1,1019.0,2.8000000000000003,1.8,347.40000000000003,45.900000000000006,5,30,6.0,323.20000000000005,600,1.4404432000000003
2026-07-31 05:50:00,-37.55612,10.7982783333333,16.0,1017.9000000000001,2.5,2.0,326.90000000000003,57.800000000000004,5,42,7.300000000000001,333.40000000000003,600,1.28611
2026-07-31 06:00:00,-37.5526366666667,10.7982833333333,15.9,1017.5,1.7000000000000002,1.0,39.2,88.7,5,51,4.5,104.4,600,0.8745548000000001
2026-07-31 06:10:00,-37.548895,10.7981866666667,15.9,1017.4000000000001,2.5,2.1,123.60000000000001,47.2,6,4,5.6000000000000005,122.30000000000001,600,1.28611
2026-07-31 06:20:00,-37.5449466666667,10.7985083333333,15.9,1017.6,2.4000000000000004,1.3,152.1,37.4,6,10,5.4,110.9,600,1.2346656000000003
2026-07-31 06:30:00,-37.5433183333333,10.80567,15.9,1017.6,2.2,1.3,51.800000000000004,43.7,6,25,4.5,41.1,600,1.1317768000000001
2026-07-31 06:40:00,-37.541605,10.81333,16.0,1017.7,2.1,1.1,41.900000000000006,48.7,6,35,3.9000000000000004,37.5,599,1.0803324
2026-07-31 06:50:00,-37.5398816666667,10.8211883333333,16.0,1018.2,2.8000000000000003,1.2000000000000002,94.60000000000001,27.3,6,45,4.5,150.9,600,1.4404432000000003
2026-07-31 07:00:00,-37.5383133333333,10.828795,16.1,1018.7,2.8000000000000003,1.2000000000000002,69.9,29.8,6,56,6.0,81.60000000000001,600,1.4404432000000003
2026-07-31 07:10:00,-37.536655,10.836285,16.3,1019.8000000000001,3.1,1.5,81.4,25.1,7,8,6.0,80.80000000000001,600,1.5947764
2026-07-31 07:20:00,-37.535725,10.84406,16.3,1020.0,3.3000000000000003,1.5,78.9,20.8,7,10,5.6000000000000005,73.60000000000001,600,1.6976652
2026-07-31 07:30:00,-37.5353316666667,10.8516616666667,16.3,1020.2,4.5,1.4000000000000001,73.4,17.2,7,22,6.5,96.9,600,2.314998
2026-07-31 07:40:00,-37.5349966666667,10.859285,16.400000000000002,1020.8000000000001,5.7,2.1,70.5,15.0,7,39,8.4,84.7,600,2.9323308000000003
2026-07-31 07:50:00,-37.5345516666667,10.8670383333333,16.7,1022.5,6.9,1.3,82.9,12.200000000000001,7,40,9.1,76.4,600,3.5496636
2026-07-31 08:00:00,-37.5342016666667,10.874755,16.7,1023.5,7.1000000000000005,1.3,85.4,13.200000000000001,7,59,9.0,92.2,600,3.6525524000000003
2026-07-31 08:10:00,-37.5337733333333,10.8824616666667,16.5,1022.3000000000001,8.3,1.3,81.0,12.200000000000001,8,7,10.200000000000001,94.7,600,4.2698852
2026-07-31 08:20:00,-37.53344,10.8899116666667,16.6,1022.6,8.4,1.4000000000000001,80.60000000000001,12.3,8,18,10.600000000000001,41.400000000000006,600,4.3213296
2026-07-31 08:30:00,-37.5330383333333,10.8975433333333,16.5,1021.9000000000001,8.200000000000001,1.7000000000000002,77.7,11.3,8,23,11.0,78.0,600,4.218440800000001
2026-07-31 08:40:00,-37.5326066666667,10.905365,16.5,1021.9000000000001,8.1,1.6,78.2,11.0,8,33,10.4,82.30000000000001,600,4.1669963999999995
2026-07-31 08:50:00,-37.5329433333333,10.9131633333333,16.5,1022.1,8.1,1.3,72.60000000000001,12.5,8,40,10.4,59.900000000000006,600,4.1669963999999995
2026-07-31 09:00:00,-37.5332816666667,10.9211616666667,16.400000000000002,1022.2,8.3,1.8,68.5,14.9,8,52,11.700000000000001,78.2,600,4.2698852
2026-07-31 09:10:00,-37.5337183333333,10.9288666666667,16.5,1024.1000000000001,8.6,1.8,69.4,14.4,9,6,11.200000000000001,76.0,600,4.4242184
2026-07-31 09:20:00,-37.5342566666667,10.9363983333333,16.6,1025.0,8.1,1.5,73.0,13.200000000000001,9,13,11.5,90.60000000000001,600,4.1669963999999995
2026-07-31 09:30:00,-37.5346533333333,10.9440833333333,16.6,1025.2,8.200000000000001,1.5,84.4,9.3,9,26,11.200000000000001,75.10000000000001,600,4.218440800000001
2026-07-31 09:40:00,-37.53512,10.9520933333333,16.7,1025.6000000000001,17.1,-1665.1000000000001,85.60000000000001,12.4,9,35,1306.9,112.5,600,8.7969924
2026-07-31 09:50:00,-37.5355316666667,10.9599583333333,16.8,1026.9,5.0,1.2000000000000002,91.2,13.600000000000001,9,46,6.9,90.9,600,2.57222
2026-07-31 10:00:00,-37.5359316666667,10.9673216666667,16.8,1026.9,6.7,1.4000000000000001,96.10000000000001,10.100000000000001,9,58,8.8,91.5,600,3.4467748
2026-07-31 10:10:00,-37.53655,10.9744766666667,16.8,1026.6000000000001,7.2,1.8,90.4,10.5,10,4,9.700000000000001,91.7,600,3.7039968
2026-07-31 10:20:00,-37.5379166666667,10.9809183333333,16.7,1026.2,8.1,1.6,90.0,8.700000000000001,10,18,11.0,94.10000000000001,600,4.1669963999999995
2026-07-31 10:30:00,-37.5393933333333,10.9870333333333,16.6,1025.6000000000001,8.8,1.4000000000000001,94.9,7.5,10,25,10.5,82.4,600,4.5271072000000006
2026-07-31 10:40:00,-37.5405666666667,10.99288,16.6,1025.5,8.4,1.5,98.80000000000001,6.800000000000001,10,31,11.0,106.7,600,4.3213296
2026-07-31 10:50:00,-37.5419533333333,10.9988,16.5,1025.5,8.200000000000001,1.3,98.5,7.2,10,40,10.600000000000001,94.0,599,4.218440800000001
2026-07-31 11:00:00,-37.543125,11.0038766666667,16.6,1025.5,8.200000000000001,1.6,104.0,8.9,10,51,11.100000000000001,104.30000000000001,600,4.218440800000001
2026-07-31 11:10:00,-37.5441733333333,11.0085166666667,16.6,1025.9,7.800000000000001,1.4000000000000001,97.80000000000001,8.700000000000001,11,5,10.4,96.7,600,4.0126632
2026-07-31 11:20:00,-37.5450683333333,11.0130633333333,16.6,1025.7,8.8,1.7000000000000002,100.30000000000001,8.700000000000001,11,17,11.700000000000001,112.80000000000001,600,4.5271072000000006
2026-07-31 11:30:00,-37.5493033333333,11.01338,16.7,1025.5,9.0,1.3,102.4,8.9,11,21,10.8,95.60000000000001,600,4.629996
2026-07-31 11:40:00,-37.5538933333333,11.01333,16.7,1025.7,8.8,1.5,104.5,9.0,11,36,11.200000000000001,101.30000000000001,600,4.5271072000000006
2026-07-31 11:50:00,-37.5566066666667,11.0113116666667,17.0,1025.8,8.4,2.1,123.2,14.9,11,44,11.700000000000001,137.4,600,4.3213296
2026-07-31 12:00:00,-37.557615,11.0071133333333,18.6,1026.9,7.9,1.6,134.5,10.5,11,50,10.600000000000001,139.9,600,4.064107600000001
2026-07-31 12:10:00,-37.5585166666667,11.002625,18.8,1027.1000000000001,8.5,1.3,142.70000000000002,10.4,12,2,10.600000000000001,150.20000000000002,600,4.372774
2026-07-31 12:20:00,-37.5594683333333,10.9983666666667,18.7,1026.5,8.3,1.4000000000000001,140.1,10.100000000000001,12,11,11.0,146.9,600,4.2698852
2026-07-31 12:30:00,-37.5603233333333,10.9943966666667,19.0,1027.6000000000001,8.1,1.2000000000000002,142.0,8.6,12,24,9.9,136.9,600,4.1669963999999995
2026-07-31 12:40:00,-37.56125,10.9899433333333,18.5,1026.8,8.1,1.2000000000000002,147.70000000000002,11.5,12,39,10.3,143.0,600,4.1669963999999995
2026-07-31 12:50:00,-37.5622983333333,10.98517,18.1,1026.0,7.9,1.1,151.6,9.1,12,43,9.700000000000001,157.20000000000002,600,4.064107600000001
2026-07-31 13:00:00,-37.56323,10.9806133333333,18.1,1025.8,7.9,1.2000000000000002,147.8,9.4,12,56,10.4,135.8,600,4.064107600000001
2026-07-31 13:10:00,-37.56417,10.9764266666667,17.900000000000002,1025.4,8.1,1.1,144.70000000000002,11.4,13,3,9.8,156.3,600,4.1669963999999995
2026-07-31 13:20:00,-37.5650333333333,10.9727683333333,17.900000000000002,1025.4,8.4,1.1,143.3,9.0,13,16,10.3,134.70000000000002,600,4.3213296
2026-07-31 13:30:00,-37.5652633333333,10.9691633333333,17.8,1025.0,8.4,1.4000000000000001,142.5,9.4,13,24,10.8,153.9,600,4.3213296
2026-07-31 13:40:00,-37.5654016666667,10.965835,17.6,1024.6000000000001,8.5,1.8,147.20000000000002,10.3,13,37,10.9,145.20000000000002,600,4.372774
2026-07-31 13:50:00,-37.5655766666667,10.962475,17.7,1024.7,9.0,1.4000000000000001,138.3,8.9,13,47,12.100000000000001,129.0,600,4.629996
2026-07-31 14:00:00,-37.5656716666667,10.9594616666667,17.8,1024.6000000000001,8.9,1.2000000000000002,142.9,11.9,13,58,11.100000000000001,154.10000000000002,600,4.5785516
2026-07-31 14:10:00,-37.56583,10.956855,17.7,1024.1000000000001,9.600000000000001,2.1,140.1,8.8,14,7,12.100000000000001,141.4,600,4.938662400000001
2026-07-31 14:20:00,-37.565925,10.9544616666667,17.400000000000002,1023.4000000000001,9.600000000000001,1.6,142.5,8.5,14,17,12.600000000000001,142.4,600,4.938662400000001
2026-07-31 14:30:00,-37.56603,10.9521966666667,17.2,1022.6,9.5,1.5,142.1,8.700000000000001,14,28,11.4,157.70000000000002,600,4.887218
2026-07-31 14:40:00,-37.5660566666667,10.95047,17.0,1022.2,9.600000000000001,1.8,139.70000000000002,7.5,14,30,12.200000000000001,141.5,600,4.938662400000001
2026-07-31 14:50:00,-37.56621,10.9491583333333,17.1,1022.0,9.9,1.6,129.70000000000002,7.9,14,41,12.4,105.7,600,5.0929956
2026-07-31 15:00:00,-37.56623,10.94816,17.3,1022.4000000000001,10.0,1.8,128.0,8.1,14,58,12.700000000000001,120.30000000000001,599,5.14444
2026-07-31 15:10:00,-37.566225,10.946645,17.2,1022.2,9.600000000000001,1.7000000000000002,132.9,10.4,15,0,13.0,124.7,600,4.938662400000001
2026-07-31 15:20:00,-37.5664283333333,10.9452416666667,16.900000000000002,1021.6,9.8,2.0,136.3,9.0,15,11,12.4,128.70000000000002,600,5.041551200000001
2026-07-31 15:30:00,-37.566565,10.943785,16.8,1021.3000000000001,9.3,1.4000000000000001,135.20000000000002,9.3,15,28,12.100000000000001,130.20000000000002,600,4.7843292
2026-07-31 15:40:00,-37.56654,10.942585,16.7,1021.1,9.4,1.3,131.6,9.5,15,37,11.8,141.4,600,4.8357736000000004
2026-07-31 15:50:00,-37.5666833333333,10.9412216666667,16.8,1020.8000000000001,9.4,1.6,130.1,10.4,15,44,12.3,127.2,600,4.8357736000000004
2026-07-31 16:00:00,-37.5667083333333,10.9392266666667,16.8,1020.7,9.4,1.5,124.7,9.700000000000001,15,54,11.600000000000001,119.80000000000001,600,4.8357736000000004
2026-07-31 16:10:00,-37.5669116666667,10.936985,16.6,1020.3000000000001,9.700000000000001,2.1,123.7,10.600000000000001,16,7,13.0,130.6,600,4.9901068
2026-07-31 16:20:00,-37.5669533333333,10.9345816666667,16.6,1019.9000000000001,10.100000000000001,1.9000000000000001,118.0,8.6,16,16,14.100000000000001,111.4,600,5.195884400000001
2026-07-31 16:30:00,-37.5670933333333,10.93247,16.400000000000002,1019.3000000000001,10.100000000000001,1.8,110.30000000000001,9.600000000000001,16,27,12.8,121.7,600,5.195884400000001
2026-07-31 16:40:00,-37.5671816666667,10.93042,16.2,1018.8000000000001,10.700000000000001,1.9000000000000001,116.2,8.3,16,36,13.0,138.9,600,5.5045508000000005
2026-07-31 16:50:00,-37.567215,10.928415,16.1,1018.6,10.3,1.9000000000000001,118.2,9.700000000000001,16,44,13.0,128.0,600,5.2987732
2026-07-31 17:00:00,-37.567285,10.9265866666667,16.2,1018.9000000000001,9.3,2.1,123.10000000000001,10.600000000000001,16,55,12.0,124.30000000000001,600,4.7843292
2026-07-31 17:10:00,-37.5674416666667,10.9249933333333,16.2,1019.1,9.700000000000001,1.9000000000000001,128.6,9.3,17,5,12.8,130.1,600,4.9901068
2026-07-31 17:20:00,-37.56756,10.92343,16.2,1019.4000000000001,10.0,2.1,132.3,9.5,17,13,13.0,129.6,600,5.14444
2026-07-31 17:30:00,-37.567575,10.921675,16.3,1019.5,10.0,2.0,129.70000000000002,9.9,17,20,13.100000000000001,127.5,600,5.14444
2026-07-31 17:40:00,-37.5676866666667,10.9201133333333,16.2,1019.6,9.8,1.7000000000000002,135.5,9.200000000000001,17,32,12.700000000000001,141.20000000000002,600,5.041551200000001
2026-07-31 17:50:00,-37.5677233333333,10.9182833333333,16.3,1019.9000000000001,8.700000000000001,1.8,132.5,10.200000000000001,17,44,11.600000000000001,141.8,600,4.4756628
2026-07-31 18:00:00,-37.5662366666667,10.9184066666667,16.3,1019.9000000000001,8.4,2.3000000000000003,132.4,11.100000000000001,17,50,11.9,153.3,600,4.3213296
2026-07-31 18:10:00,-37.5609333333333,10.9224683333333,16.3,1019.9000000000001,7.6000000000000005,1.6,141.1,10.600000000000001,18,2,10.600000000000001,148.70000000000002,600,3.9097744000000003
2026-07-31 18:20:00,-37.5554083333333,10.9259416666667,16.3,1020.0,8.6,1.7000000000000002,143.0,10.200000000000001,18,18,11.0,146.8,600,4.4242184
2026-07-31 18:30:00,-37.5497183333333,10.9293883333333,16.2,1019.8000000000001,7.4,2.5,137.4,15.4,18,27,10.600000000000001,143.0,600,3.8068856
2026-07-31 18:40:00,-37.5441933333333,10.9329183333333,16.2,1020.0,6.800000000000001,2.3000000000000003,146.5,12.100000000000001,18,33,9.5,142.9,600,3.4982192000000003
2026-07-31 18:50:00,-37.5386516666667,10.9364166666667,16.2,1020.3000000000001,6.6000000000000005,3.5,146.1,13.4,18,45,9.9,149.5,600,3.3953304
2026-07-31 19:00:00,-37.5330533333333,10.9397316666667,16.2,1020.0,8.1,1.6,145.6,9.200000000000001,18,53,11.100000000000001,130.3,600,4.1669963999999995
2026-07-31 19:10:00,-37.52775,10.9430966666667,16.2,1020.1,7.7,1.3,142.3,10.200000000000001,19,9,10.700000000000001,145.1,599,3.9612188
2026-07-31 19:20:00,-37.5222433333333,10.9465116666667,16.2,1020.1,7.6000000000000005,1.3,147.9,11.3,19,12,9.8,144.20000000000002,600,3.9097744000000003
2026-07-31 19:30:00,-37.516595,10.9499833333333,16.3,1020.4000000000001,7.4,2.0,147.20000000000002,12.200000000000001,19,25,10.0,130.4,600,3.8068856
2026-07-31 19:40:00,-37.5109566666667,10.9534716666667,16.400000000000002,1020.4000000000001,7.7,1.7000000000000002,142.1,10.100000000000001,19,37,10.5,138.9,600,3.9612188
2026-07-31 19:50:00,-37.5051,10.957085,16.400000000000002,1020.3000000000001,7.300000000000001,1.7000000000000002,147.70000000000002,10.5,19,42,9.700000000000001,153.0,600,3.7554412000000004
2026-07-31 20:00:00,-37.49937,10.9605883333333,16.3,1020.3000000000001,6.800000000000001,1.5,158.20000000000002,11.4,19,51,9.0,186.20000000000002,600,3.4982192000000003
2026-07-31 20:10:00,-37.493605,10.9643283333333,16.1,1020.4000000000001,6.300000000000001,2.0,123.2,47.800000000000004,20,5,10.200000000000001,69.3,600,3.2409972000000002
2026-07-31 20:20:00,-37.48785,10.9678016666667,16.1,1020.5,5.300000000000001,2.4000000000000004,106.0,31.0,20,17,10.5,157.10000000000002,600,2.7265532000000006
2026-07-31 20:30:00,-37.4819933333333,10.9715,16.400000000000002,1021.3000000000001,3.1,3.1,122.5,64.8,20,25,9.8,13.0,600,1.5947764
2026-07-31 20:40:00,-37.4760483333333,10.97507,16.6,1021.9000000000001,2.5,2.7,25.400000000000002,64.60000000000001,20,31,9.4,141.0,600,1.28611
2026-07-31 20:50:00,-37.4701366666667,10.9786433333333,16.7,1022.5,2.4000000000000004,1.3,140.6,40.6,20,45,6.0,89.0,600,1.2346656000000003
2026-07-31 21:00:00,-37.4642166666667,10.9824583333333,16.6,1022.2,4.7,1.9000000000000001,125.60000000000001,20.400000000000002,20,58,7.800000000000001,138.1,600,2.4178868000000002
2026-07-31 21:10:00,-37.4583483333333,10.9860583333333,16.7,1021.8000000000001,5.1000000000000005,1.6,95.5,21.400000000000002,21,3,7.300000000000001,72.10000000000001,600,2.6236644000000005
2026-07-31 21:20:00,-37.452725,10.9895233333333,16.7,1021.6,4.6000000000000005,2.2,80.5,21.900000000000002,21,13,7.800000000000001,129.3,600,2.3664424000000004
2026-07-31 21:30:00,-37.44692,10.9931633333333,16.6,1021.6,5.5,2.4000000000000004,126.2,19.6,21,25,8.5,151.1,600,2.8294420000000002
2026-07-31 21:40:00,-37.4412216666667,10.99666,16.6,1021.1,6.1000000000000005,2.0,118.0,27.700000000000003,21,36,8.700000000000001,135.1,600,3.1381084
2026-07-31 21:50:00,-37.435555,11.0001416666667,16.5,1020.5,6.0,2.8000000000000003,87.5,32.800000000000004,21,45,10.8,146.9,600,3.086664
2026-07-31 22:00:00,-37.4298983333333,11.0036166666667,16.400000000000002,1020.1,6.800000000000001,3.2,108.5,25.8,21,56,11.200000000000001,96.30000000000001,600,3.4982192000000003
2026-07-31 22:10:00,-37.4241766666667,11.007145,16.5,1020.1,7.1000000000000005,1.9000000000000001,121.5,18.900000000000002,22,3,10.3,115.60000000000001,600,3.6525524000000003
2026-07-31 22:20:00,-37.41851,11.0107116666667,16.3,1019.2,7.300000000000001,1.3,144.6,13.0,22,10,9.9,178.4,600,3.7554412000000004
2026-07-31 22:30:00,-37.4128816666667,11.014235,16.2,1019.1,6.0,1.3,146.70000000000002,14.700000000000001,22,29,9.0,137.8,600,3.086664
2026-07-31 22:40:00,-37.4072183333333,11.0177433333333,16.3,1019.3000000000001,7.4,1.8,136.3,9.3,22,39,10.5,131.1,600,3.8068856
2026-07-31 22:50:00,-37.401335,11.021445,16.2,1019.2,8.3,1.3,130.4,8.4,22,44,10.0,150.0,600,4.2698852
2026-07-31 23:00:00,-37.3953333333333,11.02502,16.2,1019.1,7.300000000000001,1.7000000000000002,138.20000000000002,10.8,22,51,10.0,136.70000000000002,600,3.7554412000000004
2026-07-31 23:10:00,-37.3892566666667,11.02882,16.1,1019.1,7.0,1.2000000000000002,143.3,10.700000000000001,23,0,9.0,143.4,600,3.601108
2026-07-31 23:20:00,-37.3833116666667,11.0325066666667,16.1,1019.4000000000001,6.7,1.2000000000000002,142.70000000000002,9.8,23,17,8.6,148.0,599,3.4467748
2026-07-31 23:30:00,-37.3773416666667,11.036145,16.2,1019.7,6.4,1.1,145.6,10.0,23,24,8.3,164.4,600,3.2924416
2026-07-31 23:40:00,-37.37141,11.0399266666667,16.2,1019.8000000000001,4.6000000000000005,1.3,130.1,16.2,23,31,7.0,149.6,600,2.3664424000000004
2026-07-31 23:50:00,-37.3651233333333,11.0438633333333,16.2,1020.0,5.4,1.2000000000000002,132.0,17.900000000000002,23,48,7.9,147.3,600,2.7779976000000004
2026-08-01 00:00:00,-37.35827,11.0481366666667,16.1,1019.9000000000001,5.1000000000000005,2.9000000000000004,124.10000000000001,19.900000000000002,23,50,9.1,90.10000000000001,600,2.6236644000000005
2026-08-01 00:10:00,-37.3513716666667,11.0523583333333,16.2,1020.3000000000001,4.9,2.6,121.60000000000001,19.8,0,8,8.1,90.80000000000001,600,2.5207756000000003
2026-08-01 00:20:00,-37.3443416666667,11.05667,16.3,1020.1,6.1000000000000005,1.9000000000000001,90.60000000000001,18.400000000000002,0,13,9.200000000000001,86.2,600,3.1381084
2026-08-01 00:30:00,-37.3375116666667,11.0609916666667,16.400000000000002,1019.9000000000001,4.800000000000001,1.6,74.9,16.900000000000002,0,21,7.7,61.400000000000006,600,2.4693312000000005
2026-08-01 00:40:00,-37.3306266666667,11.065105,16.5,1020.4000000000001,4.6000000000000005,2.1,70.4,19.1,0,39,7.7,72.60000000000001,600,2.3664424000000004
2026-08-01 00:50:00,-37.32389,11.0693916666667,16.400000000000002,1020.1,7.300000000000001,1.9000000000000001,72.8,11.8,0,48,10.0,59.5,600,3.7554412000000004
2026-08-01 01:00:00,-37.317175,11.0734683333333,16.3,1019.2,7.6000000000000005,2.3000000000000003,74.60000000000001,13.100000000000001,0,57,11.0,82.80000000000001,600,3.9097744000000003
2026-08-01 01:10:00,-37.310655,11.0775166666667,16.3,1018.9000000000001,7.800000000000001,2.0,82.2,12.200000000000001,1,3,10.700000000000001,91.60000000000001,600,4.0126632
2026-08-01 01:20:00,-37.3042133333333,11.0815033333333,16.400000000000002,1019.1,7.5,1.9000000000000001,74.3,11.200000000000001,1,17,10.4,110.0,600,3.85833
2026-08-01 01:30:00,-37.2977683333333,11.0855016666667,16.3,1019.3000000000001,6.9,2.0,66.10000000000001,15.3,1,21,9.4,70.60000000000001,600,3.5496636
2026-08-01 01:40:00,-37.2912966666667,11.08941,16.2,1019.4000000000001,7.0,1.9000000000000001,55.2,17.6,1,36,9.9,52.900000000000006,600,3.601108
2026-08-01 01:50:00,-37.28515,11.093215,16.3,1019.3000000000001,7.300000000000001,3.2,41.5,15.600000000000001,1,40,12.200000000000001,36.800000000000004,600,3.7554412000000004
2026-08-01 02:00:00,-37.2789933333333,11.0970666666667,16.3,1019.8000000000001,4.9,3.1,34.5,23.3,1,58,8.0,77.60000000000001,600,2.5207756000000003
2026-08-01 02:10:00,-37.2727266666667,11.100825,16.400000000000002,1020.5,2.3000000000000003,0.9,51.900000000000006,42.7,2,0,4.0,116.80000000000001,600,1.1832212000000002
2026-08-01 02:20:00,-37.266625,11.1046833333333,16.5,1021.0,3.2,1.6,74.0,27.900000000000002,2,19,6.5,122.30000000000001,600,1.6462208
2026-08-01 02:30:00,-37.2605516666667,11.1084233333333,16.5,1021.0,4.0,1.7000000000000002,100.30000000000001,28.400000000000002,2,20,6.800000000000001,58.0,600,2.057776
2026-08-01 02:40:00,-37.2546016666667,11.11218,16.5,1020.8000000000001,5.4,2.1,66.60000000000001,19.1,2,33,10.8,57.300000000000004,600,2.7779976000000004
2026-08-01 02:50:00,-37.2487966666667,11.1156183333333,16.3,1020.2,6.6000000000000005,1.4000000000000001,69.5,11.200000000000001,2,47,9.200000000000001,80.0,600,3.3953304
2026-08-01 03:00:00,-37.2432116666667,11.119125,16.3,1019.9000000000001,7.1000000000000005,2.6,70.4,12.200000000000001,2,56,10.5,74.9,600,3.6525524000000003
2026-08-01 03:10:00,-37.23746,11.1226333333333,16.3,1019.7,6.6000000000000005,2.7,81.10000000000001,15.600000000000001,3,1,9.700000000000001,98.2,600,3.3953304
2026-08-01 03:20:00,-37.23169,11.12627,16.3,1019.9000000000001,3.2,1.9000000000000001,93.0,37.4,3,11,6.0,173.60000000000002,600,1.6462208
2026-08-01 03:30:00,-37.225975,11.1298433333333,16.400000000000002,1020.8000000000001,3.0,1.0,180.70000000000002,27.1,3,28,5.0,215.8,599,1.543332
2026-08-01 03:40:00,-37.2200983333333,11.1334616666667,16.5,1021.5,3.5,1.4000000000000001,170.0,34.4,3,39,6.2,140.6,600,1.800554
2026-08-01 03:50:00,-37.214405,11.1369166666667,16.400000000000002,1021.4000000000001,3.2,1.4000000000000001,142.8,31.200000000000003,3,49,5.6000000000000005,139.70000000000002,600,1.6462208
2026-08-01 04:00:00,-37.2086633333333,11.1406083333333,16.5,1021.5,2.7,1.5,162.10000000000002,44.400000000000006,3,54,5.4,249.10000000000002,600,1.3889988000000002
2026-08-01 04:10:00,-37.2027916666667,11.1441416666667,16.5,1021.8000000000001,2.3000000000000003,1.1,184.0,46.800000000000004,4,5,4.4,172.20000000000002,600,1.1832212000000002
2026-08-01 04:20:00,-37.19703,11.14773,16.5,1021.6,3.4000000000000004,2.2,98.9,51.5,4,18,7.5,102.60000000000001,600,1.7491096000000002
2026-08-01 04:30:00,-37.1912616666667,11.1513083333333,16.400000000000002,1021.1,2.0,1.9000000000000001,144.4,77.5,4,21,8.200000000000001,228.20000000000002,600,1.028888
2026-08-01 04:40:00,-37.1855516666667,11.1548166666667,16.5,1021.6,2.4000000000000004,0.9,222.8,28.5,4,34,4.2,206.20000000000002,600,1.2346656000000003
2026-08-01 04:50:00,-37.1798733333333,11.1583533333333,16.6,1022.1,1.6,0.7000000000000001,302.90000000000003,79.4,4,47,3.4000000000000004,250.3,600,0.8231104
2026-08-01 05:00:00,-37.1739816666667,11.1618516666667,16.5,1021.8000000000001,3.2,1.9000000000000001,186.70000000000002,45.900000000000006,4,56,5.5,223.20000000000002,600,1.6462208
2026-08-01 05:10:00,-37.1683316666667,11.1653783333333,16.6,1021.7,3.4000000000000004,0.9,203.0,15.100000000000001,5,2,5.5,202.3,600,1.7491096000000002
2026-08-01 05:20:00,-37.1625483333333,11.168855,16.6,1021.9000000000001,2.6,0.7000000000000001,198.5,20.3,5,19,4.7,214.9,600,1.3375544000000001
2026-08-01 05:30:00,-37.1568233333333,11.1724116666667,16.6,1022.0,3.7,0.7000000000000001,208.5,13.5,5,29,5.300000000000001,211.4,600,1.9034428
2026-08-01 05:40:00,-37.150945,11.17603,16.6,1022.0,3.7,0.7000000000000001,201.70000000000002,12.9,5,39,5.6000000000000005,210.20000000000002,600,1.9034428
2026-08-01 05:50:00,-37.144885,11.1798283333333,16.6,1021.6,4.5,1.0,206.10000000000002,12.5,5,40,6.300000000000001,186.8,600,2.314998
2026-08-01 06:00:00,-37.1389283333333,11.183485,16.5,1020.9000000000001,4.4,1.2000000000000002,224.0,13.0,5,56,6.4,224.70000000000002,600,2.2635536000000003
2026-08-01 06:10:00,-37.1329816666667,11.1872433333333,16.5,1020.4000000000001,4.6000000000000005,1.3,232.5,11.5,6,1,6.800000000000001,237.9,600,2.3664424000000004
2026-08-01 06:20:00,-37.126945,11.190915,16.5,1020.8000000000001,4.2,1.0,239.5,12.0,6,11,5.9,233.0,600,2.1606648
2026-08-01 06:30:00,-37.1211933333333,11.1932833333333,16.6,1021.3000000000001,4.1000000000000005,1.1,236.3,14.8,6,24,6.9,250.3,600,2.1092204000000003
2026-08-01 06:40:00,-37.1153983333333,11.19333,16.6,1021.3000000000001,4.2,1.2000000000000002,237.70000000000002,14.5,6,30,6.4,229.10000000000002,600,2.1606648
2026-08-01 06:50:00,-37.1113616666667,11.1957966666667,16.6,1021.6,3.1,1.1,230.8,24.5,6,46,5.4,246.0,600,1.5947764
2026-08-01 07:00:00,-37.1098816666667,11.2019783333333,16.6,1022.0,3.2,1.0,207.4,18.400000000000002,6,54,5.1000000000000005,209.3,600,1.6462208
2026-08-01 07:10:00,-37.1085233333333,11.2082766666667,16.6,1022.0,3.6,1.3,209.60000000000002,17.3,7,7,6.2,205.0,600,1.8519984
2026-08-01 07:20:00,-37.1072666666667,11.2144816666667,16.6,1022.1,3.9000000000000004,1.2000000000000002,198.70000000000002,19.6,7,10,6.5,210.60000000000002,600,2.0063316
2026-08-01 07:30:00,-37.1057766666667,11.22104,16.6,1022.1,3.5,1.5,194.0,24.0,7,20,6.2,225.20000000000002,600,1.800554
2026-08-01 07:40:00,-37.1043633333333,11.2276216666667,16.7,1022.6,2.5,0.9,167.5,32.800000000000004,7,34,4.3,132.1,599,1.28611
2026-08-01 07:50:00,-37.1028766666667,11.2340733333333,16.7,1022.7,3.2,0.9,160.4,20.3,7,47,5.6000000000000005,153.9,600,1.6462208
2026-08-01 08:00:00,-37.1025333333333,11.24005,16.7,1022.7,3.9000000000000004,1.3,174.10000000000002,19.0,7,50,6.1000000000000005,188.70000000000002,600,2.0063316
2026-08-01 08:10:00,-37.102345,11.2458666666667,16.7,1023.1,3.9000000000000004,1.1,166.5,15.600000000000001,8,9,6.2,171.60000000000002,600,2.0063316
2026-08-01 08:20:00,-37.101925,11.2515366666667,16.7,1023.4000000000001,4.4,1.3,178.3,18.2,8,14,6.7,185.3,600,2.2635536000000003
2026-08-01 08:30:00,-37.101725,11.2570783333333,16.8,1023.5,4.0,1.2000000000000002,174.4,20.900000000000002,8,25,6.7,129.6,600,2.057776
2026-08-01 08:40:00,-37.1013266666667,11.2626616666667,16.900000000000002,1024.3,3.9000000000000004,1.5,160.8,25.6,8,35,6.9,175.3,600,2.0063316
2026-08-01 08:50:00,-37.100945,11.2680366666667,17.0,1025.8,4.800000000000001,2.1,171.8,18.2,8,47,7.4,178.5,600,2.4693312000000005
2026-08-01 09:00:00,-37.10085,11.2731083333333,16.900000000000002,1024.6000000000001,4.800000000000001,2.5,197.8,19.400000000000002,8,50,7.300000000000001,134.20000000000002,600,2.4693312000000005
2026-08-01 09:10:00,-37.1004383333333,11.278935,17.1,1025.1000000000001,2.3000000000000003,0.9,139.20000000000002,35.800000000000004,9,0,4.1000000000000005,110.0,600,1.1832212000000002
2026-08-01 09:20:00,-37.1002816666667,11.2844483333333,17.2,1026.5,2.0,0.8,136.4,39.800000000000004,9,14,3.3000000000000003,245.5,600,1.028888
2026-08-01 09:30:00,-37.0998966666667,11.2903483333333,17.2,1025.7,5.300000000000001,6.300000000000001,106.10000000000001,33.0,9,28,9.5,110.7,600,2.7265532000000006
2026-08-01 09:40:00,-37.0994616666667,11.2958583333333,16.7,1022.5,7.9,1.1,99.7,13.0,9,35,10.0,108.60000000000001,600,4.064107600000001
2026-08-01 09:50:00,-37.0991416666667,11.3013833333333,16.5,1021.6,7.2,1.8,80.0,17.2,9,40,10.700000000000001,81.30000000000001,600,3.7039968
2026-08-01 10:00:00,-37.0990216666667,11.3065116666667,16.6,1021.8000000000001,6.6000000000000005,1.4000000000000001,69.60000000000001,14.100000000000001,9,51,9.200000000000001,73.7,600,3.3953304
2026-08-01 10:10:00,-37.0991983333333,11.3111383333333,16.8,1022.4000000000001,5.4,1.4000000000000001,66.4,14.8,10,7,7.6000000000000005,5.800000000000001,600,2.7779976000000004
2026-08-01 10:20:00,-37.0995416666667,11.3146183333333,17.0,1023.1,4.7,1.4000000000000001,78.80000000000001,15.200000000000001,10,10,7.1000000000000005,92.80000000000001,600,2.4178868000000002
2026-08-01 10:30:00,-37.0997816666667,11.318995,17.0,1023.7,4.2,1.1,79.30000000000001,18.400000000000002,10,25,6.9,87.80000000000001,600,2.1606648
2026-08-01 10:40:00,-37.0925066666667,11.32284,16.900000000000002,1024.0,3.7,1.1,105.10000000000001,19.900000000000002,10,37,5.4,98.2,600,1.9034428
2026-08-01 10:50:00,-37.0850616666667,11.3270283333333,16.8,1023.8000000000001,3.7,1.0,94.0,17.900000000000002,10,45,6.2,102.5,600,1.9034428
2026-08-01 11:00:00,-37.07756,11.33104,16.900000000000002,1024.0,2.7,1.1,105.80000000000001,26.1,10,53,5.0,69.9,600,1.3889988000000002
2026-08-01 11:10:00,-37.0699016666667,11.335335,16.900000000000002,1024.6000000000001,3.0,1.2000000000000002,88.7,29.700000000000003,11,7,5.5,88.2,600,1.543332
2026-08-01 11:20:00,-37.0622833333333,11.3393833333333,16.8,1024.1000000000001,3.3000000000000003,1.3,75.9,23.1,11,11,6.5,56.5,600,1.6976652
2026-08-01 11:30:00,-37.0544233333333,11.3435883333333,16.8,1023.9000000000001,3.7,1.1,66.3,24.400000000000002,11,28,5.9,70.0,600,1.9034428
2026-08-01 11:40:00,-37.046715,11.347905,16.8,1024.0,3.8000000000000003,1.0,60.300000000000004,20.8,11,34,6.2,49.7,599,1.9548872000000002
2026-08-01 11:50:00,-37.03881,11.3520716666667,17.3,1026.4,5.0,1.3,70.0,15.9,11,49,7.7,71.9,600,2.57222
2026-08-01 12:00:00,-37.0310416666667,11.3565066666667,17.3,1026.9,5.0,1.4000000000000001,60.6,18.5,11,56,7.9,78.5,600,2.57222
2026-08-01 12:10:00,-37.0230133333333,11.3608183333333,17.400000000000002,1027.3,4.7,1.5,73.4,19.3,12,1,7.4,68.7,600,2.4178868000000002
2026-08-01 12:20:00,-37.01513,11.3650066666667,17.3,1027.5,4.800000000000001,1.1,62.1,17.6,12,19,7.4,80.60000000000001,600,2.4693312000000005
2026-08-01 12:30:00,-37.0072483333333,11.3693283333333,17.3,1028.0,4.5,1.3,66.10000000000001,19.5,12,27,6.800000000000001,77.7,600,2.314998
2026-08-01 12:40:00,-36.99944,11.3735866666667,17.3,1028.2,5.4,1.5,46.7,20.700000000000003,12,38,8.200000000000001,33.800000000000004,600,2.7779976000000004
2026-08-01 12:50:00,-36.991585,11.3778983333333,17.3,1028.1000000000001,5.6000000000000005,1.4000000000000001,32.7,16.900000000000002,12,47,8.4,52.800000000000004,600,2.8808864000000005
2026-08-01 13:00:00,-36.9836683333333,11.3822016666667,17.2,1027.6000000000001,5.1000000000000005,1.2000000000000002,35.7,18.1,12,53,7.800000000000001,60.900000000000006,600,2.6236644000000005
2026-08-01 13:10:00,-36.97855,11.3849133333333,17.400000000000002,1027.7,4.800000000000001,1.3,44.0,21.400000000000002,13,8,7.1000000000000005,69.7,600,2.4693312000000005
2026-08-01 13:20:00,-36.970655,11.3892666666667,17.2,1027.9,4.9,1.3,36.5,18.8,13,14,7.4,36.800000000000004,600,2.5207756000000003
2026-08-01 13:30:00,-36.9627416666667,11.39352,17.0,1027.2,5.2,1.5,31.400000000000002,19.700000000000003,13,26,8.3,29.5,600,2.6751088000000003
2026-08-01 13:40:00,-36.9548783333333,11.3976866666667,17.0,1026.6000000000001,5.300000000000001,1.0,13.100000000000001,21.8,13,32,7.5,20.6,600,2.7265532000000006
2026-08-01 13:50:00,-36.9471083333333,11.4020233333333,17.0,1027.0,4.7,1.3,11.9,23.400000000000002,13,49,6.5,8.6,600,2.4178868000000002
2026-08-01 14:00:00,-36.9389283333333,11.4063783333333,17.0,1026.7,4.800000000000001,0.9,11.8,22.1,13,50,6.800000000000001,0.6000000000000001,600,2.4693312000000005
2026-08-01 14:10:00,-36.93105,11.4106533333333,16.900000000000002,1026.8,4.4,1.2000000000000002,7.9,25.0,14,3,6.9,3.2,600,2.2635536000000003
2026-08-01 14:20:00,-36.9229983333333,11.4151516666667,17.0,1027.0,4.0,1.0,351.5,28.0,14,17,5.9,0.6000000000000001,600,2.057776
2026-08-01 14:30:00,-36.9150716666667,11.4194333333333,17.0,1027.1000000000001,3.2,1.1,346.6,30.3,14,26,4.9,262.0,600,1.6462208
2026-08-01 14:40:00,-36.9081366666667,11.4226016666667,17.2,1027.9,2.6,1.2000000000000002,340.8,48.300000000000004,14,31,4.3,80.4,600,1.3375544000000001
2026-08-01 14:50:00,-36.906745,11.4231633333333,18.8,1031.2,1.3,0.9,234.3,79.7,14,46,3.5,110.5,600,0.6687772000000001
2026-08-01 15:00:00,-36.9054316666667,11.4245416666667,20.0,1034.8,1.6,1.0,267.6,59.400000000000006,14,56,3.7,254.4,600,0.8231104
2026-08-01 15:10:00,-36.9040233333333,11.4261883333333,19.3,1032.0,2.0,1.1,271.3,50.5,15,4,4.2,285.7,600,1.028888
2026-08-01 15:20:00,-36.902515,11.4285383333333,18.1,1026.4,2.0,1.2000000000000002,281.40000000000003,38.800000000000004,15,10,4.0,305.5,600,1.028888
2026-08-01 15:30:00,-36.901235,11.4306016666667,17.3,1023.3000000000001,2.6,1.2000000000000002,254.9,27.900000000000002,15,24,4.6000000000000005,267.6,600,1.3375544000000001
2026-08-01 15:40:00,-36.8999733333333,11.4335,16.8,1021.3000000000001,2.9000000000000004,1.2000000000000002,271.1,26.3,15,36,4.5,272.1,600,1.4918876000000003
2026-08-01 15:50:00,-36.898965,11.4353166666667,16.5,1020.0,2.7,1.0,251.0,25.5,15,43,4.7,250.10000000000002,599,1.3889988000000002
2026-08-01 16:00:00,-36.8979283333333,11.43705,16.2,1019.0,2.7,1.4000000000000001,258.5,29.700000000000003,15,56,5.1000000000000005,229.5,600,1.3889988000000002
2026-08-01 16:10:00,-36.8968783333333,11.4392933333333,16.1,1018.3000000000001,2.5,1.0,261.3,26.6,16,6,4.7,293.1,600,1.28611
2026-08-01 16:20:00,-36.8955816666667,11.4421466666667,16.1,1018.2,2.4000000000000004,1.0,276.90000000000003,30.6,16,14,4.6000000000000005,275.7,600,1.2346656000000003
2026-08-01 16:30:00,-36.89459,11.443665,16.0,1018.1,2.9000000000000004,1.4000000000000001,230.0,28.5,16,26,5.4,184.60000000000002,600,1.4918876000000003
2026-08-01 16:40:00,-36.8933883333333,11.4466033333333,16.0,1018.1,2.0,0.9,259.3,39.6,16,35,3.7,302.1,600,1.028888
2026-08-01 16:50:00,-36.8922816666667,11.4491666666667,16.0,1019.0,2.0,1.3,278.2,49.300000000000004,16,40,4.5,261.5,600,1.028888
2026-08-01 17:00:00,-36.8912983333333,11.4512866666667,16.1,1019.8000000000001,1.6,0.9,275.5,48.300000000000004,16,55,3.3000000000000003,314.40000000000003,600,0.8231104
2026-08-01 17:10:00,-36.8900416666667,11.4542266666667,16.2,1020.2,1.7000000000000002,0.9,295.6,41.400000000000006,17,6,3.5,278.8,600,0.8745548000000001
2026-08-01 17:20:00,-36.88903,11.4559866666667,16.1,1020.1,2.6,2.4000000000000004,260.7,38.300000000000004,17,15,6.1000000000000005,212.60000000000002,600,1.3375544000000001
2026-08-01 17:30:00,-36.88783,11.4589016666667,16.1,1019.6,2.7,1.4000000000000001,271.1,29.200000000000003,17,23,4.800000000000001,279.7,600,1.3889988000000002
2026-08-01 17:40:00,-36.88655,11.461805,16.2,1019.7,1.8,0.8,307.3,48.0,17,37,3.8000000000000003,332.90000000000003,600,0.9259992
2026-08-01 17:50:00,-36.8854,11.4636483333333,16.2,1019.9000000000001,2.2,1.5,301.7,76.5,17,42,4.800000000000001,358.70000000000005,600,1.1317768000000001
2026-08-01 18:00:00,-36.8839216666667,11.46735,16.2,1020.0,1.7000000000000002,0.7000000000000001,71.5,55.5,17,51,4.2,353.70000000000005,600,0.8745548000000001
2026-08-01 18:10:00,-36.8825616666667,11.4706066666667,16.2,1020.1,1.8,0.9,108.2,66.4,18,8,4.1000000000000005,107.0,600,0.9259992
2026-08-01 18:20:00,-36.8810933333333,11.4733233333333,16.2,1020.2,2.1,1.8,64.0,79.60000000000001,18,19,5.2,28.8,600,1.0803324
2026-08-01 18:30:00,-36.8796283333333,11.475705,16.2,1020.1,1.6,0.8,115.4,76.0,18,20,4.0,85.80000000000001,600,0.8231104
2026-08-01 18:40:00,-36.8779416666667,11.4780283333333,16.3,1020.6,1.6,1.1,238.9,78.60000000000001,18,39,4.6000000000000005,314.3,600,0.8231104
2026-08-01 18:50:00,-36.8763766666667,11.4804016666667,16.2,1020.5,1.9000000000000001,1.7000000000000002,239.0,83.5,18,41,5.300000000000001,2.4000000000000004,600,0.9774436000000001
2026-08-01 19:00:00,-36.8747383333333,11.48265,16.3,1020.7,1.2000000000000002,0.6000000000000001,170.60000000000002,89.5,18,52,3.4000000000000004,295.3,600,0.6173328000000001
2026-08-01 19:10:00,-36.87254,11.48601,16.400000000000002,1020.9000000000001,1.8,1.1,290.8,53.400000000000006,19,6,4.2,286.1,600,0.9259992
2026-08-01 19:20:00,-36.8704383333333,11.4883016666667,16.3,1020.7,2.1,1.1,188.9,43.6,19,15,4.4,187.10000000000002,600,1.0803324
2026-08-01 19:30:00,-36.8685416666667,11.4904166666667,16.3,1020.5,2.9000000000000004,3.3000000000000003,259.5,82.7,19,29,9.4,323.6,600,1.4918876000000003
2026-08-01 19:40:00,-36.8666533333333,11.4925983333333,16.1,1019.2,4.4,4.2,299.1,38.900000000000006,19,32,8.9,264.1,600,2.2635536000000003
2026-08-01 19:50:00,-36.865305,11.4952866666667,16.1,1019.4000000000001,1.5,0.7000000000000001,256.1,96.4,19,49,3.4000000000000004,221.20000000000002,600,0.771666
2026-08-01 20:00:00,-36.86431,11.4975566666667,16.2,1019.9000000000001,1.6,0.8,160.0,83.60000000000001,19,50,3.4000000000000004,112.9,599,0.8231104
2026-08-01 20:10:00,-36.8633833333333,11.500855,16.2,1019.9000000000001,1.7000000000000002,0.7000000000000001,100.2,58.400000000000006,20,5,3.2,20.1,600,0.8745548000000001
2026-08-01 20:20:00,-36.8627833333333,11.50341,16.2,1019.9000000000001,2.3000000000000003,1.6,13.600000000000001,58.5,20,17,5.0,344.8,600,1.1832212000000002
2026-08-01 20:30:00,-36.8625416666667,11.5053116666667,16.2,1019.5,3.4000000000000004,1.2000000000000002,355.3,25.1,20,24,5.6000000000000005,342.70000000000005,600,1.7491096000000002
2026-08-01 20:40:00,-36.862055,11.5080033333333,16.2,1019.2,3.4000000000000004,1.9000000000000001,5.0,33.0,20,36,5.800000000000001,130.8,600,1.7491096000000002
2026-08-01 20:50:00,-36.8616716666667,11.5113333333333,16.2,1019.3000000000001,2.2,1.1,350.6,43.1,20,43,4.3,66.10000000000001,600,1.1317768000000001
2026-08-01 21:00:00,-36.8613683333333,11.514165,16.2,1019.5,2.2,1.1,12.0,38.5,20,58,4.4,27.3,600,1.1317768000000001
2026-08-01 21:10:00,-36.8610766666667,11.5169116666667,16.2,1019.3000000000001,3.5,2.0,2.2,24.1,21,2,6.2,7.7,600,1.800554
2026-08-01 21:20:00,-36.86069,11.5198866666667,16.2,1019.0,3.0,1.4000000000000001,28.200000000000003,27.3,21,10,5.6000000000000005,45.300000000000004,600,1.543332
2026-08-01 21:30:00,-36.860035,11.523185,16.1,1018.9000000000001,3.5,1.5,35.9,25.8,21,25,6.5,45.2,600,1.800554
2026-08-01 21:40:00,-36.85953,11.5254983333333,16.1,1018.9000000000001,2.9000000000000004,1.6,24.0,38.2,21,38,6.5,327.5,600,1.4918876000000003
2026-08-01 21:50:00,-36.8588266666667,11.5283516666667,16.2,1019.1,3.0,1.4000000000000001,6.6000000000000005,27.700000000000003,21,47,5.4,343.1,600,1.543332
2026-08-01 22:00:00,-36.85801,11.531405,16.2,1019.2,2.8000000000000003,1.1,6.800000000000001,25.5,21,55,5.2,29.400000000000002,600,1.4404432000000003
2026-08-01 22:10:00,-36.8572116666667,11.5343483333333,16.2,1019.2,3.6,1.4000000000000001,5.2,17.6,22,8,5.9,14.100000000000001,600,1.8519984
2026-08-01 22:20:00,-36.856285,11.5377716666667,16.2,1019.1,3.3000000000000003,1.1,5.4,21.8,22,11,5.300000000000001,334.6,600,1.6976652
2026-08-01 22:30:00,-36.8553683333333,11.5406133333333,16.2,1019.3000000000001,2.7,1.0,341.6,26.1,22,25,4.800000000000001,303.90000000000003,600,1.3889988000000002
2026-08-01 22:40:00,-36.8543583333333,11.5437983333333,16.2,1019.5,3.0,1.1,312.6,20.0,22,31,5.2,296.8,600,1.543332
2026-08-01 22:50:00,-36.85312,11.5463916666667,16.2,1019.5,2.6,1.3,325.5,22.6,22,45,5.5,321.5,600,1.3375544000000001
2026-08-01 23:00:00,-36.8521166666667,11.54867,16.2,1019.6,2.0,1.0,319.0,43.300000000000004,22,51,3.6,318.20000000000005,600,1.028888
2026-08-01 23:10:00,-36.8508933333333,11.5519766666667,16.3,1020.0,2.6,1.5,314.40000000000003,29.1,23,5,5.2,324.40000000000003,600,1.3375544000000001
2026-08-01 23:20:00,-36.8495833333333,11.5556516666667,16.2,1019.8000000000001,3.1,1.4000000000000001,308.3,25.1,23,15,5.800000000000001,334.3,600,1.5947764
2026-08-01 23:30:00,-36.848195,11.558335,16.2,1019.5,2.7,1.4000000000000001,309.3,33.6,23,23,5.1000000000000005,8.0,600,1.3889988000000002
2026-08-01 23:40:00,-36.8468383333333,11.5604483333333,16.2,1019.4000000000001,2.9000000000000004,1.5,328.3,31.900000000000002,23,33,5.4,7.0,600,1.4918876000000003
2026-08-01 23:50:00,-36.8450516666667,11.5635216666667,16.2,1019.3000000000001,2.6,1.0,346.1,30.900000000000002,23,47,4.6000000000000005,315.70000000000005,600,1.3375544000000001
2026-08-02 00:00:00,-36.8433916666667,11.5663516666667,16.2,1019.4000000000001,2.5,1.2000000000000002,331.0,37.4,23,57,4.6000000000000005,266.5,600,1.28611
2026-08-02 00:10:00,-36.84163,11.569295,16.2,1019.5,1.8,1.1,320.6,53.6,0,9,4.800000000000001,261.5,599,0.9259992
2026-08-02 00:20:00,-36.8398616666667,11.5723216666667,16.3,1019.7,2.9000000000000004,1.5,308.8,34.7,0,19,6.1000000000000005,258.3,600,1.4918876000000003
2026-08-02 00:30:00,-36.8380516666667,11.5754483333333,16.2,1019.4000000000001,4.6000000000000005,2.0,252.5,16.3,0,28,7.1000000000000005,268.90000000000003,600,2.3664424000000004
2026-08-02 00:40:00,-36.8361966666667,11.578875,16.1,1019.0,4.6000000000000005,1.4000000000000001,259.8,14.0,0,32,6.5,275.8,600,2.3664424000000004
2026-08-02 00:50:00,-36.8343633333333,11.581375,16.1,1019.2,3.8000000000000003,2.0,267.0,20.400000000000002,0,49,6.9,293.90000000000003,600,1.9548872000000002
2026-08-02 01:00:00,-36.83252,11.5840416666667,16.2,1019.1,4.5,1.5,309.0,19.3,0,59,7.4,300.40000000000003,600,2.314998
2026-08-02 01:10:00,-36.8304866666667,11.5868366666667,16.1,1018.7,5.9,2.7,282.1,13.0,1,6,9.4,294.40000000000003,600,3.0352196000000005
2026-08-02 01:20:00,-36.8284883333333,11.5895183333333,16.1,1018.3000000000001,6.6000000000000005,2.8000000000000003,295.8,15.0,1,19,11.200000000000001,308.20000000000005,600,3.3953304
2026-08-02 01:30:00,-36.8261466666667,11.5924683333333,16.0,1017.9000000000001,5.9,2.5,304.5,25.6,1,20,9.3,359.1,600,3.0352196000000005
2026-08-02 01:40:00,-36.8236366666667,11.5953216666667,16.0,1017.9000000000001,4.1000000000000005,1.6,331.0,19.8,1,36,7.7,4.4,600,2.1092204000000003
2026-08-02 01:50:00,-36.82127,11.5981216666667,16.0,1018.2,5.300000000000001,2.0,296.1,18.8,1,41,7.800000000000001,329.6,600,2.7265532000000006
2026-08-02 02:00:00,-36.8184766666667,11.6017216666667,16.1,1018.6,4.4,1.7000000000000002,306.40000000000003,13.5,1,59,6.6000000000000005,279.40000000000003,600,2.2635536000000003
2026-08-02 02:10:00,-36.81575,11.605065,16.1,1018.6,6.6000000000000005,2.6,301.0,12.700000000000001,2,3,10.600000000000001,304.8,600,3.3953304
2026-08-02 02:20:00,-36.813035,11.6085583333333,16.0,1018.4000000000001,6.7,1.8,311.40000000000003,13.600000000000001,2,11,9.4,313.6,600,3.4467748
2026-08-02 02:30:00,-36.8107516666667,11.6112516666667,16.0,1018.4000000000001,6.4,2.0,309.90000000000003,10.600000000000001,2,29,9.200000000000001,287.8,600,3.2924416
2026-08-02 02:40:00,-36.8082933333333,11.6142166666667,16.0,1018.4000000000001,7.2,2.1,310.90000000000003,11.100000000000001,2,38,10.8,320.0,600,3.7039968
2026-08-02 02:50:00,-36.80615,11.61656,16.0,1018.2,8.3,2.0,318.3,8.5,2,45,11.0,313.3,600,4.2698852
2026-08-02 03:00:00,-36.804245,11.6188783333333,16.0,1018.1,7.800000000000001,2.5,326.1,9.700000000000001,2,57,10.9,320.3,600,4.0126632
2026-08-02 03:10:00,-36.8021066666667,11.6213066666667,16.0,1018.1,8.8,2.0,322.90000000000003,7.800000000000001,3,9,11.200000000000001,311.1,600,4.5271072000000006
2026-08-02 03:20:00,-36.8000233333333,11.6238666666667,16.0,1018.1,8.6,1.8,327.5,10.3,3,13,10.700000000000001,287.1,600,4.4242184
2026-08-02 03:30:00,-36.7978266666667,11.6264983333333,15.9,1018.1,8.0,2.2,314.1,9.700000000000001,3,23,11.700000000000001,304.2,600,4.115552
2026-08-02 03:40:00,-36.7955583333333,11.6290733333333,16.0,1018.4000000000001,7.300000000000001,1.6,319.0,11.5,3,32,9.4,303.90000000000003,600,3.7554412000000004
2026-08-02 03:50:00,-36.7931516666667,11.6322916666667,16.0,1018.5,7.4,2.6,302.8,12.0,3,45,11.3,291.0,600,3.8068856
2026-08-02 04:00:00,-36.790655,11.6352583333333,16.0,1018.6,6.800000000000001,2.3000000000000003,294.0,11.3,3,58,9.5,304.6,600,3.4982192000000003
2026-08-02 04:10:00,-36.78823,11.6380383333333,16.0,1018.6,8.0,1.9000000000000001,294.8,13.8,4,9,10.8,268.7,600,4.115552
2026-08-02 04:20:00,-36.7856466666667,11.6406766666667,16.0,1018.4000000000001,9.200000000000001,4.1000000000000005,278.8,9.8,4,13,14.200000000000001,282.3,599,4.732884800000001
2026-08-02 04:30:00,-36.783375,11.6424366666667,15.9,1018.3000000000001,7.800000000000001,4.4,290.5,10.200000000000001,4,21,12.4,290.1,600,4.0126632
2026-08-02 04:40:00,-36.7808733333333,11.645165,15.9,1018.5,7.6000000000000005,3.3000000000000003,294.3,12.100000000000001,4,35,11.5,277.40000000000003,600,3.9097744000000003
2026-08-02 04:50:00,-36.77847,11.6473883333333,15.9,1018.4000000000001,8.8,2.6,277.90000000000003,15.200000000000001,4,40,11.600000000000001,266.1,600,4.5271072000000006
2026-08-02 05:00:00,-36.7762316666667,11.64897,15.9,1018.4000000000001,8.200000000000001,2.7,265.2,9.8,4,51,12.0,267.40000000000003,600,4.218440800000001
2026-08-02 05:10:00,-36.7738733333333,11.6510066666667,15.8,1018.4000000000001,8.9,4.2,274.2,11.100000000000001,5,3,13.100000000000001,281.7,600,4.5785516
2026-08-02 05:20:00,-36.7712766666667,11.65349,15.9,1018.6,8.700000000000001,6.2,271.8,11.0,5,19,13.4,267.0,600,4.4756628
2026-08-02 05:30:00,-36.76863,11.6558766666667,15.9,1018.8000000000001,8.9,3.2,267.6,12.0,5,20,13.5,302.0,600,4.5785516
2026-08-02 05:40:00,-36.76563,11.6588716666667,15.9,1019.1,8.3,3.2,297.40000000000003,10.100000000000001,5,30,13.100000000000001,295.6,600,4.2698852
2026-08-02 05:50:00,-36.76265,11.6619133333333,16.0,1019.5,6.7,2.3000000000000003,297.3,12.8,5,40,10.5,307.3,600,3.4467748
2026-08-02 06:00:00,-36.7596533333333,11.665305,16.0,1019.8000000000001,6.9,2.0,297.3,12.8,5,50,9.700000000000001,305.8,600,3.5496636
2026-08-02 06:10:00,-36.7568683333333,11.66823,16.0,1020.1,6.2,1.8,281.7,12.600000000000001,6,7,8.8,286.40000000000003,600,3.1895528
2026-08-02 06:20:00,-36.7540783333333,11.6708916666667,16.0,1020.3000000000001,6.5,1.8,286.90000000000003,13.700000000000001,6,17,8.700000000000001,242.4,600,3.343886
2026-08-02 06:30:00,-36.75136,11.673365,16.0,1020.5,7.5,2.8000000000000003,266.0,12.100000000000001,6,28,10.5,247.20000000000002,599,3.85833
2026-08-02 06:40:00,-36.7487083333333,11.6757433333333,16.0,1020.4000000000001,7.4,2.5,253.10000000000002,13.5,6,34,9.700000000000001,255.0,600,3.8068856
2026-08-02 06:50:00,-36.74583,11.679235,16.0,1020.8000000000001,6.9,3.5,261.0,13.0,6,46,11.0,278.7,600,3.5496636
2026-08-02 07:00:00,-36.743035,11.6819016666667,16.1,1020.9000000000001,6.7,1.9000000000000001,272.2,11.8,6,54,9.3,278.2,600,3.4467748
2026-08-02 07:10:00,-36.7402066666667,11.68511,16.1,1021.1,6.6000000000000005,2.3000000000000003,272.90000000000003,12.9,7,0,9.1,269.2,600,3.3953304
2026-08-02 07:20:00,-36.7373333333333,11.6879733333333,16.1,1021.3000000000001,6.2,1.7000000000000002,258.6,13.3,7,12,8.4,231.3,600,3.1895528
2026-08-02 07:30:00,-36.734405,11.6907133333333,16.2,1021.5,5.1000000000000005,1.8,259.0,13.700000000000001,7,20,7.6000000000000005,260.6,600,2.6236644000000005
2026-08-02 07:40:00,-36.7314683333333,11.693525,16.2,1022.1,5.0,1.7000000000000002,256.7,14.600000000000001,7,30,7.4,247.10000000000002,600,2.57222
2026-08-02 07:50:00,-36.72865,11.6958383333333,16.400000000000002,1022.5,3.7,1.4000000000000001,266.2,19.200000000000003,7,48,5.9,276.40000000000003,600,1.9034428
2026-08-02 08:00:00,-36.7256683333333,11.6983066666667,16.3,1022.0,7.1000000000000005,5.4,281.7,14.600000000000001,7,59,10.8,271.5,600,3.6525524000000003
2026-08-02 08:10:00,-36.72264,11.70159,16.2,1020.9000000000001,9.3,2.5,280.90000000000003,11.0,8,5,12.5,287.5,600,4.7843292
2026-08-02 08:20:00,-36.7196683333333,11.7054183333333,16.1,1020.7,10.5,2.4000000000000004,272.1,14.0,8,18,13.3,273.0,600,5.401662
2026-08-02 08:30:00,-36.7168283333333,11.7090216666667,16.2,1021.1,10.600000000000001,2.2,267.90000000000003,14.100000000000001,8,29,13.100000000000001,253.4,599,5.453106400000001
2026-08-02 08:40:00,-36.7142933333333,11.7124366666667,16.2,1021.4000000000001,11.5,3.6,263.1,9.700000000000001,8,39,15.100000000000001,267.90000000000003,600,5.916106
2026-08-02 08:50:00,-36.7117883333333,11.715915,16.2,1021.6,11.5,4.4,267.3,12.600000000000001,8,43,15.100000000000001,258.8,600,5.916106
2026-08-02 09:00:00,-36.7096016666667,11.718495,16.3,1022.3000000000001,10.0,3.3000000000000003,266.3,14.600000000000001,8,50,13.100000000000001,273.6,600,5.14444
2026-08-02 09:10:00,-36.7068966666667,11.721775,16.6,1024.9,5.5,4.0,267.7,15.200000000000001,9,0,9.700000000000001,262.8,600,2.8294420000000002
2026-08-02 09:20:00,-36.70422,11.7251016666667,17.0,1024.7,4.7,1.7000000000000002,286.90000000000003,19.8,9,14,7.300000000000001,314.5,600,2.4178868000000002
2026-08-02 09:30:00,-36.7013883333333,11.7290933333333,17.2,1023.9000000000001,5.2,2.1,298.5,15.3,9,23,8.6,277.5,600,2.6751088000000003
2026-08-02 09:40:00,-36.6986316666667,11.732415,17.1,1023.1,5.7,2.3000000000000003,303.6,14.0,9,33,8.8,310.40000000000003,600,2.9323308000000003
2026-08-02 09:50:00,-36.69582,11.73552,16.900000000000002,1022.4000000000001,5.800000000000001,2.2,288.90000000000003,14.100000000000001,9,48,8.9,278.3,600,2.9837752000000006
2026-08-02 10:00:00,-36.692815,11.7390066666667,16.900000000000002,1022.2,6.2,2.4000000000000004,293.90000000000003,13.600000000000001,9,59,9.4,277.40000000000003,600,3.1895528
2026-08-02 10:10:00,-36.68867,11.7380133333333,16.7,1021.8000000000001,6.0,2.1,292.7,27.200000000000003,10,8,8.4,277.3,600,3.086664
2026-08-02 10:20:00,-36.684795,11.7362466666667,16.5,1021.5,5.9,1.6,289.90000000000003,26.200000000000003,10,10,8.3,287.1,600,3.0352196000000005
2026-08-02 10:30:00,-36.68118,11.73506,16.5,1021.2,7.5,4.0,274.1,26.0,10,29,12.8,247.8,600,3.85833
2026-08-02 10:40:00,-36.6767333333333,11.733625,16.400000000000002,1020.9000000000001,9.8,2.5,260.3,24.3,10,36,13.0,246.70000000000002,600,5.041551200000001
2026-08-02 10:50:00,-36.673315,11.7330033333333,16.400000000000002,1021.7,9.200000000000001,3.4000000000000004,243.10000000000002,10.8,10,45,12.0,256.1,600,4.732884800000001
2026-08-02 11:00:00,-36.6694883333333,11.7318433333333,16.5,1021.9000000000001,8.9,3.2,247.4,17.0,10,54,12.4,260.40000000000003,600,4.5785516
2026-08-02 11:10:00,-36.6649283333333,11.7298916666667,16.5,1020.5,9.200000000000001,3.0,253.70000000000002,29.6,11,9,12.3,228.60000000000002,600,4.732884800000001
2026-08-02 11:20:00,-36.66166,11.7288033333333,16.5,1021.4000000000001,9.9,3.1,238.8,9.600000000000001,11,10,13.600000000000001,236.70000000000002,600,5.0929956
2026-08-02 11:30:00,-36.6585066666667,11.7278016666667,16.5,1021.6,8.9,3.1,240.70000000000002,11.0,11,22,13.100000000000001,239.70000000000002,600,4.5785516
2026-08-02 11:40:00,-36.655055,11.72636,16.5,1021.1,9.5,3.5,244.3,10.5,11,37,13.200000000000001,241.5,600,4.887218
2026-08-02 11:50:00,-36.6516383333333,11.7251916666667,16.5,1021.0,9.3,3.5,240.70000000000002,16.8,11,42,12.8,253.3,600,4.7843292
2026-08-02 12:00:00,-36.648635,11.7244016666667,16.6,1021.9000000000001,8.200000000000001,3.7,240.4,11.3,11,54,12.3,226.60000000000002,600,4.218440800000001
2026-08-02 12:10:00,-36.64548,11.723635,16.6,1021.3000000000001,8.3,3.5,241.5,15.600000000000001,12,2,13.3,244.3,600,4.2698852
2026-08-02 12:20:00,-36.6426966666667,11.7235166666667,16.6,1021.6,8.200000000000001,3.9000000000000004,246.4,13.0,12,15,12.0,228.0,600,4.218440800000001
2026-08-02 12:30:00,-36.639125,11.722555,16.7,1021.3000000000001,8.9,3.1,248.10000000000002,18.7,12,21,12.100000000000001,270.5,600,4.5785516
2026-08-02 12:40:00,-36.6362083333333,11.7220983333333,16.7,1020.9000000000001,8.5,3.7,238.4,12.700000000000001,12,39,12.8,232.10000000000002,599,4.372774
2026-08-02 12:50:00,-36.63295,11.72136,16.7,1020.9000000000001,9.5,3.3000000000000003,233.60000000000002,12.3,12,41,12.3,236.3,600,4.887218
2026-08-02 13:00:00,-36.629565,11.7206516666667,16.8,1021.1,10.0,3.5,238.9,16.7,12,59,13.8,210.8,600,5.14444
2026-08-02 13:10:00,-36.6261216666667,11.7199566666667,16.6,1019.7,10.5,3.2,231.9,15.200000000000001,13,0,13.3,236.60000000000002,600,5.401662
2026-08-02 13:20:00,-36.6228583333333,11.7192166666667,16.6,1019.3000000000001,10.5,3.8000000000000003,235.8,19.200000000000003,13,13,13.9,226.8,600,5.401662
2026-08-02 13:30:00,-36.6200583333333,11.719085,16.6,1019.7,9.1,4.1000000000000005,237.10000000000002,11.200000000000001,13,25,12.600000000000001,240.9,600,4.6814404
2026-08-02 13:40:00,-36.6165683333333,11.71832,16.8,1020.6,9.5,2.8000000000000003,237.8,14.0,13,33,12.5,251.9,600,4.887218
2026-08-02 13:50:00,-36.6127216666667,11.71716,16.900000000000002,1020.7,8.5,3.5,246.60000000000002,30.0,13,40,12.3,237.3,600,4.372774
2026-08-02 14:00:00,-36.6095433333333,11.7162483333333,17.0,1020.5,9.0,3.8000000000000003,242.10000000000002,19.1,13,56,13.3,240.4,600,4.629996
2026-08-02 14:10:00,-36.606795,11.7158316666667,16.900000000000002,1020.1,8.5,3.8000000000000003,242.9,13.8,14,2,12.5,248.9,600,4.372774
2026-08-02 14:20:00,-36.603825,11.7152166666667,17.0,1019.9000000000001,8.200000000000001,3.7,245.0,14.100000000000001,14,17,12.100000000000001,250.60000000000002,600,4.218440800000001
2026-08-02 14:30:00,-36.600755,11.7150366666667,16.900000000000002,1019.7,8.5,3.3000000000000003,242.5,18.3,14,28,12.600000000000001,218.4,600,4.372774
2026-08-02 14:40:00,-36.597925,11.7149883333333,16.900000000000002,1019.7,7.0,3.4000000000000004,238.20000000000002,17.3,14,33,10.5,249.4,600,3.601108
2026-08-02 14:50:00,-36.59446,11.71395,17.0,1020.1,6.1000000000000005,2.7,260.90000000000003,22.900000000000002,14,40,9.1,252.9,600,3.1381084
2026-08-02 15:00:00,-36.5911333333333,11.7135316666667,17.0,1020.3000000000001,5.7,2.9000000000000004,249.10000000000002,23.700000000000003,14,54,8.6,262.3,600,2.9323308000000003
2026-08-02 15:10:00,-36.5878816666667,11.7127266666667,17.2,1020.9000000000001,5.5,3.1,254.8,16.400000000000002,15,9,9.600000000000001,245.10000000000002,600,2.8294420000000002
2026-08-02 15:20:00,-36.5848966666667,11.7128416666667,17.1,1020.2,5.4,2.8000000000000003,256.2,13.9,15,11,8.700000000000001,246.0,600,2.7779976000000004
2026-08-02 15:30:00,-36.5817,11.7127466666667,17.1,1020.3000000000001,5.0,3.0,245.20000000000002,15.200000000000001,15,20,7.9,249.5,600,2.57222
2026-08-02 15:40:00,-36.57868,11.712785,17.0,1019.9000000000001,4.5,2.6,249.60000000000002,18.7,15,34,7.6000000000000005,226.5,600,2.314998
2026-08-02 15:50:00,-36.5750033333333,11.7120633333333,16.6,1018.8000000000001,4.9,2.7,233.60000000000002,20.700000000000003,15,49,8.5,238.60000000000002,600,2.5207756000000003
2026-08-02 16:00:00,-36.5708166666667,11.710845,16.2,1018.4000000000001,5.1000000000000005,2.5,242.5,24.5,15,50,8.200000000000001,259.0,600,2.6236644000000005
2026-08-02 16:10:00,-36.5674833333333,11.7107466666667,16.1,1019.0,4.0,2.3000000000000003,236.4,21.400000000000002,16,9,7.0,223.9,600,2.057776
2026-08-02 16:20:00,-36.5640933333333,11.71033,16.0,1019.6,3.5,2.7,216.0,30.6,16,12,8.0,156.3,600,1.800554
2026-08-02 16:30:00,-36.5607466666667,11.7101616666667,16.0,1020.3000000000001,3.0,1.5,201.70000000000002,39.1,16,21,5.300000000000001,234.0,600,1.543332
2026-08-02 16:40:00,-36.5575183333333,11.709605,16.0,1020.6,3.4000000000000004,2.4000000000000004,183.3,37.2,16,31,7.5,193.4,600,1.7491096000000002
2026-08-02 16:50:00,-36.5541033333333,11.7091833333333,16.0,1020.5,6.1000000000000005,2.6,206.8,21.1,16,43,9.8,226.3,599,3.1381084
2026-08-02 17:00:00,-36.5509216666667,11.70906,15.9,1020.1,5.6000000000000005,3.3000000000000003,224.60000000000002,17.900000000000002,16,50,8.700000000000001,224.60000000000002,600,2.8808864000000005
2026-08-02 17:10:00,-36.5473766666667,11.7083466666667,15.9,1020.4000000000001,6.6000000000000005,3.1,211.9,18.2,17,3,9.8,207.0,600,3.3953304
2026-08-02 17:20:00,-36.5440466666667,11.708025,15.9,1020.4000000000001,6.9,3.3000000000000003,192.4,13.200000000000001,17,17,10.3,185.5,600,3.5496636
2026-08-02 17:30:00,-36.541005,11.7082316666667,15.9,1020.4000000000001,6.0,2.2,188.0,17.1,17,21,8.8,185.60000000000002,600,3.086664
2026-08-02 17:40:00,-36.5378866666667,11.70816,15.8,1020.4000000000001,5.5,1.9000000000000001,185.4,17.900000000000002,17,37,7.800000000000001,203.0,600,2.8294420000000002
2026-08-02 17:50:00,-36.5349616666667,11.7084616666667,15.8,1020.4000000000001,5.9,1.6,168.0,19.6,17,44,8.5,145.20000000000002,600,3.0352196000000005
2026-08-02 18:00:00,-36.531735,11.708755,15.8,1020.5,4.1000000000000005,1.3,155.10000000000002,22.5,17,50,6.5,157.8,600,2.1092204000000003
2026-08-02 18:10:00,-36.5283116666667,11.7085016666667,15.8,1020.9000000000001,4.4,1.3,162.5,21.8,18,8,6.9,92.30000000000001,600,2.2635536000000003
2026-08-02 18:20:00,-36.5253033333333,11.7089883333333,15.8,1021.0,4.2,1.4000000000000001,153.70000000000002,21.6,18,18,6.6000000000000005,134.4,600,2.1606648
2026-08-02 18:30:00,-36.5218566666667,11.7086166666667,15.8,1021.4000000000001,4.1000000000000005,1.6,148.4,22.400000000000002,18,21,7.1000000000000005,135.3,600,2.1092204000000003
2026-08-02 18:40:00,-36.51905,11.7092166666667,15.8,1021.7,2.9000000000000004,1.1,135.5,32.4,18,32,4.7,208.10000000000002,600,1.4918876000000003
2026-08-02 18:50:00,-36.5156116666667,11.708665,15.9,1021.7,3.1,1.5,128.70000000000002,32.9,18,49,5.7,111.7,600,1.5947764
2026-08-02 19:00:00,-36.5125033333333,11.7090133333333,15.9,1021.5,2.7,1.5,104.80000000000001,37.2,18,55,4.9,144.3,600,1.3889988000000002
2026-08-02 19:10:00,-36.5094833333333,11.709375,15.9,1021.5,2.8000000000000003,1.4000000000000001,118.2,33.9,19,2,5.300000000000001,145.8,600,1.4404432000000003
2026-08-02 19:20:00,-36.5058266666667,11.7089416666667,15.9,1021.4000000000001,2.8000000000000003,1.3,114.30000000000001,28.400000000000002,19,13,4.9,129.5,600,1.4404432000000003
2026-08-02 19:30:00,-36.5021916666667,11.7082316666667,16.0,1021.5,3.4000000000000004,1.2000000000000002,135.4,24.700000000000003,19,26,5.4,120.4,600,1.7491096000000002
2026-08-02 19:40:00,-36.49905,11.7081966666667,16.0,1021.6,2.3000000000000003,1.3,111.5,43.5,19,30,4.800000000000001,164.4,600,1.1832212000000002
2026-08-02 19:50:00,-36.4953683333333,11.7075333333333,16.0,1021.6,2.3000000000000003,0.9,129.5,43.7,19,45,4.0,45.5,600,1.1832212000000002
2026-08-02 20:00:00,-36.4923166666667,11.7074216666667,16.0,1021.4000000000001,1.8,1.3,59.400000000000006,93.5,19,52,5.4,87.10000000000001,600,0.9259992
2026-08-02 20:10:00,-36.4893516666667,11.7073416666667,15.9,1021.6,1.8,1.3,44.6,95.10000000000001,20,6,5.800000000000001,90.5,600,0.9259992
2026-08-02 20:20:00,-36.4866016666667,11.7073216666667,16.0,1021.7,1.8,1.5,22.0,96.9,20,18,6.0,112.5,600,0.9259992
2026-08-02 20:30:00,-36.483435,11.70618,16.0,1021.7,2.2,1.8,87.5,76.80000000000001,20,29,5.800000000000001,223.3,600,1.1317768000000001
2026-08-02 20:40:00,-36.4800633333333,11.7055883333333,16.0,1021.7,2.0,1.5,94.0,72.3,20,38,5.0,85.2,600,1.028888
2026-08-02 20:50:00,-36.476825,11.705015,16.0,1021.8000000000001,2.6,1.6,98.7,47.300000000000004,20,47,5.1000000000000005,95.30000000000001,600,1.3375544000000001
2026-08-02 21:00:00,-36.47357,11.7042816666667,16.0,1021.7,2.5,2.0,85.9,58.800000000000004,20,58,6.5,204.0,599,1.28611
2026-08-02 21:10:00,-36.4702833333333,11.7041233333333,16.0,1021.6,2.0,1.4000000000000001,85.2,57.800000000000004,21,4,4.3,43.0,600,1.028888
2026-08-02 21:20:00,-36.4670866666667,11.7034833333333,16.0,1021.6,2.4000000000000004,1.9000000000000001,112.0,54.5,21,17,5.0,87.7,600,1.2346656000000003
2026-08-02 21:30:00,-36.46392,11.70291,16.0,1021.4000000000001,2.8000000000000003,1.4000000000000001,118.7,39.300000000000004,21,27,4.9,100.10000000000001,600,1.4404432000000003
2026-08-02 21:40:00,-36.4607516666667,11.7023966666667,16.0,1021.4000000000001,2.7,1.5,110.30000000000001,35.7,21,36,5.4,95.2,600,1.3889988000000002
2026-08-02 21:50:00,-36.45708,11.701265,16.0,1021.4000000000001,2.8000000000000003,2.2,104.10000000000001,44.2,21,42,7.4,94.60000000000001,600,1.4404432000000003
2026-08-02 22:00:00,-36.45415,11.7013983333333,15.9,1021.3000000000001,2.7,1.8,115.30000000000001,46.400000000000006,21,52,5.6000000000000005,96.10000000000001,600,1.3889988000000002
2026-08-02 22:10:00,-36.4509566666667,11.7009333333333,15.9,1021.4000000000001,2.3000000000000003,1.9000000000000001,91.9,54.400000000000006,22,0,5.5,86.9,600,1.1832212000000002
2026-08-02 22:20:00,-36.4480533333333,11.70118,15.9,1021.3000000000001,2.2,1.3,90.7,51.0,22,15,5.0,110.30000000000001,600,1.1317768000000001
2026-08-02 22:30:00,-36.4448766666667,11.7010683333333,15.9,1021.2,3.1,2.5,86.60000000000001,39.900000000000006,22,23,7.5,151.70000000000002,600,1.5947764
2026-08-02 22:40:00,-36.4412566666667,11.70024,15.8,1021.1,3.5,2.7,82.9,34.2,22,33,6.9,46.1,600,1.800554
2026-08-02 22:50:00,-36.4383333333333,11.7000083333333,15.8,1021.2,3.5,2.9000000000000004,74.0,36.0,22,42,6.6000000000000005,51.1,600,1.800554
2026-08-02 23:00:00,-36.4348066666667,11.6992083333333,15.8,1021.3000000000001,3.8000000000000003,3.1,70.8,26.3,22,50,8.4,92.9,600,1.9548872000000002
2026-08-02 23:10:00,-36.4310883333333,11.6980566666667,15.8,1021.1,4.7,3.6,60.400000000000006,21.400000000000002,23,5,8.700000000000001,23.3,600,2.4178868000000002
2026-08-02 23:20:00,-36.4277783333333,11.6976316666667,15.700000000000001,1021.1,3.5,2.3000000000000003,39.300000000000004,35.9,23,10,6.1000000000000005,37.6,600,1.800554
2026-08-02 23:30:00,-36.4240983333333,11.6962566666667,15.700000000000001,1021.2,3.9000000000000004,3.0,48.7,29.6,23,21,7.4,44.7,600,2.0063316
2026-08-02 23:40:00,-36.4209283333333,11.6954233333333,15.700000000000001,1021.2,3.5,2.2,17.900000000000002,39.800000000000004,23,30,6.2,40.900000000000006,600,1.800554
2026-08-02 23:50:00,-36.41787,11.6949833333333,15.700000000000001,1021.2,3.4000000000000004,2.6,8.4,42.2,23,43,7.1000000000000005,50.800000000000004,600,1.7491096000000002
2026-08-03 00:00:00,-36.4148316666667,11.6946133333333,15.700000000000001,1021.1,2.9000000000000004,2.0,23.1,47.2,23,52,6.2,18.900000000000002,600,1.4918876000000003
2026-08-03 00:10:00,-36.4118933333333,11.6942016666667,15.600000000000001,1021.0,3.5,2.1,12.0,36.6,0,2,6.4,69.60000000000001,600,1.800554
2026-08-03 00:20:00,-36.4088733333333,11.6935416666667,15.600000000000001,1021.0,3.5,2.0,15.700000000000001,36.300000000000004,0,12,6.0,28.400000000000002,600,1.800554
2026-08-03 00:30:00,-36.4063866666667,11.693705,15.600000000000001,1020.9000000000001,3.0,1.5,345.6,47.1,0,21,5.7,36.5,600,1.543332
2026-08-03 00:40:00,-36.40379,11.6940666666667,15.5,1020.9000000000001,3.4000000000000004,1.5,337.6,40.2,0,32,5.7,26.400000000000002,600,1.7491096000000002
2026-08-03 00:50:00,-36.4006716666667,11.6934783333333,15.5,1020.8000000000001,3.6,2.3000000000000003,18.2,34.800000000000004,0,43,8.0,37.6,600,1.8519984
2026-08-03 01:00:00,-36.39807,11.69399,15.4,1020.7,3.2,2.0,15.4,48.2,0,58,6.0,323.6,600,1.6462208
2026-08-03 01:10:00,-36.3952383333333,11.6941716666667,15.4,1020.5,3.3000000000000003,1.4000000000000001,342.0,36.2,1,6,5.300000000000001,40.7,599,1.6976652
2026-08-03 01:20:00,-36.3926416666667,11.6942866666667,15.3,1020.5,2.7,2.0,15.4,58.400000000000006,1,19,6.1000000000000005,42.7,600,1.3889988000000002
2026-08-03 01:30:00,-36.390305,11.6946733333333,15.3,1020.4000000000001,2.9000000000000004,2.2,33.800000000000004,45.1,1,24,5.9,53.400000000000006,600,1.4918876000000003
2026-08-03 01:40:00,-36.387575,11.6948333333333,15.4,1020.3000000000001,2.6,1.4000000000000001,15.0,43.800000000000004,1,34,5.0,339.5,600,1.3375544000000001
2026-08-03 01:50:00,-36.3852383333333,11.6953233333333,15.4,1020.2,3.0,1.7000000000000002,17.7,42.6,1,43,5.5,43.300000000000004,600,1.543332
2026-08-03 02:00:00,-36.383135,11.6965233333333,15.4,1020.1,2.9000000000000004,1.5,9.8,46.300000000000004,1,52,5.4,10.9,600,1.4918876000000003
2026-08-03 02:10:00,-36.3806283333333,11.69745,15.4,1020.2,3.2,1.9000000000000001,343.0,42.300000000000004,2,8,6.7,344.3,600,1.6462208
2026-08-03 02:20:00,-36.3776683333333,11.6975733333333,15.4,1020.1,2.9000000000000004,1.3,341.5,39.0,2,10,5.2,310.3,600,1.4918876000000003
2026-08-03 02:30:00,-36.375285,11.69858,15.4,1020.0,3.0,1.4000000000000001,331.40000000000003,37.4,2,21,5.300000000000001,273.5,600,1.543332
2026-08-03 02:40:00,-36.3725683333333,11.6992566666667,15.3,1019.9000000000001,2.9000000000000004,2.0,338.70000000000005,46.300000000000004,2,32,5.7,42.1,600,1.4918876000000003
2026-08-03 02:50:00,-36.3698483333333,11.6999333333333,15.3,1019.9000000000001,3.2,1.4000000000000001,356.70000000000005,35.5,2,49,5.800000000000001,305.7,600,1.6462208
2026-08-03 03:00:00,-36.3669116666667,11.7006416666667,15.3,1019.8000000000001,2.7,1.4000000000000001,330.0,38.400000000000006,2,57,4.9,29.6,600,1.3889988000000002
2026-08-03 03:10:00,-36.36421,11.7015083333333,15.3,1019.6,3.7,1.9000000000000001,351.3,34.7,3,1,8.0,343.0,600,1.9034428
2026-08-03 03:20:00,-36.3611866666667,11.7016933333333,15.3,1019.6,3.3000000000000003,1.9000000000000001,338.70000000000005,42.7,3,14,6.5,356.40000000000003,600,1.6976652
2026-08-03 03:30:00,-36.3582583333333,11.7023966666667,15.3,1019.5,2.7,2.0,338.5,50.400000000000006,3,20,5.800000000000001,293.8,600,1.3889988000000002
2026-08-03 03:40:00,-36.3557366666667,11.7036866666667,15.3,1019.5,3.3000000000000003,1.9000000000000001,327.5,34.9,3,33,6.300000000000001,358.40000000000003,600,1.6976652
2026-08-03 03:50:00,-36.3526683333333,11.7044116666667,15.3,1019.4000000000001,4.0,1.7000000000000002,344.6,30.8,3,46,6.6000000000000005,307.20000000000005,600,2.057776
2026-08-03 04:00:00,-36.3499016666667,11.7059283333333,15.3,1019.3000000000001,4.7,2.1,347.5,25.400000000000002,3,56,8.200000000000001,318.70000000000005,600,2.4178868000000002
2026-08-03 04:10:00,-36.3469216666667,11.707355,15.200000000000001,1019.3000000000001,3.4000000000000004,2.3000000000000003,345.40000000000003,39.7,4,0,6.4,358.6,600,1.7491096000000002
2026-08-03 04:20:00,-36.3436566666667,11.7084483333333,15.200000000000001,1019.3000000000001,4.1000000000000005,1.7000000000000002,351.8,33.4,4,19,6.7,335.20000000000005,600,2.1092204000000003
2026-08-03 04:30:00,-36.3405216666667,11.7097466666667,15.200000000000001,1019.3000000000001,4.5,2.7,355.20000000000005,26.200000000000003,4,28,7.9,30.200000000000003,600,2.314998
2026-08-03 04:40:00,-36.3375916666667,11.710975,15.3,1019.2,4.1000000000000005,1.6,355.90000000000003,26.8,4,35,7.0,4.7,600,2.1092204000000003
2026-08-03 04:50:00,-36.3347833333333,11.7111816666667,15.3,1019.2,6.2,2.2,353.20000000000005,21.400000000000002,4,42,8.9,24.6,600,3.1895528
2026-08-03 05:00:00,-36.3320633333333,11.7118833333333,15.3,1019.1,6.0,1.8,352.40000000000003,18.400000000000002,4,55,9.8,21.6,600,3.086664
2026-08-03 05:10:00,-36.329425,11.71274,15.200000000000001,1019.2,5.4,3.2,2.6,24.0,5,8,9.4,17.8,600,2.7779976000000004
2026-08-03 05:20:00,-36.3266,11.7133616666667,15.200000000000001,1019.2,5.5,1.9000000000000001,351.40000000000003,23.5,5,11,8.9,346.5,599,2.8294420000000002
2026-08-03 05:30:00,-36.3234166666667,11.713115,15.200000000000001,1019.3000000000001,5.6000000000000005,2.3000000000000003,7.0,23.400000000000002,5,23,8.9,37.6,600,2.8808864000000005
2026-08-03 05:40:00,-36.3203433333333,11.7135,15.200000000000001,1019.3000000000001,5.9,2.0,353.40000000000003,22.6,5,38,8.9,344.6,600,3.0352196000000005
2026-08-03 05:50:00,-36.31714,11.7141483333333,15.200000000000001,1019.4000000000001,5.2,1.9000000000000001,347.5,23.0,5,42,8.200000000000001,27.700000000000003,600,2.6751088000000003
2026-08-03 06:00:00,-36.3140816666667,11.71476,15.3,1019.6,5.2,2.1,341.20000000000005,26.8,5,57,9.0,19.6,600,2.6751088000000003
2026-08-03 06:10:00,-36.3107516666667,11.7153933333333,15.200000000000001,1019.6,5.0,1.9000000000000001,339.0,28.5,6,6,7.5,305.90000000000003,600,2.57222
2026-08-03 06:20:00,-36.307665,11.716185,15.3,1019.8000000000001,4.2,2.1,338.20000000000005,34.4,6,19,7.5,291.1,600,2.1606648
2026-08-03 06:30:00,-36.30437,11.7172216666667,15.3,1020.1,5.0,1.9000000000000001,334.1,28.1,6,23,7.5,358.3,600,2.57222
2026-08-03 06:40:00,-36.3011133333333,11.717605,15.3,1019.9000000000001,4.7,1.4000000000000001,330.20000000000005,27.700000000000003,6,37,6.9,304.5,600,2.4178868000000002
2026-08-03 06:50:00,-36.2979933333333,11.71867,15.3,1019.7,5.1000000000000005,1.7000000000000002,333.90000000000003,23.6,6,43,7.6000000000000005,351.0,600,2.6236644000000005
2026-08-03 07:00:00,-36.2950816666667,11.7197766666667,15.4,1019.6,4.5,2.1,333.70000000000005,26.8,6,52,7.4,340.0,600,2.314998
2026-08-03 07:10:00,-36.2918966666667,11.72048,15.5,1019.9000000000001,4.0,1.4000000000000001,338.5,29.400000000000002,7,3,6.6000000000000005,8.4,600,2.057776
2026-08-03 07:20:00,-36.2883883333333,11.7203966666667,15.600000000000001,1021.2,3.5,1.6,329.8,34.4,7,17,6.800000000000001,0.6000000000000001,600,1.800554
2026-08-03 07:30:00,-36.2849983333333,11.7208016666667,15.9,1021.6,3.1,2.4000000000000004,322.0,41.0,7,28,6.300000000000001,11.8,600,1.5947764
2026-08-03 07:40:00,-36.2814633333333,11.7205583333333,16.2,1020.4000000000001,4.1000000000000005,2.1,348.40000000000003,34.2,7,38,8.3,29.700000000000003,600,2.1092204000000003
2026-08-03 07:50:00,-36.2781633333333,11.720595,16.400000000000002,1019.7,5.1000000000000005,2.2,354.6,26.200000000000003,7,42,8.200000000000001,6.0,600,2.6236644000000005
2026-08-03 08:00:00,-36.2750466666667,11.7212566666667,16.3,1018.8000000000001,6.0,2.0,352.90000000000003,20.6,7,50,9.9,347.6,600,3.086664
2026-08-03 08:10:00,-36.27216,11.7216966666667,16.1,1019.2,6.6000000000000005,1.7000000000000002,354.3,17.6,8,4,8.9,316.20000000000005,600,3.3953304
2026-08-03 08:20:00,-36.2692266666667,11.7223683333333,16.3,1020.0,5.5,1.9000000000000001,359.90000000000003,25.3,8,11,8.6,12.200000000000001,600,2.8294420000000002
2026-08-03 08:30:00,-36.266285,11.7225233333333,16.3,1019.4000000000001,4.5,2.9000000000000004,13.200000000000001,29.900000000000002,8,21,8.3,30.700000000000003,600,2.314998
2026-08-03 08:40:00,-36.2636283333333,11.7236316666667,16.3,1019.4000000000001,5.2,4.5,335.20000000000005,49.300000000000004,8,38,9.9,261.7,600,2.6751088000000003
2026-08-03 08:50:00,-36.2603533333333,11.7241083333333,16.0,1019.2,6.5,3.5,265.8,17.1,8,43,10.4,260.0,600,3.343886
2026-08-03 09:00:00,-36.2572816666667,11.724715,16.0,1019.6,6.1000000000000005,3.0,275.90000000000003,17.900000000000002,8,50,9.200000000000001,265.2,600,3.1381084
2026-08-03 09:10:00,-36.2545883333333,11.7259,16.1,1020.0,5.4,3.3000000000000003,264.8,14.5,9,1,9.5,262.40000000000003,600,2.7779976000000004
2026-08-03 09:20:00,-36.2515933333333,11.726685,16.2,1020.0,6.0,2.8000000000000003,279.8,17.5,9,10,8.5,290.40000000000003,600,3.086664
2026-08-03 09:30:00,-36.2484866666667,11.7265966666667,16.3,1020.2,5.800000000000001,2.7,294.8,19.5,9,21,8.5,295.2,599,2.9837752000000006
2026-08-03 09:40:00,-36.246265,11.7268,16.3,1019.2,6.7,3.6,287.2,14.4,9,38,10.700000000000001,295.7,600,3.4467748
2026-08-03 09:50:00,-36.2437783333333,11.7265266666667,16.2,1020.0,7.800000000000001,2.5,288.2,14.4,9,49,10.600000000000001,307.6,600,4.0126632
2026-08-03 10:00:00,-36.2410666666667,11.7258383333333,16.3,1019.6,8.9,2.7,298.40000000000003,15.3,9,59,12.0,300.1,600,4.5785516
2026-08-03 10:10:00,-36.2386,11.725285,16.3,1019.8000000000001,8.8,3.2,290.0,13.700000000000001,10,4,12.5,287.2,600,4.5271072000000006
2026-08-03 10:20:00,-36.2362566666667,11.7250433333333,16.400000000000002,1019.4000000000001,8.1,2.8000000000000003,290.0,13.3,10,10,11.0,283.0,600,4.1669963999999995
2026-08-03 10:30:00,-36.2342633333333,11.725125,16.400000000000002,1019.2,9.1,4.1000000000000005,283.7,13.600000000000001,10,24,13.3,273.1,600,4.6814404
2026-08-03 10:40:00,-36.2325533333333,11.725515,16.400000000000002,1019.7,8.6,3.5,286.40000000000003,14.200000000000001,10,36,12.100000000000001,289.40000000000003,600,4.4242184
2026-08-03 10:50:00,-36.2305,11.7253716666667,16.5,1019.1,8.700000000000001,3.0,293.6,14.8,10,49,11.700000000000001,305.6,600,4.4756628
2026-08-03 11:00:00,-36.2285466666667,11.7254066666667,16.400000000000002,1018.8000000000001,8.200000000000001,3.2,296.5,14.8,10,58,11.8,295.8,600,4.218440800000001
2026-08-03 11:10:00,-36.2268833333333,11.7257683333333,16.400000000000002,1018.7,8.4,2.7,294.1,12.100000000000001,11,9,12.0,281.0,600,4.3213296
2026-08-03 11:20:00,-36.22555,11.7272233333333,16.400000000000002,1018.3000000000001,10.700000000000001,4.5,295.8,11.9,11,16,14.600000000000001,285.5,600,5.5045508000000005
2026-08-03 11:30:00,-36.22181,11.7260583333333,16.400000000000002,1017.9000000000001,10.200000000000001,2.9000000000000004,306.5,30.700000000000003,11,23,13.8,296.2,600,5.247328800000001
2026-08-03 11:40:00,-36.21896,11.7249816666667,16.400000000000002,1018.2,9.5,3.0,292.1,14.600000000000001,11,36,13.200000000000001,299.6,600,4.887218
2026-08-03 11:50:00,-36.2160733333333,11.7238233333333,16.400000000000002,1018.2,7.800000000000001,2.8000000000000003,285.7,19.900000000000002,11,47,10.8,280.0,600,4.0126632
2026-08-03 12:00:00,-36.2132116666667,11.7229016666667,16.6,1018.0,7.800000000000001,3.4000000000000004,280.0,17.7,11,52,11.100000000000001,265.1,600,4.0126632
2026-08-03 12:10:00,-36.2108,11.72224,16.6,1017.8000000000001,7.2,3.3000000000000003,282.3,15.9,12,1,10.200000000000001,292.6,600,3.7039968
2026-08-03 12:20:00,-36.20784,11.721345,16.6,1017.6,7.0,3.7,282.1,22.200000000000003,12,14,10.600000000000001,292.0,600,3.601108
2026-08-03 12:30:00,-36.2050783333333,11.72041,16.7,1017.5,6.1000000000000005,4.0,276.3,23.0,12,20,10.200000000000001,299.8,600,3.1381084
2026-08-03 12:40:00,-36.2023316666667,11.7194166666667,16.8,1017.4000000000001,6.9,3.1,289.6,18.1,12,32,10.600000000000001,298.6,600,3.5496636
2026-08-03 12:50:00,-36.2001383333333,11.7188866666667,16.7,1016.8000000000001,7.5,2.9000000000000004,287.0,14.3,12,48,11.4,282.1,600,3.85833
2026-08-03 13:00:00,-36.197595,11.7179133333333,16.5,1016.4000000000001,7.2,2.8000000000000003,293.3,17.900000000000002,12,59,11.4,306.8,600,3.7039968
2026-08-03 13:10:00,-36.1952566666667,11.7173183333333,16.3,1016.5,8.1,2.6,293.6,16.0,13,1,11.9,294.7,600,4.1669963999999995
2026-08-03 13:20:00,-36.1929933333333,11.7167516666667,16.2,1016.6,7.6000000000000005,3.6,292.6,15.3,13,12,11.700000000000001,307.40000000000003,600,3.9097744000000003
2026-08-03 13:30:00,-36.19077,11.7162116666667,16.1,1016.7,8.200000000000001,4.2,292.5,15.700000000000001,13,28,11.8,308.3,600,4.218440800000001
2026-08-03 13:40:00,-36.18867,11.715605,16.1,1016.6,8.6,4.3,285.1,15.3,13,39,12.4,270.90000000000003,599,4.4242184
2026-08-03 13:50:00,-36.1863083333333,11.7146366666667,16.0,1016.5,9.5,3.9000000000000004,280.90000000000003,17.8,13,42,13.9,271.40000000000003,600,4.887218
2026-08-03 14:00:00,-36.18427,11.7135683333333,16.0,1016.7,8.4,3.2,276.2,17.6,13,57,11.600000000000001,249.0,600,4.3213296
2026-08-03 14:10:00,-36.1821783333333,11.712445,16.0,1016.8000000000001,9.9,4.4,266.6,14.200000000000001,14,8,13.5,292.3,600,5.0929956
2026-08-03 14:20:00,-36.17973,11.7113083333333,15.9,1016.5,11.600000000000001,3.4000000000000004,269.40000000000003,11.200000000000001,14,10,14.9,263.5,600,5.967550400000001
2026-08-03 14:30:00,-36.1777316666667,11.710435,15.9,1016.6,10.600000000000001,3.8000000000000003,267.1,12.4,14,25,14.0,242.4,600,5.453106400000001
2026-08-03 14:40:00,-36.175505,11.709355,15.9,1016.6,11.9,4.1000000000000005,266.8,14.200000000000001,14,34,16.3,279.5,600,6.1218836
2026-08-03 14:50:00,-36.17382,11.7086183333333,15.9,1016.7,9.4,3.9000000000000004,264.6,10.200000000000001,14,40,13.0,278.8,600,4.8357736000000004
2026-08-03 15:00:00,-36.17156,11.708115,15.9,1016.7,10.600000000000001,3.8000000000000003,274.5,18.400000000000002,14,58,14.4,261.5,600,5.453106400000001
2026-08-03 15:10:00,-36.1696766666667,11.7078033333333,16.0,1016.8000000000001,8.1,3.4000000000000004,263.3,14.700000000000001,15,0,13.100000000000001,299.90000000000003,600,4.1669963999999995
2026-08-03 15:20:00,-36.16805,11.706245,15.9,1016.7,7.300000000000001,6.5,279.0,17.900000000000002,15,13,16.1,268.2,600,3.7554412000000004
2026-08-03 15:30:00,-36.1667933333333,11.7049633333333,15.9,1016.6,7.9,2.8000000000000003,297.40000000000003,22.0,15,21,11.600000000000001,333.1,600,4.064107600000001
2026-08-03 15:40:00,-36.1649783333333,11.7034733333333,16.0,1016.7,6.800000000000001,2.7,292.7,22.3,15,39,10.5,282.1,600,3.4982192000000003
2026-08-03 15:50:00,-36.1634266666667,11.7022333333333,16.6,1017.4000000000001,8.4,5.1000000000000005,270.1,16.3,15,49,12.8,265.5,600,4.3213296
2026-08-03 16:00:00,-36.16122,11.700275,16.8,1016.7,5.5,4.4,298.90000000000003,26.200000000000003,15,50,11.200000000000001,268.5,600,2.8294420000000002
2026-08-03 16:10:00,-36.1595516666667,11.698535,16.6,1016.3000000000001,6.6000000000000005,2.4000000000000004,291.1,18.0,16,8,9.5,288.6,600,3.3953304
2026-08-03 16:20:00,-36.1576066666667,11.6969666666667,16.3,1016.3000000000001,6.6000000000000005,2.6,287.3,23.200000000000003,16,16,9.700000000000001,266.5,600,3.3953304
2026-08-03 16:30:00,-36.155215,11.6952033333333,16.0,1016.4000000000001,6.7,2.6,277.6,19.0,16,20,9.700000000000001,289.8,600,3.4467748
2026-08-03 16:40:00,-36.153115,11.6934466666667,15.700000000000001,1016.6,7.0,2.3000000000000003,283.90000000000003,20.700000000000003,16,36,10.100000000000001,302.1,600,3.601108
2026-08-03 16:50:00,-36.1503566666667,11.69115,15.600000000000001,1016.8000000000001,7.4,3.0,283.1,15.700000000000001,16,43,10.700000000000001,282.8,600,3.8068856
2026-08-03 17:00:00,-36.14788,11.6892966666667,15.600000000000001,1016.9000000000001,7.5,2.8000000000000003,268.7,16.7,16,53,11.0,281.3,600,3.85833
2026-08-03 17:10:00,-36.1451416666667,11.6874216666667,15.600000000000001,1017.0,7.1000000000000005,3.3000000000000003,287.6,19.900000000000002,17,1,11.200000000000001,263.7,600,3.6525524000000003
2026-08-03 17:20:00,-36.142665,11.685835,15.5,1017.0,8.1,2.2,274.5,17.0,17,15,10.5,280.40000000000003,600,4.1669963999999995
2026-08-03 17:30:00,-36.1384966666667,11.6842783333333,15.600000000000001,1017.2,7.7,2.0,293.8,32.5,17,22,10.9,309.5,600,3.9612188
2026-08-03 17:40:00,-36.1340616666667,11.681885,15.600000000000001,1017.1,7.5,2.1,311.20000000000005,24.900000000000002,17,37,10.0,306.2,600,3.85833
2026-08-03 17:50:00,-36.1303466666667,11.6795583333333,15.600000000000001,1017.2,7.2,2.1,291.5,18.0,17,41,9.700000000000001,281.8,599,3.7039968
2026-08-03 18:00:00,-36.1257166666667,11.67743,15.5,1017.1,6.800000000000001,2.6,311.90000000000003,25.6,17,50,10.0,331.90000000000003,600,3.4982192000000003
2026-08-03 18:10:00,-36.1216016666667,11.675035,15.5,1017.2,7.1000000000000005,2.4000000000000004,316.5,23.6,18,9,10.9,308.3,600,3.6525524000000003
2026-08-03 18:20:00,-36.11783,11.6729483333333,15.600000000000001,1017.3000000000001,7.6000000000000005,2.0,316.70000000000005,22.900000000000002,18,10,10.8,316.8,600,3.9097744000000003
2026-08-03 18:30:00,-36.1148833333333,11.67118,15.600000000000001,1017.3000000000001,7.800000000000001,1.9000000000000001,306.3,16.5,18,26,10.0,296.6,600,4.0126632
2026-08-03 18:40:00,-36.1108283333333,11.6690416666667,15.5,1017.3000000000001,7.5,1.4000000000000001,323.40000000000003,21.200000000000003,18,36,9.5,301.1,600,3.85833
2026-08-03 18:50:00,-36.1071183333333,11.6671183333333,15.5,1017.3000000000001,7.300000000000001,1.8,317.5,20.0,18,42,10.700000000000001,321.1,600,3.7554412000000004
2026-08-03 19:00:00,-36.1033583333333,11.6652566666667,15.600000000000001,1017.5,7.300000000000001,1.6,322.40000000000003,21.700000000000003,18,50,10.100000000000001,359.6,600,3.7554412000000004
2026-08-03 19:10:00,-36.10021,11.663575,15.5,1017.6,8.0,1.7000000000000002,322.3,19.400000000000002,19,9,10.9,309.40000000000003,599,4.115552
2026-08-03 19:20:00,-36.0968116666667,11.6620216666667,15.600000000000001,1017.8000000000001,8.5,2.3000000000000003,310.3,21.200000000000003,19,16,11.700000000000001,287.5,600,4.372774
2026-08-03 19:30:00,-36.09333,11.6605333333333,15.600000000000001,1017.8000000000001,8.700000000000001,2.3000000000000003,313.40000000000003,16.1,19,26,12.3,307.20000000000005,600,4.4756628
2026-08-03 19:40:00,-36.08985,11.6591916666667,15.600000000000001,1017.6,9.0,2.0,325.40000000000003,19.200000000000003,19,38,12.9,327.1,600,4.629996
2026-08-03 19:50:00,-36.0864216666667,11.6577016666667,15.5,1017.6,9.200000000000001,2.1,321.90000000000003,22.8,19,45,11.8,345.20000000000005,600,4.732884800000001
2026-08-03 20:00:00,-36.0831533333333,11.655945,15.600000000000001,1017.7,8.8,2.0,321.3,20.1,19,54,12.200000000000001,322.40000000000003,600,4.5271072000000006
2026-08-03 20:10:00,-36.0797066666667,11.6540333333333,15.5,1017.7,9.200000000000001,2.6,313.5,15.5,20,1,12.5,318.5,600,4.732884800000001
2026-08-03 20:20:00,-36.0763033333333,11.6519566666667,15.5,1017.8000000000001,8.700000000000001,2.0,309.5,17.7,20,15,11.4,312.20000000000005,600,4.4756628
2026-08-03 20:30:00,-36.0726516666667,11.6498033333333,15.600000000000001,1017.9000000000001,8.5,2.7,309.20000000000005,17.900000000000002,20,24,12.200000000000001,278.40000000000003,600,4.372774
2026-08-03 20:40:00,-36.0687316666667,11.64767,15.600000000000001,1017.9000000000001,9.0,2.9000000000000004,306.6,23.200000000000003,20,38,12.600000000000001,294.90000000000003,600,4.629996
2026-08-03 20:50:00,-36.065635,11.6458083333333,15.600000000000001,1017.9000000000001,9.4,2.1,303.6,16.7,20,43,12.700000000000001,304.5,600,4.8357736000000004
2026-08-03 21:00:00,-36.0626916666667,11.6440333333333,15.600000000000001,1017.8000000000001,9.0,2.2,306.90000000000003,16.8,20,58,11.600000000000001,304.5,600,4.629996
2026-08-03 21:10:00,-36.058855,11.6417766666667,15.700000000000001,1017.6,9.200000000000001,3.2,310.0,17.6,21,4,14.3,320.20000000000005,600,4.732884800000001
2026-08-03 21:20:00,-36.0552166666667,11.63949,15.700000000000001,1017.6,9.200000000000001,2.3000000000000003,310.1,18.1,21,12,12.700000000000001,332.0,600,4.732884800000001
2026-08-03 21:30:00,-36.0514566666667,11.6370516666667,15.8,1017.7,9.3,3.6,297.2,21.1,21,23,13.8,317.70000000000005,600,4.7843292
2026-08-03 21:40:00,-36.047145,11.6345316666667,15.8,1017.6,10.200000000000001,2.2,304.40000000000003,23.0,21,34,13.100000000000001,313.40000000000003,600,5.247328800000001
2026-08-03 21:50:00,-36.0432866666667,11.632005,15.8,1017.6,9.700000000000001,2.9000000000000004,299.8,21.8,21,49,13.4,302.7,600,4.9901068
2026-08-03 22:00:00,-36.0390766666667,11.62919,15.8,1017.7,10.3,3.0,305.3,24.400000000000002,21,56,15.200000000000001,288.1,599,5.2987732
2026-08-03 22:10:00,-36.03481,11.626,15.8,1017.7,10.0,2.4000000000000004,305.7,27.3,22,9,13.100000000000001,309.90000000000003,600,5.14444
2026-08-03 22:20:00,-36.0305583333333,11.62248,15.9,1017.8000000000001,10.8,2.9000000000000004,307.1,28.3,22,18,15.100000000000001,302.8,600,5.555995200000001
2026-08-03 22:30:00,-36.0263483333333,11.618595,15.9,1017.7,10.4,2.1,310.40000000000003,25.900000000000002,22,22,13.600000000000001,269.40000000000003,600,5.350217600000001
2026-08-03 22:40:00,-36.0212783333333,11.614075,15.9,1017.8000000000001,11.3,3.2,311.6,34.6,22,34,15.5,314.6,600,5.8132172
2026-08-03 22:50:00,-36.0166133333333,11.609635,15.9,1017.8000000000001,11.3,2.7,301.40000000000003,32.2,22,41,14.700000000000001,300.7,600,5.8132172
2026-08-03 23:20:00,-36.0027916666667,11.5950716666667,16.0,1017.6,11.4,3.5,306.0,29.200000000000003,23,10,15.600000000000001,281.1,600,5.864661600000001
2026-08-03 23:30:00,-35.998835,11.590095,16.0,1017.6,11.200000000000001,2.7,304.3,28.700000000000003,23,25,14.200000000000001,291.7,600,5.761772800000001
2026-08-03 23:40:00,-35.9942483333333,11.58513,16.0,1017.6,11.8,2.9000000000000004,307.6,30.6,23,32,15.4,311.3,600,6.070439200000001
2026-08-04 00:00:00,-35.9852783333333,11.574985,16.0,1017.6,12.5,3.7,316.5,30.0,23,55,16.3,318.90000000000003,600,6.43055
2026-08-04 00:40:00,-35.9593916666667,11.555195,15.9,1017.4000000000001,13.4,2.9000000000000004,330.70000000000005,22.700000000000003,0,39,17.1,314.40000000000003,600,6.8935496
2026-08-04 05:00:00,-35.86546,11.4607633333333,15.600000000000001,1015.9000000000001,12.8,3.2,326.8,11.4,4,50,16.2,323.40000000000003,600,6.5848832
2026-08-04 05:10:00,-35.8649216666667,11.4570083333333,15.5,1015.9000000000001,12.600000000000001,2.8000000000000003,326.70000000000005,12.4,5,7,15.5,318.3,600,6.4819944000000005
2026-08-04 05:20:00,-35.8648766666667,11.4541566666667,15.700000000000001,1016.0,11.5,3.2,314.0,13.0,5,13,14.9,295.8,600,5.916106
2026-08-04 05:30:00,-35.8645966666667,11.451415,15.700000000000001,1016.0,11.5,2.8000000000000003,314.0,11.4,5,27,15.4,319.20000000000005,600,5.916106
2026-08-04 05:40:00,-35.8646183333333,11.4489866666667,15.700000000000001,1015.9000000000001,11.5,3.0,308.0,12.700000000000001,5,31,14.8,283.8,600,5.916106
2026-08-04 05:50:00,-35.8642916666667,11.446405,15.8,1016.1,10.9,2.3000000000000003,301.40000000000003,11.100000000000001,5,45,13.700000000000001,304.2,600,5.6074396
2026-08-04 06:00:00,-35.86427,11.4439,15.9,1016.3000000000001,11.0,2.5,293.40000000000003,10.3,5,56,14.9,288.40000000000003,600,5.6588840000000005
2026-08-04 06:10:00,-35.8642816666667,11.4417666666667,16.0,1016.6,11.9,3.4000000000000004,281.2,11.5,6,1,15.3,278.1,600,6.1218836
2026-08-04 06:20:00,-35.864075,11.4402666666667,15.9,1016.5,11.4,3.5,278.3,13.700000000000001,6,19,15.5,297.5,599,5.864661600000001
2026-08-04 06:30:00,-35.8638733333333,11.4379716666667,15.9,1016.6,11.100000000000001,2.8000000000000003,298.2,11.8,6,27,14.200000000000001,287.1,599,5.710328400000001
2026-08-04 06:40:00,-35.8636466666667,11.4359466666667,15.9,1016.6,11.100000000000001,2.8000000000000003,303.2,11.4,6,35,14.200000000000001,298.3,600,5.710328400000001
2026-08-04 06:50:00,-35.86373,11.43442,16.0,1016.5,11.600000000000001,2.6,302.7,8.700000000000001,6,43,14.4,316.90000000000003,600,5.967550400000001
2026-08-04 07:00:00,-35.86361,11.43232,16.0,1016.6,11.3,3.2,303.5,11.0,6,57,15.0,336.1,600,5.8132172
2026-08-04 07:30:00,-35.8632466666667,11.4254833333333,16.0,1017.1,12.4,2.6,309.20000000000005,9.700000000000001,7,20,15.5,317.0,600,6.3791056
2026-08-04 07:40:00,-35.86316,11.4236383333333,16.1,1017.3000000000001,12.0,2.5,299.1,9.8,7,33,14.9,303.40000000000003,600,6.173328
2026-08-04 07:50:00,-35.862605,11.4218483333333,16.1,1017.2,12.3,3.0,298.8,11.700000000000001,7,44,16.1,273.40000000000003,600,6.3276612000000005
2026-08-04 08:00:00,-35.8623583333333,11.42043,16.2,1017.5,12.200000000000001,2.8000000000000003,291.5,9.9,7,56,15.700000000000001,291.40000000000003,600,6.2762168
2026-08-04 08:30:00,-35.858575,11.4161633333333,16.6,1017.6,12.5,2.8000000000000003,302.1,18.900000000000002,8,24,16.0,339.20000000000005,600,6.43055
2026-08-04 08:40:00,-35.851205,11.4198666666667,16.900000000000002,1017.7,12.600000000000001,2.8000000000000003,319.20000000000005,13.200000000000001,8,34,15.700000000000001,311.70000000000005,600,6.4819944000000005
2026-08-04 08:50:00,-35.8436033333333,11.4237783333333,17.2,1018.1,13.0,3.2,313.20000000000005,13.3,8,48,17.2,296.2,600,6.687772
2026-08-04 09:00:00,-35.8361283333333,11.4276066666667,17.400000000000002,1018.1,12.4,2.8000000000000003,313.8,10.600000000000001,8,54,16.3,324.70000000000005,600,6.3791056
2026-08-04 09:40:00,-35.806555,11.442775,17.2,1018.1,12.600000000000001,2.8000000000000003,325.20000000000005,12.5,9,37,15.8,317.0,600,6.4819944000000005
2026-08-04 09:50:00,-35.79954,11.4462966666667,17.3,1018.2,12.8,3.2,323.90000000000003,11.3,9,47,17.2,326.6,600,6.5848832
2026-08-04 10:00:00,-35.79233,11.4501333333333,17.2,1018.0,12.8,3.3000000000000003,329.6,12.5,9,56,16.3,353.1,600,6.5848832
2026-08-04 10:40:00,-35.7640016666667,11.464585,17.1,1017.6,13.100000000000001,2.9000000000000004,334.0,13.600000000000001,10,34,16.5,330.40000000000003,600,6.739216400000001
2026-08-04 10:50:00,-35.756895,11.46829,17.0,1017.6,13.8,3.4000000000000004,331.1,13.100000000000001,10,49,17.7,321.1,600,7.0993272
2026-08-04 11:00:00,-35.749735,11.4718633333333,17.1,1017.7,13.100000000000001,3.0,330.70000000000005,11.9,10,50,16.900000000000002,318.6,600,6.739216400000001
2026-08-04 21:00:00,-35.40049,11.82348,14.8,1013.0,21.200000000000003,7.6000000000000005,295.5,19.0,20,52,26.400000000000002,266.8,600,10.906212800000002
2026-08-04 21:40:00,-35.402305,11.8524933333333,14.600000000000001,1013.5,22.3,8.3,301.8,13.4,21,38,28.200000000000003,306.7,600,11.4721012
2026-08-04 21:50:00,-35.40265,11.8597016666667,14.700000000000001,1014.2,22.700000000000003,11.700000000000001,298.0,17.8,21,48,29.1,340.6,600,11.677878800000002
2026-08-04 22:00:00,-35.40295,11.8668416666667,14.8,1013.9000000000001,21.3,9.3,294.8,18.2,21,51,27.6,284.1,600,10.9576572
2026-08-04 22:10:00,-35.4033316666667,11.8737633333333,14.9,1013.9000000000001,21.6,15.0,298.2,16.900000000000002,22,9,34.1,319.70000000000005,600,11.111990400000002
2026-08-04 22:20:00,-35.4035933333333,11.8813716666667,14.600000000000001,1012.9000000000001,21.700000000000003,8.3,297.0,16.3,22,15,27.900000000000002,298.6,600,11.163434800000001
2026-08-04 22:30:00,-35.4043566666667,11.88817,14.8,1013.7,22.3,12.0,294.6,17.6,22,25,29.1,297.90000000000003,600,11.4721012
2026-08-04 22:40:00,-35.4055333333333,11.8942683333333,14.8,1013.4000000000001,21.6,9.4,294.40000000000003,15.600000000000001,22,37,28.400000000000002,304.6,600,11.111990400000002
2026-08-04 22:50:00,-35.4067483333333,11.899685,15.0,1013.8000000000001,21.6,10.100000000000001,292.5,17.6,22,40,28.6,282.8,600,11.111990400000002
2026-08-05 00:00:00,-35.4159166666667,11.927195,16.0,1014.6,22.3,10.600000000000001,295.5,19.700000000000003,23,56,27.8,292.1,600,11.4721012
2026-08-05 00:50:00,-35.42077,11.9271716666667,16.2,1015.4000000000001,23.5,10.3,306.3,25.3,0,43,30.700000000000003,302.3,600,12.089434
2026-08-05 16:40:00,-35.02373,12.1842716666667,12.200000000000001,1002.0,21.400000000000002,6.300000000000001,211.20000000000002,14.5,16,33,26.0,220.3,600,11.009101600000001
2026-08-05 16:50:00,-35.0138783333333,12.1904433333333,12.200000000000001,1003.0,19.8,6.800000000000001,211.70000000000002,15.0,16,42,24.700000000000003,206.20000000000002,600,10.1859912
2026-08-05 17:00:00,-35.0039683333333,12.1963766666667,12.4,1004.0,21.6,7.800000000000001,210.60000000000002,13.600000000000001,16,53,27.5,215.5,600,11.111990400000002
2026-08-05 17:50:00,-34.9561366666667,12.22535,12.0,1002.5,19.6,6.2,215.5,13.3,17,47,24.3,220.0,600,10.083102400000001
2026-08-05 18:50:00,-34.9007266666667,12.2586683333333,13.8,1003.3000000000001,21.400000000000002,7.1000000000000005,204.0,15.8,18,48,27.3,227.8,600,11.009101600000001
2026-08-06 07:40:00,-34.8514216666667,12.4858516666667,12.9,1003.8000000000001,14.4,10.4,168.70000000000002,17.7,7,39,22.400000000000002,175.0,600,7.4079936
2026-08-06 07:50:00,-34.8509183333333,12.4863433333333,12.9,1003.4000000000001,17.400000000000002,11.100000000000001,169.8,21.0,7,46,24.700000000000003,182.70000000000002,600,8.9513256
2026-08-06 08:00:00,-34.850245,12.4859616666667,12.9,1003.4000000000001,16.0,7.5,177.8,25.400000000000002,7,50,22.200000000000003,74.7,600,8.231104
2026-08-06 08:10:00,-34.8498116666667,12.4865283333333,12.9,1003.7,15.8,8.6,173.20000000000002,19.1,8,5,21.900000000000002,172.20000000000002,600,8.128215200000001
2026-08-06 08:20:00,-34.849195,12.48609,13.0,1004.5,14.9,6.1000000000000005,182.5,20.8,8,10,19.700000000000003,175.70000000000002,600,7.665215600000001
2026-08-06 08:30:00,-34.8418166666667,12.48561,13.9,1005.4000000000001,12.5,5.9,198.20000000000002,20.0,8,20,18.7,203.70000000000002,599,6.43055
2026-08-06 08:40:00,-34.832085,12.484285,14.9,1006.1,11.100000000000001,3.9000000000000004,201.5,13.100000000000001,8,30,16.1,227.60000000000002,600,5.710328400000001
2026-08-06 08:50:00,-34.8222766666667,12.4830483333333,14.5,1005.2,10.700000000000001,3.6,193.20000000000002,13.600000000000001,8,49,14.700000000000001,190.10000000000002,600,5.5045508000000005
2026-08-06 09:00:00,-34.81245,12.48195,14.600000000000001,1005.4000000000001,10.0,3.5,197.8,13.200000000000001,8,50,14.200000000000001,187.8,600,5.14444
2026-08-06 09:10:00,-34.8026016666667,12.4805266666667,14.700000000000001,1005.6,11.600000000000001,4.0,188.8,12.4,9,4,16.6,200.5,600,5.967550400000001
2026-08-06 09:20:00,-34.792535,12.4792416666667,15.3,1007.0,11.0,3.0,203.60000000000002,14.9,9,10,15.8,201.9,600,5.6588840000000005
2026-08-06 09:30:00,-34.7823483333333,12.47799,15.4,1007.5,11.5,3.8000000000000003,197.10000000000002,13.9,9,24,15.4,186.3,600,5.916106
2026-08-06 09:40:00,-34.77206,12.4767633333333,15.3,1007.6,11.700000000000001,3.5,212.4,12.700000000000001,9,39,18.1,238.20000000000002,600,6.018994800000001
2026-08-06 09:50:00,-34.7616933333333,12.4753616666667,15.200000000000001,1007.4000000000001,13.5,4.9,207.60000000000002,11.700000000000001,9,40,18.0,186.9,600,6.944994
2026-08-06 10:00:00,-34.751365,12.4740516666667,14.700000000000001,1005.9000000000001,14.4,5.5,202.10000000000002,12.4,9,55,19.700000000000003,233.60000000000002,600,7.4079936
2026-08-06 10:10:00,-34.7414583333333,12.4727233333333,14.8,1005.8000000000001,13.3,3.2,199.5,11.3,10,7,17.900000000000002,193.4,600,6.842105200000001
2026-08-06 10:20:00,-34.73189,12.4715433333333,14.9,1006.1,13.8,5.0,194.3,11.8,10,11,19.200000000000003,172.5,600,7.0993272
2026-08-06 10:30:00,-34.7221733333333,12.470295,14.9,1006.6,13.5,5.0,178.9,11.3,10,20,18.0,182.8,600,6.944994
2026-08-06 10:40:00,-34.71245,12.4691566666667,14.9,1006.5,13.5,3.6,183.70000000000002,13.4,10,31,17.7,194.3,600,6.944994
2026-08-06 10:50:00,-34.7026466666667,12.4679333333333,14.9,1006.8000000000001,14.0,6.0,174.5,12.100000000000001,10,48,18.1,187.10000000000002,600,7.202216
2026-08-06 11:00:00,-34.693095,12.46655,14.8,1006.8000000000001,14.600000000000001,4.6000000000000005,172.60000000000002,11.3,10,52,19.700000000000003,179.20000000000002,600,7.510882400000001
2026-08-06 11:10:00,-34.683045,12.4653333333333,14.600000000000001,1006.9000000000001,13.600000000000001,3.6,166.5,12.5,11,3,17.3,163.5,600,6.996438400000001
2026-08-06 11:20:00,-34.6728633333333,12.4639083333333,14.4,1006.7,15.100000000000001,5.7,163.20000000000002,12.3,11,14,21.400000000000002,166.9,600,7.768104400000001
2026-08-06 11:30:00,-34.66272,12.46268,14.3,1006.7,13.200000000000001,3.3000000000000003,156.8,11.4,11,24,17.1,150.70000000000002,600,6.7906608
2026-08-06 11:40:00,-34.65244,12.4612966666667,14.4,1007.2,11.100000000000001,5.9,154.70000000000002,14.9,11,35,16.900000000000002,164.9,600,5.710328400000001
2026-08-06 11:50:00,-34.6424666666667,12.4600266666667,14.4,1007.8000000000001,12.8,4.6000000000000005,153.0,15.9,11,46,17.6,158.5,600,6.5848832
2026-08-06 12:00:00,-34.632605,12.458705,14.100000000000001,1007.3000000000001,12.0,3.2,148.4,18.0,11,57,16.900000000000002,134.3,600,6.173328
2026-08-06 12:10:00,-34.6229783333333,12.4575766666667,14.200000000000001,1007.5,10.9,2.4000000000000004,153.20000000000002,15.4,12,6,14.600000000000001,110.0,600,5.6074396
2026-08-06 12:20:00,-34.613685,12.4564316666667,14.200000000000001,1007.9000000000001,10.8,3.8000000000000003,150.1,15.3,12,17,14.600000000000001,154.70000000000002,600,5.555995200000001
2026-08-06 12:30:00,-34.6047566666667,12.4551316666667,14.4,1008.6,10.0,3.2,145.1,14.5,12,21,13.4,152.5,600,5.14444
2026-08-06 12:40:00,-34.60202,12.451445,14.3,1008.7,9.200000000000001,4.3,139.70000000000002,20.8,12,36,13.100000000000001,139.0,600,4.732884800000001
2026-08-06 12:50:00,-34.6017066666667,12.4470583333333,14.100000000000001,1008.6,8.4,4.3,132.4,21.8,12,48,12.600000000000001,110.80000000000001,599,4.3213296
2026-08-06 13:00:00,-34.6015033333333,12.4429733333333,14.3,1009.0,8.3,3.1,128.6,24.1,12,55,11.100000000000001,140.3,600,4.2698852
2026-08-06 13:10:00,-34.60068,12.438335,13.9,1008.8000000000001,8.4,3.8000000000000003,149.20000000000002,24.6,13,8,12.700000000000001,135.8,600,4.3213296
2026-08-06 13:20:00,-34.600165,12.4354033333333,13.700000000000001,1009.0,8.5,5.300000000000001,146.5,26.200000000000003,13,13,12.9,148.1,600,4.372774
2026-08-06 13:30:00,-34.5995,12.432695,13.700000000000001,1009.2,8.8,6.2,149.8,25.700000000000003,13,28,14.4,122.7,600,4.5271072000000006
2026-08-06 13:40:00,-34.5987833333333,12.4300533333333,13.8,1009.4000000000001,7.7,3.9000000000000004,138.70000000000002,28.6,13,31,11.9,305.6,600,3.9612188
2026-08-06 13:50:00,-34.598265,12.4268516666667,14.3,1010.2,7.0,5.5,122.2,25.3,13,44,12.3,136.3,600,3.601108
2026-08-06 14:00:00,-34.5980283333333,12.424095,14.4,1010.6,6.6000000000000005,3.4000000000000004,127.2,27.1,13,56,9.8,117.9,600,3.3953304
2026-08-06 14:10:00,-34.5980866666667,12.4219783333333,14.4,1010.5,8.4,4.3,118.30000000000001,19.700000000000003,14,6,12.8,128.8,600,4.3213296
2026-08-06 14:20:00,-34.598385,12.4205033333333,14.100000000000001,1009.7,8.4,3.7,130.6,24.5,14,19,12.600000000000001,133.20000000000002,600,4.3213296
2026-08-06 14:30:00,-34.598735,12.4186416666667,14.200000000000001,1009.1,6.9,3.8000000000000003,123.4,34.2,14,29,11.3,134.6,600,3.5496636
2026-08-06 14:40:00,-34.5990266666667,12.4165933333333,14.700000000000001,1010.8000000000001,6.4,6.2,104.60000000000001,32.5,14,37,10.700000000000001,184.4,600,3.2924416
2026-08-06 14:50:00,-34.5989933333333,12.4130233333333,15.200000000000001,1013.0,5.6000000000000005,5.0,120.10000000000001,39.7,14,40,10.8,255.5,600,2.8808864000000005
2026-08-06 15:00:00,-34.5991866666667,12.4103716666667,15.5,1013.7,4.800000000000001,4.1000000000000005,108.80000000000001,41.6,14,58,11.700000000000001,256.90000000000003,600,2.4693312000000005
2026-08-06 15:10:00,-34.599215,12.407475,14.700000000000001,1011.5,5.5,3.6,139.0,35.7,15,0,10.3,140.0,600,2.8294420000000002
2026-08-06 15:20:00,-34.5992,12.40401,14.8,1010.7,4.1000000000000005,2.6,146.1,40.300000000000004,15,14,7.300000000000001,148.20000000000002,600,2.1092204000000003
2026-08-06 15:30:00,-34.5987933333333,12.400175,14.4,1008.0,3.8000000000000003,2.8000000000000003,160.3,50.0,15,20,6.9,205.5,600,1.9548872000000002
2026-08-06 15:40:00,-34.59899,12.39692,14.0,1006.0,3.4000000000000004,3.1,190.8,58.2,15,32,6.9,177.0,600,1.7491096000000002
2026-08-06 15:50:00,-34.5986216666667,12.392925,13.8,1005.5,3.5,3.5,162.20000000000002,45.300000000000004,15,49,9.200000000000001,97.5,600,1.800554
2026-08-06 16:00:00,-34.5984583333333,12.3888483333333,13.700000000000001,1005.4000000000001,2.7,2.4000000000000004,189.4,60.800000000000004,15,50,5.7,277.40000000000003,600,1.3889988000000002
2026-08-06 16:10:00,-34.5969583333333,12.3828216666667,13.700000000000001,1005.5,2.5,2.0,193.5,79.60000000000001,16,7,5.7,200.4,600,1.28611
2026-08-06 16:20:00,-34.59534,12.3776416666667,13.700000000000001,1005.2,5.2,3.3000000000000003,175.0,38.7,16,10,8.5,136.8,600,2.6751088000000003
2026-08-06 16:30:00,-34.5941133333333,12.3731383333333,13.600000000000001,1004.8000000000001,3.1,2.3000000000000003,174.0,48.400000000000006,16,20,6.6000000000000005,145.20000000000002,600,1.5947764
2026-08-06 16:40:00,-34.5931433333333,12.3694766666667,13.5,1004.4000000000001,6.4,6.2,169.0,29.1,16,37,11.5,132.4,600,3.2924416
2026-08-06 16:50:00,-34.5918783333333,12.3647533333333,13.4,1003.9000000000001,5.2,7.0,179.0,44.6,16,47,11.4,189.20000000000002,600,2.6751088000000003
2026-08-06 17:00:00,-34.59032,12.3603983333333,13.3,1003.6,6.5,4.6000000000000005,179.5,31.400000000000002,16,57,11.200000000000001,306.7,599,3.343886
2026-08-06 17:10:00,-34.5893683333333,12.35652,13.3,1003.3000000000001,5.4,5.300000000000001,176.20000000000002,27.200000000000003,17,7,10.3,156.3,600,2.7779976000000004
2026-08-06 17:20:00,-34.58867,12.3531283333333,13.200000000000001,1003.0,4.7,4.6000000000000005,155.0,29.0,17,10,10.0,69.8,600,2.4178868000000002
2026-08-06 17:30:00,-34.5816666666667,12.35099,13.200000000000001,1002.6,3.9000000000000004,2.4000000000000004,134.20000000000002,33.4,17,23,8.8,118.9,600,2.0063316
2026-08-06 17:40:00,-34.5779166666667,12.3517083333333,13.100000000000001,1002.0,5.9,6.7,129.4,30.1,17,35,12.700000000000001,113.60000000000001,600,3.0352196000000005
2026-08-06 17:50:00,-34.5768483333333,12.3519966666667,12.9,1001.0,9.200000000000001,5.800000000000001,94.5,21.900000000000002,17,41,13.9,100.10000000000001,600,4.732884800000001
2026-08-06 18:00:00,-34.5760166666667,12.3521183333333,12.9,1000.6,7.4,3.9000000000000004,92.9,22.200000000000003,17,55,10.5,75.5,600,3.8068856
2026-08-06 18:10:00,-34.57563,12.3513883333333,12.9,1000.7,6.6000000000000005,4.2,99.80000000000001,26.5,18,2,10.8,113.10000000000001,600,3.3953304
2026-08-06 18:20:00,-34.57539,12.3507516666667,12.9,1000.7,7.800000000000001,5.0,86.0,19.6,18,15,12.200000000000001,77.5,600,4.0126632
2026-08-06 18:30:00,-34.5751433333333,12.3501333333333,13.0,1000.7,7.7,5.9,77.60000000000001,23.700000000000003,18,25,12.9,107.4,600,3.9612188
2026-08-06 18:40:00,-34.5747116666667,12.350005,13.0,1010.5,10.4,6.6000000000000005,83.0,21.700000000000003,18,37,15.4,60.2,600,5.350217600000001
2026-08-06 18:50:00,-34.5746816666667,12.3493516666667,12.9,1028.4,11.600000000000001,7.1000000000000005,79.30000000000001,22.400000000000002,18,49,16.0,71.4,600,5.967550400000001
2026-08-06 19:00:00,-34.5741233333333,12.349475,12.8,1030.5,11.100000000000001,5.5,87.80000000000001,18.2,18,59,14.8,94.4,600,5.710328400000001
2026-08-06 19:10:00,-34.5736916666667,12.349495,12.8,1030.7,9.9,4.9,81.10000000000001,16.5,19,4,15.100000000000001,102.7,600,5.0929956
2026-08-06 19:20:00,-34.573075,12.3498466666667,12.8,1030.8,9.8,5.5,81.60000000000001,17.900000000000002,19,14,13.700000000000001,85.4,600,5.041551200000001
2026-08-06 19:30:00,-34.5724766666667,12.35027,12.8,1030.8,7.9,5.6000000000000005,89.10000000000001,22.6,19,24,12.200000000000001,89.7,600,4.064107600000001
2026-08-06 19:40:00,-34.5720516666667,12.3501416666667,12.9,1030.9,9.5,3.9000000000000004,101.0,16.7,19,32,13.0,112.60000000000001,600,4.887218
2026-08-06 19:50:00,-34.5714483333333,12.3506733333333,12.9,1031.0,7.6000000000000005,5.7,92.0,25.400000000000002,19,49,12.8,91.2,600,3.9097744000000003
2026-08-06 20:00:00,-34.5709883333333,12.35102,12.9,1031.1000000000001,8.3,4.3,97.9,21.400000000000002,19,59,13.4,104.30000000000001,600,4.2698852
2026-08-06 20:10:00,-34.5706133333333,12.3509116666667,12.9,1031.0,5.300000000000001,7.0,98.7,42.5,20,6,12.0,73.5,600,2.7265532000000006
2026-08-06 20:20:00,-34.5701433333333,12.351495,13.0,1031.2,5.9,6.1000000000000005,92.7,32.5,20,17,10.700000000000001,81.4,600,3.0352196000000005
2026-08-06 20:30:00,-34.5697316666667,12.3517066666667,13.0,1031.2,7.300000000000001,6.1000000000000005,94.5,25.0,20,25,11.9,123.4,600,3.7554412000000004
2026-08-06 20:40:00,-34.569275,12.3521933333333,13.0,1031.3,5.300000000000001,3.6,100.10000000000001,26.900000000000002,20,35,8.5,105.30000000000001,600,2.7265532000000006
2026-08-06 20:50:00,-34.5626433333333,12.3520966666667,13.0,1031.6000000000001,3.7,2.6,115.0,45.1,20,40,7.9,100.30000000000001,600,1.9034428
2026-08-06 21:00:00,-34.5540433333333,12.3521466666667,13.0,1031.5,4.1000000000000005,4.2,86.9,49.2,20,59,8.700000000000001,125.80000000000001,600,2.1092204000000003
2026-08-06 21:10:00,-34.5453133333333,12.352245,13.100000000000001,1031.3,6.5,2.5,129.9,19.8,21,8,9.600000000000001,113.5,599,3.343886
2026-08-06 21:20:00,-34.5370383333333,12.352425,13.200000000000001,1031.4,5.5,3.4000000000000004,114.4,26.6,21,16,9.1,74.7,600,2.8294420000000002
2026-08-06 21:30:00,-34.5289733333333,12.3524433333333,13.200000000000001,1031.5,4.7,3.1,122.60000000000001,28.700000000000003,21,23,8.4,88.80000000000001,600,2.4178868000000002
2026-08-06 21:40:00,-34.5206916666667,12.3525533333333,13.3,1031.3,7.1000000000000005,3.8000000000000003,119.7,23.0,21,33,11.0,86.0,600,3.6525524000000003
2026-08-06 21:50:00,-34.51252,12.3526216666667,13.4,1031.2,5.2,3.2,99.9,33.5,21,40,9.0,103.9,600,2.6751088000000003
2026-08-06 22:00:00,-34.5043183333333,12.352665,13.4,1031.2,5.2,4.3,97.5,27.3,21,52,8.8,107.5,600,2.6751088000000003
2026-08-06 22:10:00,-34.495725,12.3527683333333,13.3,1031.1000000000001,5.300000000000001,3.7,81.2,38.2,22,5,9.4,52.800000000000004,600,2.7265532000000006
2026-08-06 22:20:00,-34.4873416666667,12.3529933333333,13.3,1031.1000000000001,4.1000000000000005,2.8000000000000003,111.0,42.0,22,19,8.0,121.2,600,2.1092204000000003
2026-08-06 22:30:00,-34.4791116666667,12.35301,13.4,1031.2,4.2,3.4000000000000004,103.9,53.2,22,27,8.700000000000001,98.30000000000001,600,2.1606648
2026-08-06 22:40:00,-34.4707483333333,12.35315,13.3,1031.1000000000001,4.2,3.4000000000000004,79.80000000000001,44.900000000000006,22,31,8.5,148.4,600,2.1606648
2026-08-06 22:50:00,-34.4624583333333,12.3533,13.3,1031.0,3.9000000000000004,3.9000000000000004,105.0,51.300000000000004,22,41,8.1,339.5,600,2.0063316
2026-08-06 23:00:00,-34.45474,12.35351,13.3,1031.0,3.4000000000000004,3.4000000000000004,101.60000000000001,55.400000000000006,22,53,7.4,35.7,600,1.7491096000000002
2026-08-06 23:10:00,-34.4473216666667,12.353465,13.200000000000001,1030.9,3.6,3.0,109.30000000000001,46.7,23,4,6.800000000000001,65.60000000000001,600,1.8519984
2026-08-06 23:20:00,-34.4397516666667,12.3535983333333,13.3,1030.9,5.300000000000001,4.5,82.30000000000001,38.2,23,14,9.8,132.5,600,2.7265532000000006
2026-08-06 23:30:00,-34.4321316666667,12.3536983333333,13.3,1030.9,4.800000000000001,2.8000000000000003,106.60000000000001,42.5,23,25,7.800000000000001,84.80000000000001,600,2.4693312000000005
2026-08-06 23:40:00,-34.4246166666667,12.35373,13.3,1031.0,3.2,3.4000000000000004,104.5,87.4,23,31,8.4,212.0,600,1.6462208
2026-08-06 23:50:00,-34.417315,12.3538483333333,13.5,1031.1000000000001,3.1,2.0,151.1,67.5,23,41,7.4,51.2,600,1.5947764
2026-08-07 00:00:00,-34.409705,12.353955,13.5,1031.0,4.0,3.5,45.300000000000004,58.800000000000004,23,58,8.5,41.2,600,2.057776
2026-08-07 00:10:00,-34.4020916666667,12.3540133333333,13.4,1030.9,3.8000000000000003,3.2,69.8,78.10000000000001,0,2,8.6,358.3,600,1.9548872000000002
2026-08-07 00:20:00,-34.39502,12.3541633333333,13.5,1030.8,3.0,2.6,8.8,70.9,0,19,6.300000000000001,281.1,600,1.543332
2026-08-07 00:30:00,-34.38798,12.3542166666667,13.5,1030.7,3.9000000000000004,4.0,43.300000000000004,70.4,0,26,9.600000000000001,313.40000000000003,600,2.0063316
2026-08-07 00:40:00,-34.38135,12.3543533333333,13.5,1030.7,3.5,3.8000000000000003,28.200000000000003,75.9,0,30,8.5,5.2,600,1.800554
2026-08-07 00:50:00,-34.3746566666667,12.354485,13.5,1030.6000000000001,3.8000000000000003,4.6000000000000005,59.400000000000006,52.2,0,49,9.1,32.800000000000004,600,1.9548872000000002
2026-08-07 01:00:00,-34.3680383333333,12.3544833333333,13.5,1030.5,3.4000000000000004,2.8000000000000003,6.4,59.2,0,50,8.8,17.2,600,1.7491096000000002
2026-08-07 01:10:00,-34.36162,12.3546933333333,13.5,1030.4,3.8000000000000003,2.8000000000000003,351.70000000000005,42.0,1,5,8.6,323.70000000000005,600,1.9548872000000002
2026-08-07 01:20:00,-34.35526,12.3548216666667,13.5,1030.3,3.7,4.9,347.5,51.900000000000006,1,18,11.8,314.70000000000005,599,1.9034428
2026-08-07 01:30:00,-34.34909,12.354755,13.5,1030.2,7.1000000000000005,5.0,347.90000000000003,24.5,1,29,13.200000000000001,332.40000000000003,600,3.6525524000000003
2026-08-07 01:40:00,-34.3440183333333,12.3558733333333,13.4,1030.1000000000001,6.9,10.700000000000001,330.8,36.6,1,35,12.4,267.6,600,3.5496636
2026-08-07 01:50:00,-34.3429966666667,12.3606,13.5,1030.0,6.300000000000001,3.4000000000000004,294.8,22.400000000000002,1,46,10.100000000000001,308.1,600,3.2409972000000002
2026-08-07 02:00:00,-34.3419633333333,12.3652383333333,13.4,1029.8,5.7,6.9,310.5,30.6,1,52,13.4,292.0,600,2.9323308000000003
2026-08-07 02:10:00,-34.3407983333333,12.3697166666667,13.4,1029.8,5.1000000000000005,3.3000000000000003,290.6,24.700000000000003,2,6,9.5,279.7,600,2.6236644000000005
2026-08-07 02:20:00,-34.3399583333333,12.3737616666667,13.4,1029.6000000000001,6.2,3.5,301.0,20.6,2,17,10.0,311.20000000000005,600,3.1895528
2026-08-07 02:30:00,-34.3388483333333,12.37803,13.4,1029.6000000000001,6.4,3.5,308.0,24.1,2,28,10.4,323.3,600,3.2924416
2026-08-07 02:40:00,-34.3379366666667,12.3824483333333,13.3,1029.5,4.1000000000000005,3.7,315.5,36.1,2,31,9.1,314.40000000000003,600,2.1092204000000003
2026-08-07 02:50:00,-34.3370516666667,12.386765,13.4,1029.5,4.5,4.1000000000000005,344.3,45.1,2,44,9.600000000000001,45.7,600,2.314998
2026-08-07 03:00:00,-34.3359716666667,12.3910816666667,13.4,1029.2,6.300000000000001,6.1000000000000005,31.900000000000002,29.400000000000002,2,50,11.700000000000001,68.4,600,3.2409972000000002
2026-08-07 03:10:00,-34.3352283333333,12.3948416666667,13.4,1029.2,6.9,7.800000000000001,31.900000000000002,41.7,3,7,14.3,359.6,600,3.5496636
2026-08-07 03:20:00,-34.3350383333333,12.3983933333333,13.4,1029.2,7.2,5.9,320.6,23.900000000000002,3,18,11.4,324.5,600,3.7039968
2026-08-07 03:30:00,-34.3348333333333,12.4020683333333,13.4,1029.0,9.4,8.9,322.40000000000003,18.6,3,23,16.3,320.3,600,4.8357736000000004
2026-08-07 03:40:00,-34.3346866666667,12.4055683333333,13.3,1028.9,8.700000000000001,4.6000000000000005,315.1,18.400000000000002,3,33,15.4,330.20000000000005,600,4.4756628
2026-08-07 03:50:00,-34.3343083333333,12.4091733333333,13.200000000000001,1028.8,6.9,6.0,323.1,23.8,3,44,13.5,334.1,600,3.5496636
2026-08-07 04:00:00,-34.33417,12.4123833333333,13.100000000000001,1028.8,6.300000000000001,4.800000000000001,298.1,25.8,3,58,10.9,281.3,600,3.2409972000000002
2026-08-07 04:10:00,-34.3339783333333,12.4156183333333,13.0,1028.7,5.4,3.6,282.40000000000003,26.900000000000002,4,6,9.1,317.40000000000003,600,2.7779976000000004
2026-08-07 04:20:00,-34.3338383333333,12.4186983333333,13.0,1028.6000000000001,3.7,3.6,298.90000000000003,60.900000000000006,4,10,8.1,251.5,600,1.9034428
2026-08-07 04:30:00,-34.3338266666667,12.421515,13.0,1028.8,5.9,4.0,304.7,37.5,4,28,9.4,256.3,600,3.0352196000000005
2026-08-07 04:40:00,-34.3334666666667,12.4246116666667,13.100000000000001,1028.7,6.9,4.2,281.7,21.200000000000003,4,36,11.200000000000001,261.7,600,3.5496636
2026-08-07 04:50:00,-34.333365,12.427415,13.100000000000001,1028.7,6.7,4.2,286.40000000000003,22.400000000000002,4,48,10.700000000000001,302.6,600,3.4467748
2026-08-07 05:00:00,-34.3331933333333,12.4298583333333,13.100000000000001,1028.7,7.5,3.5,285.2,19.8,4,57,11.600000000000001,279.2,600,3.85833
2026-08-07 05:10:00,-34.333245,12.43223,13.0,1028.6000000000001,7.2,4.9,272.5,24.6,5,0,12.100000000000001,251.8,600,3.7039968
2026-08-07 05:20:00,-34.3329783333333,12.4349983333333,13.0,1028.7,7.2,4.1000000000000005,275.40000000000003,23.400000000000002,5,17,11.0,303.3,600,3.7039968
2026-08-07 05:30:00,-34.3327433333333,12.4373133333333,13.0,1028.7,7.2,6.0,287.5,19.6,5,24,12.4,313.40000000000003,600,3.7039968
2026-08-07 05:40:00,-34.332465,12.4392233333333,13.100000000000001,1028.7,7.0,4.1000000000000005,283.8,21.400000000000002,5,34,11.200000000000001,258.1,599,3.601108
2026-08-07 05:50:00,-34.332315,12.4411216666667,13.0,1028.7,5.2,4.2,276.6,29.1,5,40,10.4,282.8,600,2.6751088000000003
2026-08-07 06:00:00,-34.3322516666667,12.4427766666667,13.100000000000001,1028.8,6.4,5.2,268.8,22.8,5,50,11.100000000000001,282.0,600,3.2924416
2026-08-07 06:10:00,-34.332395,12.4440666666667,13.100000000000001,1028.8,7.300000000000001,4.1000000000000005,267.7,22.6,6,6,11.3,264.7,600,3.7554412000000004
2026-08-07 06:20:00,-34.3325016666667,12.44544,13.200000000000001,1028.9,7.4,3.5,275.6,19.200000000000003,6,17,10.700000000000001,282.1,600,3.8068856
2026-08-07 06:30:00,-34.3323116666667,12.4474333333333,13.5,1029.1000000000001,4.9,4.6000000000000005,276.8,29.400000000000002,6,29,9.600000000000001,264.1,600,2.5207756000000003
2026-08-07 06:40:00,-34.332145,12.4493666666667,13.700000000000001,1029.0,8.0,3.6,271.5,17.3,6,31,11.700000000000001,268.3,600,4.115552
2026-08-07 06:50:00,-34.3319766666667,12.4515716666667,13.9,1029.2,6.6000000000000005,4.2,255.3,19.6,6,49,11.0,254.3,600,3.3953304
2026-08-07 07:00:00,-34.33202,12.4537616666667,14.100000000000001,1029.1000000000001,5.4,5.0,280.8,29.6,6,50,11.100000000000001,284.3,600,2.7779976000000004
2026-08-07 07:10:00,-34.3319966666667,12.4557833333333,14.200000000000001,1029.0,6.6000000000000005,4.3,248.5,19.5,7,5,10.700000000000001,228.3,600,3.3953304
2026-08-07 07:20:00,-34.3317583333333,12.4580966666667,14.600000000000001,1029.0,5.9,5.9,295.2,33.800000000000004,7,14,10.4,293.7,600,3.0352196000000005
2026-08-07 07:30:00,-34.3318416666667,12.4600583333333,15.0,1028.8,6.800000000000001,4.6000000000000005,305.1,20.8,7,29,11.3,280.5,600,3.4982192000000003
2026-08-07 07:40:00,-34.331925,12.4624133333333,15.0,1028.8,6.2,3.7,297.3,22.0,7,36,9.9,284.40000000000003,600,3.1895528
2026-08-07 07:50:00,-34.3321433333333,12.4640116666667,14.9,1028.8,6.2,3.3000000000000003,300.7,20.200000000000003,7,42,9.9,306.0,600,3.1895528
2026-08-07 08:00:00,-34.3320883333333,12.465905,14.700000000000001,1028.8,5.300000000000001,2.7,265.8,21.900000000000002,7,53,8.5,243.10000000000002,600,2.7265532000000006
2026-08-07 08:10:00,-34.3322766666667,12.467155,14.600000000000001,1028.6000000000001,6.4,3.2,276.3,22.6,8,8,10.3,256.8,600,3.2924416
2026-08-07 08:20:00,-34.3324283333333,12.46901,14.600000000000001,1028.7,5.0,3.5,262.7,32.6,8,15,9.5,307.0,600,2.57222
2026-08-07 08:30:00,-34.332355,12.4709033333333,14.8,1028.6000000000001,6.5,5.2,278.5,22.5,8,26,11.3,308.6,600,3.343886
2026-08-07 08:40:00,-34.3325916666667,12.4724233333333,14.9,1028.5,6.0,5.0,289.5,27.3,8,37,10.4,309.40000000000003,600,3.086664
2026-08-07 08:50:00,-34.3324866666667,12.47432,15.200000000000001,1028.5,6.0,5.800000000000001,302.90000000000003,22.3,8,48,10.200000000000001,304.5,600,3.086664
2026-08-07 09:00:00,-34.332615,12.4760983333333,15.0,1028.4,7.1000000000000005,3.3000000000000003,288.2,20.400000000000002,8,54,10.600000000000001,284.90000000000003,600,3.6525524000000003
2026-08-07 09:10:00,-34.3326816666667,12.4777933333333,14.8,1028.6000000000001,6.2,4.3,272.1,21.0,9,7,12.4,250.10000000000002,600,3.1895528
2026-08-07 09:20:00,-34.332915,12.4792416666667,14.9,1028.4,8.1,4.6000000000000005,292.1,20.8,9,15,12.3,283.90000000000003,600,4.1669963999999995
2026-08-07 09:30:00,-34.3328766666667,12.4809133333333,14.9,1028.5,7.4,3.3000000000000003,286.0,18.0,9,27,11.3,300.90000000000003,600,3.8068856
2026-08-07 09:40:00,-34.3329833333333,12.4821816666667,14.700000000000001,1028.6000000000001,6.5,3.7,271.90000000000003,21.3,9,33,9.700000000000001,228.0,600,3.343886
2026-08-07 09:50:00,-34.333075,12.48348,14.8,1028.5,6.9,6.800000000000001,268.8,25.0,9,49,13.5,255.70000000000002,599,3.5496636
2026-08-07 10:00:00,-34.333065,12.485045,14.8,1028.3,8.6,4.800000000000001,274.90000000000003,18.3,9,57,14.100000000000001,280.7,600,4.4242184
2026-08-07 10:10:00,-34.3327766666667,12.4863683333333,14.9,1028.3,7.800000000000001,4.0,266.8,18.2,10,2,12.5,306.3,600,4.0126632
2026-08-07 10:20:00,-34.326085,12.482385,15.100000000000001,1028.1000000000001,9.1,4.3,306.90000000000003,20.6,10,16,13.100000000000001,311.40000000000003,600,4.6814404
2026-08-07 10:30:00,-34.319215,12.4785516666667,15.200000000000001,1028.1000000000001,9.0,3.7,310.0,23.1,10,24,13.9,310.5,600,4.629996
2026-08-07 10:40:00,-34.31231,12.4746216666667,15.100000000000001,1027.9,9.600000000000001,3.2,319.70000000000005,23.8,10,31,12.700000000000001,338.70000000000005,600,4.938662400000001
2026-08-07 10:50:00,-34.3052583333333,12.4708033333333,15.200000000000001,1027.8,9.4,2.5,314.5,22.6,10,47,12.8,322.8,600,4.8357736000000004
2026-08-07 11:00:00,-34.2983633333333,12.4668666666667,15.200000000000001,1027.6000000000001,10.8,2.7,325.3,23.200000000000003,10,58,14.4,342.3,600,5.555995200000001
2026-08-07 12:40:00,-34.2290166666667,12.4284283333333,14.9,1026.4,12.3,4.1000000000000005,299.7,21.0,12,34,16.2,317.8,600,6.3276612000000005
2026-08-07 12:50:00,-34.2219516666667,12.4245316666667,14.9,1026.2,11.5,3.8000000000000003,298.90000000000003,21.200000000000003,12,40,16.0,299.5,600,5.916106
2026-08-07 13:00:00,-34.2149816666667,12.4206433333333,14.9,1026.0,12.0,3.3000000000000003,308.90000000000003,22.1,12,56,16.3,310.6,600,6.173328
2026-08-08 00:40:00,-33.976605,12.210735,14.4,1024.9,14.100000000000001,4.0,258.40000000000003,11.5,0,35,19.0,260.8,600,7.253660400000001
2026-08-08 00:50:00,-33.9763116666667,12.215075,14.4,1024.9,17.5,8.700000000000001,248.8,14.0,0,45,24.400000000000002,247.70000000000002,600,9.00277
2026-08-08 01:00:00,-33.97607,12.2194316666667,14.3,1023.3000000000001,16.400000000000002,6.5,243.4,11.600000000000001,0,57,21.8,231.8,600,8.436881600000001
2026-08-08 01:40:00,-33.9751533333333,12.2348166666667,14.600000000000001,1026.0,16.1,4.5,255.20000000000002,17.0,1,34,20.1,262.5,600,8.282548400000001
2026-08-08 01:50:00,-33.97513,12.23817,14.8,1026.4,15.9,4.0,253.20000000000002,14.100000000000001,1,46,19.400000000000002,253.70000000000002,600,8.1796596
2026-08-08 02:00:00,-33.97521,12.2417983333333,15.100000000000001,1027.0,16.3,4.6000000000000005,254.60000000000002,13.700000000000001,1,59,21.200000000000003,251.5,600,8.3854372
2026-08-08 03:00:00,-33.976175,12.2582366666667,14.700000000000001,1024.8,16.6,5.4,242.20000000000002,13.600000000000001,2,52,21.200000000000003,249.60000000000002,600,8.5397704
2026-08-08 03:20:00,-33.97635,12.2639233333333,14.9,1026.5,15.200000000000001,4.7,247.8,17.7,3,14,19.1,249.20000000000002,600,7.819548800000001
2026-08-08 03:30:00,-33.97645,12.266005,15.100000000000001,1027.4,14.4,4.5,254.10000000000002,14.600000000000001,3,26,19.400000000000002,265.0,600,7.4079936
2026-08-08 03:40:00,-33.9766916666667,12.2683,15.3,1028.5,14.4,4.800000000000001,254.20000000000002,13.5,3,32,18.8,255.5,600,7.4079936
2026-08-08 03:50:00,-33.976815,12.27067,15.4,1027.6000000000001,16.400000000000002,4.7,254.5,13.0,3,47,21.5,260.3,600,8.436881600000001
2026-08-08 04:00:00,-33.9768166666667,12.2732583333333,15.200000000000001,1026.2,17.1,5.2,249.20000000000002,15.600000000000001,3,59,21.5,267.1,600,8.7969924
2026-08-10 19:50:00,-33.3014433333333,11.6860366666667,13.9,1024.3,24.3,12.600000000000001,129.8,17.2,19,49,33.9,140.4,600,12.500989200000001
2026-08-10 20:00:00,-33.2966916666667,11.6782133333333,13.200000000000001,1021.5,25.200000000000003,9.9,133.0,16.5,19,53,30.6,108.0,600,12.963988800000001
2026-08-10 21:10:00,-33.2626533333333,11.621825,14.100000000000001,1024.0,25.400000000000002,11.8,128.4,14.0,21,6,31.900000000000002,145.5,600,13.066877600000002
2026-08-10 21:20:00,-33.2573183333333,11.6131666666667,12.8,1021.8000000000001,26.700000000000003,17.7,127.4,15.4,21,12,34.9,118.5,600,13.735654800000002
2026-08-10 21:30:00,-33.2521916666667,11.604595,13.100000000000001,1023.6,24.6,11.200000000000001,124.0,13.4,21,23,31.5,138.70000000000002,600,12.655322400000001
2026-08-10 21:40:00,-33.2525383333333,11.5969366666667,14.0,1024.9,23.6,10.200000000000001,114.9,19.700000000000003,21,32,30.5,107.0,600,12.140878400000002
2026-08-10 21:50:00,-33.2541083333333,11.5892816666667,14.3,1024.8,23.5,9.8,113.60000000000001,21.5,21,45,30.400000000000002,93.9,600,12.089434
2026-08-10 22:00:00,-33.2559216666667,11.5820983333333,14.8,1024.9,22.3,9.5,115.4,20.200000000000003,21,56,27.900000000000002,106.4,599,11.4721012
2026-08-10 23:30:00,-33.2628033333333,11.5138,13.3,1022.9000000000001,22.200000000000003,9.3,117.2,20.0,23,28,27.700000000000003,149.1,600,11.420656800000001
2026-08-10 23:40:00,-33.2632766666667,11.5054933333333,13.5,1023.3000000000001,23.6,12.8,116.30000000000001,20.8,23,36,31.1,102.7,600,12.140878400000002
2026-08-10 23:50:00,-33.2633666666667,11.4968383333333,13.100000000000001,1022.3000000000001,21.6,7.9,122.80000000000001,16.3,23,46,27.6,111.60000000000001,600,11.111990400000002
2026-08-11 00:00:00,-33.2628716666667,11.4881533333333,13.3,1023.4000000000001,21.5,7.6000000000000005,114.2,14.0,23,53,26.700000000000003,115.30000000000001,600,11.060546
2026-08-12 15:30:00,-33.157175,10.9986466666667,16.3,1017.6,15.3,2.8000000000000003,101.10000000000001,9.0,15,25,18.7,90.9,600,7.870993200000001
2026-08-12 15:40:00,-33.1566833333333,10.9892183333333,16.400000000000002,1018.5,15.5,3.7,101.10000000000001,9.4,15,38,19.5,119.5,600,7.973882000000001
2026-08-12 15:50:00,-33.1561083333333,10.97985,16.400000000000002,1018.9000000000001,15.700000000000001,4.0,101.30000000000001,10.200000000000001,15,46,20.0,109.5,600,8.0767708
2026-08-12 16:00:00,-33.1556683333333,10.9706366666667,16.5,1018.9000000000001,16.1,4.1000000000000005,103.30000000000001,10.100000000000001,15,58,19.5,89.2,599,8.282548400000001
2026-08-12 16:20:00,-33.1547383333333,10.9521383333333,16.7,1018.3000000000001,15.3,3.8000000000000003,102.10000000000001,10.0,16,19,19.200000000000003,105.10000000000001,600,7.870993200000001
2026-08-12 16:30:00,-33.1542133333333,10.943015,16.7,1017.7,15.8,4.0,102.5,10.5,16,29,19.900000000000002,122.9,600,8.128215200000001
2026-08-12 16:40:00,-33.1535716666667,10.933685,16.6,1016.9000000000001,16.8,3.8000000000000003,102.5,10.4,16,30,21.700000000000003,92.7,600,8.6426592
2026-08-12 16:50:00,-33.1531883333333,10.9241966666667,16.5,1016.4000000000001,16.0,3.9000000000000004,102.60000000000001,11.3,16,46,19.900000000000002,105.7,600,8.231104
2026-08-12 17:00:00,-33.1528133333333,10.9168,16.5,1016.2,16.2,4.0,98.7,17.6,16,59,20.0,112.60000000000001,600,8.333992799999999
2026-08-13 05:50:00,-33.1241566666667,11.0410116666667,16.2,1015.2,8.700000000000001,3.4000000000000004,63.400000000000006,10.200000000000001,5,44,12.600000000000001,58.1,600,4.4756628
2026-08-13 06:00:00,-33.1245916666667,11.0426866666667,16.2,1015.2,7.6000000000000005,4.0,55.0,13.4,5,57,11.3,60.1,600,3.9097744000000003
2026-08-13 06:10:00,-33.1249633333333,11.04445,16.2,1015.3000000000001,6.7,2.2,44.900000000000006,15.5,6,9,9.4,25.1,600,3.4467748
2026-08-13 06:20:00,-33.125375,11.0463433333333,16.400000000000002,1015.9000000000001,6.800000000000001,2.3000000000000003,37.0,16.2,6,18,9.200000000000001,46.5,600,3.4982192000000003
2026-08-13 06:30:00,-33.1258133333333,11.0478216666667,16.6,1016.9000000000001,6.300000000000001,3.1,34.2,17.3,6,20,9.9,34.7,600,3.2409972000000002
2026-08-13 06:40:00,-33.1260833333333,11.0492566666667,16.900000000000002,1018.2,6.300000000000001,2.5,40.900000000000006,17.900000000000002,6,37,9.200000000000001,53.800000000000004,600,3.2409972000000002
2026-08-13 06:50:00,-33.1263933333333,11.0508666666667,17.2,1019.5,5.800000000000001,3.1,38.800000000000004,20.6,6,42,9.4,30.8,600,2.9837752000000006
2026-08-13 07:00:00,-33.12674,11.052375,17.5,1021.0,5.6000000000000005,3.0,34.300000000000004,19.1,6,59,8.9,36.1,600,2.8808864000000005
2026-08-13 07:10:00,-33.1271216666667,11.0538383333333,17.6,1022.0,6.0,2.6,37.4,18.2,7,6,8.9,36.300000000000004,600,3.086664
2026-08-13 07:20:00,-33.1274583333333,11.0550916666667,17.7,1023.0,6.1000000000000005,2.9000000000000004,41.2,18.5,7,14,9.0,46.7,600,3.1381084
2026-08-13 07:30:00,-33.12773,11.05633,17.8,1023.6,6.5,3.5,48.0,18.7,7,24,10.600000000000001,30.400000000000002,600,3.343886
2026-08-13 07:40:00,-33.1280233333333,11.0576483333333,17.400000000000002,1022.3000000000001,7.1000000000000005,2.9000000000000004,40.900000000000006,16.5,7,37,10.3,45.1,600,3.6525524000000003
2026-08-13 07:50:00,-33.1283066666667,11.058965,17.400000000000002,1022.3000000000001,7.7,2.4000000000000004,42.800000000000004,14.700000000000001,7,49,10.5,53.7,600,3.9612188
2026-08-13 08:00:00,-33.12864,11.0602933333333,17.400000000000002,1022.3000000000001,8.4,2.7,44.800000000000004,14.8,7,59,12.200000000000001,64.60000000000001,600,4.3213296
2026-08-13 08:10:00,-33.1289316666667,11.0616683333333,17.400000000000002,1022.9000000000001,8.3,2.9000000000000004,37.4,13.9,8,4,12.100000000000001,38.900000000000006,600,4.2698852
2026-08-13 08:20:00,-33.1292416666667,11.0629733333333,17.3,1022.6,8.700000000000001,3.0,33.300000000000004,12.200000000000001,8,15,12.600000000000001,26.0,600,4.4756628
2026-08-13 08:30:00,-33.1294066666667,11.0637616666667,17.2,1022.7,9.200000000000001,2.8000000000000003,30.8,11.0,8,27,12.4,37.7,600,4.732884800000001
2026-08-13 08:40:00,-33.1296666666667,11.0646283333333,17.2,1022.3000000000001,9.4,3.2,31.200000000000003,13.700000000000001,8,34,12.700000000000001,40.1,599,4.8357736000000004
2026-08-13 08:50:00,-33.129845,11.065745,17.0,1021.4000000000001,9.700000000000001,3.5,32.2,11.3,8,45,13.600000000000001,37.7,600,4.9901068
2026-08-13 09:00:00,-33.1302116666667,11.06697,17.0,1021.6,9.600000000000001,3.2,28.400000000000002,12.8,8,57,13.3,37.6,600,4.938662400000001
2026-08-13 09:10:00,-33.1305633333333,11.0684783333333,17.2,1022.6,9.3,2.6,19.900000000000002,13.700000000000001,9,6,12.9,6.7,600,4.7843292
2026-08-13 09:20:00,-33.1308566666667,11.069785,17.3,1023.3000000000001,9.1,2.7,15.9,13.3,9,15,12.5,353.70000000000005,600,4.6814404
2026-08-13 09:30:00,-33.1311216666667,11.0707016666667,17.400000000000002,1023.5,9.700000000000001,2.9000000000000004,11.0,13.8,9,28,12.9,17.8,600,4.9901068
2026-08-13 09:40:00,-33.1313716666667,11.071785,17.400000000000002,1023.6,10.100000000000001,3.1,11.100000000000001,12.0,9,35,13.4,25.200000000000003,600,5.195884400000001
2026-08-13 09:50:00,-33.1315633333333,11.0727533333333,17.3,1023.6,9.5,3.4000000000000004,11.0,14.100000000000001,9,48,13.8,8.1,600,4.887218
2026-08-13 10:00:00,-33.1317716666667,11.0732166666667,17.3,1023.2,10.0,2.8000000000000003,4.2,11.700000000000001,9,54,13.5,4.2,600,5.14444
2026-08-13 10:10:00,-33.1317,11.0730516666667,17.3,1022.9000000000001,8.700000000000001,2.7,10.600000000000001,13.700000000000001,10,3,12.600000000000001,9.5,600,4.4756628
2026-08-13 10:20:00,-33.1315766666667,11.0724333333333,17.400000000000002,1023.1,9.200000000000001,2.5,5.2,12.600000000000001,10,17,13.100000000000001,16.0,600,4.732884800000001
2026-08-13 10:30:00,-33.1314383333333,11.0718433333333,17.400000000000002,1023.9000000000001,9.5,3.6,3.3000000000000003,13.600000000000001,10,23,13.100000000000001,359.0,600,4.887218
2026-08-13 10:40:00,-33.1312816666667,11.0711666666667,17.5,1024.0,9.4,3.6,1.0,14.5,10,37,14.0,357.3,600,4.8357736000000004
2026-08-13 10:50:00,-33.1311383333333,11.0706,17.5,1023.9000000000001,10.3,3.3000000000000003,356.8,10.200000000000001,10,43,13.600000000000001,355.3,600,5.2987732
2026-08-13 11:00:00,-33.1310183333333,11.07024,17.400000000000002,1023.6,10.600000000000001,2.7,356.3,11.100000000000001,10,57,14.200000000000001,350.70000000000005,600,5.453106400000001
2026-08-13 11:10:00,-33.1309483333333,11.07002,17.400000000000002,1023.6,10.5,3.9000000000000004,353.20000000000005,11.0,11,5,15.9,353.3,600,5.401662
2026-08-13 11:20:00,-33.130865,11.0697933333333,17.400000000000002,1023.7,10.3,3.1,353.5,11.600000000000001,11,12,13.3,13.4,600,5.2987732
2026-08-13 11:30:00,-33.130935,11.069875,17.400000000000002,1023.4000000000001,10.8,3.4000000000000004,349.8,11.3,11,25,14.600000000000001,359.8,600,5.555995200000001
2026-08-13 11:40:00,-33.1308716666667,11.0701133333333,17.400000000000002,1023.9000000000001,9.8,3.8000000000000003,350.6,11.600000000000001,11,30,14.100000000000001,347.5,600,5.041551200000001
2026-08-13 11:50:00,-33.13099,11.0704,17.400000000000002,1024.4,9.4,4.5,351.1,12.4,11,49,15.3,349.90000000000003,600,4.8357736000000004
2026-08-13 12:00:00,-33.1310366666667,11.0702733333333,17.400000000000002,1023.9000000000001,11.8,2.8000000000000003,350.0,9.0,11,55,15.100000000000001,352.70000000000005,600,6.070439200000001
2026-08-13 12:10:00,-33.1309716666667,11.0701133333333,17.3,1023.4000000000001,11.8,3.1,350.70000000000005,10.0,12,2,14.8,352.1,600,6.070439200000001
2026-08-13 12:20:00,-33.1309833333333,11.0703616666667,17.3,1023.1,12.100000000000001,3.3000000000000003,349.1,9.0,12,13,15.200000000000001,347.40000000000003,600,6.224772400000001
2026-08-13 12:30:00,-33.1314183333333,11.0674666666667,17.3,1023.0,11.8,3.5,346.1,14.8,12,20,15.4,336.20000000000005,600,6.070439200000001
2026-08-13 12:40:00,-33.13257,11.0578133333333,17.3,1023.0,11.700000000000001,4.1000000000000005,348.6,16.400000000000002,12,36,16.3,350.3,600,6.018994800000001
2026-08-13 12:50:00,-33.1338816666667,11.0480983333333,17.400000000000002,1022.9000000000001,12.4,3.1,343.40000000000003,15.700000000000001,12,44,15.8,338.0,599,6.3791056
2026-08-13 13:00:00,-33.1351033333333,11.0385166666667,17.400000000000002,1022.6,13.100000000000001,4.4,341.0,17.8,12,58,17.6,344.6,600,6.739216400000001
2026-08-13 13:40:00,-33.1400566666667,10.9989733333333,16.900000000000002,1020.0,15.100000000000001,4.7,323.5,20.0,13,35,19.5,297.2,600,7.768104400000001
2026-08-13 13:50:00,-33.14145,10.988845,16.8,1020.0,15.5,4.2,322.20000000000005,18.7,13,44,18.8,331.0,600,7.973882000000001
2026-08-14 07:50:00,-33.15394,10.6701333333333,17.400000000000002,1022.8000000000001,9.5,3.3000000000000003,271.0,12.4,7,47,12.8,275.40000000000003,600,4.887218
2026-08-14 08:00:00,-33.1542833333333,10.672125,17.8,1023.3000000000001,9.600000000000001,3.1,268.6,11.700000000000001,7,58,13.4,268.8,600,4.938662400000001
