Transmission_Time,Logger_DateTime,Ux_gill_Avg,Uy_gill_Avg,Uz_gill_Avg,RBR_Conductivity_Avg,RBR_Temp_Avg,RBR_Pressure_Avg,RBR_Salinity_Avg,RBR_Temp_Correction_Avg,CODA_Temp_Avg,CODA_Oxygen_Avg,CODA_Phase_Avg,Cyclops_Chlorophyll_Avg,wind_direction_Avg,wind_speed_Avg,atmospheric_temperature_Avg,relative_humidity_Avg,atmospheric_pressure_Avg,rain_duration_Avg,rain_intensity_Avg,rain_peak_Avg,CGR4_Raw_mVolt_Avg,CGR4_Vtherm_Avg,CGR4_Rad_Avg,SPN1_Raw_Diffuse_Avg,SPN1_Raw_Total_Avg,Ux_gill_Max,Uy_gill_Max,Uz_gill_Max,RBR_Conductivity_Max,RBR_Temp_Max,RBR_Pressure_Max,RBR_Salinity_Max,RBR_Temp_Correction_Max,CODA_Temp_Max,CODA_Oxygen_Max,CODA_Phase_Max,Cyclops_Chlorophyll_Max,wind_direction_Max,wind_speed_Max,atmospheric_temperature_Max,relative_humidity_Max,atmospheric_pressure_Max,rain_duration_Max,rain_intensity_Max,rain_peak_Max,CGR4_Raw_mVolt_Max,CGR4_Vtherm_Max,CGR4_Rad_Max,SPN1_Raw_Diffuse_Max,SPN1_Raw_Total_Max,Ux_gill_Min,Uy_gill_Min,Uz_gill_Min,RBR_Conductivity_Min,RBR_Temp_Min,RBR_Pressure_Min,RBR_Salinity_Min,RBR_Temp_Correction_Min,CODA_Temp_Min,CODA_Oxygen_Min,CODA_Phase_Min,Cyclops_Chlorophyll_Min,wind_direction_Min,wind_speed_Min,atmospheric_temperature_Min,relative_humidity_Min,atmospheric_pressure_Min,rain_duration_Min,rain_intensity_Min,rain_peak_Min,CGR4_Raw_mVolt_Min,CGR4_Vtherm_Min,CGR4_Rad_Min,SPN1_Raw_Diffuse_Min,SPN1_Raw_Total_Min,Ux_gill_StdDev,Uy_gill_StdDev,Uz_gill_StdDev,RBR_Conductivity_StdDev,RBR_Temp_StdDev,RBR_Pressure_StdDev,RBR_Salinity_StdDev,RBR_Temp_Correction_StdDev,CODA_Temp_StdDev,CODA_Oxygen_StdDev,CODA_Phase_StdDev,Cyclops_Chlorophyll_StdDev,wind_direction_StdDev,wind_speed_StdDev,atmospheric_temperature_StdDev,relative_humidity_StdDev,atmospheric_pressure_StdDev,rain_duration_StdDev,rain_intensity_StdDev,rain_peak_StdDev,CGR4_Raw_mVolt_StdDev,CGR4_Vtherm_StdDev,CGR4_Rad_StdDev,SPN1_Raw_Diffuse_StdDev,SPN1_Raw_Total_StdDev
7/27/2026 06:54:43,2026-07-27 06:40:00,,,,44.76,16.22,10.78,35.57,16.25,16.23,225.3,33.05,1.118,,,,,,,,,-0.736,1.0,-35.77,6.278,7.045,,,,44.81,16.27,11.01,35.58,16.27,16.27,226.2,33.09,1.35,,,,,,,,,-0.726,1.0,-33.48,9.0,9.51,,,,44.7,16.17,10.57,35.55,16.23,16.18,224.4,33.01,1.006,,,,,,,,,-0.854,1.0,-44.53,4.523,5.088,,,,0.026,0.024,0.066,0.006,0.007,0.023,0.315,0.015,0.057,,,,,,,,,0.027,0.0,2.309,1.373,1.307
7/27/2026 06:30:54,2026-07-27 00:40:00,,,,44.34,15.87,10.75,35.51,15.92,15.87,226.2,33.17,0.755,,,,,,,,,-0.712,1.0,-34.38,2.201,2.411,,,,44.37,15.89,10.99,35.53,15.95,15.9,227.1,33.22,0.957,,,,,,,,,-0.709,1.0,-32.24,4.545,5.645,,,,44.3,15.83,10.58,35.5,15.88,15.83,225.3,33.12,0.642,,,,,,,,,-0.725,1.0,-36.74,0.44,0.293,,,,0.017,0.015,0.068,0.005,0.013,0.014,0.3,0.015,0.05,,,,,,,,,0.003,0.0,1.111,1.843,2.145
7/27/2026 06:30:44,2026-07-27 06:30:00,,,,44.77,16.23,10.77,35.57,16.28,16.23,225.3,33.05,1.125,,,,,,,,,-0.736,1.0,-35.9,4.274,5.229,,,,44.82,16.27,10.95,35.59,16.31,16.28,226.1,33.1,1.458,,,,,,,,,-0.725,1.0,-33.8,5.606,6.745,,,,44.72,16.18,10.55,35.55,16.24,16.19,224.2,33.01,0.998,,,,,,,,,-0.854,1.0,-44.26,1.877,2.371,,,,0.027,0.025,0.061,0.005,0.018,0.025,0.333,0.015,0.062,,,,,,,,,0.027,0.0,2.268,0.809,0.831
7/27/2026 06:30:31,2026-07-27 00:50:00,,,,44.31,15.84,10.76,35.51,15.88,15.85,226.3,33.18,0.737,,,,,,,,,-0.713,1.0,-34.25,1.578,2.035,,,,44.35,15.88,11.05,35.52,15.91,15.88,227.3,33.24,1.051,,,,,,,,,-0.709,1.0,-32.65,4.54,5.656,,,,44.26,15.81,10.57,35.48,15.86,15.82,225.2,33.13,0.604,,,,,,,,,-0.743,1.0,-37.16,0.442,0.297,,,,0.018,0.015,0.073,0.006,0.011,0.014,0.317,0.018,0.054,,,,,,,,,0.007,0.0,1.17,1.576,1.891
7/27/2026 06:29:33,2026-07-27 01:00:00,,,,44.32,15.85,10.75,35.51,15.87,15.86,226.3,33.17,0.729,,,,,,,,,-0.713,1.0,-34.19,3.615,4.283,,,,44.36,15.87,10.93,35.53,15.9,15.88,227.3,33.22,0.914,,,,,,,,,-0.709,1.0,-32.09,5.607,6.219,,,,44.29,15.82,10.53,35.49,15.86,15.83,225.4,33.12,0.617,,,,,,,,,-0.735,1.0,-36.99,0.445,0.297,,,,0.012,0.01,0.067,0.006,0.009,0.01,0.299,0.015,0.05,,,,,,,,,0.005,0.0,1.228,1.444,1.786
7/27/2026 06:28:36,2026-07-27 01:10:00,,,,44.4,15.92,10.75,35.52,15.91,15.92,225.5,33.18,0.629,,,,,,,,,-0.725,1.0,-35.71,1.339,1.633,,,,44.46,15.96,10.96,35.55,15.96,15.96,226.7,33.23,0.868,,,,,,,,,-0.709,1.0,-32.84,3.448,4.573,,,,44.33,15.85,10.54,35.5,15.87,15.86,224.2,33.13,0.526,,,,,,,,,-0.838,1.0,-45.11,0.436,0.293,,,,0.032,0.027,0.068,0.007,0.02,0.027,0.423,0.016,0.05,,,,,,,,,0.035,0.0,3.005,1.061,1.463
7/27/2026 06:23:56,2026-07-27 01:20:00,,,,44.5,15.99,10.75,35.54,15.98,16.0,224.9,33.18,0.562,,,,,,,,,-0.723,1.0,-35.24,2.491,3.108,,,,44.56,16.04,10.96,35.56,16.03,16.05,225.9,33.23,0.725,,,,,,,,,-0.71,1.0,-32.45,4.53,5.105,,,,44.42,15.92,10.53,35.52,15.93,15.94,224.0,33.11,0.494,,,,,,,,,-0.852,1.0,-44.05,0.437,0.291,,,,0.036,0.029,0.066,0.008,0.025,0.028,0.317,0.02,0.035,,,,,,,,,0.031,0.0,2.384,1.325,1.575
7/27/2026 06:23:53,2026-07-27 01:30:00,,,,44.52,16.01,10.75,35.54,16.03,16.01,224.8,33.18,0.572,,,,,,,,,-0.721,1.0,-35.13,1.603,2.059,,,,44.55,16.04,10.96,35.56,16.05,16.04,225.9,33.23,0.78,,,,,,,,,-0.711,1.0,-33.0,3.444,4.011,,,,44.47,15.96,10.6,35.52,16.0,15.97,223.9,33.13,0.498,,,,,,,,,-0.838,1.0,-42.43,0.435,0.291,,,,0.018,0.015,0.064,0.006,0.008,0.014,0.309,0.017,0.036,,,,,,,,,0.027,0.0,1.961,0.991,1.016
7/27/2026 06:23:25,2026-07-27 01:40:00,,,,44.54,16.03,10.75,35.54,16.03,16.03,224.8,33.17,0.6,,,,,,,,,-0.722,1.0,-34.8,0.899,1.255,,,,44.66,16.13,10.96,35.59,16.08,16.13,225.6,33.23,0.964,,,,,,,,,-0.713,1.0,-32.73,1.894,2.935,,,,44.48,15.97,10.5,35.52,16.01,15.98,223.8,33.09,0.495,,,,,,,,,-0.806,1.0,-39.82,0.435,0.297,,,,0.043,0.036,0.064,0.009,0.013,0.035,0.309,0.025,0.091,,,,,,,,,0.02,0.0,1.782,0.597,1.025
7/27/2026 06:23:09,2026-07-27 01:50:00,,,,44.68,16.15,10.75,35.56,16.12,16.16,224.3,33.14,0.892,,,,,,,,,-0.724,1.0,-35.2,1.68,2.036,,,,44.71,16.18,11.0,35.59,16.18,16.19,225.9,33.22,1.117,,,,,,,,,-0.714,1.0,-32.14,3.456,4.031,,,,44.63,16.1,10.49,35.54,16.05,16.12,222.5,33.07,0.783,,,,,,,,,-0.842,1.0,-42.82,0.441,0.302,,,,0.019,0.019,0.066,0.005,0.028,0.018,0.585,0.025,0.053,,,,,,,,,0.027,0.0,2.077,1.268,1.526
7/27/2026 06:20:30,2026-07-27 06:20:00,,,,44.84,16.29,10.78,35.57,16.32,16.3,224.8,33.05,1.14,,,,,,,,,-0.737,1.0,-35.99,1.121,1.407,,,,44.87,16.32,10.97,35.59,16.33,16.33,225.8,33.09,1.441,,,,,,,,,-0.725,1.0,-34.1,3.443,4.007,,,,44.79,16.25,10.58,35.55,16.3,16.26,223.9,32.99,1.024,,,,,,,,,-0.882,1.0,-45.84,0.432,0.29,,,,0.017,0.015,0.065,0.005,0.004,0.015,0.292,0.015,0.063,,,,,,,,,0.033,0.0,2.523,0.945,1.177
7/27/2026 06:14:03,2026-07-27 02:00:00,,,,44.7,16.16,10.76,35.56,16.18,16.17,223.2,33.19,0.907,,,,,,,,,-0.718,1.0,-34.51,3.194,3.807,,,,44.73,16.2,11.02,35.58,16.2,16.2,224.6,33.25,1.133,,,,,,,,,-0.713,1.0,-32.12,6.151,6.766,,,,44.66,16.13,10.56,35.53,16.15,16.14,221.8,33.12,0.8,,,,,,,,,-0.739,1.0,-38.38,0.443,0.298,,,,0.014,0.013,0.071,0.005,0.011,0.013,0.493,0.023,0.053,,,,,,,,,0.005,0.0,1.472,1.949,2.226
7/27/2026 06:13:47,2026-07-27 02:10:00,,,,44.7,16.16,10.76,35.56,16.18,16.17,223.9,33.15,0.917,,,,,,,,,-0.73,1.0,-35.55,1.063,1.301,,,,44.73,16.2,11.02,35.58,16.21,16.2,225.3,33.21,1.136,,,,,,,,,-0.712,1.0,-32.78,3.443,4.012,,,,44.66,16.12,10.54,35.53,16.16,16.13,222.6,33.09,0.788,,,,,,,,,-0.844,1.0,-44.18,0.433,0.293,,,,0.017,0.015,0.069,0.005,0.011,0.015,0.483,0.021,0.057,,,,,,,,,0.037,0.0,2.794,0.861,1.27
7/27/2026 06:12:34,2026-07-27 02:20:00,,,,44.73,16.2,10.75,35.56,16.21,16.2,222.2,33.22,0.924,,,,,,,,,-0.728,1.0,-35.43,3.124,3.67,,,,44.78,16.24,10.94,35.58,16.24,16.24,224.1,33.34,1.275,,,,,,,,,-0.714,1.0,-32.75,6.162,7.338,,,,44.69,16.16,10.55,35.54,16.18,16.17,219.8,33.13,0.82,,,,,,,,,-0.845,1.0,-44.16,0.443,0.302,,,,0.016,0.015,0.064,0.005,0.012,0.015,0.969,0.046,0.055,,,,,,,,,0.028,0.0,2.323,2.002,2.39
7/27/2026 06:12:21,2026-07-27 02:30:00,,,,44.78,16.24,10.75,35.56,16.25,16.25,220.3,33.31,0.884,,,,,,,,,-0.726,1.0,-35.36,3.486,4.461,,,,44.8,16.27,11.01,35.58,16.28,16.27,221.4,33.35,1.219,,,,,,,,,-0.715,1.0,-32.85,5.59,6.207,,,,44.74,16.21,10.55,35.54,16.21,16.22,219.4,33.25,0.781,,,,,,,,,-0.848,1.0,-42.44,0.914,1.836,,,,0.013,0.011,0.067,0.005,0.014,0.011,0.331,0.018,0.052,,,,,,,,,0.028,0.0,1.986,1.086,0.999
7/27/2026 06:11:26,2026-07-27 06:10:00,,,,44.83,16.28,10.77,35.57,16.3,16.29,224.9,33.05,1.127,,,,,,,,,-0.737,1.0,-36.08,1.779,2.41,,,,44.87,16.32,10.96,35.59,16.32,16.32,226.0,33.09,1.484,,,,,,,,,-0.723,1.0,-33.72,1.894,2.932,,,,44.78,16.24,10.56,35.55,16.29,16.25,224.1,33.0,0.997,,,,,,,,,-0.856,1.0,-46.7,0.896,1.81,,,,0.019,0.017,0.064,0.006,0.005,0.017,0.3,0.015,0.07,,,,,,,,,0.034,0.0,2.908,0.298,0.283
7/27/2026 06:09:15,2026-07-27 02:40:00,,,,44.76,16.22,10.76,35.56,16.25,16.23,220.5,33.31,0.89,,,,,,,,,-0.724,1.0,-34.82,1.528,1.808,,,,44.78,16.25,10.98,35.58,16.27,16.25,221.4,33.37,1.152,,,,,,,,,-0.715,1.0,-32.3,3.444,4.024,,,,44.72,16.19,10.58,35.54,16.23,16.2,219.2,33.25,0.793,,,,,,,,,-0.796,1.0,-40.32,0.436,0.292,,,,0.01,0.009,0.07,0.005,0.008,0.008,0.344,0.017,0.053,,,,,,,,,0.018,0.0,1.728,1.23,1.356
7/27/2026 06:06:37,2026-07-27 02:50:00,,,,44.78,16.25,10.76,35.56,16.26,16.25,219.7,33.33,0.88,,,,,,,,,-0.727,1.0,-35.21,2.104,2.4,,,,44.83,16.29,10.95,35.58,16.29,16.29,220.8,33.38,1.109,,,,,,,,,-0.715,1.0,-32.59,5.592,6.686,,,,44.74,16.21,10.58,35.53,16.24,16.22,218.7,33.28,0.788,,,,,,,,,-0.837,1.0,-42.2,0.439,0.293,,,,0.018,0.016,0.067,0.006,0.009,0.015,0.33,0.018,0.052,,,,,,,,,0.026,0.0,2.109,2.055,2.445
7/27/2026 06:05:04,2026-07-27 03:00:00,,,,44.85,16.31,10.75,35.57,16.3,16.32,220.7,33.25,0.931,,,,,,,,,-0.724,1.0,-35.03,2.731,3.508,,,,44.88,16.34,10.97,35.59,16.34,16.35,222.4,33.34,1.142,,,,,,,,,-0.718,1.0,-33.41,3.462,4.573,,,,44.79,16.26,10.58,35.55,16.27,16.27,219.3,33.16,0.831,,,,,,,,,-0.796,1.0,-39.09,0.453,0.38,,,,0.021,0.019,0.062,0.005,0.018,0.019,0.549,0.036,0.053,,,,,,,,,0.017,0.0,1.312,1.033,1.127
7/27/2026 06:03:43,2026-07-27 05:30:00,,,,44.88,16.33,10.77,35.57,16.37,16.33,224.6,33.04,1.134,,,,,,,,,-0.727,1.0,-35.24,3.011,3.723,,,,44.92,16.37,10.99,35.6,16.39,16.37,225.5,33.09,1.33,,,,,,,,,-0.724,1.0,-33.56,4.538,6.197,,,,44.83,16.28,10.56,35.55,16.34,16.29,223.6,32.99,1.042,,,,,,,,,-0.747,1.0,-37.47,0.439,0.292,,,,0.02,0.018,0.063,0.006,0.01,0.017,0.303,0.014,0.049,,,,,,,,,0.005,0.0,1.098,1.269,1.487
7/27/2026 06:03:31,2026-07-27 05:40:00,,,,44.87,16.32,10.77,35.57,16.35,16.33,224.6,33.04,1.136,,,,,,,,,-0.729,1.0,-35.15,1.83,2.546,,,,44.9,16.35,10.97,35.59,16.36,16.36,225.5,33.08,1.372,,,,,,,,,-0.725,1.0,-33.39,3.443,4.562,,,,44.82,16.28,10.59,35.55,16.34,16.29,223.7,33.0,1.045,,,,,,,,,-0.765,1.0,-38.37,0.433,0.29,,,,0.014,0.013,0.066,0.005,0.004,0.012,0.288,0.014,0.054,,,,,,,,,0.008,0.0,1.26,1.094,1.339
7/27/2026 06:03:20,2026-07-27 05:50:00,,,,44.88,16.33,10.77,35.57,16.35,16.33,224.6,33.04,1.122,,,,,,,,,-0.729,1.0,-35.49,1.793,2.072,,,,44.9,16.35,11.06,35.59,16.36,16.36,225.4,33.08,1.382,,,,,,,,,-0.725,1.0,-33.57,3.447,4.01,,,,44.84,16.29,10.56,35.55,16.34,16.31,223.8,33.0,1.012,,,,,,,,,-0.764,1.0,-37.51,0.436,0.29,,,,0.012,0.011,0.067,0.006,0.003,0.01,0.288,0.015,0.054,,,,,,,,,0.008,0.0,1.072,1.217,1.451
7/27/2026 06:03:04,2026-07-27 06:00:00,,,,44.83,16.28,10.77,35.57,16.33,16.29,224.9,33.05,1.104,,,,,,,,,-0.728,1.0,-35.28,2.449,3.239,,,,44.88,16.33,10.97,35.6,16.35,16.33,225.8,33.1,1.377,,,,,,,,,-0.724,1.0,-33.69,4.527,5.116,,,,44.78,16.24,10.55,35.55,16.3,16.25,223.7,33.01,1.005,,,,,,,,,-0.74,1.0,-37.71,0.908,2.028,,,,0.021,0.019,0.061,0.005,0.014,0.019,0.296,0.014,0.058,,,,,,,,,0.003,0.0,1.093,0.897,0.784
7/27/2026 05:28:45,2026-07-27 03:10:00,,,,44.84,16.31,10.76,35.56,16.33,16.31,220.5,33.27,0.919,,,,,,,,,-0.735,1.0,-35.65,1.675,1.832,,,,44.88,16.34,11.03,35.58,16.34,16.35,221.7,33.34,1.229,,,,,,,,,-0.718,1.0,-33.26,4.532,5.659,,,,44.81,16.28,10.52,35.54,16.31,16.28,219.2,33.19,0.83,,,,,,,,,-0.879,1.0,-47.47,0.443,0.296,,,,0.013,0.012,0.072,0.005,0.004,0.012,0.398,0.024,0.053,,,,,,,,,0.041,0.0,3.402,1.456,1.788
7/27/2026 05:28:25,2026-07-27 03:20:00,,,,44.84,16.3,10.76,35.57,16.32,16.31,220.5,33.27,0.926,,,,,,,,,-0.725,1.0,-35.02,5.125,5.977,,,,44.88,16.34,11.02,35.58,16.34,16.34,221.9,33.34,1.11,,,,,,,,,-0.719,1.0,-33.32,7.272,7.851,,,,44.8,16.27,10.56,35.54,16.31,16.28,219.2,33.18,0.839,,,,,,,,,-0.757,1.0,-38.36,3.432,3.404,,,,0.017,0.016,0.065,0.006,0.006,0.015,0.45,0.028,0.05,,,,,,,,,0.009,0.0,1.21,1.439,1.4
7/27/2026 05:28:09,2026-07-27 03:30:00,,,,44.89,16.35,10.75,35.57,16.35,16.36,222.5,33.14,1.027,,,,,,,,,-0.721,1.0,-34.68,1.333,1.674,,,,44.93,16.38,10.99,35.59,16.38,16.38,223.9,33.24,1.301,,,,,,,,,-0.718,1.0,-33.35,3.445,4.573,,,,44.84,16.31,10.48,35.55,16.32,16.31,220.9,33.06,0.872,,,,,,,,,-0.726,1.0,-36.31,0.443,0.296,,,,0.018,0.016,0.064,0.006,0.013,0.015,0.661,0.04,0.069,,,,,,,,,0.002,0.0,0.918,1.234,1.56
7/27/2026 05:27:55,2026-07-27 03:40:00,,,,44.9,16.35,10.76,35.57,16.38,16.36,222.8,33.13,1.043,,,,,,,,,-0.724,1.0,-34.76,2.026,2.506,,,,44.93,16.38,11.17,35.59,16.39,16.39,223.8,33.18,1.753,,,,,,,,,-0.719,1.0,-33.26,4.529,4.57,,,,44.85,16.31,10.51,35.55,16.37,16.32,221.7,33.07,0.907,,,,,,,,,-0.743,1.0,-36.32,0.438,0.293,,,,0.015,0.013,0.07,0.005,0.004,0.013,0.36,0.022,0.068,,,,,,,,,0.005,0.0,0.958,1.378,1.692
7/27/2026 05:27:38,2026-07-27 03:50:00,,,,44.89,16.35,10.76,35.57,16.37,16.35,222.6,33.14,1.033,,,,,,,,,-0.722,1.0,-34.78,1.866,2.061,,,,44.92,16.37,10.95,35.6,16.38,16.38,224.1,33.21,1.31,,,,,,,,,-0.72,1.0,-33.03,6.16,6.225,,,,44.86,16.32,10.57,35.54,16.36,16.33,221.4,33.05,0.894,,,,,,,,,-0.726,1.0,-36.51,0.44,0.29,,,,0.012,0.011,0.063,0.006,0.004,0.01,0.529,0.03,0.065,,,,,,,,,0.002,0.0,1.08,2.0,2.236
7/27/2026 05:26:59,2026-07-27 05:20:00,,,,44.91,16.36,10.77,35.57,16.38,16.37,224.4,33.04,1.135,,,,,,,,,-0.728,1.0,-35.41,2.52,3.152,,,,44.94,16.38,11.14,35.59,16.39,16.39,225.1,33.08,1.358,,,,,,,,,-0.723,1.0,-33.07,4.539,5.911,,,,44.86,16.33,10.55,35.55,16.37,16.34,223.6,33.0,1.038,,,,,,,,,-0.741,1.0,-37.97,0.429,0.293,,,,0.012,0.011,0.068,0.006,0.003,0.01,0.278,0.014,0.055,,,,,,,,,0.005,0.0,1.345,1.703,2.159
7/27/2026 05:19:34,2026-07-27 04:00:00,,,,44.92,16.37,10.76,35.57,16.38,16.37,223.8,33.07,1.106,,,,,,,,,-0.725,1.0,-34.65,3.985,4.899,,,,44.94,16.4,10.93,35.59,16.4,16.4,224.6,33.12,1.372,,,,,,,,,-0.721,1.0,-33.04,6.145,6.76,,,,44.87,16.32,10.51,35.55,16.37,16.34,222.8,33.02,1.004,,,,,,,,,-0.73,1.0,-36.95,0.454,0.298,,,,0.014,0.013,0.062,0.006,0.006,0.012,0.327,0.019,0.06,,,,,,,,,0.002,0.0,0.986,1.5,1.692
7/27/2026 05:18:24,2026-07-27 04:10:00,,,,44.92,16.38,10.76,35.57,16.4,16.38,223.9,33.06,1.108,,,,,,,,,-0.737,1.0,-36.21,2.308,2.653,,,,44.96,16.4,11.0,35.59,16.41,16.41,224.8,33.11,1.48,,,,,,,,,-0.72,1.0,-33.48,4.545,5.109,,,,44.88,16.34,10.54,35.55,16.38,16.35,222.9,33.01,1.002,,,,,,,,,-0.853,1.0,-47.39,0.442,0.295,,,,0.013,0.011,0.067,0.005,0.004,0.01,0.305,0.017,0.058,,,,,,,,,0.037,0.0,3.277,1.75,2.069
7/27/2026 05:18:13,2026-07-27 04:20:00,,,,44.91,16.37,10.76,35.57,16.39,16.37,223.8,33.07,1.1,,,,,,,,,-0.731,1.0,-35.49,2.157,2.627,,,,44.93,16.38,10.97,35.6,16.4,16.39,224.9,33.12,1.341,,,,,,,,,-0.721,1.0,-33.59,4.543,5.119,,,,44.87,16.33,10.59,35.54,16.38,16.34,223.0,33.01,1.001,,,,,,,,,-0.85,1.0,-43.67,0.44,0.293,,,,0.011,0.01,0.066,0.006,0.004,0.009,0.301,0.016,0.055,,,,,,,,,0.027,0.0,2.05,1.723,1.926
7/27/2026 05:17:10,2026-07-27 04:30:00,,,,44.92,16.37,10.76,35.57,16.39,16.38,224.1,33.05,1.127,,,,,,,,,-0.73,1.0,-35.35,1.708,1.969,,,,44.94,16.39,11.0,35.6,16.4,16.4,225.1,33.09,1.407,,,,,,,,,-0.721,1.0,-33.36,3.451,4.57,,,,44.89,16.35,10.5,35.55,16.38,16.36,223.3,33.0,1.023,,,,,,,,,-0.852,1.0,-43.18,0.435,0.294,,,,0.01,0.009,0.065,0.005,0.004,0.008,0.292,0.015,0.057,,,,,,,,,0.028,0.0,2.043,1.338,1.592
7/27/2026 05:16:59,2026-07-27 04:40:00,,,,44.93,16.38,10.76,35.58,16.4,16.38,224.1,33.04,1.129,,,,,,,,,-0.731,1.0,-35.29,2.856,3.495,,,,44.95,16.4,11.02,35.59,16.41,16.4,225.0,33.09,1.434,,,,,,,,,-0.722,1.0,-33.29,4.539,5.112,,,,44.89,16.35,10.53,35.56,16.39,16.36,223.2,33.0,1.024,,,,,,,,,-0.815,1.0,-41.02,0.446,0.292,,,,0.01,0.009,0.075,0.005,0.004,0.008,0.284,0.015,0.057,,,,,,,,,0.02,0.0,1.696,1.303,1.663
7/27/2026 05:13:19,2026-07-27 04:50:00,,,,44.92,16.37,10.77,35.57,16.39,16.37,224.2,33.05,1.124,,,,,,,,,-0.731,1.0,-35.43,3.262,3.881,,,,44.94,16.39,10.96,35.6,16.41,16.39,225.0,33.09,1.359,,,,,,,,,-0.722,1.0,-33.47,5.604,6.217,,,,44.88,16.33,10.61,35.55,16.39,16.34,223.2,33.0,1.033,,,,,,,,,-0.855,1.0,-43.44,0.449,0.297,,,,0.011,0.01,0.067,0.006,0.004,0.009,0.285,0.015,0.054,,,,,,,,,0.029,0.0,2.138,1.919,2.13
7/27/2026 05:12:59,2026-07-27 05:10:00,,,,44.9,16.35,10.77,35.57,16.38,16.36,224.4,33.04,1.137,,,,,,,,,-0.74,1.0,-36.53,0.93,1.343,,,,44.93,16.38,10.97,35.59,16.39,16.39,225.3,33.09,1.401,,,,,,,,,-0.723,1.0,-33.54,1.892,2.924,,,,44.86,16.32,10.58,35.55,16.37,16.33,223.4,32.99,1.036,,,,,,,,,-0.861,1.0,-46.54,0.434,0.29,,,,0.013,0.012,0.066,0.005,0.004,0.011,0.3,0.016,0.053,,,,,,,,,0.037,0.0,3.094,0.533,0.912
7/27/2026 05:08:47,2026-07-27 05:00:00,,,,44.91,16.36,10.76,35.57,16.39,16.36,224.4,33.04,1.14,,,,,,,,,-0.734,1.0,-35.74,2.608,3.229,,,,44.94,16.39,10.97,35.59,16.4,16.39,225.3,33.08,1.405,,,,,,,,,-0.722,1.0,-33.43,4.539,5.649,,,,44.87,16.32,10.59,35.56,16.37,16.33,223.5,32.99,1.038,,,,,,,,,-0.853,1.0,-44.44,0.89,1.266,,,,0.013,0.012,0.064,0.005,0.005,0.012,0.315,0.016,0.057,,,,,,,,,0.028,0.0,2.278,1.3,1.388
7/26/2026 06:21:03,2026-07-26 06:20:00,,,,45.86,17.27,10.66,35.6,17.3,17.28,219.8,32.87,0.817,,,,,,,,,-0.715,1.0,-33.82,1.214,1.871,,,,45.87,17.28,10.85,35.61,17.32,17.29,220.7,32.93,1.069,,,,,,,,,-0.703,1.0,-32.0,1.911,2.957,,,,45.84,17.25,10.48,35.59,17.29,17.26,218.7,32.83,0.717,,,,,,,,,-0.832,1.0,-41.23,0.457,0.311,,,,0.005,0.005,0.066,0.003,0.008,0.004,0.29,0.015,0.055,,,,,,,,,0.027,0.0,1.908,0.63,0.981
7/26/2026 06:11:48,2026-07-26 06:10:00,,,,45.86,17.27,10.66,35.6,17.3,17.27,219.9,32.87,0.806,,,,,,,,,-0.719,1.0,-34.11,1.63,2.012,,,,45.87,17.28,10.88,35.61,17.32,17.28,220.8,32.92,1.164,,,,,,,,,-0.705,1.0,-31.06,3.461,4.045,,,,45.84,17.25,10.47,35.59,17.29,17.26,218.9,32.82,0.712,,,,,,,,,-0.834,1.0,-42.87,0.459,0.321,,,,0.005,0.005,0.07,0.002,0.008,0.005,0.295,0.016,0.054,,,,,,,,,0.035,0.0,2.637,0.791,0.862
7/26/2026 06:01:17,2026-07-26 06:00:00,,,,45.86,17.27,10.66,35.6,17.32,17.27,220.1,32.86,0.807,,,,,,,,,-0.708,1.0,-33.24,0.778,0.942,,,,45.89,17.29,10.84,35.61,17.35,17.3,221.4,32.9,0.981,,,,,,,,,-0.704,1.0,-30.96,1.893,2.402,,,,45.84,17.25,10.43,35.59,17.3,17.26,219.3,32.79,0.715,,,,,,,,,-0.713,1.0,-35.41,0.442,0.308,,,,0.008,0.007,0.064,0.003,0.011,0.007,0.31,0.017,0.049,,,,,,,,,0.002,0.0,1.013,0.429,0.703
7/26/2026 06:00:57,2026-07-26 05:40:00,,,,45.93,17.34,10.66,35.6,17.41,17.35,219.7,32.85,0.815,,,,,,,,,-0.709,1.0,-33.37,1.061,1.641,,,,45.97,17.38,10.85,35.61,17.44,17.38,220.8,32.9,1.263,,,,,,,,,-0.703,1.0,-31.7,1.904,2.415,,,,45.9,17.31,10.5,35.59,17.36,17.32,218.5,32.8,0.721,,,,,,,,,-0.735,1.0,-35.62,0.452,0.315,,,,0.017,0.017,0.065,0.003,0.018,0.017,0.335,0.015,0.05,,,,,,,,,0.006,0.0,1.084,0.438,0.548
7/26/2026 05:52:21,2026-07-26 05:50:00,,,,45.89,17.3,10.66,35.6,17.36,17.3,220.2,32.84,0.824,,,,,,,,,-0.709,1.0,-33.33,1.139,1.628,,,,45.92,17.32,10.9,35.61,17.39,17.33,221.1,32.89,1.264,,,,,,,,,-0.704,1.0,-31.74,1.898,2.958,,,,45.86,17.27,10.46,35.59,17.32,17.28,219.2,32.8,0.731,,,,,,,,,-0.735,1.0,-35.25,0.442,0.312,,,,0.012,0.012,0.066,0.003,0.015,0.012,0.326,0.016,0.054,,,,,,,,,0.008,0.0,0.972,0.634,0.893
7/26/2026 05:30:14,2026-07-26 05:30:00,,,,45.99,17.4,10.65,35.6,17.45,17.4,219.2,32.85,0.789,,,,,,,,,-0.708,1.0,-33.28,1.115,1.581,,,,46.03,17.43,10.87,35.61,17.49,17.44,220.0,32.89,2.254,,,,,,,,,-0.702,1.0,-31.56,1.903,2.411,,,,45.95,17.37,10.47,35.59,17.42,17.37,218.2,32.81,0.698,,,,,,,,,-0.732,1.0,-35.72,0.446,0.311,,,,0.013,0.013,0.065,0.003,0.013,0.013,0.322,0.015,0.075,,,,,,,,,0.006,0.0,1.042,0.555,0.772
7/26/2026 05:23:16,2026-07-26 04:30:00,,,,46.1,17.51,10.66,35.59,17.55,17.52,217.5,32.89,0.672,,,,,,,,,-0.711,1.0,-33.64,1.625,2.138,,,,46.11,17.53,10.88,35.6,17.57,17.53,218.6,32.94,0.87,,,,,,,,,-0.7,1.0,-32.16,3.458,3.283,,,,46.08,17.5,10.49,35.58,17.53,17.51,216.6,32.84,0.596,,,,,,,,,-0.826,1.0,-40.9,0.894,1.295,,,,0.005,0.005,0.061,0.003,0.008,0.005,0.298,0.016,0.043,,,,,,,,,0.027,0.0,1.874,0.626,0.526
7/26/2026 05:22:04,2026-07-26 05:20:00,,,,46.03,17.44,10.65,35.6,17.49,17.45,218.7,32.86,0.766,,,,,,,,,-0.707,1.0,-33.24,1.295,1.98,,,,46.06,17.47,10.85,35.61,17.51,17.47,219.7,32.91,1.297,,,,,,,,,-0.702,1.0,-31.27,1.903,2.967,,,,45.94,17.41,10.44,35.51,17.46,17.42,217.7,32.81,0.683,,,,,,,,,-0.734,1.0,-36.77,0.444,0.318,,,,0.013,0.012,0.062,0.005,0.011,0.012,0.34,0.016,0.051,,,,,,,,,0.006,0.0,1.361,0.58,0.727
7/26/2026 05:18:15,2026-07-26 04:40:00,,,,46.09,17.5,10.66,35.6,17.54,17.51,217.7,32.89,0.694,,,,,,,,,-0.714,1.0,-33.79,1.016,1.531,,,,46.1,17.52,10.89,35.6,17.56,17.52,218.6,32.93,0.907,,,,,,,,,-0.701,1.0,-31.11,1.899,2.41,,,,46.06,17.48,10.49,35.58,17.52,17.49,216.9,32.84,0.607,,,,,,,,,-0.833,1.0,-42.94,0.449,0.311,,,,0.007,0.007,0.067,0.003,0.008,0.007,0.287,0.015,0.046,,,,,,,,,0.028,0.0,2.417,0.472,0.571
7/26/2026 05:18:08,2026-07-26 04:50:00,,,,46.08,17.49,10.65,35.6,17.53,17.5,217.9,32.88,0.719,,,,,,,,,-0.707,1.0,-33.33,0.894,1.473,,,,46.09,17.5,10.85,35.6,17.55,17.51,219.0,32.94,1.063,,,,,,,,,-0.702,1.0,-31.74,1.888,1.867,,,,46.06,17.47,10.47,35.58,17.51,17.48,216.7,32.82,0.634,,,,,,,,,-0.712,1.0,-34.81,0.451,0.313,,,,0.005,0.005,0.067,0.003,0.008,0.004,0.297,0.016,0.049,,,,,,,,,0.003,0.0,0.895,0.28,0.446
7/26/2026 05:17:32,2026-07-26 05:10:00,,,,46.05,17.46,10.65,35.6,17.5,17.47,218.4,32.87,0.759,,,,,,,,,-0.719,1.0,-33.83,0.94,1.302,,,,46.07,17.48,10.88,35.61,17.52,17.48,219.3,32.91,1.142,,,,,,,,,-0.702,1.0,-31.07,1.891,2.965,,,,46.01,17.45,10.48,35.56,17.48,17.45,217.5,32.82,0.668,,,,,,,,,-0.834,1.0,-43.21,0.44,0.311,,,,0.006,0.006,0.065,0.003,0.008,0.005,0.303,0.016,0.051,,,,,,,,,0.037,0.0,3.041,0.509,0.749
7/26/2026 05:09:11,2026-07-26 05:00:00,,,,46.06,17.48,10.65,35.6,17.52,17.48,218.1,32.88,0.738,,,,,,,,,-0.711,1.0,-33.47,0.898,1.3,,,,46.08,17.49,10.85,35.6,17.54,17.5,219.1,32.92,0.964,,,,,,,,,-0.701,1.0,-31.49,1.891,2.544,,,,46.05,17.46,10.44,35.59,17.5,17.47,217.2,32.82,0.634,,,,,,,,,-0.829,1.0,-41.81,0.453,0.313,,,,0.006,0.006,0.065,0.003,0.008,0.006,0.324,0.017,0.048,,,,,,,,,0.027,0.0,2.231,0.427,0.553
7/26/2026 04:23:59,2026-07-26 04:20:00,,,,46.11,17.53,10.66,35.59,17.56,17.53,217.4,32.89,0.66,,,,,,,,,-0.712,1.0,-33.48,0.851,1.21,,,,46.12,17.54,10.87,35.6,17.58,17.54,218.4,32.94,0.899,,,,,,,,,-0.701,1.0,-31.58,1.898,2.132,,,,46.09,17.51,10.45,35.58,17.55,17.52,216.6,32.84,0.583,,,,,,,,,-0.825,1.0,-41.6,0.445,0.313,,,,0.005,0.004,0.065,0.002,0.007,0.004,0.287,0.015,0.043,,,,,,,,,0.026,0.0,2.061,0.409,0.555
7/26/2026 04:12:20,2026-07-26 04:10:00,,,,46.12,17.53,10.66,35.59,17.57,17.54,217.4,32.89,0.651,,,,,,,,,-0.716,1.0,-33.85,1.342,2.005,,,,46.13,17.54,10.86,35.6,17.58,17.55,218.2,32.95,0.948,,,,,,,,,-0.701,1.0,-31.24,1.903,2.948,,,,46.1,17.51,10.46,35.58,17.55,17.52,216.4,32.85,0.568,,,,,,,,,-0.83,1.0,-46.64,0.9,1.286,,,,0.006,0.005,0.068,0.003,0.007,0.005,0.287,0.015,0.042,,,,,,,,,0.033,0.0,3.271,0.489,0.556
7/26/2026 04:08:42,2026-07-26 02:30:00,,,,46.2,17.62,10.66,35.59,17.66,17.63,216.6,32.9,0.601,,,,,,,,,-0.703,1.0,-32.92,0.897,1.206,,,,46.22,17.64,10.9,35.61,17.68,17.64,217.5,32.95,1.298,,,,,,,,,-0.698,1.0,-31.39,1.891,2.397,,,,46.18,17.59,10.47,35.58,17.64,17.6,215.6,32.85,0.518,,,,,,,,,-0.727,1.0,-35.16,0.444,0.307,,,,0.009,0.009,0.066,0.003,0.008,0.008,0.299,0.016,0.048,,,,,,,,,0.007,0.0,1.113,0.532,0.775
7/26/2026 04:05:25,2026-07-26 04:00:00,,,,46.12,17.54,10.66,35.59,17.57,17.54,217.2,32.9,0.637,,,,,,,,,-0.711,1.0,-33.37,1.045,1.702,,,,46.13,17.55,10.88,35.61,17.59,17.55,218.1,32.94,0.9,,,,,,,,,-0.701,1.0,-31.52,1.898,2.95,,,,46.1,17.52,10.5,35.57,17.56,17.53,216.3,32.85,0.56,,,,,,,,,-0.824,1.0,-40.41,0.45,0.309,,,,0.006,0.006,0.063,0.003,0.007,0.005,0.279,0.015,0.045,,,,,,,,,0.026,0.0,1.879,0.463,0.746
7/26/2026 03:58:23,2026-07-26 02:40:00,,,,46.18,17.6,10.66,35.59,17.64,17.6,216.8,32.9,0.609,,,,,,,,,-0.713,1.0,-33.86,1.035,1.489,,,,46.2,17.62,10.82,35.6,17.67,17.62,217.9,32.94,0.85,,,,,,,,,-0.698,1.0,-31.38,1.896,2.401,,,,46.16,17.58,10.49,35.58,17.62,17.59,216.0,32.84,0.536,,,,,,,,,-0.804,1.0,-39.91,0.441,0.309,,,,0.007,0.007,0.06,0.003,0.009,0.007,0.278,0.015,0.042,,,,,,,,,0.025,0.0,1.953,0.584,0.81
7/26/2026 03:57:20,2026-07-26 03:30:00,,,,46.14,17.55,10.66,35.59,17.59,17.56,216.9,32.91,0.595,,,,,,,,,-0.711,1.0,-33.51,1.007,1.654,,,,46.15,17.57,10.88,35.6,17.61,17.57,217.7,32.95,0.871,,,,,,,,,-0.699,1.0,-31.55,1.889,2.401,,,,46.12,17.54,10.48,35.58,17.57,17.55,216.0,32.86,0.523,,,,,,,,,-0.765,1.0,-36.37,0.448,0.764,,,,0.006,0.005,0.064,0.003,0.007,0.005,0.29,0.015,0.043,,,,,,,,,0.015,0.0,1.162,0.392,0.431
7/26/2026 03:55:46,2026-07-26 03:40:00,,,,46.13,17.55,10.66,35.59,17.58,17.55,216.9,32.91,0.604,,,,,,,,,-0.713,1.0,-33.83,0.865,1.551,,,,46.14,17.56,10.89,35.6,17.6,17.56,217.9,32.95,0.795,,,,,,,,,-0.7,1.0,-31.39,1.892,2.394,,,,46.11,17.53,10.45,35.58,17.57,17.54,216.1,32.86,0.529,,,,,,,,,-0.825,1.0,-41.51,0.447,0.31,,,,0.006,0.005,0.065,0.003,0.007,0.005,0.289,0.015,0.04,,,,,,,,,0.027,0.0,2.23,0.296,0.558
7/26/2026 03:55:25,2026-07-26 03:50:00,,,,46.13,17.54,10.66,35.59,17.58,17.55,217.0,32.91,0.624,,,,,,,,,-0.71,1.0,-33.57,0.8,1.026,,,,46.14,17.56,10.87,35.6,17.6,17.56,217.9,32.94,0.836,,,,,,,,,-0.7,1.0,-31.36,1.895,2.876,,,,46.11,17.53,10.47,35.58,17.56,17.54,216.3,32.86,0.549,,,,,,,,,-0.824,1.0,-41.77,0.444,0.307,,,,0.006,0.006,0.064,0.003,0.007,0.005,0.283,0.015,0.042,,,,,,,,,0.026,0.0,2.098,0.496,0.883
7/26/2026 03:28:38,2026-07-26 02:50:00,,,,46.16,17.58,10.66,35.59,17.62,17.59,216.9,32.9,0.611,,,,,,,,,-0.716,1.0,-33.99,1.345,1.923,,,,46.19,17.6,10.83,35.61,17.65,17.6,217.9,32.95,1.004,,,,,,,,,-0.699,1.0,-31.75,3.076,2.952,,,,46.15,17.56,10.48,35.58,17.6,17.57,215.9,32.84,0.541,,,,,,,,,-0.831,1.0,-42.1,0.441,0.309,,,,0.007,0.007,0.065,0.003,0.009,0.006,0.288,0.015,0.045,,,,,,,,,0.028,0.0,2.203,0.602,0.498
7/26/2026 03:21:17,2026-07-26 03:00:00,,,,46.15,17.57,10.66,35.59,17.61,17.58,216.9,32.9,0.599,,,,,,,,,-0.713,1.0,-33.59,0.939,1.442,,,,46.17,17.59,10.84,35.6,17.63,17.59,217.7,32.95,0.778,,,,,,,,,-0.698,1.0,-30.99,1.892,2.952,,,,46.13,17.55,10.45,35.58,17.59,17.56,215.9,32.85,0.509,,,,,,,,,-0.84,1.0,-42.3,0.448,0.313,,,,0.007,0.007,0.066,0.003,0.008,0.006,0.278,0.015,0.043,,,,,,,,,0.03,0.0,2.287,0.44,0.606
7/26/2026 03:21:04,2026-07-26 03:20:00,,,,46.14,17.56,10.66,35.59,17.6,17.57,216.8,32.91,0.593,,,,,,,,,-0.715,1.0,-33.65,0.981,1.523,,,,46.16,17.57,10.85,35.6,17.61,17.58,217.6,32.96,0.786,,,,,,,,,-0.699,1.0,-31.55,1.888,2.266,,,,46.07,17.54,10.48,35.53,17.58,17.55,215.9,32.87,0.516,,,,,,,,,-0.84,1.0,-42.87,0.443,0.311,,,,0.006,0.005,0.065,0.004,0.007,0.004,0.289,0.015,0.041,,,,,,,,,0.03,0.0,2.359,0.411,0.465
7/26/2026 03:20:11,2026-07-26 03:10:00,,,,46.14,17.56,10.66,35.59,17.6,17.57,216.8,32.91,0.585,,,,,,,,,-0.72,1.0,-34.19,0.721,1.143,,,,46.16,17.57,10.89,35.6,17.61,17.58,217.7,32.95,0.785,,,,,,,,,-0.7,1.0,-31.17,0.91,1.844,,,,46.13,17.55,10.44,35.58,17.58,17.55,216.0,32.86,0.518,,,,,,,,,-0.844,1.0,-43.2,0.437,0.307,,,,0.006,0.005,0.069,0.003,0.007,0.005,0.281,0.015,0.038,,,,,,,,,0.037,0.0,2.958,0.219,0.467
7/26/2026 02:21:38,2026-07-26 02:20:00,,,,46.22,17.64,10.66,35.59,17.68,17.65,216.4,32.9,0.585,,,,,,,,,-0.711,1.0,-33.25,1.246,1.94,,,,46.24,17.66,10.88,35.6,17.71,17.66,217.4,32.95,0.885,,,,,,,,,-0.697,1.0,-30.74,1.896,2.958,,,,46.2,17.61,10.44,35.58,17.66,17.62,215.4,32.84,0.496,,,,,,,,,-0.837,1.0,-42.58,0.447,0.764,,,,0.009,0.009,0.067,0.003,0.009,0.008,0.3,0.015,0.042,,,,,,,,,0.03,0.0,2.452,0.504,0.519
7/26/2026 02:11:47,2026-07-26 02:10:00,,,,46.24,17.66,10.66,35.59,17.7,17.67,216.2,32.9,0.573,,,,,,,,,-0.72,1.0,-34.21,1.173,1.726,,,,46.26,17.68,10.87,35.6,17.72,17.68,217.3,32.94,0.714,,,,,,,,,-0.698,1.0,-31.12,1.909,2.395,,,,46.22,17.64,10.48,35.58,17.68,17.65,215.4,32.85,0.495,,,,,,,,,-0.842,1.0,-44.29,0.449,0.305,,,,0.008,0.008,0.063,0.003,0.008,0.008,0.305,0.016,0.038,,,,,,,,,0.036,0.0,2.965,0.552,0.705
7/26/2026 02:03:28,2026-07-25 20:30:00,,,,46.3,17.71,10.7,35.59,17.74,17.72,215.6,32.91,0.506,,,,,,,,,-0.696,1.0,-32.35,1.006,1.497,,,,46.31,17.73,10.96,35.6,17.75,17.73,216.3,32.96,0.793,,,,,,,,,-0.688,1.0,-30.34,1.9,2.95,,,,46.28,17.7,10.54,35.58,17.73,17.71,214.6,32.87,0.434,,,,,,,,,-0.811,1.0,-40.54,0.437,0.307,,,,0.005,0.005,0.07,0.002,0.004,0.005,0.276,0.015,0.041,,,,,,,,,0.027,0.0,2.048,0.477,0.701
7/26/2026 02:01:42,2026-07-26 02:00:00,,,,46.26,17.67,10.67,35.59,17.71,17.68,216.1,32.9,0.554,,,,,,,,,-0.705,1.0,-33.12,1.096,1.647,,,,46.27,17.69,10.88,35.6,17.73,17.69,216.9,32.94,0.712,,,,,,,,,-0.697,1.0,-31.19,1.899,2.398,,,,46.24,17.65,10.44,35.58,17.69,17.66,215.3,32.86,0.488,,,,,,,,,-0.717,1.0,-35.39,0.455,0.771,,,,0.007,0.006,0.066,0.003,0.008,0.006,0.271,0.015,0.037,,,,,,,,,0.008,0.0,1.052,0.478,0.499
7/26/2026 01:55:44,2026-07-25 20:40:00,,,,46.3,17.71,10.7,35.59,17.74,17.72,215.5,32.91,0.483,,,,,,,,,-0.696,1.0,-32.56,1.156,1.791,,,,46.31,17.73,10.97,35.6,17.75,17.73,216.4,32.96,0.635,,,,,,,,,-0.689,1.0,-30.83,1.899,2.953,,,,46.28,17.7,10.51,35.58,17.73,17.71,214.6,32.86,0.415,,,,,,,,,-0.797,1.0,-37.75,0.441,0.302,,,,0.006,0.006,0.066,0.003,0.004,0.005,0.269,0.015,0.037,,,,,,,,,0.023,0.0,1.542,0.587,1.021
7/26/2026 01:54:41,2026-07-25 21:30:00,,,,46.3,17.72,10.7,35.59,17.75,17.73,215.7,32.9,0.508,,,,,,,,,-0.693,1.0,-31.84,1.12,1.736,,,,46.32,17.73,10.93,35.6,17.76,17.74,216.7,32.94,0.817,,,,,,,,,-0.689,1.0,-30.29,3.441,3.463,,,,46.28,17.7,10.48,35.58,17.74,17.71,214.9,32.85,0.429,,,,,,,,,-0.706,1.0,-33.27,0.451,0.309,,,,0.006,0.005,0.073,0.003,0.005,0.005,0.266,0.014,0.04,,,,,,,,,0.004,0.0,0.902,0.722,0.829
7/26/2026 01:50:55,2026-07-26 01:50:00,,,,46.27,17.68,10.67,35.59,17.72,17.69,216.2,32.89,0.566,,,,,,,,,-0.708,1.0,-33.18,0.817,1.265,,,,46.28,17.7,10.84,35.61,17.74,17.7,217.1,32.94,0.779,,,,,,,,,-0.698,1.0,-31.47,1.893,1.846,,,,46.25,17.66,10.48,35.58,17.7,17.67,215.2,32.84,0.499,,,,,,,,,-0.731,1.0,-35.75,0.443,0.304,,,,0.007,0.006,0.062,0.003,0.008,0.006,0.28,0.015,0.039,,,,,,,,,0.009,0.0,1.164,0.321,0.506
7/26/2026 01:47:59,2026-07-25 21:40:00,,,,46.3,17.72,10.7,35.59,17.75,17.73,215.7,32.9,0.5,,,,,,,,,-0.695,1.0,-32.16,1.852,2.5,,,,46.32,17.73,10.9,35.6,17.76,17.74,216.3,32.95,0.878,,,,,,,,,-0.69,1.0,-30.56,3.463,4.029,,,,46.28,17.7,10.47,35.58,17.74,17.71,214.8,32.87,0.429,,,,,,,,,-0.712,1.0,-35.6,0.902,1.277,,,,0.006,0.006,0.069,0.003,0.005,0.005,0.256,0.014,0.041,,,,,,,,,0.006,0.0,1.206,0.661,0.59
7/26/2026 01:46:10,2026-07-25 21:50:00,,,,46.3,17.72,10.7,35.59,17.75,17.72,215.6,32.91,0.495,,,,,,,,,-0.692,1.0,-31.95,1.203,1.705,,,,46.32,17.73,10.93,35.6,17.76,17.74,216.3,32.96,0.764,,,,,,,,,-0.691,1.0,-30.67,1.9,2.394,,,,46.28,17.7,10.5,35.58,17.74,17.71,214.7,32.87,0.427,,,,,,,,,-0.694,1.0,-33.29,0.448,0.761,,,,0.006,0.006,0.071,0.003,0.005,0.006,0.257,0.014,0.039,,,,,,,,,0.001,0.0,0.829,0.52,0.569
7/26/2026 01:45:35,2026-07-25 23:40:00,,,,46.32,17.73,10.68,35.59,17.76,17.74,215.8,32.89,0.511,,,,,,,,,-0.704,1.0,-33.13,1.52,2.092,,,,46.33,17.74,10.93,35.6,17.78,17.75,216.7,32.94,0.734,,,,,,,,,-0.693,1.0,-31.06,1.892,2.955,,,,46.29,17.71,10.51,35.58,17.75,17.71,214.9,32.85,0.436,,,,,,,,,-0.818,1.0,-41.27,0.436,0.303,,,,0.007,0.007,0.063,0.003,0.006,0.006,0.284,0.015,0.037,,,,,,,,,0.027,0.0,2.177,0.527,0.584
7/26/2026 01:45:20,2026-07-25 23:50:00,,,,46.32,17.73,10.68,35.59,17.76,17.74,215.8,32.89,0.517,,,,,,,,,-0.702,1.0,-32.75,1.161,1.721,,,,46.33,17.74,10.94,35.6,17.78,17.75,216.7,32.93,0.765,,,,,,,,,-0.694,1.0,-30.59,1.904,2.946,,,,46.29,17.71,10.51,35.58,17.75,17.72,215.0,32.85,0.448,,,,,,,,,-0.816,1.0,-40.17,0.444,0.305,,,,0.006,0.006,0.068,0.003,0.006,0.005,0.275,0.015,0.037,,,,,,,,,0.026,0.0,2.074,0.616,0.908
7/26/2026 01:45:01,2026-07-26 01:30:00,,,,46.29,17.7,10.67,35.59,17.74,17.71,216.2,32.88,0.565,,,,,,,,,-0.706,1.0,-32.78,0.954,1.604,,,,46.3,17.71,10.89,35.6,17.75,17.72,217.1,32.93,0.926,,,,,,,,,-0.696,1.0,-31.03,3.443,4.026,,,,46.27,17.68,10.5,35.58,17.72,17.69,215.2,32.83,0.482,,,,,,,,,-0.721,1.0,-34.83,0.885,1.283,,,,0.006,0.006,0.065,0.003,0.007,0.005,0.283,0.015,0.043,,,,,,,,,0.009,0.0,1.094,0.215,0.36
7/26/2026 01:43:34,2026-07-26 01:40:00,,,,46.28,17.69,10.67,35.59,17.73,17.7,216.1,32.89,0.558,,,,,,,,,-0.708,1.0,-33.15,0.859,1.356,,,,46.29,17.71,10.87,35.6,17.75,17.71,217.2,32.93,1.055,,,,,,,,,-0.697,1.0,-30.68,1.889,2.406,,,,46.26,17.68,10.52,35.58,17.71,17.69,215.2,32.83,0.487,,,,,,,,,-0.721,1.0,-35.78,0.45,0.762,,,,0.006,0.005,0.06,0.003,0.007,0.005,0.285,0.015,0.045,,,,,,,,,0.008,0.0,1.153,0.289,0.458
7/26/2026 01:28:36,2026-07-26 00:30:00,,,,46.31,17.72,10.68,35.59,17.75,17.73,216.2,32.87,0.571,,,,,,,,,-0.706,1.0,-33.12,0.719,1.077,,,,46.32,17.73,10.86,35.6,17.77,17.74,217.2,32.91,0.777,,,,,,,,,-0.694,1.0,-30.71,0.915,1.849,,,,46.28,17.7,10.47,35.58,17.74,17.71,215.5,32.82,0.504,,,,,,,,,-0.825,1.0,-41.28,0.439,0.31,,,,0.007,0.006,0.067,0.004,0.006,0.005,0.274,0.014,0.042,,,,,,,,,0.029,0.0,2.391,0.221,0.516
7/26/2026 01:28:11,2026-07-26 00:40:00,,,,46.3,17.72,10.67,35.59,17.75,17.72,216.2,32.88,0.564,,,,,,,,,-0.703,1.0,-33.17,1.248,1.85,,,,46.32,17.73,10.9,35.61,17.77,17.74,217.1,32.92,0.754,,,,,,,,,-0.695,1.0,-30.62,3.441,4.024,,,,46.28,17.7,10.5,35.58,17.74,17.71,215.3,32.83,0.495,,,,,,,,,-0.817,1.0,-40.36,0.456,0.316,,,,0.007,0.006,0.063,0.004,0.006,0.006,0.281,0.015,0.041,,,,,,,,,0.026,0.0,2.135,0.674,0.668
7/26/2026 01:26:12,2026-07-26 00:50:00,,,,46.3,17.71,10.67,35.59,17.75,17.72,216.0,32.88,0.557,,,,,,,,,-0.703,1.0,-32.79,0.789,1.261,,,,46.31,17.73,10.87,35.6,17.76,17.73,217.0,32.93,0.77,,,,,,,,,-0.694,1.0,-30.87,0.912,1.854,,,,46.25,17.7,10.49,35.55,17.73,17.7,215.2,32.83,0.482,,,,,,,,,-0.815,1.0,-42.09,0.44,0.31,,,,0.007,0.006,0.067,0.004,0.006,0.005,0.288,0.015,0.038,,,,,,,,,0.026,0.0,2.263,0.198,0.557
7/26/2026 01:22:22,2026-07-26 01:20:00,,,,46.29,17.71,10.67,35.59,17.74,17.71,216.2,32.88,0.57,,,,,,,,,-0.703,1.0,-32.85,1.408,2.019,,,,46.31,17.72,10.92,35.6,17.76,17.73,217.0,32.93,0.987,,,,,,,,,-0.696,1.0,-30.95,3.443,4.027,,,,46.27,17.68,10.48,35.58,17.73,17.69,215.3,32.83,0.494,,,,,,,,,-0.717,1.0,-34.47,0.438,0.307,,,,0.006,0.006,0.064,0.003,0.007,0.005,0.276,0.015,0.046,,,,,,,,,0.008,0.0,0.929,0.875,0.975
7/26/2026 01:19:48,2026-07-26 01:00:00,,,,46.3,17.71,10.67,35.59,17.75,17.72,216.1,32.88,0.564,,,,,,,,,-0.703,1.0,-33.11,0.747,1.083,,,,46.31,17.73,10.87,35.6,17.76,17.73,216.9,32.93,0.762,,,,,,,,,-0.694,1.0,-31.18,1.881,2.396,,,,46.28,17.69,10.53,35.58,17.73,17.7,215.2,32.84,0.488,,,,,,,,,-0.819,1.0,-41.16,0.437,0.304,,,,0.007,0.006,0.064,0.003,0.006,0.005,0.289,0.015,0.039,,,,,,,,,0.027,0.0,2.08,0.34,0.542
7/26/2026 01:19:39,2026-07-26 01:10:00,,,,46.3,17.71,10.67,35.59,17.74,17.72,216.1,32.88,0.555,,,,,,,,,-0.709,1.0,-33.37,0.845,1.374,,,,46.31,17.72,10.88,35.6,17.76,17.73,216.9,32.93,0.726,,,,,,,,,-0.691,1.0,-30.94,1.884,2.4,,,,46.27,17.69,10.51,35.57,17.73,17.7,215.3,32.84,0.481,,,,,,,,,-0.822,1.0,-41.06,0.435,0.309,,,,0.006,0.006,0.065,0.003,0.006,0.005,0.288,0.015,0.04,,,,,,,,,0.035,0.0,2.564,0.404,0.635
7/26/2026 00:21:15,2026-07-26 00:20:00,,,,46.31,17.72,10.68,35.59,17.76,17.73,216.0,32.88,0.55,,,,,,,,,-0.703,1.0,-32.92,1.229,1.853,,,,46.32,17.74,10.9,35.61,17.77,17.74,216.9,32.93,0.79,,,,,,,,,-0.694,1.0,-30.83,3.447,4.04,,,,46.29,17.7,10.48,35.58,17.74,17.71,215.2,32.84,0.475,,,,,,,,,-0.817,1.0,-40.17,0.449,0.311,,,,0.007,0.007,0.064,0.003,0.006,0.006,0.3,0.016,0.039,,,,,,,,,0.026,0.0,1.965,0.694,0.877
7/26/2026 00:11:26,2026-07-26 00:10:00,,,,46.31,17.73,10.68,35.59,17.76,17.73,216.0,32.88,0.541,,,,,,,,,-0.708,1.0,-33.32,1.007,1.708,,,,46.32,17.74,10.9,35.6,17.77,17.74,216.7,32.93,0.79,,,,,,,,,-0.693,1.0,-31.17,1.89,2.403,,,,46.29,17.71,10.47,35.58,17.74,17.72,215.1,32.84,0.475,,,,,,,,,-0.821,1.0,-44.42,0.448,0.308,,,,0.006,0.005,0.069,0.003,0.006,0.005,0.291,0.015,0.04,,,,,,,,,0.034,0.0,2.906,0.396,0.498
7/26/2026 00:01:11,2026-07-26 00:00:00,,,,46.31,17.73,10.68,35.59,17.76,17.73,216.0,32.88,0.539,,,,,,,,,-0.704,1.0,-32.85,1.108,1.688,,,,46.33,17.74,10.86,35.6,17.77,17.74,216.8,32.93,0.911,,,,,,,,,-0.694,1.0,-30.83,1.9,2.41,,,,46.29,17.71,10.48,35.58,17.75,17.72,215.2,32.84,0.47,,,,,,,,,-0.815,1.0,-42.25,0.452,0.316,,,,0.006,0.006,0.069,0.003,0.006,0.005,0.263,0.014,0.042,,,,,,,,,0.026,0.0,2.369,0.472,0.589
7/25/2026 23:32:05,2026-07-25 22:00:00,,,,46.31,17.72,10.7,35.59,17.75,17.73,215.5,32.91,0.499,,,,,,,,,-0.695,1.0,-32.23,0.927,1.281,,,,46.32,17.74,10.91,35.61,17.76,17.74,216.3,32.94,0.674,,,,,,,,,-0.69,1.0,-30.49,1.894,2.395,,,,46.29,17.7,10.5,35.57,17.74,17.71,214.8,32.86,0.433,,,,,,,,,-0.713,1.0,-34.06,0.447,0.305,,,,0.007,0.006,0.071,0.003,0.005,0.006,0.244,0.013,0.038,,,,,,,,,0.005,0.0,1.056,0.417,0.605
7/25/2026 23:31:49,2026-07-25 23:30:00,,,,46.32,17.73,10.69,35.59,17.76,17.74,215.6,32.9,0.507,,,,,,,,,-0.702,1.0,-32.61,0.805,1.09,,,,46.33,17.74,10.9,35.6,17.78,17.75,216.5,32.95,0.811,,,,,,,,,-0.693,1.0,-30.63,1.892,2.943,,,,46.3,17.72,10.49,35.58,17.75,17.73,214.6,32.85,0.433,,,,,,,,,-0.816,1.0,-39.54,0.44,0.303,,,,0.005,0.005,0.067,0.003,0.006,0.005,0.288,0.016,0.039,,,,,,,,,0.026,0.0,1.786,0.488,0.781
7/25/2026 23:29:32,2026-07-25 22:10:00,,,,46.31,17.72,10.69,35.59,17.75,17.73,215.4,32.91,0.488,,,,,,,,,-0.705,1.0,-33.02,1.132,1.465,,,,46.33,17.74,10.94,35.61,17.77,17.74,216.2,32.96,0.687,,,,,,,,,-0.691,1.0,-30.75,1.913,2.835,,,,46.28,17.7,10.5,35.58,17.74,17.71,214.6,32.87,0.415,,,,,,,,,-0.821,1.0,-42.71,0.446,0.309,,,,0.007,0.007,0.072,0.003,0.005,0.006,0.267,0.014,0.037,,,,,,,,,0.035,0.0,2.773,0.598,0.853
7/25/2026 23:23:49,2026-07-25 23:20:00,,,,46.32,17.74,10.69,35.59,17.77,17.74,214.9,32.94,0.479,,,,,,,,,-0.701,1.0,-32.43,0.829,1.148,,,,46.34,17.75,10.94,35.6,17.78,17.76,215.8,32.98,0.791,,,,,,,,,-0.692,1.0,-30.44,1.908,2.397,,,,46.3,17.72,10.49,35.58,17.75,17.73,214.0,32.89,0.415,,,,,,,,,-0.814,1.0,-40.8,0.445,0.304,,,,0.006,0.006,0.069,0.003,0.006,0.005,0.291,0.016,0.037,,,,,,,,,0.026,0.0,2.109,0.557,0.825
7/25/2026 23:18:59,2026-07-25 22:20:00,,,,46.31,17.73,10.7,35.59,17.75,17.73,215.3,32.92,0.479,,,,,,,,,-0.698,1.0,-32.64,0.799,1.234,,,,46.33,17.74,10.91,35.6,17.77,17.75,216.3,32.96,0.89,,,,,,,,,-0.691,1.0,-30.39,1.893,2.946,,,,46.29,17.71,10.52,35.58,17.74,17.72,214.5,32.87,0.419,,,,,,,,,-0.8,1.0,-39.03,0.44,0.305,,,,0.006,0.006,0.071,0.003,0.005,0.005,0.271,0.014,0.039,,,,,,,,,0.023,0.0,1.802,0.422,0.77
7/25/2026 23:15:22,2026-07-25 22:30:00,,,,46.31,17.73,10.69,35.59,17.76,17.74,215.2,32.92,0.484,,,,,,,,,-0.701,1.0,-32.86,1.023,1.547,,,,46.33,17.74,10.89,35.6,17.77,17.75,216.0,32.96,0.624,,,,,,,,,-0.691,1.0,-30.78,1.899,2.39,,,,46.29,17.71,10.52,35.57,17.74,17.72,214.4,32.88,0.419,,,,,,,,,-0.814,1.0,-41.12,0.45,0.307,,,,0.007,0.007,0.066,0.003,0.005,0.006,0.26,0.014,0.036,,,,,,,,,0.027,0.0,2.119,0.463,0.627
7/25/2026 23:12:25,2026-07-25 23:10:00,,,,46.32,17.74,10.69,35.59,17.76,17.74,214.9,32.94,0.491,,,,,,,,,-0.707,1.0,-33.1,0.696,0.979,,,,46.34,17.75,10.88,35.6,17.78,17.76,215.7,32.99,0.825,,,,,,,,,-0.693,1.0,-30.23,1.211,1.836,,,,46.3,17.71,10.49,35.58,17.75,17.72,213.9,32.89,0.407,,,,,,,,,-0.838,1.0,-42.83,0.444,0.303,,,,0.006,0.006,0.071,0.003,0.006,0.005,0.313,0.017,0.041,,,,,,,,,0.039,0.0,3.06,0.223,0.626
7/25/2026 23:09:40,2026-07-25 22:40:00,,,,46.32,17.73,10.69,35.59,17.76,17.74,215.0,32.93,0.494,,,,,,,,,-0.699,1.0,-32.41,1.012,1.569,,,,46.33,17.75,10.93,35.6,17.77,17.75,216.0,32.97,0.837,,,,,,,,,-0.692,1.0,-30.33,1.893,2.395,,,,46.29,17.71,10.51,35.57,17.75,17.72,214.3,32.88,0.425,,,,,,,,,-0.801,1.0,-39.95,0.454,0.307,,,,0.007,0.007,0.071,0.003,0.006,0.006,0.303,0.017,0.039,,,,,,,,,0.023,0.0,1.938,0.391,0.521
7/25/2026 23:07:04,2026-07-25 22:50:00,,,,46.31,17.73,10.69,35.59,17.76,17.74,214.9,32.94,0.486,,,,,,,,,-0.701,1.0,-32.58,1.106,1.75,,,,46.33,17.75,10.92,35.6,17.77,17.75,215.6,32.99,0.738,,,,,,,,,-0.692,1.0,-29.98,1.904,2.387,,,,46.29,17.71,10.47,35.58,17.75,17.72,213.9,32.9,0.423,,,,,,,,,-0.815,1.0,-41.42,0.454,0.307,,,,0.007,0.007,0.073,0.003,0.006,0.006,0.265,0.014,0.034,,,,,,,,,0.026,0.0,2.217,0.343,0.401
7/25/2026 23:03:25,2026-07-25 23:00:00,,,,46.32,17.73,10.69,35.59,17.76,17.74,214.8,32.94,0.488,,,,,,,,,-0.7,1.0,-32.58,1.386,1.914,,,,46.34,17.75,10.92,35.6,17.77,17.75,215.7,32.98,0.655,,,,,,,,,-0.692,1.0,-30.49,1.906,2.396,,,,46.29,17.71,10.5,35.57,17.75,17.72,213.9,32.9,0.426,,,,,,,,,-0.814,1.0,-40.55,0.904,0.761,,,,0.007,0.006,0.069,0.003,0.006,0.005,0.277,0.015,0.035,,,,,,,,,0.026,0.0,2.084,0.443,0.431
7/25/2026 21:29:07,2026-07-25 20:50:00,,,,46.3,17.71,10.7,35.59,17.74,17.72,215.6,32.91,0.495,,,,,,,,,-0.691,1.0,-31.98,1.133,1.626,,,,46.31,17.73,10.92,35.6,17.75,17.73,216.5,32.95,0.751,,,,,,,,,-0.688,1.0,-30.43,1.971,2.942,,,,46.28,17.69,10.48,35.58,17.73,17.7,214.9,32.86,0.419,,,,,,,,,-0.714,1.0,-33.31,0.443,0.306,,,,0.007,0.006,0.066,0.003,0.004,0.006,0.256,0.014,0.038,,,,,,,,,0.005,0.0,0.883,0.571,0.797
7/25/2026 21:24:41,2026-07-25 21:00:00,,,,46.3,17.72,10.7,35.59,17.74,17.72,215.6,32.91,0.495,,,,,,,,,-0.697,1.0,-32.71,0.873,1.451,,,,46.31,17.73,10.9,35.6,17.76,17.73,216.3,32.95,0.651,,,,,,,,,-0.688,1.0,-30.24,1.89,2.947,,,,46.28,17.7,10.53,35.57,17.73,17.71,214.8,32.87,0.425,,,,,,,,,-0.823,1.0,-41.69,0.453,0.303,,,,0.006,0.005,0.066,0.003,0.004,0.005,0.251,0.014,0.038,,,,,,,,,0.029,0.0,2.388,0.474,0.744
7/25/2026 21:22:57,2026-07-25 21:10:00,,,,46.3,17.72,10.7,35.59,17.74,17.72,215.8,32.9,0.515,,,,,,,,,-0.702,1.0,-32.66,0.845,1.082,,,,46.31,17.73,11.02,35.6,17.76,17.73,216.7,32.94,0.661,,,,,,,,,-0.689,1.0,-30.28,1.894,2.947,,,,46.28,17.7,10.53,35.58,17.73,17.71,215.0,32.85,0.441,,,,,,,,,-0.813,1.0,-42.95,0.446,0.303,,,,0.006,0.006,0.07,0.003,0.005,0.005,0.276,0.015,0.038,,,,,,,,,0.035,0.0,3.097,0.454,0.683
7/25/2026 21:22:33,2026-07-25 21:20:00,,,,46.3,17.72,10.7,35.59,17.75,17.73,215.8,32.9,0.517,,,,,,,,,-0.694,1.0,-32.05,1.589,1.963,,,,46.32,17.73,10.95,35.6,17.76,17.74,216.5,32.95,0.67,,,,,,,,,-0.688,1.0,-30.57,3.461,4.025,,,,46.28,17.7,10.51,35.58,17.74,17.71,214.8,32.86,0.447,,,,,,,,,-0.741,1.0,-34.83,0.447,0.303,,,,0.006,0.006,0.07,0.003,0.005,0.005,0.281,0.015,0.039,,,,,,,,,0.011,0.0,1.19,1.088,1.281
7/25/2026 20:25:50,2026-07-25 18:40:00,,,,46.27,17.69,10.71,35.59,17.72,17.69,216.4,32.87,0.6,,,,,,,,,-0.699,1.0,-32.49,0.838,1.193,,,,46.29,17.71,10.9,35.6,17.72,17.71,217.5,32.93,0.829,,,,,,,,,-0.691,1.0,-30.23,1.889,2.405,,,,46.25,17.67,10.5,35.58,17.71,17.67,215.3,32.81,0.511,,,,,,,,,-0.808,1.0,-40.11,0.439,0.309,,,,0.008,0.008,0.07,0.003,0.003,0.007,0.304,0.016,0.045,,,,,,,,,0.025,0.0,1.993,0.407,0.689
7/25/2026 20:24:36,2026-07-25 18:50:00,,,,46.28,17.69,10.71,35.59,17.72,17.7,216.6,32.87,0.616,,,,,,,,,-0.698,1.0,-32.24,1.153,1.766,,,,46.3,17.71,10.95,35.6,17.73,17.72,217.7,32.91,0.952,,,,,,,,,-0.69,1.0,-30.52,1.895,2.955,,,,46.25,17.67,10.52,35.58,17.71,17.68,215.7,32.81,0.476,,,,,,,,,-0.807,1.0,-40.08,0.443,0.309,,,,0.008,0.008,0.069,0.003,0.004,0.007,0.371,0.019,0.058,,,,,,,,,0.025,0.0,2.078,0.561,0.752
7/25/2026 20:22:55,2026-07-25 19:00:00,,,,46.28,17.7,10.71,35.59,17.72,17.7,216.0,32.89,0.563,,,,,,,,,-0.697,1.0,-32.2,1.424,1.974,,,,46.3,17.71,10.93,35.61,17.74,17.72,217.3,32.94,0.771,,,,,,,,,-0.69,1.0,-29.72,3.439,4.035,,,,46.26,17.68,10.5,35.58,17.72,17.68,215.1,32.83,0.471,,,,,,,,,-0.807,1.0,-40.04,0.445,0.761,,,,0.008,0.007,0.072,0.004,0.003,0.007,0.38,0.02,0.051,,,,,,,,,0.025,0.0,2.071,0.795,0.782
7/25/2026 20:21:59,2026-07-25 19:10:00,,,,46.28,17.7,10.71,35.59,17.72,17.7,216.8,32.85,0.644,,,,,,,,,-0.702,1.0,-32.77,0.953,1.531,,,,46.3,17.71,10.93,35.6,17.74,17.72,217.7,32.9,0.934,,,,,,,,,-0.689,1.0,-30.49,1.887,2.396,,,,46.26,17.68,10.53,35.57,17.72,17.69,215.9,32.81,0.562,,,,,,,,,-0.81,1.0,-41.43,0.437,0.311,,,,0.007,0.006,0.068,0.003,0.003,0.005,0.279,0.015,0.048,,,,,,,,,0.034,0.0,2.909,0.423,0.529
7/25/2026 20:21:44,2026-07-25 19:20:00,,,,46.29,17.7,10.71,35.59,17.73,17.71,216.2,32.88,0.576,,,,,,,,,-0.692,1.0,-31.92,0.977,1.446,,,,46.3,17.72,10.93,35.6,17.74,17.72,217.3,32.94,0.876,,,,,,,,,-0.687,1.0,-30.21,1.883,2.4,,,,46.26,17.68,10.53,35.58,17.72,17.68,215.1,32.83,0.473,,,,,,,,,-0.721,1.0,-35.3,0.432,0.308,,,,0.007,0.006,0.068,0.003,0.003,0.006,0.356,0.019,0.053,,,,,,,,,0.008,0.0,1.145,0.413,0.59
7/25/2026 20:20:39,2026-07-25 20:20:00,,,,46.3,17.71,10.7,35.59,17.74,17.72,215.6,32.91,0.514,,,,,,,,,-0.697,1.0,-32.3,0.913,1.37,,,,46.31,17.73,10.88,35.6,17.75,17.73,216.5,32.95,0.712,,,,,,,,,-0.688,1.0,-30.44,1.891,2.396,,,,46.28,17.69,10.53,35.58,17.73,17.7,214.8,32.86,0.44,,,,,,,,,-0.813,1.0,-40.44,0.437,0.314,,,,0.006,0.006,0.066,0.003,0.004,0.005,0.282,0.015,0.039,,,,,,,,,0.027,0.0,2.098,0.525,0.743
7/25/2026 20:16:47,2026-07-25 19:30:00,,,,46.29,17.7,10.71,35.59,17.73,17.71,216.3,32.88,0.587,,,,,,,,,-0.693,1.0,-32.08,0.91,1.366,,,,46.3,17.72,10.92,35.6,17.74,17.72,217.3,32.93,0.818,,,,,,,,,-0.688,1.0,-30.58,1.891,1.849,,,,46.27,17.68,10.51,35.58,17.72,17.69,215.3,32.82,0.48,,,,,,,,,-0.716,1.0,-34.26,0.446,0.307,,,,0.007,0.006,0.067,0.003,0.003,0.006,0.337,0.018,0.049,,,,,,,,,0.006,0.0,1.067,0.372,0.537
7/25/2026 20:14:01,2026-07-25 20:10:00,,,,46.3,17.71,10.7,35.59,17.74,17.72,215.6,32.91,0.521,,,,,,,,,-0.702,1.0,-32.67,0.994,1.345,,,,46.31,17.72,10.93,35.6,17.75,17.73,216.4,32.96,0.717,,,,,,,,,-0.687,1.0,-30.81,1.888,2.401,,,,46.28,17.7,10.51,35.58,17.73,17.7,214.6,32.86,0.439,,,,,,,,,-0.811,1.0,-41.57,0.438,0.305,,,,0.006,0.005,0.067,0.003,0.004,0.005,0.27,0.014,0.041,,,,,,,,,0.034,0.0,2.629,0.611,0.78
7/25/2026 20:02:57,2026-07-25 20:00:00,,,,46.29,17.71,10.7,35.59,17.74,17.72,216.1,32.88,0.566,,,,,,,,,-0.689,1.0,-31.9,1.35,1.98,,,,46.31,17.72,10.95,35.6,17.75,17.73,217.3,32.95,0.778,,,,,,,,,-0.687,1.0,-30.23,1.893,2.961,,,,46.27,17.69,10.49,35.58,17.73,17.7,215.0,32.82,0.47,,,,,,,,,-0.701,1.0,-33.66,0.448,0.313,,,,0.007,0.007,0.07,0.003,0.004,0.006,0.397,0.02,0.05,,,,,,,,,0.003,0.0,0.989,0.511,0.582
7/25/2026 20:00:23,2026-07-25 19:40:00,,,,46.28,17.7,10.7,35.59,17.73,17.71,216.9,32.84,0.655,,,,,,,,,-0.693,1.0,-31.94,0.862,1.4,,,,46.3,17.71,10.92,35.6,17.74,17.72,218.0,32.9,0.923,,,,,,,,,-0.692,1.0,-30.64,1.899,2.4,,,,46.27,17.68,10.47,35.58,17.72,17.69,215.9,32.79,0.553,,,,,,,,,-0.695,1.0,-33.68,0.433,0.308,,,,0.006,0.006,0.068,0.003,0.004,0.005,0.322,0.017,0.049,,,,,,,,,0.001,0.0,0.742,0.4,0.662
7/25/2026 19:58:33,2026-07-25 19:50:00,,,,46.29,17.71,10.71,35.59,17.73,17.71,216.7,32.85,0.635,,,,,,,,,-0.692,1.0,-32.12,1.011,1.383,,,,46.31,17.72,10.95,35.6,17.74,17.73,217.7,32.9,0.924,,,,,,,,,-0.688,1.0,-30.77,1.899,3.477,,,,46.27,17.68,10.52,35.58,17.72,17.69,215.8,32.81,0.543,,,,,,,,,-0.711,1.0,-34.41,0.437,0.305,,,,0.006,0.006,0.068,0.003,0.004,0.006,0.281,0.015,0.046,,,,,,,,,0.005,0.0,1.058,0.597,0.912
7/25/2026 11:32:50,2026-07-25 11:30:00,,,,46.3,17.71,10.73,35.59,17.74,17.72,216.9,32.84,0.268,,,,,,,,,-0.693,1.0,-32.05,270.4,281.3,,,,46.31,17.72,10.98,35.6,17.75,17.73,218.0,32.88,0.364,,,,,,,,,-0.684,1.0,-29.9,292.6,338.7,,,,46.29,17.7,10.56,35.59,17.74,17.71,216.1,32.78,0.232,,,,,,,,,-0.802,1.0,-39.77,239.5,258.2,,,,0.003,0.003,0.075,0.001,0.003,0.003,0.3,0.016,0.016,,,,,,,,,0.025,0.0,1.998,13.03,17.7
7/25/2026 11:28:11,2026-07-25 11:00:00,,,,46.31,17.72,10.74,35.59,17.76,17.73,216.4,32.86,0.263,,,,,,,,,-0.695,1.0,-32.4,262.3,267.4,,,,46.32,17.73,10.95,35.6,17.76,17.74,217.4,32.9,0.437,,,,,,,,,-0.685,1.0,-29.62,363.2,376.9,,,,46.3,17.72,10.54,35.58,17.75,17.72,215.6,32.81,0.197,,,,,,,,,-0.804,1.0,-40.18,162.4,163.6,,,,0.003,0.003,0.07,0.002,0.003,0.002,0.28,0.015,0.033,,,,,,,,,0.026,0.0,2.187,71.17,74.67
7/25/2026 11:27:15,2026-07-25 11:10:00,,,,46.31,17.72,10.73,35.59,17.75,17.73,216.6,32.85,0.252,,,,,,,,,-0.699,1.0,-32.32,304.9,309.6,,,,46.31,17.73,11.01,35.6,17.76,17.73,217.4,32.89,0.329,,,,,,,,,-0.685,1.0,-30.21,363.2,376.9,,,,46.3,17.71,10.53,35.59,17.74,17.72,215.9,32.81,0.213,,,,,,,,,-0.805,1.0,-40.83,267.4,272.0,,,,0.003,0.003,0.076,0.001,0.003,0.003,0.27,0.014,0.017,,,,,,,,,0.034,0.0,2.649,25.23,25.38
7/25/2026 11:26:55,2026-07-25 11:20:00,,,,46.3,17.72,10.73,35.59,17.75,17.72,216.8,32.84,0.256,,,,,,,,,-0.694,1.0,-32.25,284.8,292.6,,,,46.31,17.72,10.97,35.6,17.76,17.73,217.6,32.89,0.369,,,,,,,,,-0.685,1.0,-29.92,322.1,323.2,,,,46.29,17.71,10.56,35.58,17.74,17.72,215.8,32.8,0.217,,,,,,,,,-0.804,1.0,-40.19,256.8,261.0,,,,0.003,0.002,0.073,0.002,0.003,0.002,0.27,0.014,0.016,,,,,,,,,0.026,0.0,2.11,18.47,17.85
7/25/2026 09:28:50,2026-07-25 08:20:00,,,,46.36,17.77,10.74,35.59,17.8,17.78,215.5,32.89,0.247,,,,,,,,,-0.695,1.0,-32.16,60.36,229.8,,,,46.37,17.78,10.99,35.6,17.81,17.79,216.2,32.93,0.317,,,,,,,,,-0.677,1.0,-29.82,72.95,313.8,,,,46.34,17.76,10.55,35.58,17.79,17.76,214.7,32.85,0.215,,,,,,,,,-0.809,1.0,-40.09,47.82,138.5,,,,0.005,0.005,0.074,0.002,0.004,0.005,0.262,0.014,0.013,,,,,,,,,0.026,0.0,2.092,5.047,46.78
7/25/2026 09:28:35,2026-07-25 08:30:00,,,,46.35,17.77,10.74,35.59,17.8,17.78,215.5,32.89,0.245,,,,,,,,,-0.694,1.0,-32.49,60.38,236.3,,,,46.37,17.78,10.96,35.6,17.81,17.79,216.3,32.94,0.406,,,,,,,,,-0.684,1.0,-30.56,77.8,365.4,,,,46.33,17.75,10.53,35.58,17.79,17.76,214.6,32.85,0.211,,,,,,,,,-0.808,1.0,-39.84,52.79,141.6,,,,0.005,0.005,0.071,0.002,0.004,0.005,0.287,0.015,0.014,,,,,,,,,0.026,0.0,1.998,5.627,52.95
7/25/2026 09:23:39,2026-07-25 09:20:00,,,,46.35,17.77,10.74,35.59,17.8,17.78,215.3,32.9,0.198,,,,,,,,,-0.694,1.0,-32.1,124.6,393.6,,,,46.36,17.78,11.05,35.6,17.81,17.78,216.2,32.94,0.388,,,,,,,,,-0.686,1.0,-30.25,203.5,522.2,,,,46.34,17.76,10.56,35.58,17.79,17.77,214.5,32.85,0.17,,,,,,,,,-0.724,1.0,-35.05,67.5,232.7,,,,0.003,0.003,0.076,0.002,0.002,0.003,0.276,0.015,0.015,,,,,,,,,0.008,0.0,1.156,41.85,77.98
7/25/2026 09:18:27,2026-07-25 09:10:00,,,,46.35,17.77,10.74,35.59,17.8,17.78,215.2,32.91,0.203,,,,,,,,,-0.706,1.0,-33.14,66.53,346.0,,,,46.36,17.78,11.01,35.6,17.81,17.78,216.0,32.95,0.333,,,,,,,,,-0.69,1.0,-30.35,73.98,438.6,,,,46.34,17.75,10.54,35.58,17.79,17.76,214.4,32.86,0.176,,,,,,,,,-0.816,1.0,-41.03,58.38,223.3,,,,0.005,0.005,0.074,0.002,0.003,0.004,0.268,0.014,0.013,,,,,,,,,0.035,0.0,2.754,3.665,47.56
7/25/2026 09:05:41,2026-07-25 09:00:00,,,,46.35,17.77,10.74,35.59,17.8,17.77,215.3,32.9,0.209,,,,,,,,,-0.703,1.0,-32.86,60.36,339.5,,,,46.36,17.77,10.98,35.6,17.8,17.78,216.1,32.95,0.386,,,,,,,,,-0.69,1.0,-30.8,72.4,398.0,,,,46.34,17.75,10.57,35.58,17.79,17.76,214.4,32.86,0.181,,,,,,,,,-0.81,1.0,-39.63,50.0,253.8,,,,0.004,0.004,0.073,0.002,0.003,0.003,0.275,0.015,0.016,,,,,,,,,0.025,0.0,1.872,4.766,37.91
7/25/2026 08:56:34,2026-07-25 08:40:00,,,,46.35,17.77,10.74,35.59,17.8,17.77,215.3,32.9,0.232,,,,,,,,,-0.696,1.0,-32.16,64.19,284.7,,,,46.36,17.78,10.99,35.6,17.81,17.78,216.1,32.95,0.343,,,,,,,,,-0.686,1.0,-30.01,72.43,366.1,,,,46.34,17.75,10.53,35.58,17.79,17.76,214.4,32.86,0.205,,,,,,,,,-0.795,1.0,-39.3,55.53,141.6,,,,0.005,0.005,0.07,0.002,0.004,0.004,0.279,0.015,0.015,,,,,,,,,0.023,0.0,1.927,5.012,48.92
7/25/2026 08:56:23,2026-07-25 08:50:00,,,,46.35,17.77,10.74,35.59,17.8,17.77,215.2,32.9,0.222,,,,,,,,,-0.699,1.0,-32.47,62.36,317.9,,,,46.36,17.78,11.0,35.6,17.81,17.78,216.0,32.95,0.569,,,,,,,,,-0.69,1.0,-30.49,77.82,414.7,,,,46.34,17.76,10.56,35.58,17.79,17.76,214.3,32.86,0.193,,,,,,,,,-0.812,1.0,-39.86,50.0,212.2,,,,0.004,0.004,0.074,0.002,0.003,0.004,0.268,0.014,0.022,,,,,,,,,0.026,0.0,1.903,7.291,49.03
7/25/2026 07:27:10,2026-07-25 07:10:00,,,,46.36,17.77,10.74,35.59,17.81,17.78,215.3,32.9,0.436,,,,,,,,,-0.719,1.0,-34.02,26.69,27.43,,,,46.37,17.79,11.03,35.6,17.82,17.79,216.1,32.95,0.824,,,,,,,,,-0.702,1.0,-30.84,29.53,31.27,,,,46.33,17.75,10.55,35.58,17.79,17.76,214.4,32.86,0.383,,,,,,,,,-0.846,1.0,-43.66,24.03,23.48,,,,0.007,0.007,0.076,0.003,0.007,0.006,0.288,0.015,0.036,,,,,,,,,0.039,0.0,3.023,1.609,1.828
7/25/2026 07:26:14,2026-07-25 07:20:00,,,,46.36,17.77,10.74,35.59,17.8,17.78,215.3,32.9,0.422,,,,,,,,,-0.713,1.0,-33.53,36.3,37.02,,,,46.37,17.78,11.02,35.6,17.82,17.79,216.2,32.95,0.802,,,,,,,,,-0.702,1.0,-31.34,57.91,57.89,,,,46.34,17.75,10.53,35.58,17.79,17.76,214.3,32.85,0.367,,,,,,,,,-0.829,1.0,-42.03,18.94,19.68,,,,0.006,0.006,0.071,0.003,0.007,0.005,0.293,0.016,0.03,,,,,,,,,0.027,0.0,2.25,10.68,10.5
7/25/2026 06:29:44,2026-07-25 06:20:00,,,,46.36,17.78,10.74,35.59,17.81,17.78,215.0,32.92,0.435,,,,,,,,,-0.714,1.0,-33.61,3.945,4.819,,,,46.37,17.79,10.98,35.6,17.82,17.79,215.8,32.96,0.631,,,,,,,,,-0.704,1.0,-31.68,6.152,7.342,,,,46.34,17.75,10.54,35.58,17.8,17.76,214.1,32.87,0.371,,,,,,,,,-0.831,1.0,-41.42,0.906,1.305,,,,0.006,0.006,0.073,0.003,0.007,0.005,0.287,0.015,0.032,,,,,,,,,0.027,0.0,2.014,1.594,1.584
7/25/2026 06:13:28,2026-07-25 05:50:00,,,,46.36,17.77,10.74,35.59,17.8,17.78,214.8,32.92,0.412,,,,,,,,,-0.707,1.0,-33.41,1.052,1.517,,,,46.37,17.79,10.94,35.6,17.82,17.79,215.7,32.98,0.637,,,,,,,,,-0.701,1.0,-31.38,1.904,2.96,,,,46.34,17.75,10.56,35.58,17.79,17.76,213.8,32.88,0.36,,,,,,,,,-0.781,1.0,-39.14,0.451,0.319,,,,0.006,0.006,0.069,0.003,0.007,0.005,0.307,0.017,0.03,,,,,,,,,0.017,0.0,1.708,0.642,0.93
7/25/2026 06:09:39,2026-07-25 05:40:00,,,,46.36,17.77,10.74,35.59,17.8,17.78,214.4,32.95,0.405,,,,,,,,,-0.71,1.0,-33.57,1.136,1.722,,,,46.37,17.78,10.96,35.6,17.82,17.79,215.6,33.0,0.66,,,,,,,,,-0.699,1.0,-31.26,1.905,2.415,,,,46.33,17.75,10.55,35.58,17.79,17.76,213.4,32.89,0.344,,,,,,,,,-0.846,1.0,-43.33,0.463,0.319,,,,0.006,0.006,0.073,0.003,0.007,0.005,0.348,0.019,0.034,,,,,,,,,0.031,0.0,2.429,0.452,0.561
7/25/2026 06:08:19,2026-07-25 06:00:00,,,,46.36,17.77,10.74,35.59,17.81,17.78,214.9,32.92,0.414,,,,,,,,,-0.71,1.0,-33.59,1.135,1.812,,,,46.37,17.79,10.96,35.6,17.82,17.79,215.8,32.97,0.759,,,,,,,,,-0.7,1.0,-31.7,1.912,2.972,,,,46.34,17.75,10.54,35.58,17.79,17.76,214.1,32.87,0.353,,,,,,,,,-0.828,1.0,-40.97,0.453,0.319,,,,0.007,0.007,0.071,0.003,0.007,0.006,0.295,0.016,0.036,,,,,,,,,0.027,0.0,1.949,0.537,0.813
7/25/2026 05:28:45,2026-07-25 02:30:00,,,,46.35,17.77,10.75,35.59,17.79,17.77,214.5,32.95,0.431,,,,,,,,,-0.702,1.0,-32.92,1.549,2.159,,,,46.36,17.78,10.98,35.6,17.81,17.78,215.2,33.0,0.575,,,,,,,,,-0.693,1.0,-30.39,1.906,2.957,,,,46.33,17.75,10.49,35.58,17.78,17.76,213.6,32.9,0.367,,,,,,,,,-0.817,1.0,-40.34,0.463,0.782,,,,0.006,0.006,0.072,0.002,0.006,0.005,0.297,0.016,0.031,,,,,,,,,0.026,0.0,1.933,0.47,0.408
7/25/2026 05:24:11,2026-07-25 02:40:00,,,,46.36,17.77,10.74,35.59,17.8,17.78,214.2,32.96,0.413,,,,,,,,,-0.704,1.0,-32.69,0.849,1.251,,,,46.37,17.78,10.99,35.6,17.81,17.79,215.1,33.0,0.601,,,,,,,,,-0.693,1.0,-30.57,1.913,1.855,,,,46.34,17.76,10.59,35.57,17.78,17.76,213.5,32.91,0.354,,,,,,,,,-0.816,1.0,-40.39,0.449,0.311,,,,0.006,0.006,0.069,0.003,0.006,0.005,0.286,0.015,0.033,,,,,,,,,0.026,0.0,2.028,0.411,0.673
7/25/2026 05:23:06,2026-07-25 04:30:00,,,,46.34,17.76,10.74,35.59,17.79,17.77,214.6,32.94,0.41,,,,,,,,,-0.706,1.0,-33.04,1.546,2.39,,,,46.36,17.77,10.93,35.6,17.81,17.78,215.6,33.0,0.586,,,,,,,,,-0.697,1.0,-31.29,3.455,4.044,,,,46.32,17.75,10.54,35.57,17.78,17.75,213.5,32.89,0.356,,,,,,,,,-0.819,1.0,-40.98,0.46,0.321,,,,0.007,0.005,0.065,0.003,0.007,0.005,0.357,0.019,0.03,,,,,,,,,0.026,0.0,2.04,0.8,0.858
7/25/2026 05:22:26,2026-07-25 04:40:00,,,,46.34,17.76,10.74,35.59,17.79,17.77,214.8,32.93,0.425,,,,,,,,,-0.708,1.0,-33.25,1.352,1.93,,,,46.36,17.77,10.98,35.6,17.81,17.78,215.9,32.98,0.616,,,,,,,,,-0.697,1.0,-31.21,1.914,2.966,,,,46.32,17.74,10.57,35.58,17.78,17.75,213.9,32.87,0.362,,,,,,,,,-0.821,1.0,-40.97,0.456,0.318,,,,0.006,0.006,0.07,0.003,0.007,0.006,0.377,0.019,0.033,,,,,,,,,0.026,0.0,2.14,0.629,0.901
7/25/2026 05:22:09,2026-07-25 04:50:00,,,,46.34,17.76,10.74,35.59,17.79,17.77,215.0,32.92,0.43,,,,,,,,,-0.713,1.0,-33.34,1.304,1.95,,,,46.36,17.77,10.99,35.6,17.81,17.78,215.7,32.98,0.607,,,,,,,,,-0.699,1.0,-31.35,1.9,2.955,,,,46.32,17.74,10.53,35.58,17.78,17.75,213.8,32.88,0.371,,,,,,,,,-0.828,1.0,-41.7,0.471,0.787,,,,0.007,0.006,0.067,0.003,0.007,0.006,0.29,0.015,0.032,,,,,,,,,0.028,0.0,2.124,0.479,0.48
7/25/2026 05:20:53,2026-07-25 05:20:00,,,,46.35,17.77,10.74,35.59,17.8,17.78,214.5,32.94,0.406,,,,,,,,,-0.71,1.0,-33.38,1.232,1.65,,,,46.37,17.78,10.98,35.6,17.82,17.79,215.5,32.99,0.745,,,,,,,,,-0.7,1.0,-31.11,3.386,2.962,,,,46.34,17.75,10.54,35.58,17.79,17.76,213.7,32.89,0.353,,,,,,,,,-0.83,1.0,-41.08,0.448,0.317,,,,0.006,0.005,0.072,0.003,0.007,0.005,0.276,0.015,0.033,,,,,,,,,0.029,0.0,2.244,0.788,1.11
7/25/2026 05:16:51,2026-07-25 05:00:00,,,,46.35,17.76,10.74,35.59,17.79,17.77,214.8,32.93,0.421,,,,,,,,,-0.709,1.0,-33.18,1.042,1.252,,,,46.36,17.78,10.96,35.6,17.81,17.78,215.7,32.98,0.571,,,,,,,,,-0.699,1.0,-30.94,3.447,4.038,,,,46.33,17.75,10.51,35.58,17.78,17.75,213.9,32.88,0.357,,,,,,,,,-0.805,1.0,-40.24,0.451,0.314,,,,0.006,0.006,0.067,0.002,0.007,0.005,0.284,0.015,0.029,,,,,,,,,0.023,0.0,1.927,0.943,1.236
7/25/2026 05:12:56,2026-07-25 05:10:00,,,,46.35,17.77,10.74,35.59,17.8,17.78,214.7,32.93,0.423,,,,,,,,,-0.714,1.0,-33.65,2.398,3.174,,,,46.37,17.78,10.95,35.6,17.82,17.79,215.7,32.98,0.61,,,,,,,,,-0.698,1.0,-31.06,4.545,5.078,,,,46.34,17.75,10.49,35.58,17.79,17.76,213.7,32.88,0.365,,,,,,,,,-0.827,1.0,-42.19,0.598,1.299,,,,0.006,0.006,0.072,0.002,0.007,0.005,0.28,0.015,0.033,,,,,,,,,0.036,0.0,2.819,1.179,1.101
7/25/2026 04:29:08,2026-07-25 04:20:00,,,,46.35,17.77,10.74,35.59,17.8,17.77,214.9,32.93,0.426,,,,,,,,,-0.708,1.0,-33.08,0.867,1.063,,,,46.37,17.78,10.99,35.6,17.82,17.79,215.7,32.97,0.568,,,,,,,,,-0.696,1.0,-31.05,3.439,4.039,,,,46.33,17.75,10.57,35.58,17.79,17.76,214.0,32.88,0.378,,,,,,,,,-0.826,1.0,-41.07,0.447,0.31,,,,0.007,0.006,0.071,0.002,0.007,0.006,0.286,0.015,0.029,,,,,,,,,0.028,0.0,2.005,0.778,1.059
7/25/2026 04:19:20,2026-07-25 03:30:00,,,,46.36,17.78,10.74,35.59,17.81,17.79,214.7,32.93,0.445,,,,,,,,,-0.699,1.0,-32.69,1.254,1.828,,,,46.38,17.79,10.96,35.6,17.82,17.8,215.6,32.97,0.987,,,,,,,,,-0.696,1.0,-31.16,1.9,2.731,,,,46.35,17.76,10.56,35.58,17.8,17.77,213.9,32.88,0.381,,,,,,,,,-0.703,1.0,-34.86,0.451,0.314,,,,0.006,0.006,0.069,0.003,0.006,0.005,0.314,0.017,0.045,,,,,,,,,0.002,0.0,0.996,0.534,0.653
7/25/2026 04:13:30,2026-07-25 04:10:00,,,,46.36,17.77,10.74,35.59,17.81,17.78,214.5,32.94,0.416,,,,,,,,,-0.711,1.0,-33.37,1.221,1.798,,,,46.37,17.78,10.96,35.6,17.82,17.79,215.5,32.98,0.603,,,,,,,,,-0.696,1.0,-30.73,3.453,3.488,,,,46.34,17.76,10.55,35.58,17.79,17.77,213.8,32.89,0.355,,,,,,,,,-0.823,1.0,-42.31,0.455,0.315,,,,0.006,0.005,0.07,0.003,0.006,0.005,0.302,0.016,0.03,,,,,,,,,0.035,0.0,2.792,0.708,0.77
7/25/2026 04:09:28,2026-07-25 03:40:00,,,,46.37,17.78,10.74,35.59,17.81,17.79,214.1,32.96,0.405,,,,,,,,,-0.701,1.0,-32.66,0.659,0.962,,,,46.38,17.79,11.0,35.6,17.83,17.8,215.0,33.01,0.518,,,,,,,,,-0.696,1.0,-30.66,0.913,1.855,,,,46.35,17.76,10.58,35.56,17.8,17.77,213.2,32.91,0.34,,,,,,,,,-0.726,1.0,-34.99,0.443,0.312,,,,0.006,0.005,0.068,0.003,0.006,0.005,0.322,0.017,0.028,,,,,,,,,0.006,0.0,1.123,0.225,0.583
7/25/2026 04:04:27,2026-07-25 03:50:00,,,,46.36,17.78,10.74,35.59,17.81,17.79,214.3,32.95,0.407,,,,,,,,,-0.7,1.0,-32.56,1.381,2.184,,,,46.38,17.79,10.95,35.6,17.83,17.8,215.1,33.0,0.899,,,,,,,,,-0.695,1.0,-31.43,3.462,3.482,,,,46.35,17.77,10.55,35.58,17.8,17.77,213.3,32.91,0.345,,,,,,,,,-0.712,1.0,-35.66,0.443,0.32,,,,0.005,0.005,0.066,0.002,0.007,0.005,0.293,0.015,0.035,,,,,,,,,0.004,0.0,1.036,0.664,0.561
7/25/2026 04:03:44,2026-07-25 04:00:00,,,,46.36,17.78,10.74,35.59,17.81,17.78,214.4,32.95,0.409,,,,,,,,,-0.7,1.0,-32.46,0.73,0.957,,,,46.37,17.79,10.99,35.6,17.83,17.79,215.2,33.01,0.72,,,,,,,,,-0.697,1.0,-30.88,1.908,2.968,,,,46.34,17.76,10.56,35.58,17.8,17.76,213.3,32.9,0.354,,,,,,,,,-0.707,1.0,-34.3,0.447,0.316,,,,0.006,0.005,0.071,0.002,0.007,0.005,0.295,0.016,0.034,,,,,,,,,0.002,0.0,0.882,0.224,0.476
7/25/2026 03:27:15,2026-07-25 02:50:00,,,,46.36,17.77,10.74,35.59,17.8,17.78,214.4,32.95,0.422,,,,,,,,,-0.705,1.0,-33.07,1.014,1.192,,,,46.37,17.79,10.93,35.6,17.82,17.79,215.3,33.01,0.877,,,,,,,,,-0.692,1.0,-31.29,3.449,4.025,,,,46.34,17.76,10.54,35.58,17.79,17.77,213.3,32.9,0.361,,,,,,,,,-0.819,1.0,-40.96,0.446,0.31,,,,0.007,0.006,0.068,0.002,0.006,0.006,0.331,0.017,0.039,,,,,,,,,0.028,0.0,2.014,0.733,0.973
7/25/2026 03:24:25,2026-07-25 03:20:00,,,,46.36,17.78,10.74,35.59,17.81,17.78,214.7,32.93,0.442,,,,,,,,,-0.701,1.0,-32.69,1.45,2.129,,,,46.37,17.79,11.0,35.6,17.82,17.79,215.6,32.98,0.555,,,,,,,,,-0.696,1.0,-31.29,1.902,2.411,,,,46.34,17.76,10.54,35.58,17.8,17.77,213.7,32.88,0.382,,,,,,,,,-0.715,1.0,-34.8,0.905,1.287,,,,0.006,0.005,0.072,0.002,0.006,0.005,0.304,0.016,0.029,,,,,,,,,0.004,0.0,0.989,0.487,0.369
7/25/2026 03:17:58,2026-07-25 03:00:00,,,,46.35,17.77,10.74,35.59,17.8,17.78,214.6,32.94,0.441,,,,,,,,,-0.704,1.0,-32.98,2.053,2.656,,,,46.37,17.78,11.0,35.6,17.82,17.79,215.4,32.98,0.988,,,,,,,,,-0.694,1.0,-30.56,3.467,4.039,,,,46.33,17.76,10.53,35.57,17.79,17.76,213.8,32.89,0.38,,,,,,,,,-0.815,1.0,-40.39,0.453,0.313,,,,0.006,0.005,0.071,0.003,0.006,0.005,0.277,0.015,0.043,,,,,,,,,0.026,0.0,1.959,1.056,1.117
7/25/2026 03:14:04,2026-07-25 03:10:00,,,,46.36,17.78,10.74,35.59,17.8,17.79,214.5,32.94,0.443,,,,,,,,,-0.711,1.0,-33.39,0.975,1.504,,,,46.38,17.79,10.98,35.6,17.82,17.8,215.4,32.98,0.744,,,,,,,,,-0.695,1.0,-30.9,1.902,2.406,,,,46.35,17.76,10.54,35.58,17.79,17.77,213.7,32.89,0.38,,,,,,,,,-0.837,1.0,-42.7,0.453,0.315,,,,0.005,0.005,0.067,0.003,0.006,0.004,0.284,0.015,0.038,,,,,,,,,0.038,0.0,2.935,0.426,0.628
7/25/2026 01:29:27,2026-07-25 00:50:00,,,,46.34,17.76,10.75,35.59,17.78,17.76,215.1,32.92,0.469,,,,,,,,,-0.699,1.0,-32.63,1.236,1.755,,,,46.35,17.77,10.98,35.6,17.79,17.77,215.9,32.96,0.605,,,,,,,,,-0.694,1.0,-31.07,3.45,4.579,,,,46.32,17.74,10.58,35.58,17.77,17.75,214.3,32.87,0.408,,,,,,,,,-0.717,1.0,-34.11,0.45,0.307,,,,0.005,0.005,0.071,0.002,0.005,0.004,0.28,0.015,0.033,,,,,,,,,0.005,0.0,1.03,0.553,0.83
7/25/2026 01:24:04,2026-07-25 01:00:00,,,,46.34,17.76,10.75,35.59,17.78,17.76,214.8,32.93,0.457,,,,,,,,,-0.699,1.0,-32.8,1.222,1.883,,,,46.35,17.77,11.02,35.6,17.8,17.77,215.8,32.98,0.686,,,,,,,,,-0.692,1.0,-31.26,1.923,2.967,,,,46.32,17.74,10.56,35.58,17.77,17.75,213.9,32.88,0.388,,,,,,,,,-0.717,1.0,-35.16,0.463,0.317,,,,0.006,0.006,0.072,0.003,0.005,0.005,0.322,0.017,0.035,,,,,,,,,0.006,0.0,1.038,0.522,0.627
7/25/2026 01:23:39,2026-07-25 01:10:00,,,,46.34,17.76,10.74,35.59,17.78,17.76,214.8,32.94,0.451,,,,,,,,,-0.708,1.0,-33.22,1.289,1.854,,,,46.35,17.77,10.96,35.6,17.8,17.77,215.8,32.98,0.904,,,,,,,,,-0.692,1.0,-30.77,1.917,2.949,,,,46.32,17.74,10.54,35.58,17.77,17.75,213.9,32.89,0.377,,,,,,,,,-0.822,1.0,-42.32,0.466,0.387,,,,0.006,0.006,0.07,0.003,0.005,0.006,0.29,0.015,0.044,,,,,,,,,0.034,0.0,2.832,0.559,0.6
7/25/2026 01:23:17,2026-07-25 01:20:00,,,,46.34,17.76,10.75,35.59,17.78,17.76,215.0,32.92,0.466,,,,,,,,,-0.705,1.0,-33.0,0.908,1.308,,,,46.35,17.77,11.01,35.6,17.8,17.77,215.8,32.98,0.732,,,,,,,,,-0.691,1.0,-30.86,1.902,2.405,,,,46.32,17.74,10.55,35.57,17.77,17.75,214.0,32.88,0.402,,,,,,,,,-0.815,1.0,-41.06,0.457,0.311,,,,0.006,0.005,0.067,0.003,0.005,0.005,0.281,0.015,0.037,,,,,,,,,0.026,0.0,2.16,0.441,0.826
7/25/2026 00:28:58,2026-07-25 00:10:00,,,,46.33,17.74,10.75,35.59,17.76,17.75,214.9,32.94,0.44,,,,,,,,,-0.705,1.0,-33.29,1.005,1.445,,,,46.34,17.75,11.05,35.6,17.78,17.76,215.7,32.98,0.778,,,,,,,,,-0.687,1.0,-30.71,1.896,2.416,,,,46.3,17.72,10.56,35.58,17.75,17.73,214.0,32.89,0.383,,,,,,,,,-0.817,1.0,-42.27,0.442,0.308,,,,0.006,0.005,0.068,0.003,0.005,0.005,0.278,0.015,0.034,,,,,,,,,0.035,0.0,2.806,0.548,0.789
7/25/2026 00:26:16,2026-07-25 00:20:00,,,,46.33,17.74,10.75,35.59,17.77,17.75,214.8,32.94,0.444,,,,,,,,,-0.696,1.0,-32.01,1.051,1.425,,,,46.34,17.75,10.99,35.6,17.78,17.76,215.6,32.98,0.596,,,,,,,,,-0.691,1.0,-30.21,1.902,2.964,,,,46.31,17.73,10.49,35.58,17.76,17.74,214.1,32.89,0.375,,,,,,,,,-0.706,1.0,-34.41,0.448,0.311,,,,0.006,0.005,0.075,0.002,0.005,0.005,0.282,0.015,0.034,,,,,,,,,0.004,0.0,1.012,0.641,1.04
7/24/2026 23:20:14,2026-07-24 23:20:00,,,,46.32,17.73,10.74,35.59,17.77,17.74,214.9,32.94,0.45,,,,,,,,,-0.698,1.0,-32.31,1.286,1.929,,,,46.33,17.75,10.99,35.6,17.78,17.76,215.8,32.99,0.591,,,,,,,,,-0.688,1.0,-30.32,3.449,3.564,,,,46.3,17.72,10.42,35.58,17.76,17.73,214.0,32.89,0.372,,,,,,,,,-0.808,1.0,-40.41,0.449,0.31,,,,0.007,0.006,0.067,0.003,0.005,0.006,0.272,0.014,0.032,,,,,,,,,0.025,0.0,2.048,0.701,0.827
7/24/2026 23:10:54,2026-07-24 23:10:00,,,,46.33,17.75,10.74,35.59,17.78,17.75,215.0,32.92,0.451,,,,,,,,,-0.707,1.0,-33.31,1.364,1.851,,,,46.34,17.76,11.01,35.6,17.79,17.76,215.9,32.97,0.593,,,,,,,,,-0.688,1.0,-30.23,3.458,4.028,,,,46.31,17.73,10.42,35.58,17.76,17.74,214.2,32.88,0.391,,,,,,,,,-0.812,1.0,-41.78,0.451,0.311,,,,0.005,0.005,0.07,0.002,0.004,0.004,0.272,0.015,0.031,,,,,,,,,0.034,0.0,2.677,1.024,1.243
7/24/2026 23:01:11,2026-07-24 23:00:00,,,,46.33,17.75,10.74,35.59,17.78,17.76,215.0,32.92,0.459,,,,,,,,,-0.704,1.0,-32.9,1.195,1.755,,,,46.35,17.76,11.15,35.6,17.8,17.77,216.0,32.98,0.594,,,,,,,,,-0.692,1.0,-30.69,1.893,2.41,,,,46.32,17.73,10.46,35.58,17.77,17.74,214.1,32.88,0.387,,,,,,,,,-0.811,1.0,-39.78,0.458,0.34,,,,0.006,0.006,0.066,0.002,0.006,0.006,0.271,0.015,0.033,,,,,,,,,0.025,0.0,1.841,0.451,0.575
7/24/2026 22:50:55,2026-07-24 22:50:00,,,,46.34,17.76,10.74,35.59,17.79,17.76,215.1,32.92,0.46,,,,,,,,,-0.702,1.0,-33.06,0.906,1.247,,,,46.35,17.77,10.94,35.6,17.8,17.77,216.0,32.96,0.618,,,,,,,,,-0.693,1.0,-31.48,1.906,2.401,,,,46.32,17.75,10.56,35.58,17.77,17.75,214.3,32.86,0.4,,,,,,,,,-0.818,1.0,-40.71,0.453,0.317,,,,0.005,0.004,0.064,0.003,0.004,0.004,0.288,0.016,0.032,,,,,,,,,0.027,0.0,2.008,0.467,0.702
7/24/2026 22:50:48,2026-07-24 22:40:00,,,,46.34,17.76,10.74,35.59,17.79,17.77,215.5,32.9,0.48,,,,,,,,,-0.714,1.0,-33.55,1.838,2.521,,,,46.36,17.77,10.95,35.6,17.8,17.78,216.4,32.94,0.647,,,,,,,,,-0.694,1.0,-31.42,3.465,3.468,,,,46.32,17.74,10.52,35.58,17.78,17.75,214.8,32.84,0.414,,,,,,,,,-0.829,1.0,-40.61,0.905,1.287,,,,0.006,0.006,0.067,0.003,0.004,0.005,0.282,0.015,0.034,,,,,,,,,0.027,0.0,1.893,0.616,0.479
7/24/2026 22:30:54,2026-07-24 22:30:00,,,,46.35,17.76,10.74,35.59,17.79,17.77,215.1,32.91,0.454,,,,,,,,,-0.712,1.0,-33.36,1.083,1.435,,,,46.36,17.77,10.99,35.6,17.8,17.78,216.0,32.96,0.63,,,,,,,,,-0.693,1.0,-30.98,1.901,2.407,,,,46.33,17.74,10.43,35.58,17.78,17.75,214.1,32.86,0.386,,,,,,,,,-0.811,1.0,-40.89,0.46,0.31,,,,0.006,0.006,0.069,0.003,0.004,0.005,0.34,0.018,0.035,,,,,,,,,0.024,0.0,2.037,0.534,0.714
7/24/2026 22:24:14,2026-07-24 16:40:00,,,,45.95,17.36,10.73,35.6,17.38,17.37,219.8,32.84,0.72,,,,,,,,,-0.689,1.0,-32.07,1.803,2.477,,,,45.97,17.38,10.93,35.61,17.39,17.39,220.5,32.88,0.932,,,,,,,,,-0.684,1.0,-29.95,3.46,4.578,,,,45.92,17.33,10.54,35.59,17.36,17.34,219.0,32.79,0.617,,,,,,,,,-0.702,1.0,-33.91,0.459,0.312,,,,0.011,0.011,0.071,0.003,0.007,0.011,0.294,0.015,0.049,,,,,,,,,0.004,0.0,1.049,0.987,1.179
7/24/2026 22:23:54,2026-07-24 16:50:00,,,,45.97,17.38,10.74,35.6,17.39,17.39,219.7,32.83,0.73,,,,,,,,,-0.688,1.0,-31.78,0.772,0.951,,,,45.99,17.4,11.25,35.61,17.41,17.4,220.5,32.87,0.972,,,,,,,,,-0.685,1.0,-30.4,1.912,2.406,,,,45.92,17.36,10.47,35.56,17.38,17.37,218.9,32.79,0.635,,,,,,,,,-0.694,1.0,-33.21,0.459,0.31,,,,0.008,0.007,0.08,0.004,0.006,0.007,0.288,0.016,0.052,,,,,,,,,0.002,0.0,0.857,0.434,0.715
7/24/2026 22:23:39,2026-07-24 17:30:00,,,,46.09,17.5,10.74,35.6,17.51,17.5,219.1,32.81,0.798,,,,,,,,,-0.696,1.0,-32.75,1.473,2.045,,,,46.13,17.54,11.02,35.61,17.53,17.55,220.0,32.86,1.061,,,,,,,,,-0.687,1.0,-29.93,3.469,4.029,,,,46.06,17.47,10.5,35.59,17.49,17.48,218.2,32.77,0.704,,,,,,,,,-0.804,1.0,-40.52,0.46,0.309,,,,0.016,0.015,0.073,0.004,0.01,0.015,0.321,0.015,0.052,,,,,,,,,0.025,0.0,2.176,0.874,1.002
7/24/2026 22:23:25,2026-07-24 22:20:00,,,,46.35,17.76,10.74,35.59,17.79,17.77,215.3,32.9,0.479,,,,,,,,,-0.709,1.0,-33.42,1.175,1.642,,,,46.36,17.78,10.95,35.6,17.81,17.78,216.4,32.95,1.016,,,,,,,,,-0.694,1.0,-30.93,1.923,2.588,,,,46.33,17.74,10.54,35.57,17.79,17.75,214.3,32.84,0.425,,,,,,,,,-0.813,1.0,-40.27,0.464,0.311,,,,0.006,0.006,0.066,0.003,0.004,0.005,0.272,0.014,0.04,,,,,,,,,0.026,0.0,1.901,0.613,0.8
7/24/2026 22:15:01,2026-07-24 18:00:00,,,,46.18,17.6,10.74,35.59,17.61,17.6,217.3,32.87,0.711,,,,,,,,,-0.697,1.0,-32.39,0.577,0.69,,,,46.21,17.62,11.05,35.61,17.63,17.62,218.3,32.91,0.929,,,,,,,,,-0.688,1.0,-29.9,1.913,2.044,,,,46.15,17.57,10.54,35.58,17.59,17.58,216.4,32.82,0.615,,,,,,,,,-0.804,1.0,-40.27,0.454,0.308,,,,0.01,0.01,0.069,0.003,0.008,0.01,0.315,0.016,0.048,,,,,,,,,0.025,0.0,2.102,0.195,0.517
7/24/2026 22:14:48,2026-07-24 18:30:00,,,,46.23,17.64,10.74,35.59,17.66,17.65,216.3,32.9,0.626,,,,,,,,,-0.693,1.0,-32.16,1.13,1.592,,,,46.24,17.66,10.99,35.6,17.67,17.67,217.4,32.96,0.839,,,,,,,,,-0.685,1.0,-30.17,3.449,4.014,,,,46.21,17.62,10.5,35.58,17.65,17.63,215.3,32.84,0.543,,,,,,,,,-0.809,1.0,-40.17,0.453,0.306,,,,0.008,0.008,0.074,0.003,0.005,0.007,0.367,0.019,0.045,,,,,,,,,0.027,0.0,2.056,0.769,1.02
7/24/2026 22:12:14,2026-07-24 22:10:00,,,,46.35,17.77,10.73,35.59,17.8,17.78,215.1,32.91,0.465,,,,,,,,,-0.711,1.0,-33.81,1.351,2.08,,,,46.37,17.78,10.92,35.6,17.81,17.79,216.0,32.96,0.713,,,,,,,,,-0.693,1.0,-30.34,1.921,2.96,,,,46.34,17.75,10.56,35.58,17.79,17.76,214.2,32.86,0.401,,,,,,,,,-0.828,1.0,-41.79,0.455,0.314,,,,0.005,0.005,0.064,0.003,0.003,0.004,0.283,0.015,0.034,,,,,,,,,0.036,0.0,2.839,0.517,0.566
7/24/2026 22:09:30,2026-07-24 18:40:00,,,,46.24,17.66,10.74,35.59,17.67,17.66,216.0,32.91,0.603,,,,,,,,,-0.695,1.0,-32.21,1.007,1.543,,,,46.26,17.67,10.95,35.6,17.69,17.68,217.4,32.97,0.775,,,,,,,,,-0.685,1.0,-30.32,1.921,3.324,,,,46.22,17.64,10.52,35.58,17.66,17.65,214.9,32.84,0.51,,,,,,,,,-0.805,1.0,-39.33,0.457,0.308,,,,0.007,0.007,0.072,0.003,0.004,0.006,0.415,0.024,0.046,,,,,,,,,0.026,0.0,1.859,0.442,0.813
7/24/2026 22:09:10,2026-07-24 18:50:00,,,,46.26,17.67,10.74,35.59,17.69,17.68,216.2,32.9,0.594,,,,,,,,,-0.693,1.0,-32.36,0.955,1.449,,,,46.27,17.69,10.94,35.6,17.7,17.69,217.0,32.94,0.797,,,,,,,,,-0.684,1.0,-29.63,1.909,2.412,,,,46.24,17.65,10.49,35.58,17.68,17.66,215.3,32.85,0.511,,,,,,,,,-0.804,1.0,-39.98,0.456,0.314,,,,0.007,0.006,0.07,0.003,0.005,0.006,0.306,0.016,0.042,,,,,,,,,0.026,0.0,2.128,0.443,0.673
7/24/2026 22:07:09,2026-07-24 19:00:00,,,,46.27,17.69,10.74,35.59,17.71,17.69,216.0,32.9,0.56,,,,,,,,,-0.693,1.0,-32.13,1.442,2.07,,,,46.29,17.7,10.93,35.6,17.72,17.71,216.9,32.94,0.75,,,,,,,,,-0.685,1.0,-29.92,3.473,4.027,,,,46.26,17.67,10.57,35.58,17.69,17.68,215.2,32.85,0.478,,,,,,,,,-0.803,1.0,-40.09,0.454,0.313,,,,0.007,0.006,0.065,0.003,0.006,0.006,0.289,0.015,0.04,,,,,,,,,0.025,0.0,2.095,0.871,1.071
7/24/2026 22:04:51,2026-07-24 19:10:00,,,,46.29,17.7,10.74,35.59,17.72,17.71,215.7,32.91,0.539,,,,,,,,,-0.699,1.0,-32.85,1.071,1.426,,,,46.3,17.72,10.97,35.6,17.74,17.72,216.5,32.95,1.121,,,,,,,,,-0.685,1.0,-29.91,1.916,2.948,,,,46.27,17.68,10.42,35.58,17.71,17.69,215.0,32.86,0.461,,,,,,,,,-0.812,1.0,-42.06,0.457,0.307,,,,0.007,0.006,0.072,0.003,0.005,0.006,0.285,0.015,0.042,,,,,,,,,0.036,0.0,3.004,0.64,0.972
7/24/2026 22:02:57,2026-07-24 19:20:00,,,,46.3,17.72,10.74,35.59,17.74,17.72,215.3,32.92,0.523,,,,,,,,,-0.696,1.0,-32.41,1.046,1.576,,,,46.32,17.73,11.01,35.6,17.75,17.74,216.1,32.98,1.257,,,,,,,,,-0.687,1.0,-29.98,1.915,2.954,,,,46.28,17.7,10.51,35.58,17.72,17.71,214.3,32.88,0.452,,,,,,,,,-0.806,1.0,-39.89,0.461,0.315,,,,0.006,0.005,0.07,0.003,0.004,0.005,0.283,0.015,0.049,,,,,,,,,0.026,0.0,2.022,0.539,0.897
7/24/2026 22:02:04,2026-07-24 19:30:00,,,,46.31,17.72,10.74,35.59,17.74,17.73,215.1,32.93,0.5,,,,,,,,,-0.695,1.0,-32.33,1.261,1.612,,,,46.32,17.73,10.95,35.6,17.75,17.74,216.1,32.98,0.672,,,,,,,,,-0.686,1.0,-30.16,3.461,4.014,,,,46.29,17.71,10.51,35.58,17.74,17.71,214.2,32.88,0.433,,,,,,,,,-0.806,1.0,-39.49,0.448,0.31,,,,0.005,0.005,0.069,0.003,0.003,0.004,0.267,0.014,0.034,,,,,,,,,0.026,0.0,1.895,0.956,1.125
7/24/2026 22:01:11,2026-07-24 22:00:00,,,,46.35,17.77,10.74,35.59,17.8,17.78,215.1,32.91,0.476,,,,,,,,,-0.707,1.0,-33.41,1.228,1.581,,,,46.37,17.78,10.93,35.6,17.81,17.79,215.9,32.96,0.667,,,,,,,,,-0.694,1.0,-30.85,1.916,2.948,,,,46.33,17.75,10.53,35.58,17.79,17.76,214.2,32.87,0.41,,,,,,,,,-0.825,1.0,-43.17,0.454,0.308,,,,0.006,0.006,0.066,0.003,0.003,0.005,0.29,0.015,0.035,,,,,,,,,0.028,0.0,2.5,0.688,1.005
7/24/2026 21:59:55,2026-07-24 19:40:00,,,,46.31,17.73,10.74,35.59,17.75,17.74,215.3,32.92,0.518,,,,,,,,,-0.69,1.0,-31.74,1.41,1.889,,,,46.33,17.74,10.97,35.6,17.76,17.75,216.2,32.96,0.719,,,,,,,,,-0.687,1.0,-30.11,1.906,2.955,,,,46.25,17.71,10.54,35.54,17.74,17.72,214.5,32.87,0.45,,,,,,,,,-0.707,1.0,-33.98,0.447,0.307,,,,0.007,0.006,0.074,0.003,0.004,0.005,0.281,0.015,0.04,,,,,,,,,0.004,0.0,0.947,0.611,0.87
7/24/2026 21:59:43,2026-07-24 19:50:00,,,,46.32,17.74,10.74,35.59,17.76,17.75,215.2,32.92,0.503,,,,,,,,,-0.695,1.0,-32.44,1.402,1.922,,,,46.33,17.75,10.98,35.6,17.77,17.76,216.2,32.96,0.672,,,,,,,,,-0.687,1.0,-30.56,3.457,4.03,,,,46.3,17.72,10.49,35.58,17.75,17.73,214.3,32.87,0.438,,,,,,,,,-0.81,1.0,-40.44,0.444,0.311,,,,0.005,0.005,0.069,0.002,0.004,0.004,0.26,0.014,0.036,,,,,,,,,0.026,0.0,2.07,0.777,1.191
7/24/2026 21:58:13,2026-07-24 20:00:00,,,,46.33,17.74,10.74,35.59,17.77,17.75,215.3,32.91,0.515,,,,,,,,,-0.694,1.0,-32.18,1.279,1.898,,,,46.34,17.75,10.91,35.6,17.78,17.76,216.2,32.96,0.812,,,,,,,,,-0.688,1.0,-30.8,1.923,2.961,,,,46.31,17.73,10.55,35.57,17.76,17.74,214.3,32.87,0.44,,,,,,,,,-0.71,1.0,-33.44,0.451,0.319,,,,0.005,0.004,0.065,0.003,0.003,0.004,0.294,0.016,0.039,,,,,,,,,0.007,0.0,0.752,0.546,0.648
7/24/2026 21:52:25,2026-07-24 20:10:00,,,,46.33,17.75,10.74,35.59,17.77,17.75,215.3,32.91,0.51,,,,,,,,,-0.713,1.0,-33.89,0.913,1.224,,,,46.34,17.76,10.97,35.6,17.78,17.76,216.3,32.96,0.67,,,,,,,,,-0.691,1.0,-30.31,1.923,2.402,,,,46.32,17.73,10.46,35.58,17.77,17.74,214.3,32.86,0.442,,,,,,,,,-0.827,1.0,-42.68,0.452,0.31,,,,0.005,0.005,0.069,0.003,0.003,0.004,0.331,0.017,0.037,,,,,,,,,0.035,0.0,3.031,0.522,0.775
7/24/2026 21:52:01,2026-07-24 20:20:00,,,,46.33,17.75,10.74,35.59,17.78,17.76,215.5,32.9,0.515,,,,,,,,,-0.706,1.0,-33.04,1.302,1.881,,,,46.35,17.76,11.0,35.6,17.78,17.77,216.4,32.94,0.66,,,,,,,,,-0.692,1.0,-30.65,1.912,2.94,,,,46.32,17.74,10.48,35.58,17.77,17.74,214.7,32.85,0.448,,,,,,,,,-0.776,1.0,-37.41,0.461,0.77,,,,0.005,0.005,0.07,0.003,0.003,0.004,0.283,0.015,0.035,,,,,,,,,0.019,0.0,1.635,0.532,0.543
7/24/2026 21:51:52,2026-07-24 21:50:00,,,,46.35,17.77,10.74,35.59,17.8,17.78,214.9,32.92,0.458,,,,,,,,,-0.703,1.0,-32.7,0.786,1.242,,,,46.37,17.78,10.95,35.6,17.81,17.79,215.9,32.97,0.751,,,,,,,,,-0.693,1.0,-30.62,1.908,2.389,,,,46.3,17.76,10.53,35.54,17.79,17.77,214.0,32.87,0.392,,,,,,,,,-0.774,1.0,-36.77,0.451,0.309,,,,0.006,0.005,0.066,0.003,0.003,0.004,0.322,0.017,0.039,,,,,,,,,0.018,0.0,1.421,0.339,0.678
7/24/2026 21:50:03,2026-07-24 20:30:00,,,,46.35,17.76,10.74,35.59,17.78,17.77,215.5,32.89,0.509,,,,,,,,,-0.707,1.0,-33.41,1.097,1.723,,,,46.36,17.78,10.95,35.6,17.8,17.78,216.3,32.93,0.769,,,,,,,,,-0.693,1.0,-31.14,1.906,2.406,,,,46.33,17.75,10.56,35.58,17.77,17.75,214.8,32.85,0.436,,,,,,,,,-0.829,1.0,-41.44,0.47,0.312,,,,0.006,0.006,0.065,0.003,0.004,0.006,0.274,0.015,0.038,,,,,,,,,0.029,0.0,2.083,0.415,0.539
7/24/2026 21:43:30,2026-07-24 21:30:00,,,,46.36,17.78,10.73,35.59,17.81,17.79,214.6,32.94,0.431,,,,,,,,,-0.711,1.0,-33.71,1.482,2.198,,,,46.37,17.79,10.92,35.6,17.82,17.79,215.6,32.98,0.601,,,,,,,,,-0.694,1.0,-30.53,3.455,4.023,,,,46.34,17.76,10.53,35.58,17.8,17.77,213.8,32.88,0.357,,,,,,,,,-0.834,1.0,-42.36,0.785,0.762,,,,0.005,0.005,0.065,0.003,0.003,0.004,0.29,0.015,0.034,,,,,,,,,0.03,0.0,2.564,0.665,0.625
7/24/2026 21:41:40,2026-07-24 21:40:00,,,,46.36,17.78,10.74,35.59,17.81,17.78,214.7,32.93,0.436,,,,,,,,,-0.706,1.0,-33.08,1.239,1.756,,,,46.37,17.79,10.99,35.6,17.81,17.79,215.4,32.98,0.634,,,,,,,,,-0.692,1.0,-30.56,1.913,2.947,,,,46.34,17.76,10.5,35.58,17.8,17.77,213.8,32.89,0.378,,,,,,,,,-0.828,1.0,-42.24,0.457,0.31,,,,0.006,0.005,0.064,0.003,0.003,0.005,0.273,0.015,0.033,,,,,,,,,0.029,0.0,2.413,0.623,0.838
7/24/2026 21:27:01,2026-07-24 20:40:00,,,,46.36,17.77,10.74,35.59,17.79,17.78,215.5,32.89,0.511,,,,,,,,,-0.708,1.0,-33.35,0.942,1.352,,,,46.37,17.78,10.91,35.6,17.8,17.79,216.3,32.93,0.708,,,,,,,,,-0.694,1.0,-30.82,1.906,2.402,,,,46.34,17.76,10.56,35.58,17.78,17.76,214.6,32.84,0.44,,,,,,,,,-0.818,1.0,-41.79,0.461,0.307,,,,0.005,0.005,0.066,0.003,0.003,0.004,0.272,0.014,0.036,,,,,,,,,0.026,0.0,2.277,0.479,0.785
7/24/2026 21:25:15,2026-07-24 21:20:00,,,,46.37,17.78,10.74,35.59,17.81,17.79,214.6,32.93,0.43,,,,,,,,,-0.708,1.0,-33.46,1.008,1.587,,,,46.38,17.8,10.95,35.6,17.82,17.8,215.8,32.97,0.601,,,,,,,,,-0.697,1.0,-31.46,1.922,2.409,,,,46.34,17.77,10.55,35.58,17.8,17.78,213.8,32.87,0.367,,,,,,,,,-0.813,1.0,-41.3,0.464,0.308,,,,0.006,0.005,0.066,0.003,0.003,0.005,0.327,0.017,0.034,,,,,,,,,0.025,0.0,2.059,0.547,0.723
7/24/2026 21:19:07,2026-07-24 20:50:00,,,,46.36,17.77,10.74,35.59,17.8,17.78,215.2,32.9,0.478,,,,,,,,,-0.713,1.0,-33.58,1.494,2.116,,,,46.37,17.78,10.95,35.6,17.81,17.79,216.2,32.96,0.769,,,,,,,,,-0.695,1.0,-30.7,1.915,2.943,,,,46.34,17.76,10.57,35.58,17.79,17.77,214.1,32.85,0.412,,,,,,,,,-0.828,1.0,-41.92,0.468,0.765,,,,0.005,0.005,0.069,0.003,0.003,0.004,0.293,0.016,0.037,,,,,,,,,0.027,0.0,2.225,0.516,0.532
7/24/2026 21:16:12,2026-07-24 21:00:00,,,,46.36,17.78,10.74,35.59,17.8,17.79,214.9,32.92,0.455,,,,,,,,,-0.707,1.0,-33.21,0.816,1.322,,,,46.37,17.79,10.99,35.6,17.81,17.8,215.8,32.97,0.603,,,,,,,,,-0.694,1.0,-30.85,1.904,2.943,,,,46.35,17.77,10.54,35.58,17.8,17.77,213.9,32.87,0.38,,,,,,,,,-0.811,1.0,-40.4,0.457,0.308,,,,0.005,0.005,0.07,0.003,0.003,0.004,0.33,0.017,0.036,,,,,,,,,0.025,0.0,1.989,0.33,0.68
7/24/2026 21:15:00,2026-07-24 21:10:00,,,,46.36,17.78,10.74,35.59,17.81,17.79,215.0,32.91,0.462,,,,,,,,,-0.714,1.0,-33.73,0.883,1.157,,,,46.38,17.79,10.95,35.6,17.82,17.8,216.0,32.97,0.745,,,,,,,,,-0.692,1.0,-31.0,1.905,2.676,,,,46.27,17.76,10.53,35.5,17.8,17.77,214.0,32.86,0.395,,,,,,,,,-0.818,1.0,-42.12,0.459,0.31,,,,0.007,0.005,0.066,0.004,0.003,0.005,0.33,0.017,0.037,,,,,,,,,0.034,0.0,2.729,0.499,0.819
7/24/2026 18:22:07,2026-07-24 18:10:00,,,,46.21,17.62,10.74,35.59,17.63,17.63,216.6,32.89,0.664,,,,,,,,,-0.702,1.0,-32.94,1.539,2.121,,,,46.23,17.64,10.98,35.6,17.65,17.64,217.6,32.96,0.861,,,,,,,,,-0.688,1.0,-29.72,3.468,4.033,,,,46.19,17.6,10.52,35.58,17.62,17.61,215.3,32.84,0.567,,,,,,,,,-0.817,1.0,-41.17,0.454,0.309,,,,0.008,0.007,0.069,0.003,0.008,0.007,0.379,0.019,0.047,,,,,,,,,0.035,0.0,2.773,0.991,1.172
7/24/2026 18:20:38,2026-07-24 18:20:00,,,,46.21,17.63,10.74,35.59,17.65,17.63,216.3,32.91,0.633,,,,,,,,,-0.697,1.0,-32.39,1.032,1.486,,,,46.22,17.64,10.96,35.6,17.66,17.64,217.3,32.95,0.836,,,,,,,,,-0.688,1.0,-30.26,1.922,2.952,,,,46.16,17.61,10.51,35.56,17.64,17.62,215.5,32.86,0.54,,,,,,,,,-0.804,1.0,-39.24,0.455,0.307,,,,0.007,0.005,0.076,0.004,0.003,0.004,0.324,0.018,0.043,,,,,,,,,0.027,0.0,1.946,0.543,0.847
7/24/2026 17:51:26,2026-07-24 17:40:00,,,,46.13,17.55,10.74,35.6,17.55,17.55,218.5,32.82,0.795,,,,,,,,,-0.696,1.0,-32.42,1.131,1.617,,,,46.16,17.57,10.98,35.61,17.57,17.58,219.6,32.87,1.092,,,,,,,,,-0.688,1.0,-30.61,3.464,4.037,,,,46.1,17.52,10.51,35.59,17.52,17.53,217.6,32.78,0.701,,,,,,,,,-0.804,1.0,-39.83,0.456,0.314,,,,0.017,0.017,0.073,0.003,0.014,0.016,0.37,0.016,0.056,,,,,,,,,0.025,0.0,2.012,0.725,0.929
7/24/2026 17:51:07,2026-07-24 17:50:00,,,,46.16,17.57,10.74,35.6,17.58,17.58,217.9,32.85,0.751,,,,,,,,,-0.695,1.0,-32.46,1.952,2.6,,,,46.19,17.59,10.96,35.61,17.6,17.6,218.8,32.91,1.01,,,,,,,,,-0.688,1.0,-30.32,3.475,4.028,,,,46.14,17.55,10.56,35.59,17.57,17.56,216.8,32.8,0.637,,,,,,,,,-0.803,1.0,-39.69,0.92,1.282,,,,0.009,0.009,0.073,0.003,0.008,0.009,0.347,0.017,0.054,,,,,,,,,0.025,0.0,1.863,0.583,0.617
7/24/2026 17:25:42,2026-07-24 17:20:00,,,,46.05,17.47,10.73,35.6,17.48,17.47,219.4,32.81,0.798,,,,,,,,,-0.696,1.0,-32.38,1.449,1.832,,,,46.08,17.49,10.94,35.61,17.49,17.49,220.3,32.86,1.073,,,,,,,,,-0.687,1.0,-30.19,3.469,4.042,,,,46.02,17.44,10.52,35.59,17.46,17.45,218.6,32.77,0.702,,,,,,,,,-0.838,1.0,-42.23,0.459,0.309,,,,0.01,0.01,0.072,0.003,0.008,0.009,0.286,0.015,0.052,,,,,,,,,0.033,0.0,2.483,1.124,1.394
7/24/2026 17:18:06,2026-07-24 17:00:00,,,,45.99,17.4,10.73,35.6,17.42,17.41,219.7,32.82,0.755,,,,,,,,,-0.689,1.0,-32.38,0.863,1.172,,,,46.03,17.44,10.93,35.61,17.43,17.44,220.6,32.87,1.087,,,,,,,,,-0.686,1.0,-30.64,1.917,2.939,,,,45.97,17.38,10.51,35.59,17.4,17.39,218.9,32.77,0.642,,,,,,,,,-0.703,1.0,-34.46,0.459,0.312,,,,0.011,0.011,0.073,0.003,0.007,0.01,0.279,0.016,0.058,,,,,,,,,0.005,0.0,1.084,0.486,0.845
7/24/2026 17:17:32,2026-07-24 17:10:00,,,,46.03,17.45,10.73,35.6,17.45,17.45,219.6,32.81,0.789,,,,,,,,,-0.701,1.0,-33.01,1.936,2.481,,,,46.06,17.46,10.92,35.61,17.47,17.47,220.4,32.86,1.397,,,,,,,,,-0.687,1.0,-30.13,3.464,4.038,,,,46.01,17.42,10.55,35.59,17.42,17.43,218.6,32.77,0.686,,,,,,,,,-0.806,1.0,-41.69,0.461,0.314,,,,0.009,0.009,0.07,0.003,0.012,0.009,0.275,0.014,0.059,,,,,,,,,0.033,0.0,2.838,1.133,1.277
7/24/2026 16:28:44,2026-07-24 16:20:00,,,,45.91,17.32,10.73,35.6,17.32,17.33,219.9,32.85,0.784,,,,,,,,,-0.684,1.0,-31.6,4.752,5.463,,,,45.94,17.35,10.97,35.61,17.35,17.35,220.9,32.91,1.198,,,,,,,,,-0.681,1.0,-30.24,10.09,11.22,,,,45.87,17.29,10.53,35.55,17.3,17.3,219.0,32.8,0.673,,,,,,,,,-0.693,1.0,-33.26,0.469,0.309,,,,0.016,0.016,0.07,0.004,0.012,0.016,0.284,0.017,0.059,,,,,,,,,0.003,0.0,0.818,2.389,2.446
7/24/2026 16:19:39,2026-07-24 16:00:00,,,,45.84,17.25,10.73,35.6,17.26,17.26,220.1,32.87,0.814,,,,,,,,,-0.685,1.0,-31.94,32.05,34.42,,,,45.86,17.27,11.0,35.62,17.28,17.27,221.0,32.91,1.069,,,,,,,,,-0.682,1.0,-29.78,57.91,60.68,,,,45.8,17.21,10.51,35.58,17.24,17.22,219.3,32.82,0.714,,,,,,,,,-0.699,1.0,-35.46,21.88,23.46,,,,0.011,0.011,0.073,0.003,0.01,0.011,0.302,0.015,0.042,,,,,,,,,0.004,0.0,1.317,8.43,9.37
7/24/2026 16:19:19,2026-07-24 16:10:00,,,,45.87,17.28,10.73,35.6,17.29,17.29,219.8,32.87,0.807,,,,,,,,,-0.696,1.0,-32.85,13.53,14.6,,,,45.9,17.31,11.02,35.61,17.31,17.31,220.7,32.91,1.075,,,,,,,,,-0.682,1.0,-30.3,23.69,25.16,,,,45.84,17.26,10.51,35.59,17.27,17.26,218.9,32.83,0.695,,,,,,,,,-0.802,1.0,-40.86,10.08,10.66,,,,0.015,0.015,0.074,0.003,0.011,0.015,0.292,0.014,0.047,,,,,,,,,0.033,0.0,2.546,4.033,4.27
7/24/2026 14:11:42,2026-07-24 13:40:00,,,,45.69,17.1,10.72,35.6,17.12,17.11,220.9,32.89,0.552,,,,,,,,,-0.679,1.0,-31.37,117.9,119.8,,,,45.7,17.11,10.97,35.61,17.13,17.12,221.7,32.94,0.759,,,,,,,,,-0.67,1.0,-29.53,140.9,146.4,,,,45.68,17.09,10.43,35.59,17.1,17.1,220.0,32.85,0.45,,,,,,,,,-0.788,1.0,-39.11,103.5,104.1,,,,0.005,0.004,0.075,0.002,0.005,0.003,0.31,0.016,0.045,,,,,,,,,0.025,0.0,2.062,11.08,12.4
7/24/2026 14:11:22,2026-07-24 13:50:00,,,,45.68,17.09,10.72,35.6,17.12,17.1,221.3,32.88,0.531,,,,,,,,,-0.676,1.0,-31.38,145.7,148.4,,,,45.69,17.1,10.95,35.61,17.13,17.11,222.1,32.92,0.67,,,,,,,,,-0.669,1.0,-29.37,184.6,200.8,,,,45.64,17.08,10.49,35.56,17.11,17.08,220.4,32.83,0.425,,,,,,,,,-0.78,1.0,-38.96,112.4,113.5,,,,0.007,0.005,0.077,0.003,0.003,0.005,0.295,0.015,0.052,,,,,,,,,0.024,0.0,2.088,24.63,27.4
7/24/2026 14:11:02,2026-07-24 14:10:00,,,,45.69,17.1,10.73,35.6,17.12,17.11,221.2,32.88,0.628,,,,,,,,,-0.682,1.0,-31.5,102.9,107.2,,,,45.72,17.13,10.93,35.61,17.14,17.13,222.2,32.93,1.044,,,,,,,,,-0.666,1.0,-29.17,122.3,128.6,,,,45.66,17.08,10.55,35.59,17.11,17.09,219.9,32.83,0.497,,,,,,,,,-0.797,1.0,-41.66,79.61,82.4,,,,0.014,0.011,0.075,0.003,0.005,0.011,0.382,0.017,0.055,,,,,,,,,0.036,0.0,3.126,12.02,14.12
7/24/2026 14:02:58,2026-07-24 14:00:00,,,,45.69,17.1,10.72,35.6,17.12,17.11,221.1,32.88,0.577,,,,,,,,,-0.678,1.0,-31.26,118.5,120.3,,,,45.7,17.11,10.95,35.61,17.13,17.12,222.2,32.95,0.749,,,,,,,,,-0.667,1.0,-29.1,170.2,174.2,,,,45.67,17.08,10.53,35.59,17.11,17.09,219.7,32.83,0.459,,,,,,,,,-0.786,1.0,-38.41,84.0,85.6,,,,0.009,0.007,0.074,0.003,0.004,0.007,0.419,0.02,0.08,,,,,,,,,0.025,0.0,1.936,27.73,27.76
7/24/2026 12:22:56,2026-07-24 11:50:00,,,,45.69,17.1,10.73,35.6,17.14,17.11,221.3,32.87,0.395,,,,,,,,,-0.684,1.0,-31.67,207.1,209.9,,,,45.7,17.11,11.11,35.6,17.15,17.12,222.4,32.92,0.51,,,,,,,,,-0.674,1.0,-29.71,249.4,250.9,,,,45.68,17.1,10.51,35.59,17.13,17.1,220.3,32.81,0.33,,,,,,,,,-0.792,1.0,-39.11,129.6,131.3,,,,0.004,0.004,0.08,0.002,0.004,0.003,0.3,0.016,0.034,,,,,,,,,0.025,0.0,1.978,36.32,37.22
7/24/2026 12:21:11,2026-07-24 12:10:00,,,,45.69,17.1,10.73,35.6,17.13,17.11,221.2,32.87,0.373,,,,,,,,,-0.687,1.0,-32.24,219.8,221.4,,,,45.69,17.11,11.03,35.6,17.14,17.12,222.0,32.91,0.443,,,,,,,,,-0.673,1.0,-29.81,242.4,249.8,,,,45.68,17.1,10.51,35.59,17.12,17.1,220.4,32.83,0.328,,,,,,,,,-0.792,1.0,-40.81,201.8,201.9,,,,0.003,0.002,0.076,0.002,0.003,0.002,0.288,0.015,0.017,,,,,,,,,0.033,0.0,2.847,11.22,11.83
7/24/2026 12:20:41,2026-07-24 12:20:00,,,,45.69,17.11,10.73,35.6,17.13,17.12,221.0,32.88,0.371,,,,,,,,,-0.683,1.0,-31.55,202.9,207.4,,,,45.7,17.11,11.25,35.6,17.14,17.12,222.0,32.93,0.644,,,,,,,,,-0.673,1.0,-29.23,218.0,226.6,,,,45.68,17.1,10.51,35.59,17.12,17.11,220.1,32.83,0.319,,,,,,,,,-0.792,1.0,-39.58,182.9,188.1,,,,0.003,0.003,0.081,0.002,0.003,0.003,0.287,0.015,0.026,,,,,,,,,0.026,0.0,2.156,9.18,10.68
7/24/2026 12:02:06,2026-07-24 12:00:00,,,,45.69,17.1,10.73,35.6,17.13,17.11,221.2,32.88,0.398,,,,,,,,,-0.682,1.0,-31.9,204.2,207.5,,,,45.69,17.11,10.98,35.6,17.14,17.11,222.1,32.93,0.502,,,,,,,,,-0.674,1.0,-29.74,238.4,245.4,,,,45.68,17.1,10.5,35.59,17.12,17.1,220.1,32.83,0.328,,,,,,,,,-0.789,1.0,-39.14,129.6,131.3,,,,0.003,0.002,0.078,0.002,0.003,0.002,0.311,0.016,0.03,,,,,,,,,0.025,0.0,2.025,27.37,27.67
7/24/2026 11:28:09,2026-07-24 10:40:00,,,,45.72,17.12,10.72,35.6,17.15,17.13,220.6,32.9,0.345,,,,,,,,,-0.689,1.0,-32.07,235.9,238.2,,,,45.72,17.13,10.94,35.61,17.16,17.14,221.5,32.95,0.434,,,,,,,,,-0.681,1.0,-29.58,251.3,254.9,,,,45.7,17.11,10.45,35.6,17.14,17.12,219.6,32.85,0.291,,,,,,,,,-0.798,1.0,-40.05,213.1,213.2,,,,0.005,0.005,0.071,0.002,0.003,0.005,0.334,0.018,0.02,,,,,,,,,0.025,0.0,2.063,9.64,10.06
7/24/2026 11:27:57,2026-07-24 10:50:00,,,,45.72,17.13,10.72,35.6,17.15,17.14,220.5,32.9,0.318,,,,,,,,,-0.687,1.0,-31.9,237.4,239.5,,,,45.73,17.14,10.92,35.61,17.16,17.14,221.3,32.95,0.561,,,,,,,,,-0.678,1.0,-30.06,278.7,279.2,,,,45.71,17.12,10.48,35.6,17.15,17.13,219.6,32.86,0.275,,,,,,,,,-0.796,1.0,-38.78,216.9,218.0,,,,0.004,0.003,0.07,0.002,0.002,0.003,0.288,0.015,0.018,,,,,,,,,0.025,0.0,1.993,15.6,15.65
7/24/2026 11:25:32,2026-07-24 11:20:00,,,,45.7,17.12,10.72,35.6,17.14,17.12,221.2,32.87,0.346,,,,,,,,,-0.684,1.0,-31.75,263.5,267.6,,,,45.71,17.12,10.9,35.6,17.15,17.13,222.1,32.92,0.446,,,,,,,,,-0.675,1.0,-29.46,285.4,301.0,,,,45.66,17.11,10.47,35.56,17.14,17.12,220.4,32.82,0.307,,,,,,,,,-0.817,1.0,-41.26,246.6,245.4,,,,0.004,0.003,0.07,0.002,0.003,0.003,0.284,0.015,0.015,,,,,,,,,0.031,0.0,2.447,10.77,12.49
7/24/2026 11:18:27,2026-07-24 11:00:00,,,,45.71,17.13,10.72,35.6,17.15,17.13,220.7,32.89,0.304,,,,,,,,,-0.68,1.0,-31.44,284.0,302.7,,,,45.72,17.13,10.97,35.6,17.16,17.14,221.6,32.94,0.344,,,,,,,,,-0.676,1.0,-29.82,308.8,339.8,,,,45.7,17.12,10.39,35.59,17.14,17.13,219.7,32.85,0.268,,,,,,,,,-0.699,1.0,-33.76,259.0,270.3,,,,0.004,0.003,0.072,0.002,0.003,0.003,0.287,0.015,0.012,,,,,,,,,0.005,0.0,1.088,12.65,19.93
7/24/2026 11:17:18,2026-07-24 11:10:00,,,,45.7,17.12,10.72,35.6,17.15,17.12,220.9,32.89,0.323,,,,,,,,,-0.691,1.0,-32.15,274.4,286.5,,,,45.71,17.12,10.93,35.6,17.16,17.13,221.8,32.93,0.383,,,,,,,,,-0.675,1.0,-29.54,290.0,353.9,,,,45.69,17.11,10.46,35.59,17.14,17.12,220.1,32.84,0.273,,,,,,,,,-0.804,1.0,-41.67,256.2,267.6,,,,0.004,0.003,0.072,0.001,0.003,0.003,0.277,0.014,0.016,,,,,,,,,0.035,0.0,2.976,8.69,18.72
7/24/2026 08:23:21,2026-07-24 08:20:00,,,,45.79,17.2,10.72,35.6,17.22,17.2,220.8,32.86,0.403,,,,,,,,,-0.692,1.0,-32.26,77.8,227.6,,,,45.8,17.21,10.95,35.61,17.23,17.21,221.5,32.91,0.494,,,,,,,,,-0.677,1.0,-30.14,91.7,340.4,,,,45.77,17.18,10.52,35.59,17.21,17.19,219.8,32.82,0.363,,,,,,,,,-0.85,1.0,-42.74,63.38,87.1,,,,0.005,0.005,0.074,0.002,0.004,0.005,0.266,0.014,0.016,,,,,,,,,0.037,0.0,2.647,7.534,66.4
7/24/2026 08:12:38,2026-07-24 08:00:00,,,,45.77,17.18,10.72,35.6,17.21,17.19,220.6,32.87,0.46,,,,,,,,,-0.693,1.0,-32.54,83.9,174.6,,,,45.78,17.19,11.0,35.61,17.22,17.2,221.5,32.91,0.705,,,,,,,,,-0.682,1.0,-30.39,134.0,364.3,,,,45.76,17.17,10.39,35.6,17.2,17.18,219.9,32.83,0.384,,,,,,,,,-0.808,1.0,-40.28,57.29,84.1,,,,0.004,0.003,0.081,0.002,0.003,0.003,0.283,0.015,0.03,,,,,,,,,0.027,0.0,2.107,18.51,88.3
7/24/2026 08:10:24,2026-07-24 08:10:00,,,,45.78,17.19,10.72,35.6,17.21,17.19,220.7,32.86,0.412,,,,,,,,,-0.696,1.0,-32.61,94.1,214.1,,,,45.79,17.2,10.95,35.61,17.22,17.2,221.5,32.91,0.645,,,,,,,,,-0.682,1.0,-30.09,149.7,296.0,,,,45.76,17.18,10.32,35.59,17.21,17.19,219.9,32.82,0.255,,,,,,,,,-0.803,1.0,-40.4,67.66,87.2,,,,0.005,0.004,0.077,0.002,0.003,0.004,0.295,0.016,0.025,,,,,,,,,0.034,0.0,2.734,20.92,63.31
7/24/2026 02:29:21,2026-07-24 02:20:00,,,,45.64,17.07,10.71,35.59,17.09,17.07,220.6,32.92,0.602,,,,,,,,,-0.688,1.0,-32.37,0.83,1.154,,,,45.65,17.08,11.03,35.6,17.1,17.08,221.5,32.97,0.841,,,,,,,,,-0.683,1.0,-30.82,1.903,2.958,,,,45.54,17.06,10.47,35.5,17.08,17.06,219.8,32.88,0.517,,,,,,,,,-0.731,1.0,-34.9,0.444,0.314,,,,0.006,0.003,0.082,0.004,0.003,0.003,0.302,0.016,0.041,,,,,,,,,0.01,0.0,1.191,0.495,0.805
7/24/2026 01:29:55,2026-07-24 01:20:00,,,,45.65,17.07,10.72,35.59,17.09,17.07,221.6,32.87,0.761,,,,,,,,,-0.689,1.0,-32.42,1.045,1.313,,,,45.66,17.08,11.06,35.6,17.1,17.08,222.5,32.91,0.971,,,,,,,,,-0.681,1.0,-30.3,1.901,2.407,,,,45.62,17.06,10.47,35.57,17.09,17.07,220.9,32.82,0.667,,,,,,,,,-0.799,1.0,-40.27,0.446,0.315,,,,0.004,0.003,0.085,0.002,0.002,0.003,0.289,0.015,0.05,,,,,,,,,0.025,0.0,2.113,0.54,0.724
7/23/2026 18:25:16,2026-07-23 18:20:00,,,,45.78,17.19,10.73,35.61,17.22,17.2,221.8,32.81,0.845,,,,,,,,,-0.687,1.0,-32.3,0.792,0.96,,,,45.81,17.21,10.95,35.62,17.23,17.22,222.6,32.84,1.057,,,,,,,,,-0.673,1.0,-29.66,1.876,2.395,,,,45.65,17.16,10.54,35.5,17.21,17.17,221.0,32.76,0.753,,,,,,,,,-0.742,1.0,-35.59,0.436,0.3,,,,0.011,0.009,0.071,0.006,0.003,0.009,0.28,0.015,0.052,,,,,,,,,0.014,0.0,1.573,0.42,0.633
7/23/2026 18:07:42,2026-07-23 18:00:00,,,,45.81,17.22,10.73,35.61,17.25,17.22,221.7,32.8,0.825,,,,,,,,,-0.683,1.0,-31.77,0.904,1.252,,,,45.83,17.24,10.97,35.62,17.25,17.24,222.6,32.85,1.022,,,,,,,,,-0.671,1.0,-29.4,1.893,2.391,,,,45.77,17.19,10.56,35.59,17.24,17.19,220.7,32.76,0.732,,,,,,,,,-0.8,1.0,-40.0,0.434,0.296,,,,0.01,0.01,0.072,0.004,0.004,0.009,0.28,0.015,0.044,,,,,,,,,0.028,0.0,2.204,0.529,0.781
7/23/2026 17:59:52,2026-07-23 17:50:00,,,,45.82,17.22,10.72,35.6,17.25,17.23,221.6,32.8,0.82,,,,,,,,,-0.684,1.0,-32.04,1.13,1.472,,,,45.84,17.25,10.92,35.62,17.26,17.25,222.6,32.84,1.141,,,,,,,,,-0.67,1.0,-29.64,1.891,2.391,,,,45.78,17.19,10.55,35.59,17.24,17.2,220.9,32.74,0.731,,,,,,,,,-0.785,1.0,-38.61,0.43,0.297,,,,0.01,0.01,0.063,0.005,0.003,0.009,0.276,0.014,0.05,,,,,,,,,0.025,0.0,1.889,0.638,0.888
7/23/2026 17:47:19,2026-07-23 17:40:00,,,,45.82,17.23,10.72,35.6,17.24,17.23,221.6,32.8,0.799,,,,,,,,,-0.678,1.0,-31.34,1.902,2.522,,,,45.85,17.26,10.94,35.62,17.26,17.26,222.5,32.85,1.082,,,,,,,,,-0.668,1.0,-28.87,3.453,4.024,,,,45.79,17.2,10.55,35.59,17.23,17.21,220.7,32.76,0.72,,,,,,,,,-0.72,1.0,-33.92,0.896,1.283,,,,0.012,0.011,0.062,0.005,0.007,0.01,0.287,0.015,0.044,,,,,,,,,0.012,0.0,1.477,0.881,0.915
7/23/2026 17:30:14,2026-07-23 17:30:00,,,,45.8,17.21,10.72,35.61,17.21,17.21,221.8,32.8,0.825,,,,,,,,,-0.679,1.0,-31.69,1.47,1.994,,,,45.83,17.24,10.89,35.62,17.24,17.24,222.7,32.84,1.322,,,,,,,,,-0.668,1.0,-29.66,1.89,2.948,,,,45.76,17.17,10.48,35.58,17.19,17.18,221.0,32.74,0.742,,,,,,,,,-0.785,1.0,-38.61,0.447,0.304,,,,0.014,0.014,0.061,0.005,0.009,0.013,0.272,0.014,0.053,,,,,,,,,0.025,0.0,2.073,0.574,0.748
7/23/2026 17:24:22,2026-07-23 17:20:00,,,,45.77,17.18,10.72,35.61,17.18,17.18,221.9,32.81,0.859,,,,,,,,,-0.681,1.0,-31.8,0.932,1.353,,,,45.81,17.21,10.91,35.63,17.2,17.22,222.7,32.85,1.147,,,,,,,,,-0.667,1.0,-28.92,1.884,2.396,,,,45.73,17.13,10.55,35.59,17.16,17.15,221.1,32.76,0.775,,,,,,,,,-0.799,1.0,-40.25,0.442,0.302,,,,0.015,0.015,0.064,0.005,0.012,0.014,0.27,0.015,0.046,,,,,,,,,0.028,0.0,2.228,0.514,0.775
7/23/2026 17:10:15,2026-07-23 17:10:00,,,,45.73,17.14,10.72,35.61,17.15,17.14,222.0,32.82,0.873,,,,,,,,,-0.684,1.0,-32.1,1.493,2.132,,,,45.77,17.17,10.9,35.63,17.17,17.18,223.1,32.86,1.558,,,,,,,,,-0.668,1.0,-29.53,2.89,3.468,,,,45.69,17.09,10.51,35.59,17.13,17.11,221.1,32.76,0.772,,,,,,,,,-0.782,1.0,-41.97,0.894,1.27,,,,0.016,0.015,0.062,0.005,0.009,0.014,0.357,0.016,0.054,,,,,,,,,0.032,0.0,2.953,0.513,0.537
7/23/2026 17:00:41,2026-07-23 17:00:00,,,,45.7,17.11,10.72,35.6,17.12,17.11,221.8,32.84,0.775,,,,,,,,,-0.676,1.0,-31.35,2.606,3.318,,,,45.73,17.14,10.92,35.62,17.14,17.14,223.1,32.92,1.361,,,,,,,,,-0.666,1.0,-29.22,3.503,4.583,,,,45.66,17.08,10.44,35.58,17.11,17.08,220.3,32.77,0.591,,,,,,,,,-0.78,1.0,-39.05,0.44,0.302,,,,0.016,0.013,0.065,0.006,0.006,0.012,0.676,0.039,0.101,,,,,,,,,0.025,0.0,2.141,1.03,1.173
7/23/2026 16:51:39,2026-07-23 16:50:00,,,,45.69,17.11,10.72,35.6,17.11,17.11,221.3,32.87,0.698,,,,,,,,,-0.676,1.0,-31.5,1.019,1.338,,,,45.73,17.14,10.96,35.62,17.13,17.14,223.2,32.94,1.046,,,,,,,,,-0.665,1.0,-29.51,1.896,2.947,,,,45.65,17.07,10.52,35.58,17.09,17.07,220.0,32.78,0.562,,,,,,,,,-0.779,1.0,-39.8,0.432,0.3,,,,0.014,0.012,0.065,0.005,0.011,0.012,0.706,0.036,0.079,,,,,,,,,0.024,0.0,2.071,0.657,0.979
7/23/2026 16:42:22,2026-07-23 16:30:00,,,,45.59,17.01,10.72,35.6,17.02,17.02,222.2,32.87,0.782,,,,,,,,,-0.677,1.0,-31.37,4.98,5.76,,,,45.63,17.05,10.96,35.62,17.04,17.05,223.2,32.94,1.085,,,,,,,,,-0.664,1.0,-28.53,10.07,11.22,,,,45.55,16.97,10.49,35.58,16.99,16.98,221.1,32.81,0.659,,,,,,,,,-0.779,1.0,-39.21,0.889,1.837,,,,0.015,0.014,0.064,0.006,0.01,0.013,0.379,0.022,0.054,,,,,,,,,0.025,0.0,2.177,2.019,1.873
7/23/2026 16:41:51,2026-07-23 16:40:00,,,,45.65,17.07,10.72,35.6,17.06,17.07,222.7,32.81,0.793,,,,,,,,,-0.681,1.0,-31.97,2.637,3.43,,,,45.69,17.11,10.89,35.63,17.1,17.11,223.7,32.87,1.293,,,,,,,,,-0.665,1.0,-28.15,4.536,5.125,,,,45.6,17.01,10.47,35.57,17.03,17.02,221.8,32.76,0.688,,,,,,,,,-0.778,1.0,-38.81,0.898,1.287,,,,0.022,0.021,0.063,0.006,0.018,0.021,0.283,0.018,0.054,,,,,,,,,0.024,0.0,2.215,1.128,1.05
7/23/2026 16:21:37,2026-07-23 16:20:00,,,,45.54,16.96,10.72,35.6,16.97,16.96,221.6,32.92,0.691,,,,,,,,,-0.676,1.0,-31.4,11.99,13.29,,,,45.6,17.01,10.91,35.62,17.0,17.01,222.6,32.96,1.178,,,,,,,,,-0.664,1.0,-29.25,21.23,23.48,,,,45.47,16.89,10.55,35.58,16.96,16.9,220.7,32.88,0.593,,,,,,,,,-0.781,1.0,-38.71,7.25,7.858,,,,0.03,0.03,0.061,0.005,0.012,0.03,0.27,0.018,0.049,,,,,,,,,0.025,0.0,1.97,4.161,4.552
7/23/2026 16:17:54,2026-07-23 13:50:00,,,,45.88,17.29,10.72,35.6,17.32,17.3,220.2,32.85,0.277,,,,,,,,,-0.661,1.0,-30.31,71.19,318.7,,,,45.89,17.3,10.91,35.61,17.32,17.3,221.1,32.89,0.509,,,,,,,,,-0.652,1.0,-28.19,96.7,419.7,,,,45.86,17.27,10.54,35.59,17.31,17.28,219.4,32.8,0.225,,,,,,,,,-0.765,1.0,-36.58,49.37,52.37,,,,0.005,0.005,0.06,0.003,0.002,0.004,0.285,0.015,0.024,,,,,,,,,0.024,0.0,1.677,10.27,68.97
7/23/2026 16:14:26,2026-07-23 16:10:00,,,,45.52,16.94,10.72,35.6,16.99,16.95,221.9,32.91,0.818,,,,,,,,,-0.68,1.0,-31.7,22.46,31.5,,,,45.56,16.97,10.89,35.64,17.01,16.98,222.8,32.96,1.308,,,,,,,,,-0.664,1.0,-29.28,31.27,78.45,,,,45.48,16.9,10.54,35.58,16.97,16.91,221.0,32.85,0.654,,,,,,,,,-0.785,1.0,-39.4,15.58,17.62,,,,0.015,0.015,0.063,0.005,0.01,0.014,0.339,0.021,0.076,,,,,,,,,0.034,0.0,2.663,3.144,9.5
7/23/2026 16:05:17,2026-07-23 16:00:00,,,,45.56,16.97,10.72,35.6,17.02,16.98,222.4,32.87,1.051,,,,,,,,,-0.674,1.0,-31.1,31.09,54.43,,,,45.6,17.01,10.89,35.62,17.03,17.02,223.2,32.92,47.31,,,,,,,,,-0.662,1.0,-28.43,37.87,81.8,,,,45.51,16.93,10.53,35.58,17.0,16.94,221.5,32.82,0.044,,,,,,,,,-0.777,1.0,-38.83,25.09,29.6,,,,0.015,0.015,0.056,0.005,0.009,0.014,0.296,0.017,2.06,,,,,,,,,0.024,0.0,2.2,3.826,17.3
7/23/2026 15:56:27,2026-07-23 14:30:00,,,,45.87,17.28,10.72,35.6,17.3,17.28,220.4,32.84,0.367,,,,,,,,,-0.662,1.0,-30.33,59.86,254.7,,,,45.88,17.29,10.91,35.62,17.31,17.3,221.5,32.88,0.591,,,,,,,,,-0.653,1.0,-28.34,76.7,362.6,,,,45.84,17.26,10.57,35.58,17.3,17.26,219.6,32.79,0.311,,,,,,,,,-0.767,1.0,-37.6,46.66,173.1,,,,0.008,0.007,0.06,0.005,0.003,0.006,0.28,0.014,0.025,,,,,,,,,0.024,0.0,1.897,8.47,47.88
7/23/2026 15:56:00,2026-07-23 14:40:00,,,,45.84,17.25,10.72,35.6,17.29,17.25,220.6,32.84,0.405,,,,,,,,,-0.66,1.0,-30.22,55.89,238.6,,,,45.87,17.28,10.91,35.62,17.31,17.29,221.5,32.9,0.713,,,,,,,,,-0.647,1.0,-28.02,71.42,314.3,,,,45.73,17.16,10.58,35.58,17.26,17.17,219.7,32.79,0.331,,,,,,,,,-0.767,1.0,-38.64,46.67,168.6,,,,0.032,0.031,0.061,0.005,0.01,0.03,0.276,0.019,0.029,,,,,,,,,0.025,0.0,2.131,5.593,40.14
7/23/2026 15:55:43,2026-07-23 15:30:00,,,,45.61,17.02,10.73,35.6,17.06,17.03,222.5,32.84,0.739,,,,,,,,,-0.666,1.0,-30.88,74.72,97.3,,,,45.63,17.05,10.92,35.62,17.07,17.05,223.4,32.89,1.072,,,,,,,,,-0.651,1.0,-27.78,92.9,162.0,,,,45.57,16.99,10.57,35.58,17.05,17.0,221.5,32.79,0.654,,,,,,,,,-0.776,1.0,-38.11,43.37,55.12,,,,0.011,0.01,0.062,0.005,0.005,0.009,0.292,0.015,0.044,,,,,,,,,0.026,0.0,2.094,13.29,24.22
7/23/2026 15:53:51,2026-07-23 15:40:00,,,,45.6,17.01,10.73,35.6,17.05,17.02,222.4,32.85,0.706,,,,,,,,,-0.665,1.0,-30.65,72.18,124.5,,,,45.62,17.03,10.93,35.61,17.06,17.04,223.1,32.89,1.069,,,,,,,,,-0.652,1.0,-28.63,100.2,187.0,,,,45.57,16.99,10.57,35.58,17.04,17.0,221.7,32.81,0.609,,,,,,,,,-0.765,1.0,-37.46,55.0,91.3,,,,0.01,0.01,0.062,0.004,0.004,0.009,0.276,0.014,0.053,,,,,,,,,0.024,0.0,1.814,12.03,25.75
7/23/2026 15:53:34,2026-07-23 15:50:00,,,,45.58,17.0,10.72,35.6,17.03,17.0,222.4,32.86,0.81,,,,,,,,,-0.674,1.0,-31.35,42.59,77.59,,,,45.6,17.01,10.96,35.62,17.04,17.02,223.5,32.91,1.272,,,,,,,,,-0.662,1.0,-29.27,57.89,129.7,,,,45.56,16.97,10.5,35.58,17.02,16.98,221.5,32.8,0.72,,,,,,,,,-0.773,1.0,-37.94,34.56,47.17,,,,0.009,0.008,0.062,0.005,0.004,0.007,0.285,0.015,0.056,,,,,,,,,0.024,0.0,1.847,6.662,22.02
7/23/2026 15:30:04,2026-07-23 14:50:00,,,,45.7,17.11,10.72,35.6,17.2,17.12,221.6,32.85,0.392,,,,,,,,,-0.66,1.0,-30.15,57.24,199.5,,,,45.82,17.22,10.92,35.62,17.27,17.23,223.0,32.92,0.67,,,,,,,,,-0.651,1.0,-28.24,69.82,264.3,,,,45.65,17.07,10.54,35.57,17.15,17.07,219.9,32.79,0.31,,,,,,,,,-0.763,1.0,-36.94,45.57,112.8,,,,0.039,0.038,0.061,0.006,0.036,0.038,0.664,0.026,0.038,,,,,,,,,0.024,0.0,1.817,7.352,50.17
7/23/2026 15:29:23,2026-07-23 15:00:00,,,,45.65,17.07,10.72,35.6,17.13,17.08,222.6,32.82,0.495,,,,,,,,,-0.662,1.0,-30.32,54.82,204.0,,,,45.69,17.1,10.9,35.61,17.16,17.1,223.5,32.86,0.771,,,,,,,,,-0.652,1.0,-28.18,71.43,281.4,,,,45.62,17.03,10.55,35.57,17.1,17.05,221.6,32.77,0.409,,,,,,,,,-0.73,1.0,-35.32,45.56,119.7,,,,0.013,0.012,0.061,0.005,0.014,0.012,0.327,0.016,0.043,,,,,,,,,0.018,0.0,1.717,6.278,45.76
7/23/2026 15:29:16,2026-07-23 15:10:00,,,,45.63,17.05,10.72,35.6,17.09,17.05,222.6,32.83,0.562,,,,,,,,,-0.666,1.0,-30.87,52.02,178.2,,,,45.65,17.07,10.92,35.62,17.11,17.07,223.6,32.89,1.086,,,,,,,,,-0.647,1.0,-28.08,66.17,253.8,,,,45.61,17.02,10.49,35.58,17.08,17.03,221.5,32.77,0.488,,,,,,,,,-0.769,1.0,-39.02,42.8,130.2,,,,0.009,0.008,0.06,0.006,0.007,0.007,0.343,0.018,0.036,,,,,,,,,0.033,0.0,2.731,6.145,38.61
7/23/2026 15:29:04,2026-07-23 15:20:00,,,,45.62,17.03,10.73,35.6,17.07,17.04,222.5,32.84,0.721,,,,,,,,,-0.668,1.0,-30.91,45.98,75.42,,,,45.64,17.06,10.93,35.62,17.09,17.06,223.5,32.89,1.121,,,,,,,,,-0.654,1.0,-28.94,61.72,185.3,,,,45.59,17.01,10.53,35.57,17.06,17.02,221.5,32.79,0.556,,,,,,,,,-0.766,1.0,-37.69,31.76,45.72,,,,0.011,0.01,0.064,0.006,0.006,0.009,0.29,0.015,0.068,,,,,,,,,0.023,0.0,1.883,7.557,32.85
7/23/2026 14:27:40,2026-07-23 14:00:00,,,,45.88,17.28,10.72,35.6,17.31,17.29,220.2,32.85,0.298,,,,,,,,,-0.657,1.0,-29.86,65.73,316.5,,,,45.89,17.3,10.9,35.62,17.32,17.3,221.1,32.89,0.374,,,,,,,,,-0.652,1.0,-28.1,76.15,435.3,,,,45.85,17.27,10.52,35.58,17.31,17.28,219.4,32.8,0.261,,,,,,,,,-0.704,1.0,-32.42,56.65,218.9,,,,0.006,0.005,0.058,0.004,0.003,0.005,0.295,0.016,0.015,,,,,,,,,0.011,0.0,1.121,5.95,45.05
7/23/2026 14:27:13,2026-07-23 14:10:00,,,,45.87,17.28,10.72,35.6,17.31,17.29,220.3,32.85,0.322,,,,,,,,,-0.665,1.0,-30.6,64.56,310.2,,,,45.89,17.3,10.92,35.62,17.32,17.3,221.3,32.89,0.748,,,,,,,,,-0.652,1.0,-28.01,82.2,491.6,,,,45.85,17.26,10.56,35.58,17.3,17.27,219.5,32.8,0.275,,,,,,,,,-0.768,1.0,-39.13,54.95,211.1,,,,0.007,0.006,0.062,0.004,0.003,0.005,0.28,0.015,0.027,,,,,,,,,0.033,0.0,2.758,7.358,60.72
7/23/2026 14:23:28,2026-07-23 14:20:00,,,,45.87,17.28,10.72,35.6,17.31,17.28,220.3,32.85,0.345,,,,,,,,,-0.66,1.0,-30.07,61.75,289.8,,,,45.88,17.29,10.93,35.61,17.31,17.3,221.2,32.89,0.437,,,,,,,,,-0.651,1.0,-28.0,82.2,405.8,,,,45.83,17.25,10.55,35.57,17.3,17.27,219.5,32.8,0.296,,,,,,,,,-0.762,1.0,-37.37,51.09,187.0,,,,0.007,0.006,0.061,0.004,0.003,0.005,0.26,0.014,0.018,,,,,,,,,0.024,0.0,2.003,6.687,48.01
7/23/2026 13:41:14,2026-07-23 13:40:00,,,,45.88,17.29,10.72,35.6,17.32,17.3,220.2,32.85,0.269,,,,,,,,,-0.66,1.0,-30.35,76.76,368.1,,,,45.89,17.3,10.93,35.62,17.32,17.3,220.9,32.91,0.559,,,,,,,,,-0.651,1.0,-27.72,89.3,492.1,,,,45.86,17.27,10.53,35.59,17.31,17.28,219.1,32.81,0.229,,,,,,,,,-0.768,1.0,-38.66,64.43,309.1,,,,0.005,0.005,0.061,0.004,0.003,0.004,0.266,0.014,0.02,,,,,,,,,0.025,0.0,2.18,6.692,37.45
7/23/2026 13:32:08,2026-07-23 13:30:00,,,,45.88,17.29,10.72,35.6,17.32,17.3,220.1,32.85,0.265,,,,,,,,,-0.662,1.0,-30.12,78.23,356.5,,,,45.89,17.3,10.94,35.61,17.32,17.3,220.9,32.89,0.414,,,,,,,,,-0.654,1.0,-28.12,100.1,452.9,,,,45.86,17.27,10.52,35.59,17.31,17.28,219.4,32.81,0.227,,,,,,,,,-0.768,1.0,-38.48,64.43,294.3,,,,0.005,0.004,0.064,0.003,0.003,0.004,0.271,0.014,0.016,,,,,,,,,0.024,0.0,2.187,7.673,31.83
7/23/2026 13:20:53,2026-07-23 13:20:00,,,,45.88,17.29,10.72,35.6,17.32,17.29,220.1,32.86,0.261,,,,,,,,,-0.661,1.0,-29.92,81.0,399.4,,,,45.89,17.3,10.91,35.62,17.32,17.3,221.0,32.89,0.707,,,,,,,,,-0.656,1.0,-27.92,107.8,509.4,,,,45.86,17.27,10.51,35.59,17.31,17.28,219.3,32.81,0.228,,,,,,,,,-0.708,1.0,-32.81,66.15,294.3,,,,0.005,0.004,0.064,0.003,0.003,0.004,0.269,0.014,0.026,,,,,,,,,0.011,0.0,1.189,8.68,52.4
7/23/2026 13:11:55,2026-07-23 13:10:00,,,,45.88,17.29,10.72,35.6,17.32,17.3,220.0,32.85,0.25,,,,,,,,,-0.669,1.0,-30.41,82.4,423.1,,,,45.89,17.3,11.06,35.61,17.32,17.3,220.8,32.9,0.411,,,,,,,,,-0.655,1.0,-28.34,113.3,667.1,,,,45.86,17.27,10.47,35.59,17.31,17.28,219.3,32.81,0.212,,,,,,,,,-0.774,1.0,-39.21,67.71,336.0,,,,0.005,0.004,0.065,0.003,0.002,0.003,0.287,0.015,0.016,,,,,,,,,0.033,0.0,2.665,9.34,66.39
7/23/2026 13:04:10,2026-07-23 13:00:00,,,,45.88,17.29,10.72,35.6,17.32,17.3,220.0,32.86,0.246,,,,,,,,,-0.665,1.0,-30.29,86.7,449.4,,,,45.89,17.3,10.94,35.61,17.32,17.3,220.9,32.9,0.411,,,,,,,,,-0.656,1.0,-28.01,107.8,645.0,,,,45.86,17.27,10.52,35.59,17.31,17.28,219.2,32.81,0.212,,,,,,,,,-0.772,1.0,-37.38,73.46,359.9,,,,0.005,0.004,0.062,0.003,0.003,0.003,0.278,0.015,0.017,,,,,,,,,0.025,0.0,2.058,9.31,76.33
7/23/2026 12:51:31,2026-07-23 12:50:00,,,,45.88,17.29,10.72,35.6,17.32,17.29,220.0,32.86,0.241,,,,,,,,,-0.663,1.0,-30.32,82.5,431.1,,,,45.89,17.3,10.92,35.62,17.32,17.3,220.8,32.9,0.394,,,,,,,,,-0.658,1.0,-28.42,100.0,613.9,,,,45.86,17.27,10.57,35.59,17.31,17.28,219.3,32.81,0.21,,,,,,,,,-0.726,1.0,-34.62,74.0,343.2,,,,0.004,0.003,0.061,0.003,0.002,0.003,0.288,0.015,0.016,,,,,,,,,0.015,0.0,1.515,7.065,58.32
7/23/2026 12:44:59,2026-07-23 12:30:00,,,,45.88,17.28,10.72,35.6,17.31,17.29,220.1,32.85,0.238,,,,,,,,,-0.669,1.0,-30.73,85.6,431.1,,,,45.88,17.29,10.89,35.61,17.32,17.3,221.2,32.9,1.128,,,,,,,,,-0.659,1.0,-28.35,100.6,493.6,,,,45.86,17.27,10.5,35.6,17.31,17.28,219.2,32.8,0.195,,,,,,,,,-0.772,1.0,-37.79,74.53,369.3,,,,0.004,0.004,0.061,0.002,0.003,0.004,0.27,0.014,0.059,,,,,,,,,0.024,0.0,2.145,8.14,27.41
7/23/2026 12:42:43,2026-07-23 12:40:00,,,,45.88,17.29,10.72,35.6,17.31,17.3,220.0,32.86,0.236,,,,,,,,,-0.667,1.0,-30.4,85.9,424.7,,,,45.89,17.3,10.88,35.61,17.32,17.3,220.9,32.91,0.43,,,,,,,,,-0.659,1.0,-28.29,105.0,497.8,,,,45.87,17.28,10.54,35.59,17.31,17.29,219.0,32.81,0.192,,,,,,,,,-0.773,1.0,-38.04,70.89,353.4,,,,0.004,0.003,0.059,0.003,0.003,0.003,0.29,0.015,0.02,,,,,,,,,0.024,0.0,2.06,7.792,35.2
7/23/2026 12:22:31,2026-07-23 12:20:00,,,,45.88,17.29,10.72,35.6,17.32,17.3,220.3,32.84,0.236,,,,,,,,,-0.669,1.0,-30.62,89.1,443.2,,,,45.89,17.3,10.88,35.61,17.33,17.31,221.2,32.89,0.76,,,,,,,,,-0.661,1.0,-28.97,105.6,493.6,,,,45.86,17.27,10.57,35.59,17.31,17.28,219.4,32.79,0.2,,,,,,,,,-0.777,1.0,-38.77,74.53,385.6,,,,0.006,0.005,0.058,0.002,0.004,0.005,0.274,0.015,0.035,,,,,,,,,0.025,0.0,2.057,8.62,27.85
7/23/2026 12:10:12,2026-07-23 12:10:00,,,,45.89,17.3,10.72,35.6,17.33,17.31,220.1,32.85,0.236,,,,,,,,,-0.676,1.0,-31.13,97.2,464.7,,,,45.9,17.31,11.01,35.61,17.33,17.31,220.8,32.89,0.982,,,,,,,,,-0.662,1.0,-28.63,125.5,500.0,,,,45.88,17.29,10.54,35.59,17.32,17.29,219.4,32.81,0.202,,,,,,,,,-0.78,1.0,-40.14,79.93,392.4,,,,0.005,0.004,0.059,0.002,0.003,0.004,0.263,0.014,0.04,,,,,,,,,0.034,0.0,2.925,11.8,26.65
7/23/2026 12:00:48,2026-07-23 12:00:00,,,,45.89,17.3,10.72,35.6,17.33,17.31,220.1,32.85,0.238,,,,,,,,,-0.67,1.0,-30.86,112.2,470.5,,,,45.9,17.31,10.91,35.61,17.33,17.32,221.0,32.88,1.099,,,,,,,,,-0.662,1.0,-28.75,138.3,568.9,,,,45.88,17.29,10.56,35.59,17.32,17.3,219.5,32.8,0.2,,,,,,,,,-0.776,1.0,-37.87,92.9,415.3,,,,0.004,0.003,0.054,0.002,0.003,0.003,0.276,0.015,0.058,,,,,,,,,0.024,0.0,2.021,12.82,38.59
7/23/2026 11:50:23,2026-07-23 11:50:00,,,,45.89,17.3,10.72,35.6,17.33,17.31,220.0,32.85,0.233,,,,,,,,,-0.672,1.0,-30.58,109.1,480.1,,,,45.91,17.31,10.9,35.61,17.34,17.32,220.9,32.9,0.485,,,,,,,,,-0.663,1.0,-28.43,128.4,578.7,,,,45.86,17.28,10.53,35.59,17.32,17.29,219.0,32.8,0.2,,,,,,,,,-0.777,1.0,-38.0,83.3,385.8,,,,0.007,0.007,0.057,0.002,0.004,0.007,0.294,0.015,0.021,,,,,,,,,0.025,0.0,2.015,12.49,41.53
7/23/2026 11:40:14,2026-07-23 11:40:00,,,,45.9,17.31,10.72,35.6,17.34,17.32,219.5,32.88,0.224,,,,,,,,,-0.673,1.0,-30.76,106.3,452.1,,,,45.91,17.32,10.89,35.61,17.35,17.32,220.7,32.93,0.556,,,,,,,,,-0.664,1.0,-28.58,125.5,571.7,,,,45.88,17.3,10.53,35.59,17.33,17.31,218.4,32.82,0.191,,,,,,,,,-0.784,1.0,-40.27,86.0,370.4,,,,0.004,0.004,0.056,0.002,0.003,0.004,0.315,0.017,0.027,,,,,,,,,0.026,0.0,2.427,11.7,56.62
7/23/2026 11:31:21,2026-07-23 11:30:00,,,,45.9,17.32,10.72,35.6,17.34,17.32,218.9,32.9,0.217,,,,,,,,,-0.675,1.0,-30.99,125.3,466.3,,,,45.91,17.32,10.92,35.61,17.35,17.33,219.7,32.95,0.647,,,,,,,,,-0.666,1.0,-28.77,151.3,612.5,,,,45.88,17.3,10.47,35.59,17.33,17.31,218.1,32.87,0.183,,,,,,,,,-0.782,1.0,-39.46,97.9,248.7,,,,0.004,0.004,0.064,0.002,0.003,0.003,0.268,0.014,0.033,,,,,,,,,0.025,0.0,2.163,14.3,78.97
7/23/2026 11:22:31,2026-07-23 11:20:00,,,,45.9,17.31,10.72,35.6,17.34,17.32,218.9,32.9,0.219,,,,,,,,,-0.675,1.0,-31.19,128.1,487.9,,,,45.91,17.32,10.9,35.61,17.35,17.33,220.1,32.95,0.961,,,,,,,,,-0.667,1.0,-29.16,149.7,561.3,,,,45.89,17.3,10.52,35.59,17.33,17.31,218.1,32.84,0.186,,,,,,,,,-0.787,1.0,-39.13,95.0,339.3,,,,0.004,0.004,0.06,0.002,0.004,0.004,0.288,0.015,0.038,,,,,,,,,0.026,0.0,2.14,11.48,44.51
7/23/2026 11:13:50,2026-07-23 11:10:00,,,,45.89,17.31,10.73,35.6,17.33,17.31,219.2,32.89,0.227,,,,,,,,,-0.684,1.0,-31.88,103.7,467.8,,,,45.9,17.32,11.01,35.61,17.34,17.32,220.0,32.94,0.284,,,,,,,,,-0.669,1.0,-29.34,126.6,537.1,,,,45.87,17.29,10.55,35.58,17.32,17.3,218.2,32.85,0.195,,,,,,,,,-0.79,1.0,-39.97,78.33,398.5,,,,0.004,0.004,0.063,0.002,0.004,0.003,0.283,0.015,0.014,,,,,,,,,0.034,0.0,2.619,12.77,29.56
7/23/2026 11:00:28,2026-07-23 11:00:00,,,,45.88,17.3,10.72,35.6,17.32,17.3,219.4,32.88,0.263,,,,,,,,,-0.684,1.0,-31.86,104.0,289.2,,,,45.89,17.31,10.92,35.61,17.33,17.31,220.2,32.94,0.731,,,,,,,,,-0.672,1.0,-30.06,133.5,484.2,,,,45.86,17.28,10.54,35.58,17.32,17.29,218.5,32.84,0.203,,,,,,,,,-0.79,1.0,-39.69,78.33,153.1,,,,0.005,0.004,0.059,0.004,0.003,0.004,0.29,0.016,0.032,,,,,,,,,0.025,0.0,2.005,13.96,114.5
7/23/2026 10:51:02,2026-07-23 10:50:00,,,,45.88,17.3,10.72,35.6,17.32,17.3,219.6,32.87,0.234,,,,,,,,,-0.68,1.0,-31.56,98.2,450.4,,,,45.89,17.31,10.9,35.61,17.33,17.31,220.6,32.91,0.313,,,,,,,,,-0.672,1.0,-29.53,127.2,523.3,,,,45.87,17.29,10.56,35.59,17.31,17.3,218.8,32.83,0.201,,,,,,,,,-0.79,1.0,-39.25,81.1,404.5,,,,0.003,0.003,0.06,0.002,0.004,0.003,0.281,0.015,0.012,,,,,,,,,0.025,0.0,2.021,12.75,28.14
7/23/2026 10:40:35,2026-07-23 10:40:00,,,,45.87,17.29,10.73,35.6,17.31,17.29,219.8,32.87,0.238,,,,,,,,,-0.684,1.0,-31.85,100.9,467.6,,,,45.88,17.3,10.93,35.61,17.32,17.3,220.6,32.91,0.427,,,,,,,,,-0.674,1.0,-29.55,120.6,544.7,,,,45.86,17.28,10.51,35.59,17.3,17.29,219.0,32.83,0.202,,,,,,,,,-0.79,1.0,-39.26,82.2,411.4,,,,0.003,0.003,0.062,0.002,0.003,0.002,0.27,0.014,0.015,,,,,,,,,0.026,0.0,2.072,9.62,37.02
7/23/2026 10:32:10,2026-07-23 10:30:00,,,,45.87,17.28,10.73,35.6,17.3,17.29,219.9,32.87,0.242,,,,,,,,,-0.683,1.0,-31.8,98.0,451.1,,,,45.88,17.29,10.89,35.61,17.31,17.29,220.7,32.92,0.294,,,,,,,,,-0.674,1.0,-29.54,122.2,553.8,,,,45.85,17.27,10.47,35.59,17.29,17.28,218.9,32.82,0.21,,,,,,,,,-0.747,1.0,-36.23,77.21,404.1,,,,0.004,0.003,0.059,0.002,0.004,0.003,0.268,0.014,0.012,,,,,,,,,0.018,0.0,1.618,10.72,34.99
7/23/2026 10:20:16,2026-07-23 10:20:00,,,,45.86,17.27,10.73,35.6,17.29,17.28,220.0,32.86,0.263,,,,,,,,,-0.686,1.0,-31.94,95.7,422.5,,,,45.87,17.28,11.01,35.61,17.3,17.29,220.9,32.9,0.7,,,,,,,,,-0.677,1.0,-29.81,111.2,462.9,,,,45.84,17.26,10.56,35.59,17.28,17.27,219.3,32.82,0.225,,,,,,,,,-0.796,1.0,-39.24,79.52,345.4,,,,0.004,0.004,0.062,0.002,0.004,0.004,0.274,0.014,0.023,,,,,,,,,0.026,0.0,2.057,8.19,29.98
7/23/2026 10:10:59,2026-07-23 10:10:00,,,,45.85,17.26,10.73,35.6,17.28,17.27,220.1,32.87,0.273,,,,,,,,,-0.693,1.0,-32.39,98.1,411.8,,,,45.86,17.27,10.99,35.61,17.29,17.27,220.8,32.91,0.366,,,,,,,,,-0.679,1.0,-30.02,126.1,531.1,,,,45.83,17.25,10.54,35.59,17.26,17.25,219.2,32.83,0.242,,,,,,,,,-0.802,1.0,-42.54,76.45,324.9,,,,0.004,0.004,0.063,0.002,0.005,0.004,0.285,0.015,0.013,,,,,,,,,0.034,0.0,2.956,13.13,52.74
7/23/2026 10:01:07,2026-07-23 10:00:00,,,,45.83,17.24,10.73,35.6,17.26,17.25,220.1,32.87,0.286,,,,,,,,,-0.688,1.0,-32.35,97.7,407.3,,,,45.84,17.26,10.9,35.61,17.27,17.26,220.9,32.91,0.384,,,,,,,,,-0.679,1.0,-30.12,119.0,464.2,,,,45.81,17.23,10.52,35.59,17.24,17.24,219.4,32.83,0.247,,,,,,,,,-0.801,1.0,-40.08,74.55,350.3,,,,0.006,0.006,0.062,0.003,0.006,0.006,0.258,0.014,0.015,,,,,,,,,0.026,0.0,2.106,9.62,28.61
7/23/2026 09:56:13,2026-07-23 09:30:00,,,,45.76,17.17,10.73,35.6,17.18,17.18,220.2,32.89,0.332,,,,,,,,,-0.692,1.0,-32.34,86.9,352.5,,,,45.78,17.19,10.91,35.61,17.2,17.2,221.2,32.94,0.403,,,,,,,,,-0.683,1.0,-30.04,134.5,429.2,,,,45.73,17.15,10.55,35.58,17.16,17.16,219.6,32.85,0.29,,,,,,,,,-0.806,1.0,-40.08,65.6,181.4,,,,0.01,0.009,0.061,0.003,0.01,0.009,0.273,0.015,0.016,,,,,,,,,0.026,0.0,2.134,13.47,62.89
7/23/2026 09:55:02,2026-07-23 09:50:00,,,,45.81,17.22,10.73,35.6,17.24,17.23,220.2,32.88,0.305,,,,,,,,,-0.69,1.0,-32.38,92.2,392.5,,,,45.82,17.24,10.9,35.61,17.25,17.24,221.0,32.93,0.415,,,,,,,,,-0.682,1.0,-30.54,122.7,485.6,,,,45.79,17.21,10.55,35.59,17.22,17.21,219.2,32.83,0.263,,,,,,,,,-0.801,1.0,-39.19,74.01,291.6,,,,0.008,0.007,0.059,0.003,0.008,0.007,0.287,0.015,0.015,,,,,,,,,0.025,0.0,1.872,12.03,45.46
7/23/2026 09:48:10,2026-07-23 09:40:00,,,,45.78,17.2,10.73,35.6,17.21,17.21,220.2,32.89,0.319,,,,,,,,,-0.688,1.0,-32.31,91.7,395.3,,,,45.8,17.22,10.93,35.61,17.23,17.22,221.1,32.93,0.391,,,,,,,,,-0.683,1.0,-30.53,122.7,485.6,,,,45.76,17.18,10.55,35.58,17.19,17.18,219.5,32.84,0.284,,,,,,,,,-0.734,1.0,-35.69,63.9,278.8,,,,0.009,0.008,0.061,0.003,0.008,0.008,0.272,0.014,0.014,,,,,,,,,0.012,0.0,1.307,12.81,53.53
7/23/2026 09:27:39,2026-07-23 08:40:00,,,,45.62,17.04,10.73,35.6,17.06,17.05,222.2,32.85,0.487,,,,,,,,,-0.7,1.0,-33.33,165.6,186.6,,,,45.64,17.05,10.91,35.61,17.07,17.06,223.0,32.89,0.667,,,,,,,,,-0.691,1.0,-31.1,182.4,216.1,,,,45.6,17.02,10.53,35.58,17.05,17.02,221.4,32.81,0.438,,,,,,,,,-0.807,1.0,-40.69,134.0,158.6,,,,0.007,0.006,0.06,0.004,0.004,0.006,0.27,0.014,0.021,,,,,,,,,0.025,0.0,1.967,12.67,14.47
7/23/2026 09:27:17,2026-07-23 09:20:00,,,,45.72,17.14,10.73,35.6,17.14,17.15,220.2,32.91,0.335,,,,,,,,,-0.691,1.0,-32.29,89.6,358.3,,,,45.75,17.16,10.92,35.61,17.17,17.17,221.0,32.96,0.401,,,,,,,,,-0.682,1.0,-30.24,105.1,432.0,,,,45.68,17.11,10.54,35.58,17.12,17.12,219.2,32.87,0.304,,,,,,,,,-0.802,1.0,-38.98,69.27,296.9,,,,0.015,0.014,0.062,0.004,0.013,0.013,0.265,0.016,0.012,,,,,,,,,0.026,0.0,1.937,9.07,35.0
7/23/2026 09:20:15,2026-07-23 08:50:00,,,,45.63,17.05,10.73,35.6,17.07,17.05,222.1,32.85,0.428,,,,,,,,,-0.698,1.0,-32.92,159.9,246.0,,,,45.64,17.06,10.9,35.61,17.08,17.06,223.0,32.9,0.535,,,,,,,,,-0.685,1.0,-30.75,187.9,372.0,,,,45.6,17.02,10.57,35.58,17.06,17.03,221.1,32.81,0.366,,,,,,,,,-0.809,1.0,-40.69,143.1,182.0,,,,0.007,0.007,0.06,0.004,0.003,0.006,0.288,0.015,0.032,,,,,,,,,0.026,0.0,2.175,13.2,52.8
7/23/2026 09:18:33,2026-07-23 09:10:00,,,,45.67,17.09,10.73,35.6,17.1,17.1,221.0,32.89,0.382,,,,,,,,,-0.7,1.0,-33.13,99.2,260.6,,,,45.71,17.13,10.94,35.61,17.12,17.13,222.1,32.97,0.495,,,,,,,,,-0.683,1.0,-30.92,152.4,479.5,,,,45.62,17.05,10.56,35.58,17.08,17.06,219.4,32.85,0.317,,,,,,,,,-0.816,1.0,-41.94,61.11,157.5,,,,0.02,0.018,0.061,0.004,0.013,0.018,0.479,0.02,0.03,,,,,,,,,0.036,0.0,2.77,29.11,79.24
7/23/2026 09:05:22,2026-07-23 09:00:00,,,,45.63,17.05,10.73,35.59,17.07,17.06,221.7,32.87,0.421,,,,,,,,,-0.693,1.0,-32.54,154.6,224.8,,,,45.65,17.07,10.9,35.61,17.08,17.08,222.9,32.92,0.543,,,,,,,,,-0.686,1.0,-30.85,190.8,340.4,,,,45.6,17.03,10.53,35.57,17.06,17.04,220.7,32.81,0.358,,,,,,,,,-0.737,1.0,-35.55,133.7,166.4,,,,0.009,0.008,0.062,0.004,0.003,0.008,0.349,0.018,0.021,,,,,,,,,0.01,0.0,1.228,16.27,44.56
7/23/2026 08:30:13,2026-07-23 08:30:00,,,,45.61,17.03,10.73,35.6,17.04,17.03,222.2,32.85,0.498,,,,,,,,,-0.702,1.0,-33.26,152.0,176.9,,,,45.63,17.04,10.91,35.61,17.06,17.05,223.2,32.9,0.574,,,,,,,,,-0.69,1.0,-31.01,180.1,216.1,,,,45.59,17.01,10.53,35.58,17.03,17.02,221.3,32.81,0.431,,,,,,,,,-0.808,1.0,-40.48,132.0,145.9,,,,0.008,0.007,0.064,0.004,0.006,0.006,0.287,0.015,0.023,,,,,,,,,0.027,0.0,2.182,16.52,19.24
7/23/2026 08:20:46,2026-07-23 08:20:00,,,,45.59,17.01,10.73,35.6,17.02,17.01,222.3,32.86,0.502,,,,,,,,,-0.693,1.0,-32.7,148.0,177.9,,,,45.61,17.03,10.92,35.62,17.04,17.03,223.1,32.91,0.975,,,,,,,,,-0.689,1.0,-31.25,174.6,213.8,,,,45.56,16.98,10.54,35.57,17.0,16.99,221.4,32.82,0.441,,,,,,,,,-0.713,1.0,-34.62,109.0,135.2,,,,0.011,0.01,0.062,0.005,0.008,0.009,0.271,0.015,0.033,,,,,,,,,0.005,0.0,1.019,18.29,20.51
7/23/2026 08:10:18,2026-07-23 08:10:00,,,,45.57,16.98,10.72,35.6,17.0,16.99,222.2,32.88,0.533,,,,,,,,,-0.703,1.0,-33.13,132.7,158.1,,,,45.58,17.0,10.96,35.62,17.01,17.01,223.1,32.91,1.121,,,,,,,,,-0.689,1.0,-30.76,150.3,189.2,,,,45.54,16.95,10.55,35.58,16.98,16.96,221.4,32.83,0.48,,,,,,,,,-0.809,1.0,-42.04,113.5,127.4,,,,0.009,0.008,0.066,0.004,0.007,0.008,0.272,0.015,0.034,,,,,,,,,0.034,0.0,2.748,8.82,14.67
7/23/2026 08:09:58,2026-07-23 06:40:00,,,,45.42,16.84,10.71,35.59,16.87,16.85,222.3,32.93,0.916,,,,,,,,,-0.701,1.0,-33.32,8.79,9.87,,,,45.44,16.87,10.88,35.67,16.89,16.87,223.4,32.98,1.069,,,,,,,,,-0.693,1.0,-31.07,12.9,14.01,,,,45.32,16.73,10.53,35.53,16.86,16.76,221.2,32.88,0.826,,,,,,,,,-0.822,1.0,-41.49,4.532,6.215,,,,0.013,0.013,0.061,0.008,0.007,0.011,0.296,0.015,0.042,,,,,,,,,0.028,0.0,2.11,2.264,2.224
7/23/2026 08:09:44,2026-07-23 06:50:00,,,,45.42,16.85,10.72,35.59,16.87,16.85,222.4,32.92,0.918,,,,,,,,,-0.702,1.0,-33.25,18.55,19.48,,,,45.45,16.87,10.91,35.62,16.89,16.88,223.5,32.97,1.171,,,,,,,,,-0.692,1.0,-31.54,25.64,27.35,,,,45.39,16.82,10.53,35.57,16.86,16.83,221.6,32.87,0.833,,,,,,,,,-0.817,1.0,-40.82,12.3,12.89,,,,0.01,0.009,0.06,0.006,0.007,0.008,0.297,0.016,0.04,,,,,,,,,0.026,0.0,2.002,3.857,3.956
7/23/2026 08:03:04,2026-07-23 07:00:00,,,,45.42,16.85,10.72,35.59,16.87,16.85,222.4,32.92,0.886,,,,,,,,,-0.7,1.0,-33.02,48.72,51.39,,,,45.45,16.88,10.88,35.62,16.89,16.88,223.3,32.97,1.114,,,,,,,,,-0.685,1.0,-30.63,80.6,89.6,,,,45.38,16.81,10.52,35.57,16.86,16.82,221.6,32.88,0.775,,,,,,,,,-0.817,1.0,-41.58,25.64,26.25,,,,0.013,0.012,0.064,0.006,0.006,0.011,0.289,0.015,0.045,,,,,,,,,0.027,0.0,2.177,16.56,18.8
7/23/2026 08:02:19,2026-07-23 08:00:00,,,,45.54,16.96,10.73,35.6,16.97,16.96,222.2,32.88,0.563,,,,,,,,,-0.696,1.0,-32.77,120.2,151.4,,,,45.56,16.98,10.92,35.61,16.99,16.99,223.0,32.93,0.672,,,,,,,,,-0.686,1.0,-30.71,140.5,200.0,,,,45.5,16.93,10.52,35.57,16.96,16.94,221.4,32.84,0.489,,,,,,,,,-0.809,1.0,-39.96,105.2,124.4,,,,0.01,0.009,0.064,0.004,0.006,0.008,0.283,0.015,0.033,,,,,,,,,0.026,0.0,1.899,9.02,17.55
7/23/2026 07:52:56,2026-07-23 07:50:00,,,,45.52,16.94,10.73,35.59,16.95,16.94,222.4,32.89,0.714,,,,,,,,,-0.694,1.0,-32.62,87.4,97.3,,,,45.54,16.96,10.91,35.61,16.97,16.96,223.2,32.94,0.905,,,,,,,,,-0.682,1.0,-30.65,123.9,138.5,,,,45.49,16.91,10.52,35.57,16.94,16.92,221.4,32.84,0.59,,,,,,,,,-0.806,1.0,-41.25,63.95,65.61,,,,0.011,0.01,0.065,0.005,0.007,0.01,0.275,0.015,0.049,,,,,,,,,0.026,0.0,2.187,19.57,20.41
7/23/2026 07:46:48,2026-07-23 07:30:00,,,,45.47,16.9,10.73,35.59,16.91,16.9,222.4,32.9,0.821,,,,,,,,,-0.703,1.0,-33.77,66.18,67.29,,,,45.5,16.93,10.94,35.61,16.93,16.93,223.3,32.95,1.105,,,,,,,,,-0.691,1.0,-30.8,70.98,71.92,,,,45.43,16.87,10.55,35.57,16.88,16.87,221.6,32.86,0.746,,,,,,,,,-0.83,1.0,-43.5,62.87,63.41,,,,0.013,0.012,0.064,0.005,0.011,0.012,0.275,0.015,0.034,,,,,,,,,0.03,0.0,2.537,2.084,2.178
7/23/2026 07:44:30,2026-07-23 07:40:00,,,,45.5,16.92,10.73,35.59,16.94,16.93,222.4,32.89,0.794,,,,,,,,,-0.702,1.0,-33.24,61.32,67.34,,,,45.52,16.94,10.92,35.61,16.95,16.94,223.3,32.94,0.945,,,,,,,,,-0.684,1.0,-31.1,73.0,86.3,,,,45.46,16.89,10.53,35.57,16.91,16.9,221.5,32.85,0.72,,,,,,,,,-0.817,1.0,-41.56,46.5,47.95,,,,0.009,0.008,0.064,0.005,0.008,0.008,0.285,0.015,0.029,,,,,,,,,0.028,0.0,2.273,6.914,9.08
7/23/2026 07:27:56,2026-07-23 07:10:00,,,,45.43,16.86,10.72,35.59,16.88,16.86,222.4,32.92,0.807,,,,,,,,,-0.7,1.0,-33.29,83.4,98.0,,,,45.45,16.88,10.91,35.61,16.89,16.88,223.3,32.96,0.996,,,,,,,,,-0.681,1.0,-30.39,108.4,155.3,,,,45.4,16.83,10.46,35.58,16.87,16.84,221.6,32.87,0.738,,,,,,,,,-0.803,1.0,-42.87,57.9,58.43,,,,0.009,0.008,0.065,0.004,0.004,0.007,0.284,0.015,0.033,,,,,,,,,0.033,0.0,2.891,12.7,22.85
7/23/2026 07:27:06,2026-07-23 07:20:00,,,,45.44,16.87,10.72,35.59,16.89,16.87,222.5,32.91,0.843,,,,,,,,,-0.702,1.0,-33.59,65.43,66.92,,,,45.46,16.89,10.9,35.61,16.9,16.89,223.5,32.96,1.052,,,,,,,,,-0.692,1.0,-31.62,75.71,76.8,,,,45.42,16.84,10.54,35.58,16.87,16.85,221.6,32.86,0.767,,,,,,,,,-0.814,1.0,-40.71,55.02,55.68,,,,0.009,0.009,0.064,0.004,0.007,0.008,0.269,0.014,0.033,,,,,,,,,0.026,0.0,2.028,4.764,4.509
7/23/2026 06:30:15,2026-07-23 06:30:00,,,,45.42,16.85,10.71,35.59,16.87,16.85,222.3,32.93,0.917,,,,,,,,,-0.701,1.0,-33.21,3.87,4.772,,,,45.44,16.86,10.9,35.61,16.88,16.87,223.2,32.99,1.125,,,,,,,,,-0.693,1.0,-31.37,6.154,6.771,,,,45.39,16.82,10.54,35.57,16.85,16.83,221.2,32.89,0.814,,,,,,,,,-0.817,1.0,-41.1,3.426,4.008,,,,0.01,0.009,0.06,0.005,0.007,0.008,0.305,0.016,0.048,,,,,,,,,0.027,0.0,2.096,0.702,0.802
7/23/2026 06:20:22,2026-07-23 06:20:00,,,,45.4,16.83,10.71,35.59,16.85,16.84,222.3,32.94,0.922,,,,,,,,,-0.7,1.0,-33.54,2.662,3.291,,,,45.44,16.86,10.89,35.62,16.87,16.87,223.3,32.99,1.127,,,,,,,,,-0.691,1.0,-30.69,3.449,4.581,,,,45.29,16.74,10.49,35.53,16.84,16.76,221.4,32.89,0.835,,,,,,,,,-0.814,1.0,-41.76,1.875,1.831,,,,0.021,0.019,0.061,0.007,0.006,0.017,0.286,0.015,0.048,,,,,,,,,0.026,0.0,2.306,0.777,0.771
7/23/2026 06:11:08,2026-07-23 06:10:00,,,,45.4,16.83,10.71,35.59,16.86,16.83,222.3,32.94,0.91,,,,,,,,,-0.706,1.0,-33.57,2.783,3.42,,,,45.43,16.85,10.89,35.62,16.87,16.86,223.4,33.0,1.181,,,,,,,,,-0.692,1.0,-30.74,3.454,4.57,,,,45.26,16.7,10.43,35.55,16.84,16.71,221.4,32.9,0.823,,,,,,,,,-0.818,1.0,-43.31,0.888,1.28,,,,0.022,0.02,0.062,0.007,0.008,0.018,0.308,0.016,0.052,,,,,,,,,0.036,0.0,3.146,0.89,0.863
7/23/2026 06:03:50,2026-07-23 06:00:00,,,,45.41,16.84,10.71,35.59,16.86,16.84,222.3,32.93,0.901,,,,,,,,,-0.7,1.0,-33.15,1.178,1.414,,,,45.44,16.86,10.94,35.61,16.87,16.86,223.1,32.99,1.066,,,,,,,,,-0.691,1.0,-30.9,3.439,4.009,,,,45.38,16.81,10.45,35.57,16.84,16.81,221.4,32.89,0.816,,,,,,,,,-0.812,1.0,-41.55,0.434,0.297,,,,0.011,0.01,0.065,0.006,0.006,0.009,0.29,0.015,0.043,,,,,,,,,0.026,0.0,2.18,0.95,1.176
7/23/2026 05:50:15,2026-07-23 05:50:00,,,,45.4,16.82,10.7,35.59,16.84,16.83,222.3,32.94,0.918,,,,,,,,,-0.7,1.0,-33.32,1.698,2.256,,,,45.43,16.86,10.88,35.62,16.86,16.86,223.3,32.99,1.374,,,,,,,,,-0.69,1.0,-31.08,3.457,4.008,,,,45.36,16.79,10.52,35.57,16.82,16.8,221.4,32.89,0.837,,,,,,,,,-0.812,1.0,-41.22,0.454,0.749,,,,0.013,0.013,0.058,0.006,0.008,0.011,0.28,0.015,0.049,,,,,,,,,0.026,0.0,2.247,0.62,0.664
7/23/2026 05:40:10,2026-07-23 05:40:00,,,,45.39,16.81,10.7,35.59,16.81,16.82,222.4,32.94,0.935,,,,,,,,,-0.7,1.0,-33.13,2.648,3.604,,,,45.42,16.84,10.88,35.62,16.84,16.85,223.3,32.99,1.12,,,,,,,,,-0.689,1.0,-30.76,4.536,5.108,,,,45.34,16.77,10.51,35.57,16.77,16.78,221.3,32.9,0.854,,,,,,,,,-0.811,1.0,-41.4,0.906,1.275,,,,0.015,0.014,0.059,0.006,0.015,0.013,0.302,0.015,0.041,,,,,,,,,0.026,0.0,2.194,0.892,0.811
7/23/2026 05:30:21,2026-07-23 05:30:00,,,,44.86,,,35.59,16.75,16.77,222.7,32.95,0.956,,,,,,,,,-0.698,1.0,-33.36,2.696,3.169,,,,45.38,,,35.62,16.79,16.82,223.7,33.0,1.312,,,,,,,,,-0.689,1.0,-30.59,4.547,5.119,,,,0.932,,,35.57,16.71,16.73,221.7,32.9,0.868,,,,,,,,,-0.815,1.0,-40.71,0.438,0.3,,,,4.455,,,0.005,0.018,0.022,0.33,0.016,0.045,,,,,,,,,0.027,0.0,2.199,1.786,2.016
7/23/2026 05:22:31,2026-07-23 05:20:00,,,,44.88,,,35.59,16.67,16.71,223.1,32.95,0.972,,,,,,,,,-0.695,1.0,-32.77,0.918,1.234,,,,45.33,,,35.62,16.73,16.76,224.2,33.0,1.223,,,,,,,,,-0.689,1.0,-30.97,1.885,2.944,,,,0.923,,,35.56,16.62,16.64,222.2,32.91,0.893,,,,,,,,,-0.737,1.0,-35.99,0.432,0.299,,,,3.766,,,0.006,0.028,0.035,0.353,0.016,0.044,,,,,,,,,0.01,0.0,1.36,0.587,0.947
7/23/2026 05:11:39,2026-07-23 05:10:00,,,,45.38,,,35.58,16.59,16.63,223.5,32.97,0.984,,,,,,,,,-0.702,1.0,-33.5,1.377,1.981,,,,224.0,,,35.61,16.64,16.66,224.6,33.01,1.714,,,,,,,,,-0.689,1.0,-30.81,1.887,3.459,,,,0.937,,,35.56,16.53,16.56,222.6,32.92,0.899,,,,,,,,,-0.814,1.0,-41.39,0.445,0.299,,,,9.55,,,0.006,0.027,0.017,0.327,0.016,0.054,,,,,,,,,0.034,0.0,2.674,0.567,0.774
7/23/2026 05:01:05,2026-07-23 05:00:00,,,,45.39,,,35.58,16.51,16.51,224.3,32.98,1.005,,,,,,,,,-0.691,1.0,-32.69,1.013,1.343,,,,224.3,,,35.6,16.54,16.58,225.4,33.02,1.245,,,,,,,,,-0.689,1.0,-31.28,1.892,2.945,,,,1.038,,,35.55,16.48,16.46,223.4,32.93,0.922,,,,,,,,,-0.698,1.0,-34.42,0.441,0.296,,,,9.11,,,0.006,0.013,0.026,0.342,0.016,0.046,,,,,,,,,0.002,0.0,1.029,0.598,0.873
7/23/2026 04:57:13,2026-07-23 04:30:00,,,,44.71,,,35.58,16.48,16.47,224.6,32.98,1.03,,,,,,,,,-0.69,1.0,-32.76,1.278,2.007,,,,224.7,,,35.6,16.5,16.51,225.8,33.03,1.447,,,,,,,,,-0.687,1.0,-30.91,1.893,2.942,,,,1.02,,,35.56,16.47,16.43,223.7,32.93,0.944,,,,,,,,,-0.714,1.0,-35.04,0.443,0.763,,,,10.37,,,0.006,0.006,0.015,0.316,0.015,0.05,,,,,,,,,0.006,0.0,1.1,0.57,0.564
7/23/2026 04:56:58,2026-07-23 04:50:00,,,,47.15,17.15,,35.57,16.48,16.47,224.6,32.98,1.013,,,,,,,,,-0.691,1.0,-33.02,1.517,2.034,,,,224.9,224.4,,35.61,16.5,16.5,225.5,33.03,1.385,,,,,,,,,-0.688,1.0,-31.02,1.902,2.945,,,,16.49,0.989,,35.55,16.47,16.43,223.8,32.94,0.921,,,,,,,,,-0.702,1.0,-35.44,0.441,0.307,,,,20.17,10.63,,0.006,0.007,0.015,0.307,0.015,0.049,,,,,,,,,0.003,0.0,1.241,0.508,0.568
7/23/2026 04:48:01,2026-07-23 04:40:00,,,,44.72,,,35.57,16.48,16.46,224.6,32.98,1.019,,,,,,,,,-0.69,1.0,-32.76,0.937,1.553,,,,224.6,,,35.59,16.5,16.5,225.7,33.02,1.242,,,,,,,,,-0.687,1.0,-31.12,1.888,2.386,,,,0.993,,,35.53,16.47,16.43,223.7,32.92,0.901,,,,,,,,,-0.699,1.0,-36.15,0.442,0.305,,,,10.44,,,0.006,0.007,0.016,0.328,0.016,0.045,,,,,,,,,0.002,0.0,1.25,0.355,0.492
7/23/2026 04:20:10,2026-07-23 04:20:00,,,,44.61,,,35.49,16.47,16.48,224.6,32.98,1.035,,,,,,,,,-0.688,1.0,-32.67,2.267,3.006,,,,224.7,,,35.6,16.49,16.51,225.6,33.03,1.212,,,,,,,,,-0.686,1.0,-30.42,3.446,4.584,,,,0.959,,,1.02,16.46,16.43,223.6,32.93,0.943,,,,,,,,,-0.692,1.0,-35.07,1.867,2.38,,,,10.84,,,1.793,0.008,0.015,0.336,0.016,0.045,,,,,,,,,0.001,0.0,1.364,0.675,0.678
7/23/2026 04:15:41,2026-07-23 04:10:00,,,,42.8,,,34.76,16.41,16.47,,,,,,,,,,,,-0.699,1.0,-33.24,1.858,2.477,,,,45.09,,,35.6,16.47,16.52,,,,,,,,,,,,-0.685,1.0,-30.6,3.448,4.026,,,,1.0,,,0.991,16.33,16.38,,,,,,,,,,,,-0.81,1.0,-42.74,0.442,0.302,,,,9.19,,,5.233,0.038,0.033,,,,,,,,,,,,0.035,0.0,3.043,0.975,1.193
7/23/2026 04:00:36,2026-07-23 04:00:00,,,,32.1,,,36.57,16.14,,,,,,,,,,,,,-0.694,1.0,-32.89,0.719,1.151,,,,226.0,,,226.4,16.35,,,,,,,,,,,,,-0.685,1.0,-30.29,1.888,2.083,,,,0.479,,,0.994,0.999,,,,,,,,,,,,,-0.807,1.0,-40.7,0.435,0.301,,,,28.67,,,18.68,1.452,,,,,,,,,,,,,0.026,0.0,2.123,0.346,0.739
7/23/2026 03:50:55,2026-07-23 03:50:00,,,,20.72,,,,15.71,,,,,,,,,,,,,-0.694,1.0,-33.37,0.945,1.388,,,,226.1,,,226.2,16.22,,,,,,,,,,,,,-0.684,1.0,-31.0,1.892,2.391,,,,0.499,,,33.0,0.975,,,,,,,,,,,,,-0.802,1.0,-41.3,0.437,0.298,,,,25.4,,,30.74,2.458,,,,,,,,,,,,,0.026,0.0,2.265,0.436,0.609
7/23/2026 03:47:22,2026-07-23 03:30:00,,,,44.79,,,33.31,19.44,,,,,,,,,,,,,-0.692,1.0,-33.5,0.734,1.056,,,,227.9,,,35.55,226.9,,,,,,,,,,,,,-0.685,1.0,-30.92,1.886,1.834,,,,0.557,,,0.925,15.97,,,,,,,,,,,,,-0.805,1.0,-40.3,0.445,0.294,,,,58.69,,,7.049,22.26,,,,,,,,,,,,,0.026,0.0,2.107,0.432,0.479
7/23/2026 03:46:58,2026-07-23 03:40:00,,,,23.67,,,38.76,16.54,,,,,,,,,,,,,-0.692,1.0,-33.27,0.745,1.093,,,,226.9,,,227.2,33.09,,,,,,,,,,,,,-0.684,1.0,-30.7,0.913,1.826,,,,0.459,,,15.98,0.924,,,,,,,,,,,,,-0.804,1.0,-40.8,0.443,0.292,,,,19.54,,,28.56,4.406,,,,,,,,,,,,,0.026,0.0,2.144,0.218,0.423
7/23/2026 03:21:03,2026-07-23 03:20:00,,,,91.7,,,,37.22,16.92,,,,,,,,,,,,-0.696,1.0,-33.61,0.883,1.411,,,,227.9,,,35.55,227.3,33.07,,,,,,,,,,,,-0.685,1.0,-31.47,1.877,2.381,,,,0.518,,,0.869,15.94,0.982,,,,,,,,,,,,-0.808,1.0,-41.03,0.438,0.295,,,,97.2,,,13.73,62.37,6.177,,,,,,,,,,,,0.028,0.0,2.52,0.28,0.436
7/23/2026 03:10:15,2026-07-23 03:10:00,,,,71.37,,,11.49,99.6,150.5,20.35,,,,,,,,,,,-0.697,1.0,-33.26,1.08,1.635,,,,228.2,,,33.09,227.6,227.6,33.09,,,,,,,,,,,-0.684,1.0,-30.97,1.89,2.389,,,,0.835,,,0.899,15.9,33.06,0.894,,,,,,,,,,,-0.81,1.0,-41.49,0.444,0.292,,,,89.9,,,13.92,103.6,95.2,15.76,,,,,,,,,,,0.036,0.0,2.622,0.491,0.655
7/23/2026 03:01:06,2026-07-23 03:00:00,,,,35.73,,,50.84,35.56,,,,,,,,,,,,,-0.692,1.0,-32.98,0.886,1.379,,,,228.7,,,228.5,228.2,,,,,,,,,,,,,-0.683,1.0,-31.23,1.885,2.381,,,,0.476,,,0.878,0.893,,,,,,,,,,,,,-0.803,1.0,-40.53,0.437,0.292,,,,64.27,,,76.39,71.31,,,,,,,,,,,,,0.026,0.0,2.018,0.463,0.648
7/23/2026 02:50:56,2026-07-23 02:50:00,,,,49.02,,,26.0,34.22,,,,,,,,,,,,,-0.693,1.0,-33.55,1.344,2.114,,,,228.6,,,228.2,227.6,,,,,,,,,,,,,-0.684,1.0,-31.18,1.905,2.939,,,,0.421,,,0.844,0.84,,,,,,,,,,,,,-0.804,1.0,-40.34,0.894,1.613,,,,78.13,,,64.62,68.43,,,,,,,,,,,,,0.026,0.0,2.201,0.489,0.284
7/23/2026 02:48:46,2026-07-23 02:30:00,,,,50.18,29.42,,,51.03,,,,,,,,,,,,,-0.695,1.0,-33.23,2.217,2.947,,,,228.5,228.5,,228.1,228.2,,,,,,,,,,,,,-0.683,1.0,-31.02,4.523,5.102,,,,0.466,0.442,,0.811,0.849,,,,,,,,,,,,,-0.805,1.0,-40.15,0.441,0.301,,,,77.18,56.91,,31.23,71.79,,,,,,,,,,,,,0.028,0.0,1.953,1.172,1.302
7/23/2026 02:47:35,2026-07-23 02:40:00,,,,23.42,61.04,,12.03,14.87,,,,,,,,,,,,,-0.692,1.0,-33.42,2.077,2.882,,,,228.3,228.6,,228.4,33.16,,,,,,,,,,,,,-0.684,1.0,-31.01,3.445,4.022,,,,0.47,0.466,,0.828,0.859,,,,,,,,,,,,,-0.803,1.0,-41.25,1.017,2.38,,,,41.36,91.3,,40.74,13.79,,,,,,,,,,,,,0.026,0.0,2.116,0.603,0.554
7/23/2026 02:22:04,2026-07-23 02:20:00,,,,44.97,43.32,47.72,,32.91,,,,,,,,,,,,,-0.692,1.0,-33.16,1.327,1.587,,,,228.3,228.5,228.4,,228.3,,,,,,,,,,,,,-0.683,1.0,-30.41,3.455,4.575,,,,0.403,0.433,0.429,0.84,0.825,,,,,,,,,,,,,-0.804,1.0,-40.92,0.439,0.294,,,,71.79,73.33,78.71,82.9,75.91,,,,,,,,,,,,,0.026,0.0,2.223,1.168,1.553
7/23/2026 02:10:57,2026-07-23 02:10:00,,,,10.02,72.2,19.94,109.8,10.25,,,,,,,,,,,,,-0.698,1.0,-33.52,2.232,3.039,,,,227.9,228.4,228.4,228.6,228.3,,,,,,,,,,,,,-0.683,1.0,-30.78,3.45,4.028,,,,0.419,0.474,0.47,0.794,0.794,,,,,,,,,,,,,-0.807,1.0,-42.11,0.907,1.822,,,,15.26,89.9,33.49,107.5,40.09,,,,,,,,,,,,,0.034,0.0,2.797,0.735,0.685
7/23/2026 02:00:41,2026-07-23 02:00:00,,,,10.21,28.43,58.1,101.6,19.14,,,,,,,,,,,,,-0.693,1.0,-33.43,1.419,1.792,,,,44.29,228.7,229.1,228.7,228.4,,,,,,,,,,,,,-0.681,1.0,-30.83,3.452,3.468,,,,0.386,0.383,0.473,0.843,0.844,,,,,,,,,,,,,-0.802,1.0,-40.24,0.436,0.296,,,,12.92,51.63,85.1,102.3,34.87,,,,,,,,,,,,,0.026,0.0,2.322,0.95,1.22
7/23/2026 01:56:16,2026-07-23 01:30:00,,,,16.72,5.405,12.01,22.15,74.93,,,,,,,,,,,,,-0.694,1.0,-33.21,1.539,2.037,,,,44.48,35.54,35.55,227.7,228.2,,,,,,,,,,,,,-0.685,1.0,-31.01,1.894,2.949,,,,0.388,0.362,0.357,0.88,0.876,,,,,,,,,,,,,-0.801,1.0,-40.58,0.445,0.767,,,,13.57,7.345,13.47,37.14,90.6,,,,,,,,,,,,,0.025,0.0,1.996,0.471,0.58
7/23/2026 01:55:54,2026-07-23 01:40:00,,,,7.971,11.69,9.07,58.93,115.0,,,,,,,,,,,,,-0.692,1.0,-32.91,1.311,1.721,,,,44.44,35.54,35.54,228.4,228.4,,,,,,,,,,,,,-0.684,1.0,-30.87,3.45,3.469,,,,0.413,0.318,0.316,0.89,0.881,,,,,,,,,,,,,-0.802,1.0,-40.38,0.444,0.3,,,,10.63,13.79,11.83,87.8,107.5,,,,,,,,,,,,,0.025,0.0,2.06,0.773,0.944
7/23/2026 01:55:44,2026-07-23 01:50:00,,,,9.87,9.57,44.41,49.11,62.1,,,,,,,,,,,,,-0.691,1.0,-33.02,1.459,2.171,,,,44.36,35.52,228.8,228.6,228.5,,,,,,,,,,,,,-0.682,1.0,-30.37,1.893,2.941,,,,0.418,0.415,0.422,0.887,0.867,,,,,,,,,,,,,-0.8,1.0,-41.21,0.447,0.3,,,,13.26,12.09,70.14,76.37,81.3,,,,,,,,,,,,,0.025,0.0,2.181,0.51,0.644
7/23/2026 01:20:17,2026-07-23 01:20:00,,,,17.5,,,58.28,50.42,,,,,,,,,,,,,-0.694,1.0,-33.22,1.806,2.527,,,,44.49,,,228.1,228.0,,,,,,,,,,,,,-0.685,1.0,-30.81,3.444,4.577,,,,0.342,,,1.0,0.868,,,,,,,,,,,,,-0.801,1.0,-40.36,0.443,0.301,,,,15.71,,,85.3,80.9,,,,,,,,,,,,,0.025,0.0,2.023,0.962,1.135
7/23/2026 01:10:09,2026-07-23 01:10:00,,,,23.75,14.5,8.8,58.02,49.27,,,,,,,,,,,,,-0.701,1.0,-33.7,1.22,1.699,,,,44.49,35.55,35.55,228.2,227.8,,,,,,,,,,,,,-0.687,1.0,-30.94,1.891,2.391,,,,0.415,0.387,0.383,1.0,0.838,,,,,,,,,,,,,-0.805,1.0,-41.89,0.443,0.298,,,,19.3,11.3,10.24,76.43,78.4,,,,,,,,,,,,,0.033,0.0,2.628,0.574,0.639
7/23/2026 01:02:00,2026-07-23 01:00:00,,,,27.74,10.87,12.88,23.22,32.03,58.37,,,,,,,,,,,,-0.694,1.0,-33.26,1.129,1.809,,,,44.48,15.98,35.54,35.55,227.8,227.8,,,,,,,,,,,,-0.688,1.0,-31.01,1.899,2.385,,,,0.345,0.342,0.401,1.0,15.93,0.849,,,,,,,,,,,,-0.734,1.0,-36.68,0.446,0.793,,,,18.49,6.426,12.05,14.06,49.77,87.4,,,,,,,,,,,,0.01,0.0,1.431,0.452,0.4
7/23/2026 00:50:12,2026-07-23 00:50:00,,,,34.26,11.88,8.3,28.6,63.14,32.83,,,,,,,,,,,,-0.698,1.0,-33.48,1.218,1.753,,,,44.45,15.95,35.53,35.54,228.1,228.3,,,,,,,,,,,,-0.689,1.0,-31.18,1.899,2.941,,,,0.427,0.387,0.383,1.0,15.91,0.867,,,,,,,,,,,,-0.804,1.0,-40.16,0.448,0.744,,,,15.46,6.517,5.99,10.97,87.7,51.16,,,,,,,,,,,,0.025,0.0,1.996,0.506,0.607
7/23/2026 00:47:42,2026-07-23 00:40:00,,,,36.33,13.47,8.02,27.97,37.79,51.57,173.1,,,,,,,,,,,-0.698,1.0,-33.59,1.638,2.273,,,,44.41,15.92,10.89,35.54,228.5,228.6,228.6,,,,,,,,,,,-0.69,1.0,-31.62,3.437,3.456,,,,10.51,0.381,0.378,1.0,15.87,15.87,0.791,,,,,,,,,,,-0.804,1.0,-39.94,0.886,1.274,,,,13.51,4.776,4.469,13.17,64.45,77.06,91.6,,,,,,,,,,,0.024,0.0,1.847,0.597,0.533
7/23/2026 00:32:17,2026-07-23 00:30:00,,,,38.34,14.79,8.54,28.21,15.91,60.72,186.5,26.27,,,,,,,,,,-0.699,1.0,-33.54,1.537,2.122,,,,44.39,15.91,10.87,35.53,15.92,228.2,228.5,33.13,,,,,,,,,,-0.69,1.0,-30.99,1.902,2.945,,,,15.86,10.54,0.411,1.0,15.87,15.87,33.06,0.787,,,,,,,,,,-0.802,1.0,-41.17,0.448,0.401,,,,11.63,2.122,4.138,14.1,0.008,86.5,79.49,13.15,,,,,,,,,,0.024,0.0,2.043,0.541,0.76
7/23/2026 00:20:18,2026-07-23 00:20:00,,,,43.75,15.77,10.47,34.77,15.91,20.48,223.3,32.39,,,,,,,,,,-0.699,1.0,-33.67,1.212,1.771,,,,44.39,15.91,10.87,35.53,15.92,228.1,228.4,33.13,,,,,,,,,,-0.69,1.0,-31.45,1.891,2.938,,,,15.87,10.61,0.474,1.0,15.88,15.87,33.06,0.782,,,,,,,,,,-0.805,1.0,-40.07,0.436,0.298,,,,4.147,0.754,1.474,5.025,0.005,30.81,28.31,4.694,,,,,,,,,,0.025,0.0,1.84,0.565,0.814
7/23/2026 00:16:16,2026-07-23 00:10:00,,,,44.38,15.9,10.69,35.52,15.92,15.9,227.6,33.08,0.932,,,,,,,,,-0.704,1.0,-34.23,1.206,1.482,,,,44.41,15.92,10.85,35.54,15.93,15.92,228.5,33.12,1.154,,,,,,,,,-0.69,1.0,-31.0,1.896,2.944,,,,44.34,15.87,10.45,35.5,15.91,15.88,226.8,33.04,0.824,,,,,,,,,-0.806,1.0,-42.28,0.44,0.294,,,,0.011,0.009,0.059,0.005,0.003,0.009,0.288,0.016,0.052,,,,,,,,,0.033,0.0,2.776,0.637,0.891
7/23/2026 00:05:15,2026-07-23 00:00:00,,,,44.38,15.9,10.68,35.52,15.93,15.91,227.6,33.08,0.93,,,,,,,,,-0.699,1.0,-33.53,1.422,2.069,,,,44.41,15.92,10.86,35.54,15.94,15.93,228.4,33.13,1.138,,,,,,,,,-0.691,1.0,-30.87,1.894,2.942,,,,44.35,15.87,10.52,35.5,15.91,15.88,226.8,33.04,0.798,,,,,,,,,-0.806,1.0,-41.04,0.436,0.298,,,,0.011,0.01,0.063,0.005,0.003,0.009,0.282,0.015,0.052,,,,,,,,,0.024,0.0,2.063,0.592,0.873
7/23/2026 00:01:59,2026-07-22 23:40:00,,,,44.4,15.91,10.68,35.52,15.92,15.92,227.8,33.06,0.961,,,,,,,,,-0.701,1.0,-34.38,1.686,2.321,,,,44.42,15.93,10.87,35.54,15.93,15.94,229.0,33.11,1.229,,,,,,,,,-0.694,1.0,-31.89,3.45,4.008,,,,44.37,15.89,10.49,35.5,15.91,15.9,226.9,33.01,0.859,,,,,,,,,-0.804,1.0,-40.78,0.444,0.299,,,,0.009,0.008,0.063,0.005,0.005,0.007,0.289,0.015,0.049,,,,,,,,,0.024,0.0,1.976,1.023,1.16
7/22/2026 23:53:10,2026-07-22 23:50:00,,,,44.39,15.9,10.68,35.52,15.93,15.91,227.7,33.08,0.933,,,,,,,,,-0.7,1.0,-33.9,1.575,2.215,,,,44.41,15.93,10.86,35.54,15.94,15.93,228.6,33.12,1.21,,,,,,,,,-0.692,1.0,-31.53,3.451,4.009,,,,44.36,15.87,10.48,35.5,15.92,15.88,226.9,33.03,0.832,,,,,,,,,-0.804,1.0,-40.66,0.445,0.293,,,,0.01,0.009,0.062,0.004,0.003,0.008,0.282,0.015,0.052,,,,,,,,,0.024,0.0,1.924,0.691,0.807
7/22/2026 23:30:14,2026-07-22 23:30:00,,,,44.38,15.9,10.68,35.52,15.89,15.91,227.9,33.07,0.94,,,,,,,,,-0.701,1.0,-33.8,1.088,1.458,,,,44.41,15.93,10.83,35.54,15.92,15.93,228.7,33.11,1.164,,,,,,,,,-0.694,1.0,-31.58,1.902,2.937,,,,44.35,15.87,10.49,35.5,15.87,15.88,227.1,33.03,0.853,,,,,,,,,-0.81,1.0,-40.88,0.436,0.297,,,,0.013,0.011,0.06,0.005,0.01,0.01,0.27,0.014,0.05,,,,,,,,,0.025,0.0,2.121,0.667,1.05
7/22/2026 23:21:49,2026-07-22 23:20:00,,,,44.37,15.88,10.68,35.52,15.82,15.89,228.0,33.07,0.947,,,,,,,,,-0.702,1.0,-34.04,1.102,1.809,,,,44.41,15.92,10.86,35.54,15.88,15.92,229.0,33.12,1.131,,,,,,,,,-0.694,1.0,-31.41,1.889,2.396,,,,44.31,15.84,10.5,35.5,15.74,15.85,227.1,33.03,0.866,,,,,,,,,-0.806,1.0,-41.29,0.451,0.299,,,,0.024,0.021,0.061,0.005,0.04,0.021,0.293,0.014,0.046,,,,,,,,,0.024,0.0,2.241,0.485,0.572
7/22/2026 23:10:17,2026-07-22 23:10:00,,,,44.12,15.69,10.68,35.48,15.67,15.69,228.9,33.12,0.933,,,,,,,,,-0.707,1.0,-34.49,1.54,2.297,,,,44.35,15.87,10.89,35.57,15.74,15.87,230.1,33.17,1.18,,,,,,,,,-0.693,1.0,-32.01,1.94,4.014,,,,44.03,15.61,10.4,35.45,15.65,15.62,227.4,33.04,0.84,,,,,,,,,-0.809,1.0,-42.81,0.884,1.82,,,,0.102,0.08,0.063,0.02,0.022,0.078,0.432,0.026,0.051,,,,,,,,,0.033,0.0,2.658,0.471,0.5
7/22/2026 23:05:20,2026-07-22 18:30:00,,,,44.07,15.65,10.67,35.46,15.68,15.66,229.6,33.1,1.019,,,,,,,,,-0.69,1.0,-33.37,1.506,1.793,,,,44.1,15.67,10.92,35.48,15.69,15.67,230.5,33.15,1.311,,,,,,,,,-0.682,1.0,-30.89,3.454,4.573,,,,44.05,15.63,10.46,35.45,15.67,15.64,228.5,33.05,0.869,,,,,,,,,-0.798,1.0,-40.41,0.434,0.303,,,,0.009,0.008,0.072,0.004,0.005,0.007,0.327,0.017,0.059,,,,,,,,,0.025,0.0,2.196,1.245,1.606
7/22/2026 23:05:03,2026-07-22 18:40:00,,,,44.08,15.66,10.67,35.47,15.68,15.66,229.6,33.09,1.031,,,,,,,,,-0.689,1.0,-33.13,1.786,2.299,,,,44.1,15.67,10.88,35.48,15.69,15.68,230.6,33.14,1.254,,,,,,,,,-0.681,1.0,-31.12,4.518,5.126,,,,44.05,15.63,10.5,35.45,15.67,15.64,228.7,33.04,0.883,,,,,,,,,-0.798,1.0,-39.67,0.43,0.303,,,,0.008,0.007,0.071,0.004,0.003,0.006,0.328,0.017,0.058,,,,,,,,,0.025,0.0,1.846,1.216,1.445
7/22/2026 23:03:24,2026-07-22 18:50:00,,,,44.11,15.68,10.67,35.47,15.69,15.68,229.3,33.1,1.0,,,,,,,,,-0.69,1.0,-33.15,2.046,2.633,,,,44.13,15.69,10.94,35.48,15.7,15.7,230.3,33.14,1.244,,,,,,,,,-0.682,1.0,-30.95,3.445,4.592,,,,44.08,15.66,10.47,35.46,15.68,15.66,228.4,33.05,0.852,,,,,,,,,-0.798,1.0,-40.64,0.434,0.306,,,,0.008,0.007,0.072,0.004,0.005,0.007,0.337,0.016,0.063,,,,,,,,,0.025,0.0,2.101,1.314,1.643
7/22/2026 23:02:39,2026-07-22 19:00:00,,,,44.13,15.69,10.67,35.47,15.7,15.7,229.1,33.1,0.991,,,,,,,,,-0.693,1.0,-33.4,2.317,3.098,,,,44.16,15.72,10.99,35.49,15.72,15.73,230.0,33.15,1.185,,,,,,,,,-0.683,1.0,-30.77,4.534,5.659,,,,44.1,15.67,10.47,35.46,15.69,15.68,228.2,33.06,0.86,,,,,,,,,-0.8,1.0,-40.02,0.429,0.307,,,,0.011,0.009,0.072,0.004,0.006,0.009,0.311,0.016,0.058,,,,,,,,,0.026,0.0,2.126,1.467,1.813
7/22/2026 23:02:18,2026-07-22 19:10:00,,,,44.16,15.72,10.67,35.48,15.72,15.73,229.1,33.09,1.031,,,,,,,,,-0.699,1.0,-33.73,1.189,1.513,,,,44.19,15.75,10.89,35.5,15.74,15.75,230.1,33.14,1.42,,,,,,,,,-0.684,1.0,-30.83,3.439,4.585,,,,44.12,15.69,10.48,35.46,15.71,15.7,228.0,33.04,0.877,,,,,,,,,-0.804,1.0,-42.64,0.437,0.304,,,,0.014,0.012,0.07,0.004,0.007,0.011,0.318,0.016,0.066,,,,,,,,,0.034,0.0,2.762,0.942,1.262
7/22/2026 23:02:14,2026-07-22 19:20:00,,,,44.19,15.74,10.68,35.48,15.75,15.75,228.8,33.09,1.039,,,,,,,,,-0.692,1.0,-33.42,2.3,2.997,,,,44.21,15.76,10.92,35.5,15.77,15.77,229.8,33.15,1.283,,,,,,,,,-0.683,1.0,-31.02,4.529,5.66,,,,44.16,15.72,10.48,35.47,15.73,15.73,227.7,33.04,0.841,,,,,,,,,-0.802,1.0,-40.0,0.424,0.305,,,,0.01,0.009,0.074,0.005,0.007,0.008,0.338,0.017,0.066,,,,,,,,,0.025,0.0,1.918,1.39,1.503
7/22/2026 23:01:24,2026-07-22 23:00:00,,,,44.06,15.64,10.68,35.46,15.66,15.65,229.1,33.13,0.921,,,,,,,,,-0.703,1.0,-34.43,1.2,1.726,,,,44.08,15.66,10.92,35.48,15.67,15.66,230.3,33.17,1.157,,,,,,,,,-0.692,1.0,-31.59,1.891,3.774,,,,44.03,15.61,10.52,35.44,15.66,15.62,228.2,33.07,0.793,,,,,,,,,-0.807,1.0,-40.78,0.44,0.297,,,,0.009,0.008,0.062,0.005,0.003,0.007,0.312,0.016,0.053,,,,,,,,,0.025,0.0,1.899,0.578,0.904
7/22/2026 22:58:17,2026-07-22 19:30:00,,,,44.21,15.76,10.68,35.49,15.77,15.77,228.6,33.09,1.063,,,,,,,,,-0.693,1.0,-33.45,1.592,2.181,,,,44.24,15.78,10.92,35.5,15.78,15.79,229.6,33.15,1.356,,,,,,,,,-0.684,1.0,-31.23,3.437,4.587,,,,44.18,15.73,10.47,35.47,15.75,15.74,227.6,33.04,0.854,,,,,,,,,-0.799,1.0,-39.66,0.424,0.304,,,,0.012,0.01,0.079,0.004,0.006,0.009,0.356,0.019,0.086,,,,,,,,,0.025,0.0,1.977,1.204,1.553
7/22/2026 22:56:12,2026-07-22 19:40:00,,,,44.24,15.78,10.68,35.49,15.79,15.79,228.5,33.09,1.109,,,,,,,,,-0.695,1.0,-33.75,2.641,3.166,,,,44.27,15.81,10.9,35.5,15.81,15.81,229.3,33.14,1.716,,,,,,,,,-0.683,1.0,-31.83,6.142,6.225,,,,44.19,15.75,10.47,35.47,15.78,15.76,227.6,33.04,0.909,,,,,,,,,-0.814,1.0,-42.27,0.428,0.305,,,,0.014,0.012,0.07,0.005,0.007,0.011,0.314,0.016,0.077,,,,,,,,,0.028,0.0,2.326,1.673,1.733
7/22/2026 22:56:01,2026-07-22 19:50:00,,,,44.26,15.8,10.68,35.49,15.81,15.81,228.4,33.08,1.147,,,,,,,,,-0.695,1.0,-33.64,1.525,1.805,,,,44.29,15.83,10.91,35.51,15.83,15.83,229.5,33.13,1.402,,,,,,,,,-0.687,1.0,-30.92,3.435,4.034,,,,44.23,15.78,10.48,35.48,15.8,15.79,227.4,33.03,1.003,,,,,,,,,-0.803,1.0,-40.9,0.433,0.302,,,,0.009,0.008,0.07,0.004,0.006,0.008,0.319,0.016,0.07,,,,,,,,,0.025,0.0,2.11,1.313,1.604
7/22/2026 22:54:55,2026-07-22 22:30:00,,,,44.13,15.69,10.68,35.48,15.72,15.7,228.7,33.12,0.937,,,,,,,,,-0.699,1.0,-33.74,1.205,1.787,,,,44.16,15.72,10.88,35.49,15.73,15.72,229.6,33.17,1.153,,,,,,,,,-0.69,1.0,-31.8,1.894,2.931,,,,44.1,15.67,10.51,35.46,15.71,15.67,227.8,33.07,0.812,,,,,,,,,-0.807,1.0,-40.74,0.452,0.755,,,,0.011,0.01,0.058,0.004,0.004,0.01,0.301,0.015,0.057,,,,,,,,,0.025,0.0,1.977,0.489,0.585
7/22/2026 22:54:22,2026-07-22 22:40:00,,,,44.09,15.66,10.68,35.47,15.7,15.67,229.0,33.12,0.908,,,,,,,,,-0.701,1.0,-33.74,1.085,1.693,,,,44.12,15.68,10.86,35.49,15.72,15.69,230.0,33.17,1.167,,,,,,,,,-0.692,1.0,-30.98,1.893,2.386,,,,44.03,15.61,10.49,35.45,15.68,15.62,228.0,33.07,0.677,,,,,,,,,-0.808,1.0,-40.58,0.449,0.754,,,,0.019,0.015,0.061,0.005,0.009,0.015,0.309,0.018,0.075,,,,,,,,,0.025,0.0,2.127,0.397,0.373
7/22/2026 22:53:30,2026-07-22 22:50:00,,,,44.06,15.64,10.68,35.46,15.67,15.65,229.0,33.13,0.907,,,,,,,,,-0.702,1.0,-33.84,1.042,1.659,,,,44.09,15.66,10.84,35.49,15.69,15.66,230.0,33.17,1.324,,,,,,,,,-0.692,1.0,-31.32,1.897,2.386,,,,44.04,15.61,10.47,35.45,15.66,15.62,228.1,33.08,0.733,,,,,,,,,-0.809,1.0,-42.9,0.728,1.279,,,,0.009,0.008,0.057,0.005,0.004,0.007,0.31,0.016,0.063,,,,,,,,,0.025,0.0,2.393,0.358,0.303
7/22/2026 22:27:20,2026-07-22 20:00:00,,,,44.28,15.82,10.68,35.5,15.83,15.83,228.2,33.09,1.136,,,,,,,,,-0.696,1.0,-33.57,2.282,3.012,,,,44.3,15.84,10.94,35.52,15.84,15.85,229.0,33.13,1.445,,,,,,,,,-0.685,1.0,-31.16,5.57,6.219,,,,44.25,15.79,10.51,35.48,15.82,15.8,227.4,33.04,0.986,,,,,,,,,-0.801,1.0,-40.69,0.434,0.303,,,,0.01,0.01,0.072,0.004,0.005,0.009,0.292,0.015,0.068,,,,,,,,,0.024,0.0,2.03,1.443,1.612
7/22/2026 22:23:12,2026-07-22 22:00:00,,,,44.16,15.71,10.68,35.48,15.74,15.72,228.2,33.14,0.906,,,,,,,,,-0.697,1.0,-33.85,1.274,1.89,,,,44.18,15.74,10.87,35.5,15.76,15.74,229.2,33.19,1.127,,,,,,,,,-0.688,1.0,-30.37,1.893,2.937,,,,44.13,15.69,10.49,35.47,15.73,15.7,227.1,33.09,0.757,,,,,,,,,-0.803,1.0,-41.17,0.443,0.756,,,,0.01,0.009,0.064,0.004,0.006,0.008,0.341,0.017,0.056,,,,,,,,,0.025,0.0,2.276,0.51,0.509
7/22/2026 22:21:15,2026-07-22 22:20:00,,,,44.15,15.71,10.68,35.48,15.74,15.71,228.6,33.12,0.926,,,,,,,,,-0.698,1.0,-33.97,1.565,2.217,,,,44.17,15.73,10.86,35.49,15.75,15.73,229.6,33.17,1.196,,,,,,,,,-0.69,1.0,-31.67,1.894,2.942,,,,44.12,15.68,10.48,35.46,15.72,15.69,227.8,33.07,0.809,,,,,,,,,-0.806,1.0,-41.44,0.901,1.271,,,,0.011,0.01,0.063,0.004,0.006,0.009,0.3,0.016,0.057,,,,,,,,,0.025,0.0,2.076,0.438,0.435
7/22/2026 22:12:58,2026-07-22 22:10:00,,,,44.16,15.72,10.68,35.48,15.74,15.73,228.4,33.12,0.914,,,,,,,,,-0.702,1.0,-34.19,1.271,1.681,,,,44.18,15.74,10.84,35.5,15.75,15.74,229.4,33.17,1.283,,,,,,,,,-0.69,1.0,-31.27,3.438,3.463,,,,44.14,15.7,10.52,35.46,15.73,15.71,227.5,33.07,0.767,,,,,,,,,-0.81,1.0,-43.01,0.444,0.3,,,,0.008,0.007,0.06,0.004,0.003,0.006,0.308,0.016,0.061,,,,,,,,,0.034,0.0,2.782,0.807,1.046
7/22/2026 21:52:15,2026-07-22 20:10:00,,,,44.29,15.83,10.68,35.5,15.84,15.83,228.3,33.08,1.16,,,,,,,,,-0.699,1.0,-33.69,1.889,2.181,,,,44.32,15.85,10.88,35.52,15.85,15.86,229.5,33.13,1.536,,,,,,,,,-0.685,1.0,-31.22,4.528,5.108,,,,44.26,15.79,10.48,35.48,15.83,15.8,227.5,33.02,1.006,,,,,,,,,-0.798,1.0,-42.2,0.436,0.301,,,,0.011,0.011,0.071,0.004,0.004,0.01,0.29,0.016,0.068,,,,,,,,,0.032,0.0,2.787,1.426,1.662
7/22/2026 21:52:05,2026-07-22 21:50:00,,,,44.17,15.73,10.68,35.48,15.76,15.73,227.8,33.15,0.863,,,,,,,,,-0.695,1.0,-33.74,0.915,1.441,,,,44.19,15.75,10.86,35.5,15.78,15.76,228.7,33.22,1.223,,,,,,,,,-0.687,1.0,-30.93,1.895,2.394,,,,44.14,15.7,10.44,35.46,15.75,15.71,226.6,33.09,0.718,,,,,,,,,-0.81,1.0,-41.98,0.444,0.302,,,,0.01,0.009,0.061,0.004,0.008,0.009,0.34,0.017,0.061,,,,,,,,,0.026,0.0,2.396,0.455,0.66
7/22/2026 21:48:09,2026-07-22 20:20:00,,,,44.3,15.84,10.68,35.5,15.85,15.84,228.4,33.07,1.209,,,,,,,,,-0.695,1.0,-33.76,1.925,2.428,,,,44.32,15.86,10.93,35.52,15.87,15.86,229.4,33.11,1.574,,,,,,,,,-0.688,1.0,-31.81,3.441,4.579,,,,44.27,15.81,10.47,35.48,15.84,15.82,227.6,33.02,1.078,,,,,,,,,-0.794,1.0,-40.07,0.439,0.299,,,,0.01,0.01,0.072,0.004,0.004,0.009,0.299,0.016,0.067,,,,,,,,,0.023,0.0,2.015,1.314,1.586
7/22/2026 21:47:15,2026-07-22 20:30:00,,,,44.31,15.85,10.68,35.5,15.86,15.85,228.6,33.06,1.247,,,,,,,,,-0.697,1.0,-34.07,1.467,1.844,,,,44.34,15.87,10.94,35.52,15.88,15.87,229.4,33.1,1.515,,,,,,,,,-0.69,1.0,-32.02,3.438,4.031,,,,44.29,15.82,10.5,35.48,15.85,15.83,227.8,33.01,1.107,,,,,,,,,-0.798,1.0,-40.46,0.44,0.294,,,,0.009,0.008,0.066,0.005,0.004,0.007,0.291,0.015,0.069,,,,,,,,,0.023,0.0,1.86,1.026,1.215
7/22/2026 21:45:23,2026-07-22 20:40:00,,,,44.32,15.85,10.69,35.51,15.87,15.86,228.7,33.05,1.268,,,,,,,,,-0.691,1.0,-33.11,1.552,2.015,,,,44.34,15.87,10.99,35.52,15.88,15.87,229.6,33.09,1.556,,,,,,,,,-0.687,1.0,-31.4,3.449,5.12,,,,44.29,15.83,10.52,35.48,15.86,15.84,227.9,33.0,1.139,,,,,,,,,-0.717,1.0,-36.25,0.432,0.299,,,,0.009,0.008,0.074,0.005,0.003,0.007,0.289,0.015,0.068,,,,,,,,,0.006,0.0,1.32,1.304,1.71
7/22/2026 21:45:09,2026-07-22 20:50:00,,,,44.33,15.86,10.69,35.51,15.87,15.86,228.8,33.04,1.3,,,,,,,,,-0.694,1.0,-33.44,1.839,2.321,,,,44.35,15.87,10.92,35.52,15.88,15.88,229.6,33.08,1.613,,,,,,,,,-0.685,1.0,-31.39,4.537,5.664,,,,44.3,15.83,10.45,35.49,15.87,15.84,228.0,33.0,1.173,,,,,,,,,-0.798,1.0,-39.91,0.439,0.304,,,,0.007,0.007,0.073,0.004,0.004,0.006,0.289,0.015,0.067,,,,,,,,,0.024,0.0,1.857,1.474,1.968
7/22/2026 21:43:00,2026-07-22 21:30:00,,,,44.23,15.78,10.67,35.49,15.81,15.78,228.1,33.11,1.029,,,,,,,,,-0.695,1.0,-33.54,0.979,1.632,,,,44.26,15.8,10.92,35.5,15.83,15.81,229.1,33.17,1.318,,,,,,,,,-0.687,1.0,-31.26,1.888,2.936,,,,44.19,15.75,10.43,35.47,15.8,15.76,227.1,33.05,0.855,,,,,,,,,-0.8,1.0,-41.3,0.452,0.748,,,,0.014,0.011,0.065,0.004,0.008,0.011,0.326,0.019,0.075,,,,,,,,,0.024,0.0,2.215,0.317,0.423
7/22/2026 21:42:36,2026-07-22 21:40:00,,,,44.2,15.75,10.68,35.48,15.78,15.76,227.8,33.14,0.914,,,,,,,,,-0.695,1.0,-33.56,0.865,1.24,,,,44.22,15.78,10.85,35.5,15.8,15.78,228.7,33.2,1.194,,,,,,,,,-0.688,1.0,-31.17,1.885,2.395,,,,44.16,15.72,10.45,35.47,15.77,15.73,226.8,33.09,0.741,,,,,,,,,-0.801,1.0,-41.47,0.444,0.303,,,,0.009,0.008,0.062,0.004,0.007,0.007,0.327,0.017,0.066,,,,,,,,,0.025,0.0,2.185,0.429,0.636
7/22/2026 21:30:12,2026-07-22 21:00:00,,,,44.32,15.85,10.68,35.5,15.88,15.86,228.7,33.05,1.277,,,,,,,,,-0.693,1.0,-33.46,2.779,3.641,,,,44.34,15.87,10.89,35.52,15.89,15.87,229.5,33.09,1.672,,,,,,,,,-0.686,1.0,-31.02,4.531,5.118,,,,44.29,15.83,10.48,35.49,15.87,15.84,227.9,33.0,1.146,,,,,,,,,-0.799,1.0,-40.3,0.895,1.839,,,,0.01,0.008,0.068,0.004,0.004,0.008,0.29,0.015,0.07,,,,,,,,,0.024,0.0,2.005,1.119,1.11
7/22/2026 21:29:58,2026-07-22 21:10:00,,,,44.29,15.83,10.68,35.5,15.86,15.83,228.5,33.07,1.206,,,,,,,,,-0.703,1.0,-34.23,0.995,1.676,,,,44.32,15.85,10.89,35.52,15.88,15.86,229.6,33.12,1.452,,,,,,,,,-0.686,1.0,-31.26,1.881,2.94,,,,44.25,15.8,10.46,35.48,15.84,15.81,227.7,33.02,1.069,,,,,,,,,-0.803,1.0,-42.11,0.432,0.298,,,,0.012,0.01,0.066,0.004,0.007,0.01,0.285,0.015,0.063,,,,,,,,,0.033,0.0,2.97,0.468,0.691
7/22/2026 21:28:53,2026-07-22 21:20:00,,,,44.26,15.8,10.67,35.49,15.84,15.81,228.4,33.09,1.115,,,,,,,,,-0.697,1.0,-33.71,1.604,2.2,,,,44.29,15.83,10.9,35.52,15.85,15.83,229.4,33.13,1.439,,,,,,,,,-0.686,1.0,-30.88,1.893,2.936,,,,44.23,15.77,10.43,35.48,15.82,15.78,227.5,33.03,1.002,,,,,,,,,-0.815,1.0,-42.12,0.892,0.763,,,,0.011,0.01,0.06,0.004,0.007,0.009,0.288,0.015,0.067,,,,,,,,,0.028,0.0,2.2,0.429,0.492
7/22/2026 18:29:54,2026-07-22 16:40:00,,,,44.29,15.83,10.65,35.49,15.85,15.83,228.4,33.08,1.047,,,,,,,,,-0.688,1.0,-32.49,2.395,2.981,,,,44.31,15.84,10.9,35.51,15.86,15.85,229.2,33.12,1.269,,,,,,,,,-0.674,1.0,-30.62,6.141,6.593,,,,44.26,15.81,10.41,35.48,15.84,15.82,227.5,33.03,0.934,,,,,,,,,-0.796,1.0,-39.8,0.44,0.304,,,,0.008,0.007,0.075,0.004,0.004,0.007,0.283,0.015,0.054,,,,,,,,,0.027,0.0,2.028,1.783,1.926
7/22/2026 18:26:06,2026-07-22 16:50:00,,,,44.28,15.82,10.65,35.49,15.85,15.83,228.3,33.08,1.034,,,,,,,,,-0.683,1.0,-32.06,3.39,4.056,,,,44.3,15.84,10.89,35.51,15.85,15.85,229.2,33.12,1.387,,,,,,,,,-0.675,1.0,-30.13,5.581,6.774,,,,44.25,15.8,10.41,35.48,15.84,15.81,227.5,33.03,0.905,,,,,,,,,-0.781,1.0,-38.27,0.89,0.769,,,,0.01,0.008,0.072,0.005,0.003,0.007,0.294,0.016,0.067,,,,,,,,,0.023,0.0,1.741,1.29,1.617
7/22/2026 18:23:52,2026-07-22 17:00:00,,,,44.31,15.84,10.64,35.5,15.86,15.85,228.8,33.05,1.178,,,,,,,,,-0.684,1.0,-32.34,2.045,2.878,,,,44.33,15.86,10.8,35.51,15.87,15.87,230.2,33.09,1.49,,,,,,,,,-0.676,1.0,-30.12,3.44,4.579,,,,44.28,15.82,10.43,35.48,15.84,15.83,227.9,32.97,1.012,,,,,,,,,-0.793,1.0,-39.88,0.902,1.289,,,,0.009,0.008,0.065,0.005,0.005,0.007,0.326,0.017,0.078,,,,,,,,,0.025,0.0,2.102,0.774,0.849
7/22/2026 18:22:40,2026-07-22 17:10:00,,,,44.29,15.83,10.64,35.5,15.86,15.84,229.1,33.04,1.241,,,,,,,,,-0.689,1.0,-32.83,0.846,1.191,,,,44.32,15.85,10.82,35.52,15.87,15.86,230.0,33.08,1.731,,,,,,,,,-0.675,1.0,-30.24,1.89,2.234,,,,43.64,15.79,10.4,34.9,15.84,15.8,228.2,32.99,1.092,,,,,,,,,-0.798,1.0,-42.79,0.436,0.304,,,,0.031,0.013,0.068,0.025,0.006,0.012,0.302,0.015,0.074,,,,,,,,,0.034,0.0,3.141,0.41,0.651
7/22/2026 18:21:34,2026-07-22 17:20:00,,,,44.23,15.78,10.64,35.49,15.82,15.78,229.1,33.06,1.162,,,,,,,,,-0.685,1.0,-32.47,0.998,1.489,,,,44.27,15.81,10.91,35.5,15.85,15.82,230.4,33.11,1.443,,,,,,,,,-0.677,1.0,-30.37,1.892,2.954,,,,44.18,15.74,10.46,35.47,15.79,15.75,228.3,32.99,1.008,,,,,,,,,-0.794,1.0,-40.95,0.439,0.303,,,,0.02,0.017,0.067,0.005,0.014,0.017,0.303,0.017,0.068,,,,,,,,,0.025,0.0,2.152,0.513,0.816
7/22/2026 18:21:19,2026-07-22 18:20:00,,,,44.09,15.66,10.68,35.47,15.69,15.67,229.5,33.1,1.02,,,,,,,,,-0.69,1.0,-33.24,1.394,1.801,,,,44.11,15.68,10.97,35.48,15.71,15.68,230.4,33.14,1.267,,,,,,,,,-0.678,1.0,-31.44,4.524,5.129,,,,44.07,15.64,10.5,35.45,15.68,15.65,228.6,33.05,0.9,,,,,,,,,-0.796,1.0,-40.22,0.439,0.303,,,,0.007,0.007,0.073,0.003,0.005,0.006,0.317,0.016,0.062,,,,,,,,,0.025,0.0,1.974,1.121,1.382
7/22/2026 18:13:56,2026-07-22 17:30:00,,,,44.15,15.72,10.65,35.48,15.77,15.72,229.2,33.09,1.065,,,,,,,,,-0.686,1.0,-32.72,1.684,2.481,,,,44.2,15.75,10.83,35.49,15.8,15.76,230.4,33.14,1.253,,,,,,,,,-0.678,1.0,-30.79,3.453,4.027,,,,44.1,15.67,10.47,35.46,15.74,15.68,227.9,33.04,0.923,,,,,,,,,-0.795,1.0,-39.89,0.448,0.762,,,,0.025,0.02,0.063,0.005,0.017,0.02,0.31,0.016,0.056,,,,,,,,,0.025,0.0,2.024,0.756,0.763
7/22/2026 18:12:42,2026-07-22 18:10:00,,,,44.12,15.69,10.67,35.47,15.72,15.7,229.4,33.09,1.016,,,,,,,,,-0.694,1.0,-33.64,1.394,1.822,,,,44.16,15.72,10.89,35.49,15.74,15.72,230.3,33.15,1.275,,,,,,,,,-0.679,1.0,-31.08,4.524,5.129,,,,44.08,15.65,10.44,35.46,15.7,15.66,228.4,33.03,0.89,,,,,,,,,-0.8,1.0,-41.9,0.432,0.304,,,,0.021,0.018,0.075,0.005,0.008,0.018,0.283,0.017,0.054,,,,,,,,,0.034,0.0,2.576,1.076,1.307
7/22/2026 18:08:08,2026-07-22 17:40:00,,,,44.1,15.67,10.65,35.47,15.72,15.68,229.4,33.1,1.028,,,,,,,,,-0.686,1.0,-32.8,1.046,1.638,,,,44.13,15.69,10.89,35.48,15.74,15.7,230.4,33.15,1.26,,,,,,,,,-0.679,1.0,-30.84,1.888,2.937,,,,44.07,15.65,10.43,35.45,15.7,15.66,228.3,33.05,0.888,,,,,,,,,-0.793,1.0,-39.39,0.443,0.307,,,,0.01,0.008,0.065,0.004,0.012,0.008,0.324,0.016,0.057,,,,,,,,,0.025,0.0,1.835,0.509,0.62
7/22/2026 18:03:03,2026-07-22 18:00:00,,,,44.15,15.71,10.66,35.48,15.72,15.72,229.3,33.08,1.019,,,,,,,,,-0.688,1.0,-32.75,1.357,1.848,,,,44.19,15.75,11.05,35.49,15.74,15.75,230.4,33.13,1.254,,,,,,,,,-0.678,1.0,-29.62,3.441,3.478,,,,44.11,15.68,10.47,35.46,15.7,15.69,228.1,33.03,0.909,,,,,,,,,-0.794,1.0,-40.33,0.434,0.303,,,,0.015,0.012,0.072,0.005,0.01,0.012,0.36,0.016,0.057,,,,,,,,,0.025,0.0,2.157,0.912,1.151
7/22/2026 18:00:32,2026-07-22 17:50:00,,,,44.1,15.67,10.66,35.47,15.69,15.68,229.6,33.09,1.04,,,,,,,,,-0.686,1.0,-32.89,1.201,1.693,,,,44.15,15.71,10.87,35.49,15.71,15.72,230.5,33.13,1.319,,,,,,,,,-0.678,1.0,-30.85,3.429,4.037,,,,44.06,15.64,10.46,35.46,15.69,15.65,228.7,33.04,0.898,,,,,,,,,-0.798,1.0,-39.83,0.434,0.303,,,,0.017,0.013,0.069,0.005,0.004,0.013,0.316,0.017,0.056,,,,,,,,,0.026,0.0,1.868,0.753,0.943
7/21/2026 09:19:48,2026-07-21 08:30:00,,,,45.85,17.27,10.63,35.6,17.3,17.27,222.3,32.75,0.447,,,,,,,,,-0.704,1.0,-33.36,162.8,237.2,,,,45.86,17.27,10.85,35.6,17.31,17.28,223.3,32.79,0.561,,,,,,,,,-0.701,1.0,-30.79,193.5,338.7,,,,45.84,17.25,10.42,35.59,17.28,17.26,221.4,32.69,0.41,,,,,,,,,-0.718,1.0,-35.75,141.5,190.3,,,,0.003,0.003,0.067,0.002,0.007,0.003,0.326,0.017,0.017,,,,,,,,,0.004,0.0,1.304,14.85,36.28
7/21/2026 09:18:07,2026-07-21 08:40:00,,,,45.85,17.26,10.63,35.6,17.29,17.27,222.8,32.72,0.471,,,,,,,,,-0.703,1.0,-33.36,194.6,239.3,,,,45.86,17.27,10.89,35.61,17.31,17.27,223.9,32.78,0.538,,,,,,,,,-0.698,1.0,-31.28,216.4,299.3,,,,45.84,17.25,10.44,35.59,17.28,17.26,221.8,32.66,0.417,,,,,,,,,-0.719,1.0,-36.02,173.5,209.5,,,,0.003,0.002,0.067,0.002,0.007,0.002,0.343,0.018,0.017,,,,,,,,,0.005,0.0,1.187,12.63,21.22
7/21/2026 09:17:44,2026-07-21 08:50:00,,,,45.85,17.27,10.63,35.6,17.3,17.27,222.4,32.74,0.455,,,,,,,,,-0.704,1.0,-33.7,185.4,197.8,,,,45.86,17.27,10.83,35.6,17.31,17.28,223.4,32.79,0.516,,,,,,,,,-0.7,1.0,-31.79,199.6,216.1,,,,45.84,17.26,10.42,35.59,17.28,17.27,221.4,32.69,0.418,,,,,,,,,-0.724,1.0,-36.63,170.7,179.2,,,,0.003,0.002,0.067,0.002,0.007,0.002,0.327,0.017,0.016,,,,,,,,,0.007,0.0,1.18,8.08,10.96
7/21/2026 09:12:54,2026-07-21 09:00:00,,,,45.85,17.27,10.63,35.6,17.3,17.27,222.4,32.74,0.487,,,,,,,,,-0.702,1.0,-33.39,163.7,171.8,,,,45.86,17.27,10.82,35.6,17.31,17.28,223.2,32.79,0.589,,,,,,,,,-0.698,1.0,-31.61,185.8,199.6,,,,45.84,17.26,10.4,35.59,17.28,17.27,221.5,32.7,0.426,,,,,,,,,-0.713,1.0,-35.63,141.6,150.3,,,,0.004,0.002,0.068,0.003,0.007,0.002,0.308,0.016,0.027,,,,,,,,,0.004,0.0,1.165,15.57,15.74
7/21/2026 09:12:33,2026-07-21 09:10:00,,,,45.85,17.26,10.63,35.6,17.3,17.27,222.4,32.75,0.48,,,,,,,,,-0.712,1.0,-34.3,157.6,173.7,,,,45.86,17.27,10.81,35.6,17.31,17.27,223.3,32.78,0.578,,,,,,,,,-0.698,1.0,-31.9,170.7,198.1,,,,45.84,17.26,10.44,35.59,17.28,17.27,221.6,32.69,0.411,,,,,,,,,-0.83,1.0,-47.1,138.9,154.2,,,,0.003,0.002,0.064,0.002,0.007,0.002,0.292,0.015,0.026,,,,,,,,,0.036,0.0,3.385,8.49,13.89
7/21/2026 08:21:52,2026-07-21 08:20:00,,,,45.85,17.26,10.63,35.6,17.29,17.27,222.1,32.76,0.512,,,,,,,,,-0.705,1.0,-33.53,137.9,166.9,,,,45.86,17.27,10.88,35.61,17.31,17.28,223.2,32.8,0.625,,,,,,,,,-0.689,1.0,-31.31,156.3,257.2,,,,45.84,17.25,10.44,35.59,17.28,17.26,221.3,32.7,0.426,,,,,,,,,-0.723,1.0,-35.83,116.8,126.3,,,,0.004,0.003,0.069,0.003,0.008,0.003,0.309,0.016,0.032,,,,,,,,,0.006,0.0,1.166,7.717,31.81
7/21/2026 08:13:49,2026-07-21 08:10:00,,,,45.85,17.26,10.62,35.6,17.29,17.27,222.1,32.76,0.586,,,,,,,,,-0.715,1.0,-34.39,117.0,121.2,,,,45.86,17.27,10.83,35.61,17.31,17.28,222.9,32.81,0.891,,,,,,,,,-0.687,1.0,-30.96,127.9,139.6,,,,45.84,17.25,10.44,35.59,17.28,17.26,221.2,32.72,0.496,,,,,,,,,-0.835,1.0,-44.78,101.9,102.1,,,,0.004,0.003,0.066,0.003,0.006,0.003,0.279,0.015,0.036,,,,,,,,,0.037,0.0,3.16,7.162,9.7
7/21/2026 08:01:17,2026-07-21 08:00:00,,,,45.85,17.26,10.62,35.6,17.29,17.27,222.0,32.76,0.646,,,,,,,,,-0.702,1.0,-33.55,91.9,93.5,,,,45.86,17.27,10.85,35.61,17.31,17.28,222.8,32.81,0.751,,,,,,,,,-0.679,1.0,-30.92,104.0,106.5,,,,45.83,17.25,10.44,35.59,17.28,17.26,221.1,32.72,0.573,,,,,,,,,-0.734,1.0,-36.52,81.7,83.5,,,,0.005,0.004,0.066,0.003,0.006,0.004,0.292,0.015,0.031,,,,,,,,,0.013,0.0,1.422,6.027,6.148
7/21/2026 07:50:57,2026-07-21 07:50:00,,,,45.85,17.26,10.63,35.6,17.29,17.27,222.1,32.76,0.706,,,,,,,,,-0.708,1.0,-34.0,76.09,76.64,,,,45.86,17.27,10.87,35.61,17.31,17.28,223.0,32.81,0.963,,,,,,,,,-0.696,1.0,-32.06,84.5,85.7,,,,45.83,17.25,10.45,35.59,17.28,17.26,221.1,32.71,0.612,,,,,,,,,-0.743,1.0,-36.56,66.22,67.27,,,,0.004,0.003,0.07,0.003,0.007,0.003,0.31,0.016,0.036,,,,,,,,,0.01,0.0,1.35,5.55,5.578
7/21/2026 07:43:13,2026-07-21 07:40:00,,,,45.84,17.26,10.62,35.6,17.29,17.27,222.2,32.75,0.749,,,,,,,,,-0.713,1.0,-34.46,57.0,62.96,,,,45.86,17.27,10.87,35.61,17.31,17.27,223.0,32.8,0.885,,,,,,,,,-0.705,1.0,-32.69,67.2,71.41,,,,45.83,17.25,10.4,35.58,17.27,17.25,221.3,32.71,0.682,,,,,,,,,-0.722,1.0,-36.66,47.09,49.11,,,,0.005,0.004,0.066,0.003,0.008,0.004,0.299,0.016,0.033,,,,,,,,,0.005,0.0,1.242,6.135,5.856
7/21/2026 07:30:51,2026-07-21 07:30:00,,,,45.84,17.26,10.62,35.6,17.29,17.27,222.3,32.75,0.8,,,,,,,,,-0.718,1.0,-34.65,42.99,46.74,,,,45.86,17.27,10.81,35.61,17.3,17.27,223.2,32.8,1.033,,,,,,,,,-0.715,1.0,-32.69,48.59,57.91,,,,45.83,17.24,10.43,35.59,17.27,17.25,221.4,32.71,0.711,,,,,,,,,-0.732,1.0,-36.72,37.88,40.65,,,,0.005,0.004,0.063,0.003,0.005,0.004,0.305,0.016,0.039,,,,,,,,,0.003,0.0,1.092,2.99,5.962
7/21/2026 07:20:45,2026-07-21 07:20:00,,,,45.84,17.26,10.62,35.6,17.29,17.27,222.3,32.75,0.822,,,,,,,,,-0.72,1.0,-34.67,37.92,45.79,,,,45.86,17.27,10.85,35.61,17.31,17.28,223.3,32.79,1.041,,,,,,,,,-0.707,1.0,-32.73,40.68,81.3,,,,45.83,17.25,10.45,35.59,17.27,17.25,221.5,32.7,0.74,,,,,,,,,-0.744,1.0,-36.05,32.87,35.73,,,,0.005,0.005,0.068,0.003,0.005,0.004,0.271,0.014,0.038,,,,,,,,,0.008,0.0,0.989,2.092,9.62
7/21/2026 07:20:22,2026-07-21 06:40:00,,,,45.86,17.27,10.62,35.6,17.3,17.28,221.9,32.77,0.867,,,,,,,,,-0.72,1.0,-34.99,7.299,8.13,,,,45.87,17.28,10.88,35.61,17.32,17.29,223.0,32.81,1.365,,,,,,,,,-0.715,1.0,-32.88,11.17,11.79,,,,45.84,17.25,10.46,35.58,17.29,17.26,221.0,32.71,0.777,,,,,,,,,-0.733,1.0,-38.29,3.434,4.581,,,,0.006,0.005,0.066,0.003,0.007,0.004,0.3,0.016,0.05,,,,,,,,,0.005,0.0,1.407,2.14,2.161
7/21/2026 07:19:58,2026-07-21 06:50:00,,,,45.85,17.27,10.62,35.6,17.3,17.28,222.0,32.76,0.865,,,,,,,,,-0.719,1.0,-34.89,14.64,16.2,,,,45.87,17.28,10.84,35.61,17.31,17.29,222.9,32.81,1.097,,,,,,,,,-0.716,1.0,-32.65,22.45,28.48,,,,45.83,17.25,10.41,35.58,17.28,17.26,221.2,32.72,0.757,,,,,,,,,-0.734,1.0,-36.43,7.289,9.52,,,,0.006,0.005,0.069,0.003,0.006,0.005,0.314,0.016,0.043,,,,,,,,,0.005,0.0,1.193,4.158,4.684
7/21/2026 07:19:45,2026-07-21 07:00:00,,,,45.85,17.26,10.62,35.6,17.29,17.27,222.1,32.76,0.835,,,,,,,,,-0.721,1.0,-34.9,24.41,37.6,,,,45.86,17.28,10.84,35.61,17.31,17.28,223.1,32.8,1.047,,,,,,,,,-0.716,1.0,-32.73,30.66,75.15,,,,45.83,17.25,10.38,35.59,17.28,17.26,221.3,32.71,0.745,,,,,,,,,-0.766,1.0,-40.24,18.42,19.67,,,,0.006,0.005,0.066,0.003,0.005,0.004,0.265,0.014,0.043,,,,,,,,,0.011,0.0,1.758,3.151,16.94
7/21/2026 07:15:30,2026-07-21 07:10:00,,,,45.85,17.26,10.62,35.6,17.29,17.27,222.2,32.75,0.818,,,,,,,,,-0.729,1.0,-35.33,33.28,48.26,,,,45.86,17.27,10.83,35.61,17.31,17.28,223.0,32.79,1.095,,,,,,,,,-0.707,1.0,-32.29,37.07,82.4,,,,45.83,17.25,10.43,35.58,17.28,17.26,221.4,32.71,0.739,,,,,,,,,-0.852,1.0,-44.31,29.51,30.22,,,,0.005,0.004,0.066,0.003,0.006,0.004,0.287,0.015,0.037,,,,,,,,,0.038,0.0,2.896,1.919,15.6
7/21/2026 06:32:34,2026-07-21 06:30:00,,,,45.86,17.27,10.62,35.6,17.31,17.28,221.8,32.77,0.865,,,,,,,,,-0.717,1.0,-34.98,5.78,6.71,,,,45.87,17.29,10.84,35.61,17.32,17.29,222.8,32.83,1.07,,,,,,,,,-0.715,1.0,-33.11,8.44,8.99,,,,45.83,17.26,10.39,35.58,17.29,17.26,220.8,32.72,0.776,,,,,,,,,-0.723,1.0,-37.74,3.448,4.581,,,,0.006,0.005,0.065,0.003,0.008,0.005,0.32,0.017,0.048,,,,,,,,,0.002,0.0,1.195,1.427,1.342
7/21/2026 06:22:54,2026-07-21 06:20:00,,,,45.86,17.27,10.62,35.6,17.3,17.28,221.7,32.78,0.874,,,,,,,,,-0.719,1.0,-34.8,3.197,3.958,,,,45.87,17.28,10.89,35.61,17.32,17.29,222.6,32.82,1.36,,,,,,,,,-0.715,1.0,-32.56,7.268,8.42,,,,45.84,17.26,10.39,35.59,17.29,17.26,220.8,32.73,0.774,,,,,,,,,-0.733,1.0,-38.25,0.444,0.305,,,,0.006,0.005,0.069,0.003,0.009,0.004,0.304,0.016,0.056,,,,,,,,,0.005,0.0,1.306,1.871,2.136
7/21/2026 06:10:27,2026-07-21 06:10:00,,,,45.86,17.27,10.62,35.6,17.3,17.28,221.5,32.78,0.851,,,,,,,,,-0.729,1.0,-35.21,1.331,1.867,,,,45.87,17.28,10.84,35.61,17.32,17.29,222.4,32.84,1.262,,,,,,,,,-0.714,1.0,-32.63,3.453,4.584,,,,45.84,17.26,10.39,35.58,17.28,17.27,220.5,32.74,0.752,,,,,,,,,-0.848,1.0,-43.85,0.457,0.31,,,,0.006,0.005,0.069,0.003,0.009,0.004,0.297,0.016,0.058,,,,,,,,,0.037,0.0,2.712,1.107,1.289
7/21/2026 06:01:10,2026-07-21 06:00:00,,,,45.85,17.27,10.62,35.6,17.3,17.27,221.5,32.79,0.835,,,,,,,,,-0.718,1.0,-34.87,0.881,1.3,,,,45.86,17.28,10.86,35.61,17.32,17.28,222.5,32.84,1.146,,,,,,,,,-0.712,1.0,-31.89,1.907,2.401,,,,45.83,17.25,10.38,35.59,17.28,17.26,220.6,32.74,0.741,,,,,,,,,-0.774,1.0,-38.22,0.45,0.307,,,,0.005,0.005,0.07,0.003,0.009,0.004,0.3,0.016,0.053,,,,,,,,,0.013,0.0,1.628,0.476,0.797
7/21/2026 05:54:26,2026-07-21 05:40:00,,,,45.85,17.27,10.62,35.6,17.3,17.27,221.5,32.79,0.859,,,,,,,,,-0.718,1.0,-34.15,1.573,2.178,,,,45.87,17.28,10.82,35.61,17.32,17.28,222.4,32.84,1.275,,,,,,,,,-0.712,1.0,-32.33,3.44,4.021,,,,45.83,17.25,10.42,35.57,17.28,17.26,220.5,32.74,0.78,,,,,,,,,-0.796,1.0,-39.76,0.452,0.304,,,,0.006,0.005,0.069,0.003,0.009,0.004,0.315,0.017,0.048,,,,,,,,,0.018,0.0,1.591,0.705,0.976
7/21/2026 05:53:59,2026-07-21 05:50:00,,,,45.85,17.27,10.62,35.6,17.3,17.27,221.4,32.79,0.85,,,,,,,,,-0.72,1.0,-34.76,1.027,1.349,,,,45.86,17.28,10.84,35.61,17.32,17.28,222.2,32.83,1.061,,,,,,,,,-0.714,1.0,-32.64,1.905,2.394,,,,45.83,17.24,10.42,35.58,17.28,17.26,220.7,32.75,0.755,,,,,,,,,-0.8,1.0,-39.46,0.445,0.304,,,,0.006,0.005,0.069,0.003,0.009,0.004,0.286,0.015,0.045,,,,,,,,,0.018,0.0,1.634,0.602,0.812
7/21/2026 05:30:25,2026-07-21 05:30:00,,,,45.86,17.27,10.62,35.6,17.3,17.28,221.6,32.78,0.872,,,,,,,,,-0.719,1.0,-34.7,0.593,0.75,,,,45.87,17.28,10.87,35.61,17.32,17.29,222.5,32.83,1.171,,,,,,,,,-0.712,1.0,-32.49,0.923,1.83,,,,45.84,17.25,10.38,35.59,17.28,17.26,220.8,32.73,0.775,,,,,,,,,-0.803,1.0,-39.49,0.449,0.298,,,,0.005,0.005,0.065,0.003,0.009,0.004,0.304,0.016,0.047,,,,,,,,,0.019,0.0,1.721,0.207,0.591
7/21/2026 05:28:59,2026-07-21 04:30:00,,,,45.84,17.25,10.62,35.6,17.28,17.25,221.4,32.8,0.95,,,,,,,,,-0.713,1.0,-34.24,1.053,1.711,,,,45.85,17.26,10.79,35.62,17.3,17.26,222.4,32.85,1.196,,,,,,,,,-0.708,1.0,-31.95,1.901,2.943,,,,45.82,17.23,10.44,35.59,17.26,17.24,220.6,32.75,0.854,,,,,,,,,-0.728,1.0,-36.57,0.449,0.301,,,,0.005,0.005,0.064,0.003,0.009,0.004,0.298,0.016,0.054,,,,,,,,,0.005,0.0,1.254,0.482,0.7
7/21/2026 05:28:04,2026-07-21 04:40:00,,,,45.84,17.25,10.62,35.6,17.28,17.26,221.3,32.81,0.924,,,,,,,,,-0.713,1.0,-34.06,0.805,1.236,,,,45.85,17.26,10.88,35.61,17.3,17.27,222.1,32.85,1.193,,,,,,,,,-0.71,1.0,-31.83,1.894,2.943,,,,45.77,17.23,10.27,35.55,17.26,17.24,220.5,32.76,0.826,,,,,,,,,-0.742,1.0,-36.59,0.444,0.309,,,,0.006,0.005,0.073,0.004,0.009,0.004,0.28,0.015,0.053,,,,,,,,,0.007,0.0,1.218,0.424,0.783
7/21/2026 05:27:43,2026-07-21 04:50:00,,,,45.84,17.25,10.61,35.6,17.28,17.26,221.4,32.8,0.902,,,,,,,,,-0.716,1.0,-34.74,1.569,2.27,,,,45.85,17.26,10.81,35.61,17.3,17.27,222.4,32.86,1.148,,,,,,,,,-0.71,1.0,-31.99,1.906,2.952,,,,45.82,17.23,10.4,35.58,17.26,17.24,220.3,32.75,0.793,,,,,,,,,-0.754,1.0,-39.97,0.455,0.31,,,,0.006,0.006,0.068,0.003,0.009,0.005,0.325,0.017,0.051,,,,,,,,,0.011,0.0,1.948,0.514,0.627
7/21/2026 05:24:09,2026-07-21 05:00:00,,,,45.84,17.25,10.62,35.6,17.28,17.26,221.6,32.79,0.882,,,,,,,,,-0.715,1.0,-34.05,1.201,1.821,,,,45.85,17.26,10.8,35.61,17.3,17.27,222.6,32.86,1.077,,,,,,,,,-0.711,1.0,-32.11,1.891,2.393,,,,45.82,17.23,10.38,35.59,17.27,17.24,220.3,32.74,0.805,,,,,,,,,-0.731,1.0,-37.16,0.455,0.751,,,,0.006,0.005,0.067,0.003,0.008,0.005,0.317,0.017,0.047,,,,,,,,,0.004,0.0,1.346,0.509,0.508
7/21/2026 05:23:55,2026-07-21 05:10:00,,,,45.85,17.26,10.62,35.6,17.29,17.27,221.6,32.78,0.873,,,,,,,,,-0.724,1.0,-35.26,1.215,1.781,,,,45.86,17.28,10.89,35.61,17.31,17.28,222.7,32.82,1.159,,,,,,,,,-0.711,1.0,-31.61,1.899,2.383,,,,45.82,17.24,10.41,35.59,17.27,17.25,220.8,32.73,0.784,,,,,,,,,-0.841,1.0,-46.59,0.443,0.296,,,,0.007,0.006,0.07,0.003,0.01,0.006,0.285,0.015,0.046,,,,,,,,,0.035,0.0,3.068,0.52,0.625
7/21/2026 05:22:59,2026-07-21 05:20:00,,,,45.85,17.27,10.62,35.6,17.3,17.27,221.7,32.78,0.874,,,,,,,,,-0.718,1.0,-34.84,0.951,1.495,,,,45.87,17.28,10.85,35.61,17.32,17.28,222.6,32.82,1.109,,,,,,,,,-0.712,1.0,-32.63,1.911,2.386,,,,45.83,17.25,10.41,35.59,17.28,17.26,220.9,32.73,0.79,,,,,,,,,-0.793,1.0,-39.02,0.455,0.753,,,,0.006,0.005,0.066,0.003,0.009,0.005,0.284,0.015,0.047,,,,,,,,,0.017,0.0,1.479,0.356,0.485
7/21/2026 04:21:40,2026-07-21 04:20:00,,,,45.84,17.25,10.61,35.6,17.28,17.25,221.4,32.8,0.967,,,,,,,,,-0.712,1.0,-34.3,1.208,1.743,,,,45.85,17.26,10.86,35.61,17.3,17.26,222.1,32.85,1.271,,,,,,,,,-0.708,1.0,-32.39,1.904,2.943,,,,45.82,17.23,10.43,35.59,17.25,17.24,220.6,32.76,0.862,,,,,,,,,-0.726,1.0,-36.16,0.447,0.307,,,,0.005,0.005,0.068,0.003,0.01,0.004,0.284,0.015,0.055,,,,,,,,,0.005,0.0,1.08,0.581,0.834
7/21/2026 04:18:59,2026-07-21 04:10:00,,,,45.83,17.24,10.61,35.6,17.27,17.25,221.5,32.8,0.99,,,,,,,,,-0.724,1.0,-35.06,0.709,1.183,,,,45.84,17.25,10.82,35.61,17.29,17.26,222.5,32.84,1.169,,,,,,,,,-0.71,1.0,-31.69,0.918,1.851,,,,45.82,17.23,10.41,35.59,17.25,17.24,220.7,32.75,0.886,,,,,,,,,-0.842,1.0,-44.04,0.449,0.312,,,,0.004,0.004,0.064,0.002,0.008,0.003,0.292,0.015,0.054,,,,,,,,,0.036,0.0,2.918,0.219,0.473
7/21/2026 04:00:25,2026-07-21 04:00:00,,,,45.82,17.23,10.62,35.6,17.26,17.24,221.6,32.8,1.008,,,,,,,,,-0.712,1.0,-34.36,0.833,1.342,,,,45.84,17.25,10.82,35.61,17.28,17.25,222.6,32.84,1.412,,,,,,,,,-0.709,1.0,-32.58,1.887,2.388,,,,45.81,17.22,10.43,35.59,17.24,17.23,220.7,32.75,0.891,,,,,,,,,-0.726,1.0,-37.35,0.445,0.303,,,,0.006,0.006,0.066,0.003,0.009,0.005,0.287,0.015,0.057,,,,,,,,,0.004,0.0,1.232,0.308,0.595
7/21/2026 03:51:13,2026-07-21 03:50:00,,,,45.81,17.22,10.62,35.6,17.25,17.23,221.3,32.82,0.985,,,,,,,,,-0.711,1.0,-34.33,0.74,1.035,,,,45.83,17.24,10.79,35.61,17.27,17.24,222.3,32.87,1.237,,,,,,,,,-0.708,1.0,-32.01,1.893,2.397,,,,45.79,17.21,10.37,35.59,17.23,17.22,220.4,32.76,0.882,,,,,,,,,-0.727,1.0,-36.59,0.444,0.304,,,,0.007,0.006,0.064,0.003,0.009,0.005,0.339,0.019,0.059,,,,,,,,,0.004,0.0,1.264,0.432,0.588
7/21/2026 03:48:51,2026-07-21 03:40:00,,,,45.8,17.22,10.62,35.6,17.25,17.22,221.1,32.83,0.976,,,,,,,,,-0.71,1.0,-34.0,1.286,1.829,,,,45.81,17.23,10.91,35.61,17.26,17.23,222.0,32.88,1.314,,,,,,,,,-0.708,1.0,-32.68,3.443,4.013,,,,45.78,17.2,10.42,35.59,17.23,17.21,220.3,32.78,0.881,,,,,,,,,-0.715,1.0,-36.07,0.458,0.756,,,,0.005,0.004,0.067,0.003,0.008,0.004,0.3,0.016,0.059,,,,,,,,,0.002,0.0,0.933,0.699,0.773
7/21/2026 03:32:09,2026-07-21 02:30:00,,,,45.77,17.19,10.62,35.6,17.22,17.19,221.7,32.81,1.007,,,,,,,,,-0.708,1.0,-34.41,1.115,1.489,,,,45.78,17.2,10.87,35.61,17.24,17.2,222.5,32.86,1.439,,,,,,,,,-0.705,1.0,-32.63,1.898,2.946,,,,45.76,17.17,10.38,35.59,17.21,17.18,220.8,32.77,0.894,,,,,,,,,-0.715,1.0,-37.39,0.449,0.311,,,,0.005,0.005,0.07,0.003,0.008,0.004,0.294,0.016,0.065,,,,,,,,,0.002,0.0,1.301,0.596,0.912
7/21/2026 03:31:00,2026-07-21 02:40:00,,,,45.78,17.19,10.62,35.6,17.22,17.2,221.6,32.82,0.989,,,,,,,,,-0.708,1.0,-33.88,1.635,2.323,,,,45.79,17.2,10.83,35.61,17.24,17.21,222.4,32.87,1.233,,,,,,,,,-0.705,1.0,-32.21,3.439,4.022,,,,45.76,17.18,10.39,35.59,17.21,17.18,220.7,32.77,0.881,,,,,,,,,-0.724,1.0,-36.17,0.448,0.764,,,,0.005,0.005,0.067,0.003,0.008,0.004,0.299,0.016,0.057,,,,,,,,,0.004,0.0,1.329,0.637,0.713
7/21/2026 03:30:49,2026-07-21 03:30:00,,,,45.8,17.21,10.61,35.6,17.24,17.22,221.2,32.83,0.99,,,,,,,,,-0.71,1.0,-33.95,1.425,2.168,,,,45.81,17.22,10.85,35.61,17.26,17.23,221.9,32.88,1.241,,,,,,,,,-0.706,1.0,-32.23,1.891,2.942,,,,45.78,17.2,10.42,35.59,17.23,17.21,220.3,32.79,0.886,,,,,,,,,-0.724,1.0,-35.89,0.451,0.314,,,,0.005,0.004,0.067,0.003,0.008,0.004,0.279,0.015,0.061,,,,,,,,,0.004,0.0,1.065,0.578,0.803
7/21/2026 03:26:47,2026-07-21 02:50:00,,,,45.78,17.2,10.62,35.6,17.23,17.2,221.4,32.83,0.984,,,,,,,,,-0.712,1.0,-34.43,0.745,1.187,,,,45.79,17.21,10.84,35.61,17.25,17.21,222.2,32.87,1.38,,,,,,,,,-0.706,1.0,-32.12,0.924,1.845,,,,45.76,17.18,10.36,35.59,17.21,17.19,220.5,32.78,0.885,,,,,,,,,-0.725,1.0,-36.28,0.441,0.314,,,,0.005,0.005,0.07,0.003,0.008,0.004,0.311,0.016,0.058,,,,,,,,,0.007,0.0,1.234,0.216,0.46
7/21/2026 03:26:18,2026-07-21 03:00:00,,,,45.78,17.2,10.62,35.6,17.23,17.21,221.3,32.83,0.985,,,,,,,,,-0.708,1.0,-34.28,0.751,1.304,,,,45.8,17.21,10.87,35.61,17.25,17.22,222.1,32.87,1.215,,,,,,,,,-0.705,1.0,-31.75,1.879,2.147,,,,45.77,17.19,10.44,35.59,17.22,17.2,220.5,32.79,0.884,,,,,,,,,-0.722,1.0,-37.84,0.436,0.305,,,,0.005,0.004,0.066,0.003,0.009,0.004,0.278,0.015,0.058,,,,,,,,,0.003,0.0,1.489,0.336,0.661
7/21/2026 03:25:56,2026-07-21 03:10:00,,,,45.79,17.21,10.62,35.6,17.24,17.21,221.3,32.83,0.993,,,,,,,,,-0.72,1.0,-34.81,1.459,1.693,,,,45.8,17.21,10.83,35.61,17.25,17.22,222.2,32.87,1.181,,,,,,,,,-0.706,1.0,-31.91,3.445,4.032,,,,45.77,17.19,10.31,35.58,17.22,17.2,220.4,32.78,0.9,,,,,,,,,-0.84,1.0,-44.16,0.436,0.305,,,,0.005,0.004,0.066,0.003,0.009,0.004,0.278,0.015,0.052,,,,,,,,,0.036,0.0,2.955,1.149,1.389
7/21/2026 03:25:54,2026-07-21 03:20:00,,,,45.79,17.21,10.62,35.6,17.24,17.22,221.3,32.82,0.996,,,,,,,,,-0.711,1.0,-34.24,1.703,2.253,,,,45.81,17.22,10.8,35.61,17.26,17.23,222.1,32.86,1.299,,,,,,,,,-0.706,1.0,-32.47,3.443,4.032,,,,45.78,17.2,10.42,35.59,17.22,17.2,220.5,32.78,0.9,,,,,,,,,-0.733,1.0,-36.77,0.443,0.304,,,,0.005,0.004,0.067,0.003,0.009,0.004,0.292,0.015,0.055,,,,,,,,,0.006,0.0,1.171,0.819,1.04
7/21/2026 02:26:23,2026-07-20 21:20:00,,,,45.9,17.31,10.63,35.6,17.33,17.32,222.1,32.73,1.084,,,,,,,,,-0.697,1.0,-33.12,1.909,2.63,,,,45.92,17.33,10.86,35.61,17.35,17.34,223.2,32.78,1.354,,,,,,,,,-0.695,1.0,-31.1,3.456,4.038,,,,45.88,17.3,10.44,35.59,17.31,17.3,221.3,32.68,0.979,,,,,,,,,-0.71,1.0,-35.3,0.449,0.309,,,,0.007,0.006,0.068,0.003,0.01,0.006,0.286,0.015,0.065,,,,,,,,,0.003,0.0,0.983,0.994,1.281
7/21/2026 02:26:09,2026-07-21 00:30:00,,,,45.89,17.3,10.63,35.6,17.34,17.31,219.1,32.9,0.878,,,,,,,,,-0.705,1.0,-33.73,1.138,1.709,,,,45.91,17.31,10.81,35.61,17.35,17.32,220.0,32.95,1.124,,,,,,,,,-0.701,1.0,-31.88,3.448,3.457,,,,45.87,17.29,10.44,35.59,17.32,17.29,218.1,32.85,0.787,,,,,,,,,-0.72,1.0,-35.49,0.438,0.308,,,,0.006,0.006,0.066,0.003,0.008,0.005,0.297,0.016,0.051,,,,,,,,,0.004,0.0,0.995,0.758,0.889
7/21/2026 02:21:54,2026-07-21 02:20:00,,,,45.78,17.19,10.62,35.6,17.23,17.2,221.8,32.81,1.018,,,,,,,,,-0.708,1.0,-33.69,0.729,1.128,,,,45.79,17.2,10.84,35.61,17.25,17.21,222.8,32.85,1.517,,,,,,,,,-0.704,1.0,-32.18,1.898,2.391,,,,45.76,17.17,10.42,35.58,17.21,17.18,220.9,32.75,0.914,,,,,,,,,-0.724,1.0,-35.35,0.442,0.301,,,,0.005,0.005,0.068,0.003,0.008,0.004,0.279,0.015,0.064,,,,,,,,,0.004,0.0,0.909,0.351,0.67
7/21/2026 02:20:21,2026-07-21 00:40:00,,,,45.88,17.29,10.62,35.6,17.33,17.3,219.2,32.9,0.892,,,,,,,,,-0.706,1.0,-33.68,1.265,1.657,,,,45.9,17.31,10.85,35.61,17.34,17.31,220.1,32.95,1.217,,,,,,,,,-0.702,1.0,-32.03,3.449,3.477,,,,45.86,17.27,10.36,35.59,17.31,17.28,218.4,32.85,0.782,,,,,,,,,-0.728,1.0,-35.52,0.447,0.306,,,,0.006,0.006,0.066,0.003,0.007,0.005,0.298,0.016,0.057,,,,,,,,,0.006,0.0,0.934,0.807,1.058
7/21/2026 02:20:10,2026-07-21 00:50:00,,,,45.87,17.29,10.62,35.6,17.32,17.29,219.2,32.9,0.904,,,,,,,,,-0.705,1.0,-33.98,1.535,2.13,,,,45.89,17.3,10.92,35.61,17.34,17.3,220.1,32.95,1.192,,,,,,,,,-0.702,1.0,-32.21,3.449,4.021,,,,45.85,17.27,10.43,35.59,17.3,17.28,218.2,32.85,0.798,,,,,,,,,-0.709,1.0,-36.42,0.445,0.308,,,,0.006,0.005,0.068,0.003,0.008,0.005,0.313,0.016,0.056,,,,,,,,,0.002,0.0,1.263,0.843,0.878
7/21/2026 02:15:57,2026-07-21 02:10:00,,,,45.78,17.2,10.62,35.6,17.23,17.2,221.7,32.81,1.026,,,,,,,,,-0.719,1.0,-34.99,1.118,1.73,,,,45.79,17.21,10.8,35.61,17.25,17.21,222.6,32.85,1.251,,,,,,,,,-0.705,1.0,-31.86,1.902,2.4,,,,45.77,17.18,10.4,35.59,17.22,17.19,221.0,32.76,0.912,,,,,,,,,-0.838,1.0,-45.73,0.441,0.763,,,,0.005,0.005,0.065,0.003,0.008,0.004,0.279,0.015,0.059,,,,,,,,,0.036,0.0,3.357,0.447,0.478
7/21/2026 02:08:41,2026-07-21 01:40:00,,,,45.8,17.21,10.62,35.6,17.26,17.22,221.2,32.83,0.965,,,,,,,,,-0.709,1.0,-34.04,0.744,1.245,,,,45.82,17.23,10.8,35.61,17.28,17.24,222.3,32.87,1.296,,,,,,,,,-0.702,1.0,-31.96,0.911,1.842,,,,45.78,17.2,10.47,35.58,17.24,17.21,220.4,32.77,0.852,,,,,,,,,-0.77,1.0,-37.32,0.437,0.303,,,,0.006,0.006,0.064,0.003,0.009,0.005,0.303,0.015,0.058,,,,,,,,,0.014,0.0,1.227,0.204,0.46
7/21/2026 02:03:12,2026-07-21 01:50:00,,,,45.79,17.21,10.62,35.6,17.25,17.22,221.4,32.82,0.996,,,,,,,,,-0.708,1.0,-33.97,0.759,1.107,,,,45.81,17.22,10.82,35.6,17.27,17.22,222.2,32.86,1.225,,,,,,,,,-0.703,1.0,-32.29,1.255,2.391,,,,45.76,17.2,10.45,35.57,17.23,17.21,220.6,32.77,0.874,,,,,,,,,-0.729,1.0,-35.86,0.44,0.303,,,,0.005,0.004,0.068,0.003,0.008,0.004,0.284,0.015,0.057,,,,,,,,,0.006,0.0,0.991,0.243,0.607
7/21/2026 02:02:15,2026-07-21 02:00:00,,,,45.79,17.2,10.62,35.6,17.24,17.21,221.6,32.81,1.016,,,,,,,,,-0.707,1.0,-33.98,0.965,1.275,,,,45.8,17.21,10.84,35.61,17.26,17.22,222.6,32.85,1.36,,,,,,,,,-0.704,1.0,-32.27,1.902,2.4,,,,45.77,17.19,10.36,35.59,17.22,17.2,220.8,32.76,0.907,,,,,,,,,-0.72,1.0,-35.87,0.442,0.309,,,,0.005,0.004,0.072,0.003,0.008,0.004,0.282,0.015,0.062,,,,,,,,,0.003,0.0,0.953,0.505,0.609
7/21/2026 01:31:09,2026-07-21 01:30:00,,,,45.82,17.23,10.63,35.6,17.28,17.24,220.5,32.85,0.939,,,,,,,,,-0.707,1.0,-34.07,0.812,1.384,,,,45.85,17.25,10.85,35.61,17.3,17.26,221.6,32.91,1.194,,,,,,,,,-0.704,1.0,-32.77,0.912,1.847,,,,45.8,17.21,10.42,35.59,17.25,17.22,219.4,32.8,0.831,,,,,,,,,-0.72,1.0,-35.63,0.452,0.762,,,,0.011,0.01,0.07,0.003,0.009,0.009,0.425,0.02,0.059,,,,,,,,,0.003,0.0,0.83,0.177,0.261
7/21/2026 01:27:40,2026-07-21 01:00:00,,,,45.86,17.27,10.62,35.6,17.31,17.28,219.4,32.9,0.904,,,,,,,,,-0.705,1.0,-33.88,1.11,1.711,,,,45.88,17.29,10.83,35.61,17.33,17.29,220.4,32.95,1.152,,,,,,,,,-0.701,1.0,-32.28,1.89,2.949,,,,45.84,17.25,10.44,35.59,17.29,17.26,218.4,32.85,0.81,,,,,,,,,-0.72,1.0,-35.75,0.442,0.306,,,,0.007,0.006,0.066,0.003,0.008,0.005,0.304,0.016,0.056,,,,,,,,,0.004,0.0,1.132,0.594,0.759
7/21/2026 01:26:35,2026-07-21 01:10:00,,,,45.85,17.27,10.63,35.6,17.3,17.27,219.6,32.89,0.904,,,,,,,,,-0.717,1.0,-34.66,1.125,1.722,,,,45.87,17.28,10.85,35.61,17.32,17.28,220.4,32.94,1.117,,,,,,,,,-0.703,1.0,-32.05,1.894,2.95,,,,45.83,17.25,10.4,35.59,17.28,17.26,218.6,32.85,0.813,,,,,,,,,-0.836,1.0,-45.51,0.442,0.753,,,,0.006,0.006,0.069,0.003,0.008,0.005,0.285,0.015,0.05,,,,,,,,,0.036,0.0,3.147,0.525,0.635
7/21/2026 01:24:52,2026-07-21 01:20:00,,,,45.84,17.25,10.63,35.6,17.29,17.26,219.9,32.88,0.916,,,,,,,,,-0.707,1.0,-33.9,1.301,2.012,,,,45.86,17.27,10.81,35.62,17.31,17.27,220.8,32.93,1.135,,,,,,,,,-0.703,1.0,-31.74,1.898,2.947,,,,45.82,17.23,10.38,35.58,17.28,17.24,218.9,32.83,0.816,,,,,,,,,-0.729,1.0,-36.2,0.451,0.755,,,,0.007,0.006,0.069,0.004,0.009,0.006,0.318,0.016,0.057,,,,,,,,,0.007,0.0,1.248,0.548,0.629
7/21/2026 00:25:54,2026-07-20 21:30:00,,,,45.91,17.33,10.63,35.6,17.35,17.33,221.8,32.74,1.056,,,,,,,,,-0.7,1.0,-33.51,0.686,0.991,,,,45.93,17.34,10.93,35.61,17.37,17.35,222.7,32.79,1.323,,,,,,,,,-0.696,1.0,-31.84,1.891,2.397,,,,45.9,17.31,10.46,35.59,17.33,17.32,220.9,32.7,0.942,,,,,,,,,-0.715,1.0,-34.85,0.436,0.305,,,,0.007,0.006,0.072,0.003,0.009,0.006,0.289,0.015,0.064,,,,,,,,,0.004,0.0,1.017,0.351,0.65
7/21/2026 00:24:44,2026-07-21 00:20:00,,,,45.9,17.31,10.62,35.6,17.34,17.31,219.4,32.88,0.884,,,,,,,,,-0.704,1.0,-33.73,1.239,1.67,,,,45.91,17.32,10.86,35.61,17.35,17.32,220.5,32.94,1.134,,,,,,,,,-0.7,1.0,-31.69,3.452,4.028,,,,45.78,17.29,10.42,35.5,17.32,17.3,218.3,32.82,0.784,,,,,,,,,-0.707,1.0,-36.04,0.447,0.306,,,,0.007,0.005,0.066,0.005,0.007,0.004,0.33,0.018,0.054,,,,,,,,,0.002,0.0,1.276,0.751,1.058
7/21/2026 00:12:56,2026-07-20 22:10:00,,,,45.91,17.32,10.63,35.6,17.36,17.33,221.7,32.76,1.039,,,,,,,,,-0.713,1.0,-34.29,2.088,2.717,,,,45.93,17.34,10.86,35.61,17.38,17.34,222.5,32.8,1.314,,,,,,,,,-0.698,1.0,-31.86,4.537,4.585,,,,45.89,17.3,10.41,35.59,17.34,17.31,220.8,32.71,0.934,,,,,,,,,-0.83,1.0,-44.27,0.448,0.308,,,,0.006,0.006,0.067,0.003,0.008,0.005,0.278,0.014,0.064,,,,,,,,,0.035,0.0,2.843,1.333,1.339
7/21/2026 00:11:01,2026-07-21 00:10:00,,,,45.9,17.31,10.63,35.6,17.34,17.31,219.7,32.86,0.9,,,,,,,,,-0.717,1.0,-34.72,0.588,0.77,,,,45.91,17.32,10.82,35.62,17.35,17.32,220.9,32.92,1.106,,,,,,,,,-0.702,1.0,-32.08,0.907,1.846,,,,45.88,17.29,10.44,35.59,17.32,17.3,218.7,32.8,0.805,,,,,,,,,-0.833,1.0,-44.47,0.437,0.302,,,,0.005,0.005,0.067,0.003,0.007,0.004,0.321,0.017,0.056,,,,,,,,,0.036,0.0,3.246,0.208,0.515
7/21/2026 00:07:42,2026-07-20 22:20:00,,,,45.9,17.31,10.63,35.6,17.35,17.32,221.8,32.75,1.063,,,,,,,,,-0.702,1.0,-33.7,1.305,1.742,,,,45.91,17.32,10.88,35.61,17.37,17.33,222.6,32.81,1.341,,,,,,,,,-0.697,1.0,-31.64,1.9,2.953,,,,45.88,17.29,10.43,35.59,17.33,17.3,220.8,32.71,0.934,,,,,,,,,-0.715,1.0,-36.04,0.445,0.308,,,,0.007,0.006,0.072,0.003,0.007,0.006,0.305,0.016,0.065,,,,,,,,,0.004,0.0,1.17,0.603,0.848
7/21/2026 00:01:41,2026-07-21 00:00:00,,,,45.9,17.3,10.62,35.6,17.33,17.31,220.2,32.84,0.933,,,,,,,,,-0.704,1.0,-33.62,1.369,1.918,,,,45.91,17.32,10.8,35.62,17.35,17.32,221.3,32.88,1.243,,,,,,,,,-0.7,1.0,-31.5,1.897,2.935,,,,45.88,17.29,10.43,35.59,17.31,17.3,219.4,32.79,0.841,,,,,,,,,-0.719,1.0,-36.02,0.448,0.774,,,,0.006,0.005,0.063,0.003,0.007,0.004,0.312,0.016,0.057,,,,,,,,,0.005,0.0,1.221,0.574,0.571
7/20/2026 23:56:05,2026-07-20 22:30:00,,,,45.88,17.3,10.63,35.6,17.34,17.3,222.0,32.75,1.098,,,,,,,,,-0.702,1.0,-33.44,1.539,1.937,,,,45.9,17.31,10.87,35.61,17.35,17.32,222.9,32.8,1.381,,,,,,,,,-0.697,1.0,-31.77,3.447,4.03,,,,45.86,17.27,10.41,35.58,17.32,17.28,221.1,32.71,0.982,,,,,,,,,-0.716,1.0,-35.84,0.448,0.31,,,,0.007,0.007,0.073,0.003,0.007,0.007,0.289,0.015,0.062,,,,,,,,,0.005,0.0,1.083,1.011,1.147
7/20/2026 23:55:47,2026-07-20 23:30:00,,,,45.87,17.28,10.63,35.6,17.32,17.29,220.7,32.82,0.996,,,,,,,,,-0.705,1.0,-33.82,1.789,2.484,,,,45.89,17.29,10.86,35.61,17.33,17.3,221.5,32.87,1.282,,,,,,,,,-0.699,1.0,-32.0,3.454,4.039,,,,45.85,17.26,10.4,35.59,17.3,17.27,219.7,32.78,0.886,,,,,,,,,-0.73,1.0,-35.86,0.909,1.289,,,,0.006,0.005,0.066,0.003,0.007,0.004,0.295,0.016,0.06,,,,,,,,,0.008,0.0,1.043,0.565,0.733
7/20/2026 23:52:17,2026-07-20 23:50:00,,,,45.89,17.29,10.62,35.6,17.32,17.3,220.6,32.83,0.964,,,,,,,,,-0.704,1.0,-33.53,1.226,1.918,,,,45.9,17.31,10.82,35.61,17.34,17.32,221.4,32.87,1.219,,,,,,,,,-0.7,1.0,-31.19,1.901,2.953,,,,45.87,17.28,10.44,35.59,17.31,17.29,219.7,32.78,0.853,,,,,,,,,-0.719,1.0,-35.83,0.465,0.765,,,,0.006,0.005,0.067,0.003,0.008,0.005,0.287,0.015,0.058,,,,,,,,,0.005,0.0,1.074,0.46,0.531
7/20/2026 23:43:34,2026-07-20 23:40:00,,,,45.88,17.29,10.62,35.6,17.32,17.29,220.7,32.82,0.992,,,,,,,,,-0.703,1.0,-33.91,1.187,1.822,,,,45.89,17.3,10.83,35.61,17.33,17.3,221.6,32.87,1.244,,,,,,,,,-0.7,1.0,-31.79,1.911,2.397,,,,45.85,17.27,10.43,35.58,17.3,17.28,219.7,32.77,0.889,,,,,,,,,-0.718,1.0,-35.92,0.464,0.609,,,,0.005,0.004,0.066,0.003,0.008,0.004,0.288,0.015,0.06,,,,,,,,,0.005,0.0,1.158,0.475,0.466
7/20/2026 23:24:06,2026-07-20 23:20:00,,,,45.87,17.28,10.63,35.6,17.32,17.29,220.7,32.82,0.975,,,,,,,,,-0.702,1.0,-33.53,0.711,0.957,,,,45.89,17.29,10.82,35.61,17.33,17.3,221.7,32.87,1.197,,,,,,,,,-0.699,1.0,-31.57,1.893,2.393,,,,45.84,17.27,10.45,35.58,17.3,17.28,219.9,32.77,0.867,,,,,,,,,-0.716,1.0,-35.71,0.448,0.306,,,,0.006,0.005,0.064,0.003,0.007,0.004,0.297,0.016,0.058,,,,,,,,,0.004,0.0,1.006,0.349,0.687
7/20/2026 23:16:43,2026-07-20 22:40:00,,,,45.87,17.28,10.63,35.6,17.32,17.29,222.1,32.75,1.123,,,,,,,,,-0.702,1.0,-33.59,1.54,1.959,,,,45.89,17.3,10.84,35.61,17.34,17.3,223.1,32.8,1.522,,,,,,,,,-0.699,1.0,-31.75,3.448,4.036,,,,45.84,17.26,10.45,35.59,17.3,17.27,221.2,32.69,0.987,,,,,,,,,-0.715,1.0,-35.69,0.452,0.311,,,,0.007,0.007,0.067,0.003,0.007,0.007,0.274,0.014,0.067,,,,,,,,,0.004,0.0,1.186,0.981,1.015
7/20/2026 23:16:29,2026-07-20 22:50:00,,,,45.86,17.28,10.63,35.6,17.31,17.28,221.6,32.78,1.043,,,,,,,,,-0.703,1.0,-33.85,1.153,1.74,,,,45.88,17.29,10.85,35.61,17.33,17.29,222.7,32.83,1.338,,,,,,,,,-0.699,1.0,-32.17,1.916,2.395,,,,45.85,17.26,10.46,35.59,17.3,17.27,220.5,32.73,0.927,,,,,,,,,-0.714,1.0,-35.49,0.455,0.769,,,,0.006,0.005,0.069,0.003,0.007,0.005,0.35,0.018,0.064,,,,,,,,,0.004,0.0,1.074,0.478,0.451
7/20/2026 23:14:43,2026-07-20 23:10:00,,,,45.87,17.28,10.62,35.6,17.32,17.29,220.8,32.82,0.975,,,,,,,,,-0.713,1.0,-34.31,0.807,1.373,,,,45.89,17.29,10.82,35.61,17.33,17.3,221.8,32.87,1.219,,,,,,,,,-0.699,1.0,-32.1,1.901,2.391,,,,45.86,17.27,10.42,35.59,17.3,17.28,219.9,32.77,0.87,,,,,,,,,-0.839,1.0,-43.74,0.45,0.308,,,,0.006,0.005,0.064,0.003,0.007,0.004,0.292,0.015,0.06,,,,,,,,,0.037,0.0,2.87,0.177,0.479
7/20/2026 23:07:58,2026-07-20 23:00:00,,,,45.87,17.28,10.63,35.6,17.31,17.29,221.1,32.8,0.984,,,,,,,,,-0.702,1.0,-33.61,1.448,2.017,,,,45.89,17.29,10.83,35.61,17.33,17.3,222.1,32.85,1.25,,,,,,,,,-0.699,1.0,-31.74,1.902,2.743,,,,45.85,17.26,10.46,35.59,17.3,17.27,220.2,32.75,0.88,,,,,,,,,-0.709,1.0,-35.9,0.458,0.31,,,,0.006,0.005,0.067,0.003,0.007,0.005,0.314,0.016,0.059,,,,,,,,,0.003,0.0,1.045,0.532,0.601
7/20/2026 22:04:02,2026-07-20 22:00:00,,,,45.92,17.33,10.63,35.6,17.37,17.34,221.5,32.76,1.016,,,,,,,,,-0.702,1.0,-33.28,1.792,2.281,,,,45.94,17.35,10.84,35.61,17.39,17.35,222.3,32.81,1.253,,,,,,,,,-0.697,1.0,-31.58,3.464,5.013,,,,45.9,17.32,10.44,35.59,17.35,17.32,220.6,32.72,0.913,,,,,,,,,-0.716,1.0,-35.32,0.458,0.304,,,,0.006,0.006,0.075,0.003,0.008,0.005,0.298,0.015,0.061,,,,,,,,,0.006,0.0,0.966,1.304,1.653
7/20/2026 22:00:08,2026-07-20 21:40:00,,,,45.93,17.34,10.63,35.6,17.36,17.34,221.6,32.75,1.034,,,,,,,,,-0.699,1.0,-33.05,1.755,2.264,,,,45.94,17.35,10.82,35.61,17.38,17.36,222.5,32.79,1.402,,,,,,,,,-0.695,1.0,-31.62,4.544,5.128,,,,45.91,17.32,10.44,35.59,17.35,17.33,220.8,32.71,0.931,,,,,,,,,-0.713,1.0,-34.47,0.443,0.305,,,,0.006,0.006,0.072,0.003,0.008,0.005,0.286,0.015,0.062,,,,,,,,,0.004,0.0,0.911,1.305,1.65
7/20/2026 22:00:04,2026-07-20 21:50:00,,,,45.93,17.34,10.64,35.6,17.37,17.35,221.5,32.76,1.025,,,,,,,,,-0.701,1.0,-33.47,1.631,2.086,,,,45.95,17.36,11.29,35.61,17.39,17.36,222.3,32.8,1.301,,,,,,,,,-0.696,1.0,-31.32,3.449,4.919,,,,45.91,17.33,10.41,35.59,17.36,17.33,220.6,32.71,0.915,,,,,,,,,-0.721,1.0,-35.7,0.45,0.307,,,,0.006,0.006,0.081,0.003,0.006,0.005,0.283,0.015,0.061,,,,,,,,,0.007,0.0,1.058,1.181,1.551
7/20/2026 20:23:12,2026-07-20 20:20:00,,,,45.78,17.2,10.63,35.6,17.22,17.2,222.3,32.78,1.06,,,,,,,,,-0.701,1.0,-33.69,1.421,1.971,,,,45.8,17.21,10.87,35.61,17.24,17.21,223.2,32.81,1.307,,,,,,,,,-0.693,1.0,-31.47,4.529,4.585,,,,45.77,17.18,10.43,35.59,17.2,17.19,221.6,32.73,0.951,,,,,,,,,-0.719,1.0,-36.27,0.444,0.312,,,,0.006,0.006,0.07,0.003,0.008,0.005,0.296,0.016,0.059,,,,,,,,,0.008,0.0,1.347,1.057,1.358
7/20/2026 19:13:49,2026-07-20 19:10:00,,,,45.76,17.16,10.63,35.61,17.19,17.17,222.3,32.79,0.982,,,,,,,,,-0.704,1.0,-33.83,1.414,1.807,,,,45.77,17.17,10.85,35.62,17.2,17.18,223.3,32.84,1.199,,,,,,,,,-0.69,1.0,-31.06,3.454,4.583,,,,45.74,17.15,10.42,35.6,17.17,17.16,221.3,32.74,0.863,,,,,,,,,-0.822,1.0,-42.9,0.446,0.31,,,,0.005,0.005,0.069,0.003,0.007,0.005,0.291,0.015,0.056,,,,,,,,,0.035,0.0,2.973,1.159,1.483
7/20/2026 08:12:04,2026-07-20 08:10:00,,,,45.9,17.32,10.64,35.6,17.35,17.32,221.2,32.78,0.767,,,,,,,,,-0.709,1.0,-33.95,78.68,79.91,,,,45.92,17.33,10.85,35.61,17.36,17.34,222.1,32.83,1.296,,,,,,,,,-0.685,1.0,-30.61,96.8,101.8,,,,45.88,17.3,10.46,35.59,17.33,17.31,220.4,32.74,0.662,,,,,,,,,-0.834,1.0,-47.43,63.4,63.41,,,,0.007,0.006,0.068,0.003,0.005,0.006,0.312,0.016,0.06,,,,,,,,,0.038,0.0,3.568,10.26,11.53
7/20/2026 08:06:06,2026-07-20 08:00:00,,,,45.91,17.32,10.64,35.6,17.35,17.33,221.4,32.77,0.849,,,,,,,,,-0.708,1.0,-33.82,52.5,53.21,,,,45.93,17.34,10.88,35.61,17.37,17.34,222.5,32.82,1.275,,,,,,,,,-0.7,1.0,-31.74,66.23,67.26,,,,45.88,17.29,10.41,35.59,17.34,17.3,220.3,32.72,0.745,,,,,,,,,-0.803,1.0,-39.2,42.27,44.02,,,,0.008,0.008,0.064,0.004,0.007,0.007,0.35,0.017,0.044,,,,,,,,,0.022,0.0,1.594,8.09,7.786
7/20/2026 07:55:23,2026-07-20 07:30:00,,,,45.9,17.31,10.64,35.6,17.34,17.32,221.3,32.78,0.878,,,,,,,,,-0.708,1.0,-34.02,32.35,33.07,,,,45.92,17.33,10.83,35.61,17.36,17.33,222.2,32.83,1.141,,,,,,,,,-0.7,1.0,-31.5,36.29,36.82,,,,45.88,17.29,10.38,35.59,17.32,17.3,220.4,32.73,0.793,,,,,,,,,-0.804,1.0,-40.3,25.66,26.52,,,,0.007,0.006,0.062,0.004,0.008,0.006,0.294,0.015,0.041,,,,,,,,,0.022,0.0,1.989,3.151,3.056
7/20/2026 07:54:52,2026-07-20 07:50:00,,,,45.91,17.32,10.64,35.6,17.35,17.33,221.2,32.78,0.846,,,,,,,,,-0.71,1.0,-34.15,47.21,48.24,,,,45.92,17.34,10.89,35.61,17.37,17.34,222.3,32.83,1.172,,,,,,,,,-0.7,1.0,-31.9,50.6,51.83,,,,45.89,17.3,10.46,35.59,17.33,17.31,220.1,32.72,0.749,,,,,,,,,-0.803,1.0,-41.27,42.84,44.59,,,,0.007,0.007,0.065,0.003,0.007,0.006,0.325,0.017,0.043,,,,,,,,,0.022,0.0,2.166,1.992,2.04
7/20/2026 07:49:51,2026-07-20 07:40:00,,,,45.91,17.32,10.64,35.6,17.35,17.32,221.2,32.78,0.849,,,,,,,,,-0.704,1.0,-33.53,43.52,44.28,,,,45.92,17.33,10.88,35.61,17.36,17.34,222.2,32.83,1.308,,,,,,,,,-0.7,1.0,-31.5,48.45,49.09,,,,45.88,17.3,10.45,35.58,17.33,17.31,220.2,32.73,0.762,,,,,,,,,-0.729,1.0,-36.2,35.78,36.41,,,,0.007,0.006,0.063,0.004,0.007,0.005,0.307,0.016,0.042,,,,,,,,,0.006,0.0,1.148,2.796,2.934
7/20/2026 07:26:10,2026-07-20 07:20:00,,,,45.9,17.31,10.64,35.6,17.33,17.31,221.1,32.79,0.854,,,,,,,,,-0.709,1.0,-33.98,18.54,19.49,,,,45.91,17.32,10.84,35.61,17.35,17.33,222.1,32.84,1.561,,,,,,,,,-0.701,1.0,-31.37,26.24,26.52,,,,45.86,17.29,10.43,35.58,17.31,17.3,220.2,32.74,0.764,,,,,,,,,-0.79,1.0,-38.59,8.43,10.08,,,,0.007,0.006,0.064,0.004,0.007,0.006,0.31,0.016,0.054,,,,,,,,,0.02,0.0,1.653,5.007,4.726
7/20/2026 07:12:17,2026-07-20 07:10:00,,,,45.88,17.29,10.64,35.6,17.31,17.3,221.1,32.8,0.838,,,,,,,,,-0.715,1.0,-34.65,23.08,23.95,,,,45.91,17.32,10.85,35.61,17.34,17.32,222.1,32.85,1.145,,,,,,,,,-0.7,1.0,-31.62,26.8,27.91,,,,45.85,17.26,10.39,35.59,17.29,17.26,220.2,32.74,0.732,,,,,,,,,-0.829,1.0,-44.64,17.86,19.1,,,,0.011,0.012,0.063,0.003,0.009,0.011,0.308,0.015,0.041,,,,,,,,,0.035,0.0,3.103,2.366,2.442
7/20/2026 07:01:41,2026-07-20 07:00:00,,,,45.86,17.27,10.64,35.6,17.3,17.27,221.6,32.78,0.923,,,,,,,,,-0.703,1.0,-33.64,12.17,13.17,,,,45.87,17.28,10.85,35.61,17.31,17.29,222.3,32.83,2.76,,,,,,,,,-0.7,1.0,-31.71,17.86,19.1,,,,45.84,17.25,10.45,35.59,17.28,17.26,220.7,32.75,0.824,,,,,,,,,-0.715,1.0,-35.62,8.44,9.52,,,,0.007,0.006,0.061,0.003,0.007,0.005,0.286,0.015,0.095,,,,,,,,,0.004,0.0,1.029,2.614,2.806
7/20/2026 06:53:59,2026-07-20 06:40:00,,,,45.85,17.26,10.64,35.6,17.29,17.26,221.8,32.78,0.909,,,,,,,,,-0.702,1.0,-33.75,4.447,5.371,,,,45.86,17.27,10.82,35.62,17.31,17.27,222.8,32.83,1.434,,,,,,,,,-0.699,1.0,-32.44,5.609,6.78,,,,45.83,17.24,10.45,35.59,17.28,17.24,220.8,32.72,0.785,,,,,,,,,-0.713,1.0,-36.8,3.424,4.027,,,,0.006,0.006,0.062,0.003,0.007,0.005,0.297,0.016,0.072,,,,,,,,,0.003,0.0,1.036,0.693,0.695
7/20/2026 06:51:28,2026-07-20 06:50:00,,,,45.85,17.26,10.64,35.6,17.29,17.26,221.8,32.77,0.927,,,,,,,,,-0.702,1.0,-33.31,5.428,6.308,,,,45.87,17.27,10.81,35.62,17.31,17.28,222.7,32.83,1.2,,,,,,,,,-0.7,1.0,-31.83,8.45,9.52,,,,45.83,17.24,10.45,35.59,17.28,17.25,220.7,32.73,0.82,,,,,,,,,-0.711,1.0,-35.72,0.436,0.303,,,,0.007,0.006,0.062,0.003,0.007,0.006,0.299,0.016,0.052,,,,,,,,,0.003,0.0,0.998,2.585,2.77
7/20/2026 06:30:22,2026-07-20 06:30:00,,,,45.86,17.27,10.64,35.6,17.31,17.27,221.7,32.78,0.907,,,,,,,,,-0.702,1.0,-33.66,1.683,2.06,,,,45.88,17.29,10.85,35.62,17.33,17.29,222.5,32.82,1.822,,,,,,,,,-0.699,1.0,-32.15,3.45,4.59,,,,45.84,17.25,10.44,35.59,17.29,17.26,220.9,32.73,0.803,,,,,,,,,-0.711,1.0,-35.22,0.44,0.304,,,,0.007,0.007,0.06,0.004,0.008,0.007,0.29,0.016,0.082,,,,,,,,,0.003,0.0,0.934,1.266,1.6
7/20/2026 06:22:46,2026-07-20 04:40:00,,,,45.89,17.3,10.65,35.6,17.32,17.31,221.4,32.78,0.934,,,,,,,,,-0.7,1.0,-33.55,1.092,1.481,,,,45.91,17.32,10.86,35.62,17.34,17.33,222.3,32.82,1.199,,,,,,,,,-0.696,1.0,-31.8,3.452,4.003,,,,45.87,17.28,10.46,35.59,17.3,17.29,220.6,32.73,0.836,,,,,,,,,-0.719,1.0,-35.49,0.447,0.301,,,,0.009,0.008,0.067,0.004,0.008,0.007,0.288,0.015,0.054,,,,,,,,,0.006,0.0,1.057,0.831,1.2
7/20/2026 06:21:55,2026-07-20 04:50:00,,,,45.9,17.31,10.65,35.6,17.34,17.32,221.3,32.78,0.912,,,,,,,,,-0.702,1.0,-34.02,1.627,2.229,,,,45.92,17.33,10.88,35.61,17.35,17.33,222.2,32.83,1.186,,,,,,,,,-0.695,1.0,-31.85,3.444,3.456,,,,45.87,17.29,10.44,35.57,17.32,17.3,220.3,32.73,0.812,,,,,,,,,-0.747,1.0,-36.94,0.463,0.308,,,,0.008,0.008,0.073,0.004,0.007,0.007,0.305,0.016,0.056,,,,,,,,,0.011,0.0,1.331,0.791,0.792
7/20/2026 06:21:41,2026-07-20 06:20:00,,,,45.87,17.28,10.64,35.6,17.32,17.29,221.2,32.8,0.869,,,,,,,,,-0.704,1.0,-33.48,1.428,2.145,,,,45.89,17.3,10.82,35.61,17.34,17.3,222.4,32.86,1.338,,,,,,,,,-0.7,1.0,-32.01,1.896,2.942,,,,45.84,17.26,10.43,35.59,17.3,17.27,220.1,32.74,0.716,,,,,,,,,-0.726,1.0,-36.07,0.449,0.307,,,,0.008,0.008,0.063,0.004,0.008,0.007,0.414,0.022,0.08,,,,,,,,,0.006,0.0,0.94,0.538,0.731
7/20/2026 06:17:21,2026-07-20 05:00:00,,,,45.91,17.32,10.65,35.6,17.35,17.33,221.4,32.77,0.911,,,,,,,,,-0.705,1.0,-33.52,1.116,1.636,,,,45.93,17.34,10.94,35.61,17.36,17.35,222.4,32.82,1.188,,,,,,,,,-0.697,1.0,-31.79,1.901,2.94,,,,45.89,17.3,10.44,35.58,17.33,17.31,220.4,32.71,0.794,,,,,,,,,-0.797,1.0,-39.86,0.454,0.298,,,,0.009,0.008,0.071,0.003,0.007,0.008,0.293,0.015,0.056,,,,,,,,,0.021,0.0,1.748,0.549,0.836
7/20/2026 06:17:15,2026-07-20 05:10:00,,,,45.91,17.33,10.65,35.6,17.35,17.33,221.4,32.77,0.902,,,,,,,,,-0.709,1.0,-34.45,1.121,1.438,,,,45.93,17.34,10.89,35.61,17.37,17.35,222.2,32.81,1.156,,,,,,,,,-0.697,1.0,-31.65,3.447,4.026,,,,45.89,17.3,10.45,35.58,17.34,17.31,220.6,32.73,0.807,,,,,,,,,-0.829,1.0,-47.07,0.446,0.299,,,,0.008,0.008,0.072,0.004,0.006,0.007,0.289,0.015,0.052,,,,,,,,,0.035,0.0,3.286,0.958,1.303
7/20/2026 06:10:59,2026-07-20 05:20:00,,,,45.91,17.32,10.65,35.6,17.36,17.33,221.4,32.77,0.904,,,,,,,,,-0.701,1.0,-33.82,1.278,1.614,,,,45.93,17.34,10.87,35.61,17.37,17.35,222.3,32.82,1.117,,,,,,,,,-0.698,1.0,-31.02,3.45,4.03,,,,45.88,17.3,10.46,35.58,17.34,17.31,220.5,32.73,0.818,,,,,,,,,-0.715,1.0,-38.9,0.451,0.303,,,,0.008,0.008,0.075,0.003,0.007,0.007,0.313,0.016,0.052,,,,,,,,,0.004,0.0,1.745,1.056,1.339
7/20/2026 06:10:40,2026-07-20 06:10:00,,,,45.88,17.29,10.64,35.6,17.33,17.3,221.2,32.79,0.859,,,,,,,,,-0.716,1.0,-34.71,1.224,1.784,,,,45.91,17.32,10.9,35.61,17.35,17.32,222.5,32.86,1.633,,,,,,,,,-0.7,1.0,-31.93,1.903,3.464,,,,45.85,17.27,10.47,35.58,17.31,17.27,220.0,32.72,0.718,,,,,,,,,-0.827,1.0,-42.75,0.447,0.302,,,,0.008,0.008,0.064,0.004,0.008,0.007,0.38,0.021,0.08,,,,,,,,,0.034,0.0,2.886,0.608,1.027
7/20/2026 06:10:25,2026-07-20 05:30:00,,,,45.9,17.32,10.65,35.6,17.35,17.32,221.5,32.77,0.902,,,,,,,,,-0.704,1.0,-33.8,2.331,2.906,,,,45.92,17.34,10.88,35.61,17.37,17.34,222.5,32.82,1.328,,,,,,,,,-0.697,1.0,-31.92,3.456,4.575,,,,45.88,17.29,10.46,35.58,17.33,17.3,220.6,32.71,0.813,,,,,,,,,-0.716,1.0,-36.62,0.45,0.3,,,,0.009,0.008,0.077,0.003,0.007,0.008,0.302,0.016,0.057,,,,,,,,,0.005,0.0,1.344,1.193,1.309
7/20/2026 06:04:24,2026-07-20 05:40:00,,,,45.9,17.31,10.65,35.6,17.35,17.32,221.4,32.77,0.881,,,,,,,,,-0.702,1.0,-33.15,1.419,1.797,,,,45.92,17.33,10.92,35.61,17.36,17.33,222.3,32.83,1.132,,,,,,,,,-0.698,1.0,-31.43,3.456,3.451,,,,45.87,17.29,10.47,35.58,17.33,17.29,220.3,32.73,0.772,,,,,,,,,-0.718,1.0,-34.83,0.45,0.3,,,,0.009,0.009,0.071,0.003,0.007,0.008,0.295,0.015,0.053,,,,,,,,,0.004,0.0,0.95,0.914,1.066
7/20/2026 06:04:07,2026-07-20 05:50:00,,,,45.89,17.3,10.64,35.6,17.34,17.31,221.5,32.77,0.859,,,,,,,,,-0.702,1.0,-33.34,1.866,2.533,,,,45.91,17.32,10.82,35.61,17.35,17.33,222.4,32.83,1.666,,,,,,,,,-0.699,1.0,-30.94,3.456,4.017,,,,45.86,17.28,10.45,35.58,17.32,17.29,220.5,32.72,0.754,,,,,,,,,-0.716,1.0,-35.29,0.451,0.301,,,,0.009,0.008,0.063,0.004,0.008,0.008,0.308,0.016,0.065,,,,,,,,,0.004,0.0,0.973,0.943,0.957
7/20/2026 06:02:40,2026-07-20 06:00:00,,,,45.89,17.31,10.64,35.6,17.34,17.31,221.5,32.77,0.85,,,,,,,,,-0.704,1.0,-33.68,1.493,1.894,,,,45.91,17.32,10.88,35.62,17.35,17.33,222.3,32.82,1.287,,,,,,,,,-0.698,1.0,-32.17,3.45,4.013,,,,45.87,17.28,10.46,35.58,17.32,17.29,220.6,32.73,0.759,,,,,,,,,-0.716,1.0,-36.86,0.44,0.299,,,,0.007,0.007,0.065,0.004,0.007,0.006,0.296,0.015,0.061,,,,,,,,,0.005,0.0,1.212,1.039,1.257
7/20/2026 04:30:21,2026-07-20 04:30:00,,,,45.87,17.28,10.65,35.6,17.3,17.29,221.7,32.77,0.968,,,,,,,,,-0.708,1.0,-33.76,1.019,1.51,,,,45.9,17.31,10.85,35.61,17.33,17.31,222.6,32.82,1.186,,,,,,,,,-0.696,1.0,-31.54,1.902,2.94,,,,45.85,17.26,10.42,35.59,17.29,17.27,220.7,32.72,0.874,,,,,,,,,-0.804,1.0,-41.53,0.449,0.297,,,,0.008,0.008,0.07,0.004,0.007,0.007,0.299,0.015,0.05,,,,,,,,,0.025,0.0,2.264,0.542,0.871
7/20/2026 04:25:25,2026-07-20 04:20:00,,,,45.86,17.27,10.64,35.6,17.29,17.28,221.7,32.77,0.961,,,,,,,,,-0.702,1.0,-33.85,0.566,0.754,,,,45.88,17.29,10.84,35.62,17.31,17.29,222.7,32.82,1.241,,,,,,,,,-0.695,1.0,-31.41,0.922,1.828,,,,45.83,17.24,10.46,35.58,17.27,17.25,220.9,32.72,0.867,,,,,,,,,-0.775,1.0,-37.94,0.444,0.296,,,,0.008,0.008,0.066,0.004,0.008,0.007,0.294,0.016,0.049,,,,,,,,,0.017,0.0,1.405,0.198,0.481
7/20/2026 04:12:55,2026-07-20 04:00:00,,,,45.82,17.23,10.65,35.6,17.22,17.23,222.0,32.78,0.941,,,,,,,,,-0.697,1.0,-33.14,0.849,1.404,,,,45.84,17.25,10.88,35.62,17.26,17.26,223.0,32.83,1.531,,,,,,,,,-0.694,1.0,-31.48,1.901,2.391,,,,45.79,17.2,10.48,35.58,17.18,17.21,221.2,32.73,0.801,,,,,,,,,-0.71,1.0,-35.65,0.439,0.302,,,,0.011,0.011,0.061,0.004,0.017,0.011,0.293,0.016,0.057,,,,,,,,,0.003,0.0,1.138,0.317,0.457
7/20/2026 04:11:49,2026-07-20 04:10:00,,,,45.84,17.25,10.65,35.6,17.26,17.26,221.8,32.78,0.947,,,,,,,,,-0.708,1.0,-33.89,0.989,1.407,,,,45.87,17.28,10.85,35.62,17.29,17.29,222.7,32.83,1.194,,,,,,,,,-0.694,1.0,-31.16,1.896,2.925,,,,45.81,17.22,10.47,35.58,17.24,17.23,220.9,32.73,0.855,,,,,,,,,-0.821,1.0,-43.7,0.441,0.295,,,,0.011,0.011,0.066,0.005,0.01,0.01,0.303,0.015,0.049,,,,,,,,,0.035,0.0,2.934,0.506,0.735
7/20/2026 03:56:57,2026-07-20 02:30:00,,,,45.68,17.07,10.65,35.62,17.1,17.08,218.8,33.01,0.456,,,,,,,,,-0.694,1.0,-33.22,1.172,1.78,,,,45.7,17.09,10.86,35.63,17.12,17.1,219.6,33.06,0.659,,,,,,,,,-0.691,1.0,-30.9,1.893,2.942,,,,45.65,17.04,10.48,35.6,17.09,17.05,218.1,32.97,0.399,,,,,,,,,-0.709,1.0,-35.99,0.439,0.301,,,,0.009,0.008,0.059,0.004,0.006,0.008,0.282,0.015,0.029,,,,,,,,,0.004,0.0,1.516,0.586,0.85
7/20/2026 03:56:40,2026-07-20 03:30:00,,,,45.7,17.1,10.65,35.62,17.12,17.1,218.5,33.02,0.357,,,,,,,,,-0.695,1.0,-33.06,1.159,1.989,,,,45.72,17.12,10.85,35.63,17.14,17.12,219.4,33.07,0.78,,,,,,,,,-0.693,1.0,-31.35,1.891,2.931,,,,45.62,17.07,10.47,35.54,17.11,17.08,217.5,32.98,0.29,,,,,,,,,-0.7,1.0,-36.39,0.572,1.266,,,,0.01,0.009,0.061,0.005,0.007,0.008,0.292,0.016,0.033,,,,,,,,,0.001,0.0,1.344,0.438,0.426
7/20/2026 03:51:30,2026-07-20 03:40:00,,,,45.72,17.11,10.65,35.62,17.13,17.12,218.6,33.01,0.366,,,,,,,,,-0.699,1.0,-33.51,1.138,1.656,,,,45.74,17.14,10.82,35.63,17.15,17.14,219.8,33.06,0.486,,,,,,,,,-0.693,1.0,-31.28,1.891,2.382,,,,45.68,17.08,10.45,35.6,17.11,17.09,217.6,32.95,0.279,,,,,,,,,-0.745,1.0,-37.75,0.452,0.757,,,,0.01,0.01,0.06,0.004,0.008,0.009,0.389,0.021,0.038,,,,,,,,,0.011,0.0,1.595,0.511,0.451
7/20/2026 03:51:15,2026-07-20 03:50:00,,,,45.75,17.15,10.65,35.61,17.16,17.16,220.5,32.89,0.64,,,,,,,,,-0.696,1.0,-33.18,0.676,0.929,,,,45.82,17.22,10.84,35.63,17.2,17.22,222.6,32.99,1.056,,,,,,,,,-0.694,1.0,-30.82,1.888,2.378,,,,45.71,17.1,10.48,35.58,17.13,17.11,219.0,32.76,0.428,,,,,,,,,-0.7,1.0,-35.72,0.439,0.295,,,,0.021,0.024,0.064,0.006,0.012,0.023,0.786,0.05,0.147,,,,,,,,,0.001,0.0,1.41,0.347,0.617
7/20/2026 03:29:38,2026-07-20 02:40:00,,,,45.68,17.07,10.65,35.62,17.1,17.08,218.8,33.01,0.461,,,,,,,,,-0.697,1.0,-33.14,2.101,2.89,,,,45.7,17.09,10.86,35.64,17.12,17.1,219.6,33.05,0.731,,,,,,,,,-0.691,1.0,-30.92,3.461,4.576,,,,45.65,17.05,10.47,35.6,17.09,17.06,218.1,32.97,0.407,,,,,,,,,-0.711,1.0,-35.35,0.46,0.749,,,,0.009,0.008,0.059,0.005,0.006,0.007,0.278,0.015,0.031,,,,,,,,,0.007,0.0,1.326,0.917,0.913
7/20/2026 03:29:25,2026-07-20 02:50:00,,,,45.68,17.07,10.65,35.62,17.1,17.08,218.8,33.01,0.466,,,,,,,,,-0.695,1.0,-33.42,1.237,1.768,,,,45.7,17.09,10.84,35.63,17.12,17.1,219.6,33.07,0.661,,,,,,,,,-0.692,1.0,-30.94,1.899,2.397,,,,45.65,17.05,10.45,35.6,17.09,17.06,217.7,32.98,0.407,,,,,,,,,-0.71,1.0,-35.32,0.455,0.753,,,,0.009,0.008,0.059,0.004,0.006,0.007,0.289,0.015,0.031,,,,,,,,,0.004,0.0,1.253,0.548,0.536
7/20/2026 03:27:13,2026-07-20 03:00:00,,,,45.68,17.08,10.65,35.62,17.1,17.08,218.8,33.01,0.476,,,,,,,,,-0.695,1.0,-32.9,0.872,1.422,,,,45.7,17.09,10.81,35.63,17.12,17.1,220.0,33.05,0.657,,,,,,,,,-0.691,1.0,-31.23,1.896,2.378,,,,45.66,17.05,10.43,35.6,17.09,17.06,218.0,32.95,0.408,,,,,,,,,-0.715,1.0,-34.97,0.451,0.298,,,,0.009,0.008,0.062,0.004,0.006,0.007,0.264,0.014,0.032,,,,,,,,,0.006,0.0,1.119,0.397,0.771
7/20/2026 03:27:00,2026-07-20 03:10:00,,,,45.69,17.08,10.65,35.62,17.11,17.09,218.8,33.01,0.489,,,,,,,,,-0.707,1.0,-34.07,2.385,3.064,,,,45.7,17.1,10.86,35.63,17.12,17.1,219.6,33.06,0.637,,,,,,,,,-0.693,1.0,-31.47,3.461,4.569,,,,45.65,17.05,10.41,35.6,17.09,17.06,217.8,32.97,0.414,,,,,,,,,-0.817,1.0,-44.52,0.905,1.815,,,,0.008,0.008,0.062,0.004,0.006,0.007,0.286,0.015,0.036,,,,,,,,,0.035,0.0,3.027,0.848,0.865
7/20/2026 03:21:30,2026-07-20 03:20:00,,,,45.7,17.09,10.65,35.62,17.11,17.09,218.6,33.02,0.412,,,,,,,,,-0.695,1.0,-32.96,1.364,2.119,,,,45.72,17.11,10.83,35.63,17.13,17.11,219.7,33.06,0.594,,,,,,,,,-0.694,1.0,-30.47,2.215,3.455,,,,45.66,17.06,10.46,35.6,17.09,17.07,217.7,32.96,0.318,,,,,,,,,-0.697,1.0,-35.02,0.888,1.756,,,,0.01,0.009,0.061,0.004,0.007,0.008,0.357,0.018,0.056,,,,,,,,,0.001,0.0,1.169,0.512,0.407
7/20/2026 02:21:51,2026-07-20 02:20:00,,,,45.68,17.08,10.65,35.62,17.1,17.08,218.9,33.01,0.465,,,,,,,,,-0.694,1.0,-33.12,1.061,1.468,,,,45.7,17.09,10.82,35.63,17.12,17.1,219.5,33.05,0.73,,,,,,,,,-0.691,1.0,-30.87,1.899,2.397,,,,45.66,17.06,10.46,35.6,17.09,17.07,217.9,32.97,0.399,,,,,,,,,-0.71,1.0,-35.53,0.443,0.303,,,,0.008,0.007,0.06,0.004,0.006,0.006,0.278,0.015,0.032,,,,,,,,,0.005,0.0,1.272,0.486,0.572
7/20/2026 02:10:14,2026-07-20 02:10:00,,,,45.68,17.08,10.65,35.62,17.1,17.08,218.9,33.01,0.48,,,,,,,,,-0.704,1.0,-33.97,1.287,2.035,,,,45.7,17.09,10.85,35.63,17.12,17.1,219.7,33.06,1.151,,,,,,,,,-0.69,1.0,-31.59,1.904,2.951,,,,45.66,17.05,10.5,35.6,17.09,17.06,217.9,32.96,0.395,,,,,,,,,-0.821,1.0,-48.22,0.454,0.762,,,,0.009,0.009,0.056,0.004,0.006,0.008,0.29,0.015,0.046,,,,,,,,,0.034,0.0,3.663,0.572,0.733
7/20/2026 02:00:59,2026-07-20 02:00:00,,,,45.68,17.08,10.65,35.62,17.1,17.08,218.9,33.01,0.496,,,,,,,,,-0.696,1.0,-33.33,1.966,2.617,,,,45.7,17.09,10.86,35.63,17.12,17.1,219.9,33.05,0.899,,,,,,,,,-0.69,1.0,-30.96,3.449,4.024,,,,45.64,17.03,10.48,35.61,17.09,17.04,218.1,32.96,0.433,,,,,,,,,-0.765,1.0,-37.09,0.445,0.304,,,,0.01,0.01,0.059,0.004,0.006,0.009,0.284,0.015,0.039,,,,,,,,,0.016,0.0,1.747,1.111,1.314
7/20/2026 01:51:37,2026-07-20 01:50:00,,,,45.68,17.07,10.66,35.62,17.1,17.08,218.7,33.02,0.459,,,,,,,,,-0.696,1.0,-33.01,0.831,1.121,,,,45.7,17.09,10.86,35.64,17.12,17.1,219.5,33.07,0.703,,,,,,,,,-0.69,1.0,-30.97,1.9,2.39,,,,45.65,17.05,10.46,35.6,17.09,17.06,217.8,32.98,0.386,,,,,,,,,-0.744,1.0,-35.13,0.447,0.299,,,,0.009,0.009,0.059,0.004,0.006,0.008,0.288,0.015,0.04,,,,,,,,,0.012,0.0,1.179,0.494,0.822
7/20/2026 01:43:06,2026-07-20 01:40:00,,,,45.68,17.08,10.65,35.62,17.1,17.08,218.7,33.02,0.45,,,,,,,,,-0.692,1.0,-33.25,1.071,1.633,,,,45.7,17.09,10.83,35.63,17.11,17.1,219.5,33.06,0.681,,,,,,,,,-0.69,1.0,-31.32,1.907,2.395,,,,45.66,17.06,10.42,35.61,17.09,17.07,217.9,32.97,0.379,,,,,,,,,-0.704,1.0,-36.84,0.463,0.439,,,,0.006,0.006,0.06,0.004,0.006,0.005,0.272,0.014,0.035,,,,,,,,,0.003,0.0,1.308,0.436,0.58
7/20/2026 01:32:11,2026-07-20 01:30:00,,,,45.68,17.08,10.65,35.62,17.1,17.08,218.7,33.02,0.445,,,,,,,,,-0.698,1.0,-33.76,1.386,2.18,,,,45.7,17.09,10.82,35.64,17.12,17.1,219.6,33.05,0.796,,,,,,,,,-0.688,1.0,-31.13,1.903,2.937,,,,45.65,17.05,10.48,35.61,17.09,17.06,218.0,32.97,0.38,,,,,,,,,-0.795,1.0,-39.24,0.9,1.279,,,,0.008,0.007,0.06,0.004,0.006,0.007,0.262,0.014,0.04,,,,,,,,,0.023,0.0,1.627,0.471,0.424
7/20/2026 01:20:31,2026-07-20 01:20:00,,,,45.68,17.08,10.66,35.62,17.11,17.08,218.9,33.01,0.495,,,,,,,,,-0.699,1.0,-33.29,2.137,2.639,,,,45.7,17.1,10.83,35.64,17.12,17.1,219.9,33.05,0.943,,,,,,,,,-0.687,1.0,-30.65,3.457,4.578,,,,45.66,17.05,10.42,35.6,17.09,17.06,218.1,32.96,0.416,,,,,,,,,-0.849,1.0,-44.37,0.451,0.301,,,,0.009,0.009,0.06,0.005,0.006,0.008,0.3,0.016,0.049,,,,,,,,,0.035,0.0,2.847,1.344,1.661
7/20/2026 01:18:23,2026-07-20 00:40:00,,,,45.69,17.08,10.67,35.62,17.11,17.09,219.1,33.0,0.538,,,,,,,,,-0.691,1.0,-32.78,1.107,1.657,,,,45.71,17.1,10.93,35.63,17.12,17.1,220.1,33.04,0.671,,,,,,,,,-0.688,1.0,-30.68,1.905,2.944,,,,45.65,17.05,10.48,35.6,17.09,17.06,218.2,32.94,0.461,,,,,,,,,-0.708,1.0,-34.66,0.456,0.301,,,,0.009,0.009,0.071,0.004,0.006,0.009,0.277,0.014,0.036,,,,,,,,,0.004,0.0,1.184,0.502,0.695
7/20/2026 01:14:47,2026-07-20 00:50:00,,,,45.69,17.08,10.67,35.62,17.11,17.09,219.2,32.99,0.55,,,,,,,,,-0.692,1.0,-32.84,1.209,1.404,,,,45.71,17.1,10.91,35.63,17.12,17.1,220.0,33.03,0.845,,,,,,,,,-0.688,1.0,-31.06,3.457,4.574,,,,45.66,17.06,10.44,35.6,17.09,17.07,218.3,32.95,0.454,,,,,,,,,-0.708,1.0,-34.82,0.443,0.299,,,,0.008,0.008,0.069,0.004,0.005,0.007,0.291,0.015,0.044,,,,,,,,,0.004,0.0,1.041,1.055,1.335
7/20/2026 01:13:59,2026-07-20 01:00:00,,,,45.69,17.08,10.66,35.62,17.11,17.09,219.1,32.99,0.549,,,,,,,,,-0.691,1.0,-32.9,2.151,2.785,,,,45.71,17.1,10.9,35.63,17.12,17.1,220.0,33.04,0.936,,,,,,,,,-0.688,1.0,-30.82,3.464,4.574,,,,45.66,17.06,10.49,35.61,17.09,17.07,218.2,32.95,0.458,,,,,,,,,-0.703,1.0,-35.52,0.46,0.751,,,,0.007,0.007,0.069,0.003,0.006,0.006,0.272,0.015,0.042,,,,,,,,,0.003,0.0,1.29,0.946,0.876
7/20/2026 01:13:45,2026-07-20 01:10:00,,,,45.69,17.08,10.66,35.62,17.11,17.09,219.0,33.0,0.517,,,,,,,,,-0.703,1.0,-33.88,1.073,1.613,,,,45.71,17.1,10.97,35.63,17.12,17.1,220.1,33.05,0.784,,,,,,,,,-0.69,1.0,-31.09,1.916,3.515,,,,45.66,17.06,10.48,35.61,17.1,17.07,218.1,32.94,0.415,,,,,,,,,-0.816,1.0,-43.38,0.454,0.299,,,,0.008,0.007,0.06,0.004,0.006,0.007,0.29,0.016,0.044,,,,,,,,,0.035,0.0,2.918,0.57,0.937
7/20/2026 00:30:29,2026-07-20 00:30:00,,,,45.69,17.08,10.67,35.62,17.11,17.09,219.1,33.0,0.548,,,,,,,,,-0.691,1.0,-32.61,1.578,2.027,,,,45.71,17.1,10.86,35.63,17.12,17.1,220.0,33.04,0.973,,,,,,,,,-0.688,1.0,-29.89,3.451,4.147,,,,45.66,17.05,10.49,35.6,17.09,17.06,218.2,32.95,0.456,,,,,,,,,-0.693,1.0,-35.52,0.447,0.304,,,,0.008,0.008,0.064,0.003,0.005,0.007,0.3,0.015,0.047,,,,,,,,,0.001,0.0,1.235,1.018,1.207
7/20/2026 00:20:15,2026-07-20 00:20:00,,,,45.69,17.08,10.67,35.62,17.1,17.09,219.1,33.0,0.548,,,,,,,,,-0.69,1.0,-32.7,0.757,1.147,,,,45.71,17.1,10.87,35.64,17.12,17.1,220.0,33.04,0.771,,,,,,,,,-0.688,1.0,-30.67,1.904,2.378,,,,45.65,17.04,10.52,35.61,17.09,17.06,218.3,32.95,0.468,,,,,,,,,-0.703,1.0,-34.96,0.451,0.298,,,,0.009,0.009,0.065,0.004,0.005,0.008,0.275,0.014,0.043,,,,,,,,,0.003,0.0,1.243,0.344,0.614
7/20/2026 00:10:19,2026-07-20 00:10:00,,,,45.68,17.08,10.67,35.62,17.1,17.08,218.9,33.01,0.492,,,,,,,,,-0.701,1.0,-33.62,1.045,1.573,,,,45.7,17.1,10.89,35.64,17.12,17.1,219.8,33.06,0.752,,,,,,,,,-0.687,1.0,-31.1,1.9,2.393,,,,45.65,17.05,10.45,35.6,17.09,17.06,218.0,32.96,0.411,,,,,,,,,-0.815,1.0,-44.44,0.454,0.481,,,,0.009,0.009,0.069,0.004,0.005,0.008,0.274,0.015,0.042,,,,,,,,,0.036,0.0,3.347,0.502,0.611
7/20/2026 00:01:13,2026-07-20 00:00:00,,,,45.68,17.08,10.67,35.62,17.1,17.08,218.9,33.01,0.478,,,,,,,,,-0.69,1.0,-33.11,1.34,1.984,,,,45.7,17.1,10.86,35.63,17.11,17.1,219.8,33.06,0.679,,,,,,,,,-0.687,1.0,-30.75,1.898,2.942,,,,45.65,17.05,10.5,35.6,17.09,17.06,217.8,32.96,0.378,,,,,,,,,-0.705,1.0,-35.52,0.447,0.302,,,,0.01,0.01,0.064,0.004,0.005,0.009,0.322,0.017,0.046,,,,,,,,,0.004,0.0,1.207,0.529,0.486
7/19/2026 23:53:55,2026-07-19 23:30:00,,,,45.68,17.08,10.67,35.62,17.1,17.09,218.9,33.0,0.491,,,,,,,,,-0.691,1.0,-32.85,0.963,1.551,,,,45.7,17.1,10.85,35.63,17.12,17.1,219.7,33.05,0.814,,,,,,,,,-0.687,1.0,-30.9,1.905,2.382,,,,45.65,17.05,10.51,35.6,17.09,17.05,218.1,32.96,0.422,,,,,,,,,-0.705,1.0,-35.2,0.449,0.756,,,,0.009,0.009,0.063,0.004,0.004,0.008,0.263,0.014,0.037,,,,,,,,,0.005,0.0,1.104,0.339,0.436
7/19/2026 23:52:55,2026-07-19 23:40:00,,,,45.68,17.08,10.67,35.62,17.1,17.08,219.0,33.0,0.498,,,,,,,,,-0.691,1.0,-32.8,0.845,1.355,,,,45.7,17.1,10.87,35.63,17.12,17.1,219.9,33.05,0.625,,,,,,,,,-0.688,1.0,-30.77,1.903,2.396,,,,45.66,17.06,10.47,35.6,17.09,17.07,218.2,32.96,0.415,,,,,,,,,-0.711,1.0,-34.52,0.437,0.296,,,,0.008,0.008,0.059,0.004,0.005,0.007,0.274,0.015,0.035,,,,,,,,,0.006,0.0,1.072,0.312,0.616
7/19/2026 23:50:52,2026-07-19 23:50:00,,,,45.68,17.08,10.67,35.62,17.1,17.08,218.9,33.01,0.462,,,,,,,,,-0.69,1.0,-32.66,1.1,1.575,,,,45.7,17.1,10.88,35.63,17.12,17.1,219.7,33.06,0.941,,,,,,,,,-0.687,1.0,-31.2,1.896,2.401,,,,45.65,17.05,10.43,35.59,17.09,17.06,217.9,32.97,0.387,,,,,,,,,-0.704,1.0,-34.75,0.447,0.302,,,,0.009,0.009,0.063,0.004,0.005,0.008,0.288,0.015,0.043,,,,,,,,,0.004,0.0,1.073,0.522,0.692
7/19/2026 23:21:09,2026-07-19 23:20:00,,,,45.68,17.08,10.67,35.62,17.1,17.08,218.8,33.01,0.466,,,,,,,,,-0.69,1.0,-32.76,1.784,2.472,,,,45.7,17.1,10.85,35.63,17.12,17.1,219.9,33.06,0.622,,,,,,,,,-0.687,1.0,-30.75,3.456,4.022,,,,45.65,17.05,10.48,35.6,17.09,17.05,217.9,32.97,0.397,,,,,,,,,-0.708,1.0,-35.46,0.902,1.283,,,,0.009,0.008,0.058,0.005,0.004,0.007,0.285,0.015,0.036,,,,,,,,,0.006,0.0,1.2,0.934,0.72
7/19/2026 23:11:55,2026-07-19 23:10:00,,,,45.68,17.08,10.67,35.62,17.11,17.09,218.8,33.01,0.463,,,,,,,,,-0.697,1.0,-33.7,1.126,1.408,,,,45.7,17.1,10.84,35.63,17.11,17.1,219.9,33.05,0.739,,,,,,,,,-0.684,1.0,-30.28,3.451,4.015,,,,45.65,17.05,10.48,35.6,17.1,17.06,218.0,32.95,0.395,,,,,,,,,-0.814,1.0,-47.66,0.443,0.302,,,,0.01,0.009,0.058,0.005,0.004,0.008,0.263,0.014,0.038,,,,,,,,,0.034,0.0,3.655,0.917,1.051
7/19/2026 23:02:58,2026-07-19 22:30:00,,,,45.69,17.08,10.67,35.62,17.11,17.09,218.9,33.01,0.466,,,,,,,,,-0.694,1.0,-33.04,1.436,1.986,,,,45.71,17.1,10.84,35.64,17.12,17.1,219.9,33.05,0.64,,,,,,,,,-0.685,1.0,-30.67,3.446,4.02,,,,45.66,17.05,10.5,35.6,17.1,17.06,218.1,32.95,0.397,,,,,,,,,-0.79,1.0,-40.19,0.457,0.3,,,,0.009,0.009,0.053,0.004,0.004,0.008,0.287,0.015,0.032,,,,,,,,,0.025,0.0,2.0,0.709,0.819
7/19/2026 23:02:08,2026-07-19 23:00:00,,,,45.68,17.08,10.67,35.62,17.11,17.09,218.8,33.01,0.462,,,,,,,,,-0.691,1.0,-32.63,0.967,1.542,,,,45.7,17.1,10.81,35.63,17.12,17.1,219.6,33.06,1.237,,,,,,,,,-0.684,1.0,-30.68,1.899,2.389,,,,45.66,17.06,10.5,35.6,17.1,17.06,217.9,32.97,0.393,,,,,,,,,-0.771,1.0,-37.42,0.445,0.302,,,,0.009,0.008,0.052,0.004,0.004,0.007,0.272,0.014,0.047,,,,,,,,,0.019,0.0,1.446,0.37,0.497
7/19/2026 22:58:03,2026-07-19 22:40:00,,,,45.69,17.08,10.67,35.62,17.11,17.09,218.9,33.0,0.49,,,,,,,,,-0.692,1.0,-32.82,1.311,1.925,,,,45.71,17.1,10.8,35.63,17.12,17.1,219.9,33.05,0.661,,,,,,,,,-0.685,1.0,-30.6,3.453,4.009,,,,45.64,17.04,10.5,35.6,17.1,17.05,218.1,32.96,0.426,,,,,,,,,-0.782,1.0,-39.37,0.459,0.303,,,,0.01,0.01,0.053,0.005,0.004,0.009,0.289,0.015,0.033,,,,,,,,,0.021,0.0,1.809,0.727,0.877
7/19/2026 22:57:48,2026-07-19 22:50:00,,,,45.69,17.08,10.67,35.62,17.11,17.09,218.8,33.01,0.454,,,,,,,,,-0.691,1.0,-32.52,1.439,2.1,,,,45.71,17.1,10.85,35.63,17.12,17.1,219.6,33.07,0.763,,,,,,,,,-0.684,1.0,-30.8,1.902,2.944,,,,45.66,17.06,10.49,35.6,17.1,17.06,217.8,32.97,0.372,,,,,,,,,-0.771,1.0,-38.3,0.449,0.76,,,,0.009,0.008,0.058,0.005,0.004,0.007,0.3,0.016,0.041,,,,,,,,,0.019,0.0,1.656,0.515,0.532
7/19/2026 22:20:13,2026-07-19 22:20:00,,,,45.69,17.09,10.67,35.62,17.11,17.09,218.8,33.01,0.455,,,,,,,,,-0.692,1.0,-32.78,2.135,2.876,,,,45.71,17.1,10.86,35.63,17.12,17.11,219.6,33.05,0.912,,,,,,,,,-0.686,1.0,-29.82,3.462,4.577,,,,45.67,17.07,10.53,35.6,17.1,17.07,217.9,32.96,0.395,,,,,,,,,-0.766,1.0,-37.41,0.906,1.275,,,,0.008,0.007,0.052,0.004,0.003,0.006,0.275,0.014,0.038,,,,,,,,,0.017,0.0,1.655,0.831,0.73
7/19/2026 22:11:06,2026-07-19 22:10:00,,,,45.69,17.08,10.67,35.62,17.11,17.09,219.0,33.0,0.475,,,,,,,,,-0.7,1.0,-33.79,1.542,2.268,,,,45.71,17.1,10.88,35.63,17.12,17.11,219.9,33.05,0.81,,,,,,,,,-0.686,1.0,-31.25,3.444,4.018,,,,45.65,17.05,10.48,35.6,17.1,17.06,218.0,32.96,0.4,,,,,,,,,-0.808,1.0,-42.47,0.456,0.302,,,,0.009,0.009,0.054,0.004,0.003,0.008,0.293,0.015,0.037,,,,,,,,,0.034,0.0,2.608,0.845,1.138
7/19/2026 22:01:02,2026-07-19 22:00:00,,,,45.69,17.09,10.67,35.62,17.11,17.09,219.1,32.99,0.495,,,,,,,,,-0.691,1.0,-33.16,0.812,1.211,,,,45.71,17.1,10.86,35.63,17.12,17.11,220.3,33.03,0.68,,,,,,,,,-0.686,1.0,-31.26,0.924,1.832,,,,45.67,17.06,10.49,35.61,17.1,17.07,218.2,32.94,0.425,,,,,,,,,-0.74,1.0,-35.53,0.451,0.755,,,,0.009,0.008,0.053,0.004,0.003,0.007,0.27,0.014,0.035,,,,,,,,,0.011,0.0,1.278,0.178,0.341
7/19/2026 21:50:56,2026-07-19 21:50:00,,,,45.69,17.08,10.67,35.62,17.11,17.09,219.1,32.99,0.521,,,,,,,,,-0.695,1.0,-33.1,0.82,1.336,,,,45.71,17.1,10.82,35.63,17.12,17.11,220.1,33.03,0.815,,,,,,,,,-0.688,1.0,-30.91,0.921,1.856,,,,45.56,17.05,10.5,35.5,17.1,17.06,218.3,32.94,0.446,,,,,,,,,-0.786,1.0,-38.36,0.445,0.76,,,,0.01,0.009,0.053,0.006,0.003,0.008,0.287,0.015,0.034,,,,,,,,,0.021,0.0,1.674,0.182,0.356
7/19/2026 21:43:09,2026-07-19 21:40:00,,,,45.69,17.08,10.67,35.62,17.11,17.09,218.9,33.0,0.491,,,,,,,,,-0.692,1.0,-32.72,0.794,1.249,,,,45.71,17.1,10.83,35.63,17.12,17.1,219.7,33.06,0.625,,,,,,,,,-0.688,1.0,-30.93,0.919,1.849,,,,45.67,17.06,10.49,35.6,17.1,17.07,217.9,32.96,0.418,,,,,,,,,-0.74,1.0,-34.93,0.449,0.306,,,,0.008,0.007,0.054,0.004,0.003,0.006,0.286,0.015,0.035,,,,,,,,,0.011,0.0,1.048,0.196,0.428
7/19/2026 21:36:29,2026-07-19 21:30:00,,,,45.69,17.08,10.67,35.62,17.11,17.09,218.9,33.01,0.489,,,,,,,,,-0.693,1.0,-32.84,0.739,1.098,,,,45.71,17.1,10.84,35.63,17.12,17.11,219.7,33.05,0.821,,,,,,,,,-0.689,1.0,-30.85,0.92,1.406,,,,45.66,17.06,10.5,35.6,17.1,17.06,218.0,32.96,0.415,,,,,,,,,-0.738,1.0,-36.06,0.446,0.31,,,,0.011,0.011,0.054,0.004,0.003,0.01,0.299,0.015,0.04,,,,,,,,,0.01,0.0,1.323,0.215,0.312
7/19/2026 21:21:04,2026-07-19 21:20:00,,,,45.69,17.08,10.67,35.62,17.11,17.09,218.9,33.01,0.532,,,,,,,,,-0.695,1.0,-33.14,0.794,1.211,,,,45.71,17.1,10.85,35.64,17.12,17.11,219.8,33.05,1.614,,,,,,,,,-0.689,1.0,-31.5,1.888,2.384,,,,45.66,17.05,10.49,35.6,17.1,17.06,218.0,32.96,0.425,,,,,,,,,-0.771,1.0,-38.17,0.454,0.303,,,,0.009,0.009,0.055,0.004,0.003,0.008,0.3,0.015,0.122,,,,,,,,,0.018,0.0,1.454,0.195,0.437
7/19/2026 21:10:14,2026-07-19 21:10:00,,,,45.69,17.08,10.67,35.62,17.11,17.09,218.9,33.01,0.525,,,,,,,,,-0.703,1.0,-33.8,0.985,1.432,,,,45.71,17.1,10.8,35.64,17.12,17.11,219.7,33.05,2.271,,,,,,,,,-0.689,1.0,-30.61,1.897,2.394,,,,45.66,17.05,10.52,35.6,17.1,17.06,218.0,32.96,0.41,,,,,,,,,-0.81,1.0,-43.34,0.442,0.299,,,,0.01,0.01,0.055,0.004,0.003,0.009,0.291,0.015,0.138,,,,,,,,,0.035,0.0,2.933,0.483,0.564
7/19/2026 21:00:37,2026-07-19 21:00:00,,,,45.69,17.09,10.67,35.62,17.11,17.09,218.7,33.01,0.481,,,,,,,,,-0.696,1.0,-33.23,0.63,0.971,,,,45.71,17.1,10.88,35.64,17.12,17.11,219.6,33.05,1.404,,,,,,,,,-0.689,1.0,-31.23,0.912,1.827,,,,45.66,17.06,10.51,35.6,17.1,17.07,217.8,32.97,0.39,,,,,,,,,-0.795,1.0,-39.81,0.436,0.299,,,,0.01,0.009,0.053,0.005,0.003,0.008,0.288,0.015,0.089,,,,,,,,,0.023,0.0,1.745,0.218,0.463
7/19/2026 20:50:55,2026-07-19 20:50:00,,,,45.69,17.08,10.67,35.62,17.11,17.09,218.6,33.02,0.454,,,,,,,,,-0.697,1.0,-33.31,1.198,1.842,,,,45.71,17.1,10.85,35.63,17.12,17.11,219.5,33.07,1.494,,,,,,,,,-0.69,1.0,-31.48,3.441,3.468,,,,45.66,17.05,10.47,35.6,17.1,17.06,217.7,32.98,0.37,,,,,,,,,-0.79,1.0,-40.15,0.436,0.304,,,,0.01,0.01,0.057,0.005,0.003,0.009,0.291,0.015,0.087,,,,,,,,,0.021,0.0,1.894,0.712,0.7
7/19/2026 20:50:07,2026-07-19 20:30:00,,,,45.69,17.08,10.68,35.62,17.11,17.09,218.7,33.01,0.455,,,,,,,,,-0.703,1.0,-33.55,1.159,1.801,,,,45.71,17.1,10.84,35.63,17.12,17.11,219.6,33.07,0.829,,,,,,,,,-0.693,1.0,-30.84,1.896,2.948,,,,45.66,17.05,10.54,35.6,17.1,17.06,217.7,32.97,0.368,,,,,,,,,-0.801,1.0,-40.33,0.457,0.766,,,,0.009,0.009,0.057,0.004,0.003,0.008,0.297,0.015,0.045,,,,,,,,,0.024,0.0,2.174,0.515,0.579
7/19/2026 20:49:18,2026-07-19 20:40:00,,,,45.69,17.08,10.67,35.62,17.11,17.09,218.7,33.02,0.446,,,,,,,,,-0.694,1.0,-33.06,0.916,1.539,,,,45.71,17.1,10.84,35.64,17.12,17.11,219.5,33.05,0.687,,,,,,,,,-0.691,1.0,-31.61,1.893,2.393,,,,45.66,17.06,10.5,35.59,17.1,17.07,218.0,32.97,0.378,,,,,,,,,-0.721,1.0,-34.64,0.442,0.297,,,,0.009,0.008,0.055,0.005,0.003,0.007,0.268,0.014,0.035,,,,,,,,,0.006,0.0,0.991,0.367,0.521
7/19/2026 20:28:02,2026-07-19 19:30:00,,,,45.69,17.09,10.68,35.62,17.11,17.09,219.1,32.99,0.524,,,,,,,,,-0.695,1.0,-33.22,0.967,1.583,,,,45.71,17.11,10.84,35.64,17.12,17.11,220.2,33.06,0.671,,,,,,,,,-0.688,1.0,-31.15,1.895,2.383,,,,45.66,17.06,10.49,35.6,17.11,17.07,218.0,32.93,0.408,,,,,,,,,-0.789,1.0,-40.16,0.456,0.756,,,,0.01,0.01,0.06,0.005,0.003,0.008,0.35,0.018,0.044,,,,,,,,,0.022,0.0,1.935,0.27,0.366
7/19/2026 20:26:48,2026-07-19 19:40:00,,,,45.69,17.09,10.67,35.62,17.11,17.09,218.9,33.01,0.489,,,,,,,,,-0.696,1.0,-32.93,1.693,2.304,,,,45.71,17.1,10.84,35.63,17.12,17.11,219.7,33.06,0.752,,,,,,,,,-0.69,1.0,-30.68,3.44,3.452,,,,45.65,17.04,10.51,35.6,17.1,17.05,217.9,32.96,0.384,,,,,,,,,-0.749,1.0,-35.93,0.897,1.285,,,,0.011,0.01,0.057,0.005,0.003,0.009,0.287,0.015,0.041,,,,,,,,,0.014,0.0,1.457,0.578,0.433
7/19/2026 20:26:29,2026-07-19 20:10:00,,,,45.69,17.08,10.68,35.62,17.11,17.09,218.8,33.01,0.468,,,,,,,,,-0.706,1.0,-34.3,0.76,1.294,,,,45.71,17.1,10.87,35.63,17.12,17.11,219.8,33.06,0.923,,,,,,,,,-0.693,1.0,-31.21,0.913,1.838,,,,45.65,17.05,10.51,35.6,17.1,17.06,217.8,32.96,0.376,,,,,,,,,-0.814,1.0,-43.13,0.435,0.3,,,,0.01,0.01,0.06,0.004,0.003,0.009,0.283,0.014,0.05,,,,,,,,,0.034,0.0,3.052,0.201,0.464
7/19/2026 20:24:03,2026-07-19 20:20:00,,,,45.69,17.09,10.67,35.62,17.11,17.09,218.7,33.01,0.452,,,,,,,,,-0.699,1.0,-33.44,1.241,1.785,,,,45.71,17.1,10.86,35.63,17.12,17.11,219.7,33.06,0.818,,,,,,,,,-0.692,1.0,-31.22,1.895,2.943,,,,45.67,17.06,10.52,35.6,17.1,17.07,217.9,32.96,0.383,,,,,,,,,-0.769,1.0,-38.6,0.435,0.301,,,,0.009,0.009,0.055,0.004,0.003,0.008,0.29,0.015,0.039,,,,,,,,,0.016,0.0,1.687,0.607,0.971
7/19/2026 20:08:59,2026-07-19 19:50:00,,,,45.69,17.08,10.67,35.62,17.11,17.09,219.0,33.0,0.5,,,,,,,,,-0.699,1.0,-33.28,1.025,1.565,,,,45.71,17.1,10.85,35.64,17.12,17.1,219.8,33.05,0.879,,,,,,,,,-0.691,1.0,-31.25,1.901,2.93,,,,45.66,17.05,10.5,35.6,17.1,17.06,218.1,32.96,0.385,,,,,,,,,-0.789,1.0,-38.72,0.444,0.312,,,,0.009,0.009,0.059,0.005,0.003,0.007,0.29,0.015,0.047,,,,,,,,,0.022,0.0,1.563,0.495,0.667
7/19/2026 20:07:23,2026-07-19 20:00:00,,,,45.69,17.09,10.68,35.62,17.11,17.09,218.9,33.0,0.491,,,,,,,,,-0.695,1.0,-33.39,1.171,1.643,,,,45.71,17.1,10.84,35.64,17.12,17.11,219.8,33.06,0.878,,,,,,,,,-0.692,1.0,-31.79,1.898,2.398,,,,45.66,17.05,10.52,35.6,17.1,17.06,217.9,32.95,0.396,,,,,,,,,-0.716,1.0,-35.82,0.45,0.756,,,,0.01,0.01,0.06,0.005,0.003,0.009,0.301,0.016,0.045,,,,,,,,,0.006,0.0,1.2,0.466,0.469
7/19/2026 19:21:02,2026-07-19 19:20:00,,,,45.7,17.09,10.67,35.62,17.12,17.1,219.4,32.97,0.558,,,,,,,,,-0.693,1.0,-33.01,0.97,1.586,,,,45.71,17.11,10.83,35.64,17.13,17.11,220.3,33.02,0.869,,,,,,,,,-0.688,1.0,-30.69,1.896,2.944,,,,45.67,17.06,10.52,35.6,17.11,17.07,218.5,32.93,0.494,,,,,,,,,-0.768,1.0,-38.16,0.442,0.757,,,,0.009,0.009,0.055,0.005,0.003,0.008,0.278,0.015,0.036,,,,,,,,,0.017,0.0,1.663,0.495,0.635
7/19/2026 19:10:15,2026-07-19 19:10:00,,,,45.7,17.09,10.67,35.62,17.12,17.1,219.5,32.97,0.549,,,,,,,,,-0.7,1.0,-33.5,0.717,1.177,,,,45.71,17.11,10.89,35.63,17.13,17.11,220.3,33.03,0.767,,,,,,,,,-0.685,1.0,-31.09,1.886,1.845,,,,45.66,17.07,10.49,35.59,17.11,17.08,218.3,32.92,0.473,,,,,,,,,-0.808,1.0,-42.49,0.441,0.297,,,,0.009,0.008,0.056,0.005,0.003,0.007,0.305,0.016,0.036,,,,,,,,,0.034,0.0,2.962,0.344,0.584
7/19/2026 19:00:38,2026-07-19 19:00:00,,,,45.7,17.09,10.67,35.62,17.12,17.1,219.5,32.97,0.552,,,,,,,,,-0.688,1.0,-32.69,0.824,1.179,,,,45.71,17.11,10.85,35.65,17.13,17.11,220.3,33.02,0.808,,,,,,,,,-0.684,1.0,-30.31,1.885,2.389,,,,45.66,17.06,10.47,35.59,17.11,17.07,218.7,32.93,0.474,,,,,,,,,-0.698,1.0,-34.63,0.448,0.3,,,,0.01,0.009,0.056,0.005,0.003,0.008,0.294,0.015,0.036,,,,,,,,,0.003,0.0,1.155,0.314,0.471
7/19/2026 18:50:16,2026-07-19 18:50:00,,,,45.7,17.1,10.67,35.62,17.13,17.1,219.4,32.97,0.508,,,,,,,,,-0.692,1.0,-32.97,1.602,2.274,,,,45.72,17.11,10.83,35.65,17.13,17.12,220.4,33.02,0.951,,,,,,,,,-0.685,1.0,-30.88,1.901,2.934,,,,45.67,17.07,10.51,35.6,17.12,17.08,218.5,32.92,0.435,,,,,,,,,-0.782,1.0,-39.47,0.448,0.757,,,,0.01,0.009,0.053,0.006,0.003,0.008,0.291,0.016,0.039,,,,,,,,,0.021,0.0,1.75,0.46,0.438
7/19/2026 18:41:59,2026-07-19 18:40:00,,,,45.71,17.1,10.67,35.62,17.13,17.11,219.6,32.96,0.543,,,,,,,,,-0.689,1.0,-32.6,1.089,1.724,,,,45.72,17.12,10.84,35.64,17.14,17.12,220.5,33.01,0.668,,,,,,,,,-0.684,1.0,-30.81,1.902,2.935,,,,45.68,17.07,10.51,35.59,17.12,17.08,218.7,32.91,0.479,,,,,,,,,-0.766,1.0,-37.27,0.447,0.304,,,,0.009,0.009,0.054,0.005,0.003,0.008,0.276,0.014,0.032,,,,,,,,,0.018,0.0,1.436,0.449,0.615
7/19/2026 18:30:15,2026-07-19 18:30:00,,,,45.71,17.1,10.67,35.62,17.13,17.11,219.6,32.96,0.557,,,,,,,,,-0.691,1.0,-32.6,1.155,1.83,,,,45.72,17.12,10.82,35.64,17.14,17.12,220.5,33.01,0.844,,,,,,,,,-0.683,1.0,-30.88,1.9,2.945,,,,45.68,17.07,10.5,35.6,17.12,17.08,218.7,32.91,0.484,,,,,,,,,-0.791,1.0,-39.96,0.89,1.272,,,,0.009,0.009,0.052,0.005,0.003,0.007,0.296,0.016,0.042,,,,,,,,,0.023,0.0,2.046,0.416,0.392
7/19/2026 18:20:20,2026-07-19 18:20:00,,,,45.71,17.11,10.67,35.62,17.13,17.11,219.9,32.94,0.581,,,,,,,,,-0.689,1.0,-32.71,1.165,1.797,,,,45.73,17.12,10.82,35.63,17.14,17.12,220.8,32.99,0.927,,,,,,,,,-0.681,1.0,-30.41,1.904,2.945,,,,45.68,17.08,10.51,35.6,17.12,17.09,219.1,32.9,0.496,,,,,,,,,-0.764,1.0,-37.71,0.454,0.77,,,,0.008,0.008,0.055,0.004,0.003,0.007,0.296,0.016,0.04,,,,,,,,,0.018,0.0,1.564,0.48,0.536
7/19/2026 18:12:32,2026-07-19 18:10:00,,,,45.71,17.1,10.67,35.62,17.13,17.11,220.0,32.94,0.601,,,,,,,,,-0.697,1.0,-33.42,0.847,1.42,,,,45.73,17.12,10.85,35.64,17.14,17.13,221.5,32.99,0.829,,,,,,,,,-0.682,1.0,-30.7,1.892,1.851,,,,45.68,17.08,10.49,35.6,17.12,17.09,218.9,32.86,0.481,,,,,,,,,-0.804,1.0,-42.2,0.454,0.751,,,,0.009,0.009,0.055,0.005,0.003,0.008,0.433,0.023,0.061,,,,,,,,,0.034,0.0,2.941,0.312,0.445
7/19/2026 18:00:58,2026-07-19 18:00:00,,,,45.71,17.11,10.67,35.62,17.14,17.11,220.5,32.91,0.66,,,,,,,,,-0.689,1.0,-32.41,1.046,1.62,,,,45.73,17.12,10.84,35.64,17.14,17.13,221.5,32.96,0.787,,,,,,,,,-0.682,1.0,-30.31,1.887,2.381,,,,45.68,17.08,10.52,35.6,17.13,17.09,219.6,32.85,0.585,,,,,,,,,-0.783,1.0,-38.58,0.454,0.745,,,,0.009,0.008,0.055,0.005,0.003,0.007,0.295,0.016,0.035,,,,,,,,,0.022,0.0,1.703,0.437,0.482
7/19/2026 17:52:41,2026-07-19 17:50:00,,,,45.72,17.11,10.67,35.62,17.14,17.12,220.7,32.9,0.669,,,,,,,,,-0.688,1.0,-32.45,0.841,1.433,,,,45.74,17.13,10.86,35.64,17.15,17.13,221.4,32.95,0.987,,,,,,,,,-0.681,1.0,-30.26,0.909,1.832,,,,45.69,17.08,10.52,35.59,17.13,17.09,219.6,32.86,0.579,,,,,,,,,-0.738,1.0,-35.14,0.454,0.752,,,,0.01,0.009,0.053,0.005,0.003,0.008,0.298,0.016,0.044,,,,,,,,,0.012,0.0,1.169,0.141,0.338
7/19/2026 17:44:20,2026-07-19 17:40:00,,,,45.72,17.11,10.67,35.62,17.14,17.12,220.9,32.89,0.721,,,,,,,,,-0.689,1.0,-32.7,1.575,2.104,,,,45.73,17.13,10.86,35.63,17.14,17.13,222.0,32.93,1.004,,,,,,,,,-0.681,1.0,-30.53,1.9,2.935,,,,45.68,17.08,10.49,35.6,17.13,17.09,220.1,32.83,0.614,,,,,,,,,-0.728,1.0,-35.64,0.887,0.31,,,,0.01,0.009,0.056,0.005,0.003,0.008,0.312,0.016,0.049,,,,,,,,,0.012,0.0,1.371,0.445,0.577
7/19/2026 17:30:11,2026-07-19 17:30:00,,,,45.71,17.11,10.67,35.62,17.14,17.12,220.7,32.9,0.709,,,,,,,,,-0.687,1.0,-32.83,1.275,1.761,,,,45.74,17.13,10.83,35.64,17.14,17.13,221.7,32.96,1.067,,,,,,,,,-0.683,1.0,-30.8,1.895,2.39,,,,45.63,17.08,10.48,35.54,17.13,17.09,219.6,32.84,0.555,,,,,,,,,-0.726,1.0,-34.93,0.507,0.76,,,,0.01,0.009,0.057,0.006,0.003,0.008,0.416,0.022,0.057,,,,,,,,,0.009,0.0,1.28,0.504,0.502
7/19/2026 17:25:33,2026-07-19 17:20:00,,,,45.72,17.11,10.67,35.62,17.14,17.12,221.0,32.88,0.748,,,,,,,,,-0.69,1.0,-32.85,1.627,2.322,,,,45.74,17.13,10.82,35.63,17.15,17.13,222.1,32.94,1.052,,,,,,,,,-0.684,1.0,-29.99,3.438,4.029,,,,45.69,17.09,10.49,35.61,17.13,17.1,219.8,32.82,0.66,,,,,,,,,-0.761,1.0,-36.28,0.894,1.827,,,,0.009,0.008,0.056,0.004,0.003,0.007,0.281,0.015,0.046,,,,,,,,,0.016,0.0,1.425,0.6,0.472
7/19/2026 17:16:07,2026-07-19 15:30:00,,,,45.72,17.12,10.67,35.62,17.15,17.12,220.6,32.9,0.576,,,,,,,,,-0.686,1.0,-32.67,42.57,64.76,,,,45.75,17.14,10.88,35.63,17.16,17.14,221.3,32.95,0.803,,,,,,,,,-0.669,1.0,-30.54,49.03,136.4,,,,45.69,17.09,10.46,35.59,17.14,17.1,219.6,32.86,0.479,,,,,,,,,-0.775,1.0,-37.58,37.89,42.37,,,,0.01,0.009,0.067,0.005,0.004,0.009,0.29,0.016,0.041,,,,,,,,,0.022,0.0,1.55,3.016,27.4
7/19/2026 17:14:01,2026-07-19 17:10:00,,,,45.72,17.11,10.67,35.62,17.14,17.12,220.6,32.9,0.673,,,,,,,,,-0.698,1.0,-33.4,1.541,2.346,,,,45.73,17.13,10.82,35.64,17.14,17.13,221.6,32.96,1.308,,,,,,,,,-0.686,1.0,-31.34,1.887,2.951,,,,45.69,17.09,10.49,35.6,17.13,17.1,219.5,32.85,0.58,,,,,,,,,-0.804,1.0,-40.73,0.894,1.825,,,,0.008,0.007,0.056,0.004,0.003,0.006,0.328,0.017,0.056,,,,,,,,,0.033,0.0,2.442,0.466,0.397
7/19/2026 17:08:50,2026-07-19 15:40:00,,,,45.72,17.12,10.68,35.62,17.14,17.12,220.8,32.89,0.644,,,,,,,,,-0.683,1.0,-32.1,41.59,71.42,,,,45.74,17.13,10.89,35.63,17.15,17.14,221.8,32.94,0.781,,,,,,,,,-0.673,1.0,-30.68,51.15,150.8,,,,45.7,17.09,10.48,35.6,17.14,17.1,220.0,32.84,0.544,,,,,,,,,-0.702,1.0,-34.05,36.28,42.36,,,,0.009,0.008,0.067,0.005,0.003,0.007,0.278,0.015,0.03,,,,,,,,,0.006,0.0,1.006,4.407,33.22
7/19/2026 17:07:49,2026-07-19 15:50:00,,,,45.72,17.11,10.68,35.62,17.14,17.12,220.1,32.93,0.566,,,,,,,,,-0.687,1.0,-32.77,43.42,69.62,,,,45.74,17.13,10.87,35.63,17.15,17.13,221.5,33.0,0.735,,,,,,,,,-0.68,1.0,-30.21,55.01,168.6,,,,45.69,17.08,10.48,35.6,17.13,17.09,218.9,32.85,0.479,,,,,,,,,-0.778,1.0,-37.91,34.0,35.73,,,,0.009,0.008,0.064,0.004,0.003,0.007,0.405,0.022,0.04,,,,,,,,,0.021,0.0,1.544,7.176,37.77
7/19/2026 17:02:48,2026-07-19 17:00:00,,,,45.71,17.11,10.67,35.62,17.13,17.11,220.7,32.9,0.671,,,,,,,,,-0.691,1.0,-32.92,0.939,1.432,,,,45.73,17.13,10.91,35.64,17.14,17.13,221.7,32.94,1.306,,,,,,,,,-0.685,1.0,-30.34,1.892,2.944,,,,45.68,17.08,10.49,35.61,17.12,17.09,219.9,32.85,0.554,,,,,,,,,-0.779,1.0,-38.81,0.443,0.302,,,,0.009,0.009,0.06,0.004,0.003,0.008,0.316,0.016,0.068,,,,,,,,,0.02,0.0,1.834,0.578,0.877
7/19/2026 16:59:22,2026-07-19 16:30:00,,,,45.71,17.11,10.68,35.62,17.13,17.11,219.6,32.96,0.534,,,,,,,,,-0.692,1.0,-32.69,2.379,2.884,,,,45.73,17.12,10.87,35.64,17.14,17.13,220.5,33.0,0.855,,,,,,,,,-0.684,1.0,-30.83,4.551,5.653,,,,45.69,17.08,10.53,35.6,17.13,17.09,218.6,32.91,0.439,,,,,,,,,-0.786,1.0,-39.55,0.446,0.297,,,,0.009,0.008,0.059,0.005,0.003,0.007,0.293,0.016,0.037,,,,,,,,,0.022,0.0,1.79,1.89,2.253
7/19/2026 16:58:01,2026-07-19 16:40:00,,,,45.72,17.11,10.67,35.62,17.13,17.12,219.9,32.94,0.573,,,,,,,,,-0.693,1.0,-32.82,3.447,4.215,,,,45.73,17.12,10.84,35.63,17.14,17.13,221.2,32.99,0.839,,,,,,,,,-0.685,1.0,-30.74,4.552,5.653,,,,45.69,17.08,10.52,35.6,17.13,17.1,218.9,32.87,0.444,,,,,,,,,-0.789,1.0,-38.98,0.46,0.737,,,,0.008,0.007,0.058,0.005,0.003,0.006,0.404,0.021,0.06,,,,,,,,,0.023,0.0,1.744,1.244,1.287
7/19/2026 16:57:40,2026-07-19 16:50:00,,,,45.71,17.11,10.67,35.62,17.13,17.11,220.7,32.9,0.677,,,,,,,,,-0.691,1.0,-32.84,1.866,2.701,,,,45.73,17.12,10.85,35.64,17.14,17.13,221.5,32.95,0.891,,,,,,,,,-0.686,1.0,-30.72,3.444,3.466,,,,45.69,17.09,10.5,35.6,17.13,17.09,219.8,32.86,0.572,,,,,,,,,-0.756,1.0,-36.42,0.9,1.843,,,,0.008,0.008,0.061,0.005,0.003,0.007,0.332,0.017,0.049,,,,,,,,,0.015,0.0,1.474,0.466,0.449
7/19/2026 16:22:47,2026-07-19 16:20:00,,,,45.71,17.11,10.68,35.62,17.13,17.11,219.4,32.96,0.53,,,,,,,,,-0.689,1.0,-32.64,7.85,8.69,,,,45.73,17.12,10.85,35.63,17.14,17.13,220.4,33.02,1.066,,,,,,,,,-0.683,1.0,-30.66,12.3,12.9,,,,45.69,17.08,10.49,35.6,17.12,17.09,218.4,32.92,0.467,,,,,,,,,-0.71,1.0,-37.01,4.524,5.114,,,,0.008,0.007,0.06,0.004,0.003,0.007,0.299,0.016,0.043,,,,,,,,,0.007,0.0,1.506,2.79,2.762
7/19/2026 16:17:51,2026-07-19 16:00:00,,,,45.72,17.11,10.68,35.62,17.14,17.11,219.7,32.95,0.56,,,,,,,,,-0.684,1.0,-32.4,27.36,33.94,,,,45.74,17.13,10.87,35.63,17.14,17.13,220.6,33.01,0.835,,,,,,,,,-0.681,1.0,-30.77,39.61,66.19,,,,45.69,17.08,10.52,35.6,17.13,17.08,218.6,32.9,0.46,,,,,,,,,-0.695,1.0,-34.14,17.85,19.67,,,,0.01,0.01,0.063,0.004,0.003,0.009,0.326,0.018,0.039,,,,,,,,,0.003,0.0,1.07,6.323,10.77
7/19/2026 16:16:56,2026-07-19 16:10:00,,,,45.71,17.1,10.68,35.62,17.13,17.11,219.2,32.98,0.5,,,,,,,,,-0.698,1.0,-33.39,14.09,15.18,,,,45.73,17.12,10.88,35.63,17.14,17.13,220.0,33.04,0.789,,,,,,,,,-0.683,1.0,-30.64,17.86,20.21,,,,45.68,17.08,10.52,35.6,17.12,17.09,218.0,32.94,0.435,,,,,,,,,-0.803,1.0,-42.99,10.08,12.14,,,,0.01,0.01,0.061,0.004,0.003,0.009,0.293,0.015,0.036,,,,,,,,,0.034,0.0,3.016,1.698,1.765
7/19/2026 15:23:57,2026-07-19 15:20:00,,,,45.74,17.13,10.67,35.62,17.16,17.14,220.8,32.88,0.588,,,,,,,,,-0.686,1.0,-32.26,47.27,55.17,,,,45.76,17.15,10.86,35.63,17.17,17.16,221.8,32.94,0.732,,,,,,,,,-0.679,1.0,-30.05,63.95,71.41,,,,45.71,17.1,10.5,35.6,17.15,17.11,219.8,32.83,0.513,,,,,,,,,-0.762,1.0,-37.54,38.99,41.23,,,,0.008,0.008,0.062,0.005,0.003,0.007,0.316,0.017,0.026,,,,,,,,,0.018,0.0,1.677,6.582,9.45
7/19/2026 15:10:31,2026-07-19 15:10:00,,,,45.74,17.13,10.67,35.62,17.16,17.14,221.3,32.86,0.558,,,,,,,,,-0.687,1.0,-32.44,59.43,131.8,,,,45.76,17.15,10.94,35.64,17.17,17.16,222.1,32.91,0.737,,,,,,,,,-0.668,1.0,-29.89,77.87,246.0,,,,45.71,17.11,10.49,35.6,17.15,17.11,220.3,32.81,0.434,,,,,,,,,-0.8,1.0,-41.63,46.71,53.47,,,,0.008,0.007,0.062,0.004,0.004,0.007,0.287,0.015,0.056,,,,,,,,,0.035,0.0,2.763,7.5,68.23
7/19/2026 15:07:37,2026-07-19 15:00:00,,,,45.75,17.14,10.67,35.62,17.17,17.15,221.4,32.85,0.514,,,,,,,,,-0.678,1.0,-31.78,93.7,136.9,,,,45.76,17.15,10.86,35.63,17.18,17.16,222.2,32.89,0.755,,,,,,,,,-0.665,1.0,-29.49,136.8,278.8,,,,45.73,17.12,10.5,35.6,17.16,17.13,220.6,32.8,0.382,,,,,,,,,-0.759,1.0,-36.62,66.8,67.77,,,,0.007,0.006,0.059,0.004,0.003,0.005,0.293,0.016,0.082,,,,,,,,,0.019,0.0,1.649,15.58,55.92
7/19/2026 14:53:27,2026-07-19 14:30:00,,,,45.76,17.16,10.67,35.62,17.19,17.16,222.3,32.79,0.482,,,,,,,,,-0.677,1.0,-31.76,125.7,208.9,,,,45.77,17.17,10.81,35.63,17.2,17.17,223.1,32.86,0.659,,,,,,,,,-0.667,1.0,-29.83,163.5,481.1,,,,45.74,17.13,10.45,35.61,17.18,17.14,221.1,32.75,0.351,,,,,,,,,-0.746,1.0,-37.49,98.5,100.7,,,,0.006,0.006,0.056,0.003,0.003,0.005,0.354,0.02,0.068,,,,,,,,,0.017,0.0,1.853,16.3,112.2
7/19/2026 14:53:01,2026-07-19 14:40:00,,,,45.75,17.14,10.67,35.62,17.17,17.15,221.6,32.84,0.584,,,,,,,,,-0.678,1.0,-31.8,94.6,103.3,,,,45.76,17.15,10.9,35.63,17.19,17.16,222.4,32.89,0.864,,,,,,,,,-0.667,1.0,-29.95,116.3,122.4,,,,45.71,17.11,10.48,35.6,17.16,17.12,220.6,32.79,0.504,,,,,,,,,-0.716,1.0,-34.3,75.07,85.1,,,,0.008,0.007,0.061,0.004,0.005,0.006,0.289,0.015,0.032,,,,,,,,,0.011,0.0,1.273,10.57,10.65
7/19/2026 14:52:47,2026-07-19 14:50:00,,,,45.75,17.14,10.67,35.62,17.17,17.15,221.5,32.85,0.534,,,,,,,,,-0.675,1.0,-31.41,121.4,149.9,,,,45.76,17.15,10.84,35.63,17.18,17.16,222.4,32.88,0.708,,,,,,,,,-0.666,1.0,-29.36,136.8,303.7,,,,45.73,17.12,10.48,35.61,17.16,17.13,220.6,32.79,0.399,,,,,,,,,-0.771,1.0,-38.12,102.4,119.7,,,,0.007,0.006,0.057,0.004,0.003,0.005,0.294,0.015,0.041,,,,,,,,,0.022,0.0,1.823,9.37,43.78
7/19/2026 14:20:20,2026-07-19 14:20:00,,,,45.77,17.16,10.66,35.62,17.19,17.17,222.5,32.78,0.505,,,,,,,,,-0.674,1.0,-31.72,133.1,216.9,,,,45.78,17.17,10.84,35.63,17.2,17.18,223.3,32.83,0.785,,,,,,,,,-0.667,1.0,-29.54,170.7,457.4,,,,45.74,17.14,10.5,35.6,17.18,17.15,221.6,32.74,0.328,,,,,,,,,-0.744,1.0,-36.58,118.5,128.6,,,,0.008,0.007,0.054,0.003,0.004,0.007,0.286,0.014,0.095,,,,,,,,,0.016,0.0,1.641,10.34,105.7
7/19/2026 14:10:23,2026-07-19 14:10:00,,,,45.77,17.17,10.66,35.62,17.2,17.17,222.3,32.79,0.402,,,,,,,,,-0.681,1.0,-32.26,123.3,297.4,,,,45.78,17.18,10.85,35.63,17.21,17.18,223.3,32.83,0.594,,,,,,,,,-0.665,1.0,-29.61,170.7,471.1,,,,45.75,17.15,10.5,35.61,17.19,17.16,221.5,32.74,0.327,,,,,,,,,-0.791,1.0,-41.38,90.0,166.9,,,,0.005,0.005,0.055,0.003,0.003,0.004,0.273,0.014,0.043,,,,,,,,,0.035,0.0,2.959,21.81,71.63
7/19/2026 14:04:15,2026-07-19 14:00:00,,,,45.78,17.17,10.66,35.62,17.2,17.18,222.2,32.79,0.443,,,,,,,,,-0.677,1.0,-31.62,146.5,197.9,,,,45.79,17.18,10.86,35.63,17.21,17.19,223.5,32.84,0.778,,,,,,,,,-0.667,1.0,-29.16,224.0,367.6,,,,45.75,17.15,10.44,35.6,17.19,17.16,221.2,32.72,0.305,,,,,,,,,-0.776,1.0,-38.49,102.9,125.8,,,,0.006,0.005,0.058,0.003,0.003,0.005,0.315,0.016,0.08,,,,,,,,,0.023,0.0,1.993,34.42,60.47
7/19/2026 13:51:54,2026-07-19 13:30:00,,,,45.77,17.17,10.67,35.62,17.2,17.17,222.1,32.8,0.364,,,,,,,,,-0.677,1.0,-31.63,191.6,274.2,,,,45.79,17.18,10.9,35.63,17.21,17.18,223.1,32.84,1.549,,,,,,,,,-0.671,1.0,-29.51,218.5,456.2,,,,45.76,17.15,10.48,35.61,17.19,17.16,221.4,32.75,0.305,,,,,,,,,-0.727,1.0,-34.85,163.2,204.1,,,,0.005,0.004,0.061,0.002,0.003,0.004,0.277,0.014,0.057,,,,,,,,,0.012,0.0,1.211,15.54,45.65
7/19/2026 13:51:05,2026-07-19 13:40:00,,,,45.77,17.17,10.66,35.62,17.19,17.17,222.1,32.8,0.354,,,,,,,,,-0.676,1.0,-32.01,135.2,335.8,,,,45.78,17.17,10.8,35.63,17.21,17.18,222.8,32.86,0.724,,,,,,,,,-0.666,1.0,-29.71,208.8,564.7,,,,45.75,17.15,10.47,35.61,17.19,17.16,221.0,32.76,0.284,,,,,,,,,-0.783,1.0,-39.32,93.9,187.8,,,,0.006,0.005,0.055,0.002,0.003,0.005,0.298,0.016,0.041,,,,,,,,,0.025,0.0,2.174,30.98,101.6
7/19/2026 13:50:45,2026-07-19 13:50:00,,,,45.78,17.17,10.66,35.62,17.2,17.18,221.9,32.81,0.325,,,,,,,,,-0.676,1.0,-31.94,168.6,338.7,,,,45.79,17.18,10.85,35.63,17.21,17.19,222.8,32.86,0.529,,,,,,,,,-0.666,1.0,-30.0,224.0,476.7,,,,45.77,17.16,10.52,35.61,17.19,17.17,220.9,32.76,0.273,,,,,,,,,-0.765,1.0,-38.26,116.2,215.5,,,,0.004,0.004,0.054,0.002,0.003,0.004,0.286,0.015,0.027,,,,,,,,,0.021,0.0,1.81,26.27,88.0
7/19/2026 13:20:57,2026-07-19 13:20:00,,,,45.77,17.17,10.67,35.62,17.2,17.18,222.4,32.78,0.372,,,,,,,,,-0.679,1.0,-31.86,151.8,378.8,,,,45.79,17.18,10.84,35.63,17.21,17.19,223.2,32.82,0.66,,,,,,,,,-0.668,1.0,-29.75,167.5,517.8,,,,45.75,17.15,10.47,35.61,17.19,17.16,221.7,32.74,0.294,,,,,,,,,-0.77,1.0,-38.53,135.1,181.4,,,,0.005,0.005,0.059,0.003,0.003,0.004,0.275,0.014,0.057,,,,,,,,,0.022,0.0,1.924,10.28,122.3
7/19/2026 13:12:25,2026-07-19 13:10:00,,,,45.78,17.17,10.66,35.62,17.2,17.18,222.3,32.79,0.367,,,,,,,,,-0.686,1.0,-32.38,196.3,315.4,,,,45.79,17.18,10.86,35.63,17.21,17.19,223.2,32.83,0.625,,,,,,,,,-0.669,1.0,-29.89,264.0,588.3,,,,45.76,17.16,10.47,35.61,17.19,17.16,221.6,32.74,0.289,,,,,,,,,-0.792,1.0,-40.91,144.7,183.2,,,,0.006,0.005,0.061,0.002,0.003,0.005,0.284,0.015,0.039,,,,,,,,,0.033,0.0,2.827,29.98,108.7
7/19/2026 13:06:37,2026-07-19 13:00:00,,,,45.77,17.17,10.67,35.62,17.2,17.17,222.2,32.79,0.323,,,,,,,,,-0.676,1.0,-31.78,267.2,395.3,,,,45.79,17.18,10.84,35.62,17.21,17.19,223.0,32.84,0.472,,,,,,,,,-0.672,1.0,-30.02,306.6,647.6,,,,45.76,17.15,10.46,35.61,17.19,17.16,221.4,32.75,0.269,,,,,,,,,-0.681,1.0,-33.9,194.0,269.3,,,,0.005,0.005,0.062,0.002,0.003,0.005,0.288,0.015,0.024,,,,,,,,,0.003,0.0,1.142,29.88,81.4
7/19/2026 12:50:16,2026-07-19 12:50:00,,,,45.78,17.17,10.67,35.62,17.2,17.18,222.9,32.75,0.461,,,,,,,,,-0.684,1.0,-32.34,165.4,243.3,,,,45.79,17.19,10.83,35.63,17.21,17.19,224.0,32.83,0.668,,,,,,,,,-0.674,1.0,-30.52,223.5,597.2,,,,45.75,17.15,10.48,35.6,17.2,17.16,221.5,32.69,0.276,,,,,,,,,-0.727,1.0,-34.62,129.6,166.9,,,,0.007,0.007,0.062,0.004,0.004,0.006,0.453,0.025,0.069,,,,,,,,,0.011,0.0,1.086,26.26,109.0
7/19/2026 12:41:20,2026-07-19 08:40:00,,,,45.7,17.1,10.69,35.62,17.13,17.11,219.0,32.99,0.25,,,,,,,,,-0.693,1.0,-32.86,60.01,293.9,,,,45.72,17.11,10.91,35.62,17.14,17.12,219.7,33.05,0.326,,,,,,,,,-0.688,1.0,-30.85,77.24,393.1,,,,45.68,17.08,10.5,35.61,17.11,17.09,217.9,32.95,0.204,,,,,,,,,-0.739,1.0,-35.35,46.13,128.0,,,,0.006,0.006,0.07,0.002,0.006,0.005,0.27,0.014,0.016,,,,,,,,,0.011,0.0,1.271,7.62,65.0
7/19/2026 12:41:13,2026-07-19 08:50:00,,,,45.71,17.1,10.69,35.62,17.13,17.11,218.9,33.0,0.235,,,,,,,,,-0.698,1.0,-33.29,58.24,333.9,,,,45.72,17.11,10.92,35.62,17.14,17.12,219.7,33.05,0.348,,,,,,,,,-0.688,1.0,-31.27,70.89,477.4,,,,45.69,17.08,10.49,35.61,17.11,17.09,217.8,32.95,0.201,,,,,,,,,-0.791,1.0,-38.81,45.02,194.8,,,,0.005,0.005,0.07,0.003,0.006,0.004,0.286,0.015,0.015,,,,,,,,,0.022,0.0,1.771,5.346,68.93
7/19/2026 12:41:03,2026-07-19 09:00:00,,,,45.71,17.1,10.69,35.62,17.13,17.11,218.9,33.0,0.222,,,,,,,,,-0.695,1.0,-33.02,60.56,359.7,,,,45.72,17.11,10.94,35.62,17.14,17.12,219.7,33.04,0.434,,,,,,,,,-0.687,1.0,-30.63,74.54,546.2,,,,45.69,17.09,10.48,35.6,17.12,17.1,218.0,32.95,0.191,,,,,,,,,-0.79,1.0,-39.85,51.07,226.0,,,,0.005,0.004,0.071,0.003,0.005,0.004,0.277,0.015,0.014,,,,,,,,,0.022,0.0,2.003,6.503,68.43
7/19/2026 12:40:54,2026-07-19 09:30:00,,,,45.71,17.11,10.69,35.62,17.13,17.12,218.3,33.02,0.158,,,,,,,,,-0.695,1.0,-33.0,66.07,405.3,,,,45.72,17.12,10.9,35.62,17.15,17.12,219.4,33.08,0.22,,,,,,,,,-0.683,1.0,-30.44,79.51,526.1,,,,45.7,17.1,10.5,35.61,17.12,17.11,217.2,32.97,0.108,,,,,,,,,-0.784,1.0,-39.63,56.66,312.1,,,,0.003,0.003,0.064,0.002,0.004,0.003,0.361,0.019,0.017,,,,,,,,,0.021,0.0,2.013,6.147,45.12
7/19/2026 12:40:40,2026-07-19 12:40:00,,,,45.78,17.18,10.67,35.61,17.21,17.19,223.4,32.72,0.432,,,,,,,,,-0.683,1.0,-31.95,207.7,377.1,,,,45.8,17.2,10.86,35.62,17.22,17.2,224.4,32.77,0.616,,,,,,,,,-0.672,1.0,-29.52,245.3,619.4,,,,45.77,17.17,10.49,35.61,17.2,17.17,222.5,32.67,0.343,,,,,,,,,-0.785,1.0,-39.23,146.9,213.8,,,,0.006,0.006,0.058,0.002,0.003,0.006,0.298,0.016,0.047,,,,,,,,,0.024,0.0,1.947,30.14,144.5
7/19/2026 12:32:51,2026-07-19 12:30:00,,,,45.79,17.18,10.67,35.61,17.21,17.19,223.3,32.73,0.402,,,,,,,,,-0.683,1.0,-32.11,214.2,391.9,,,,45.8,17.2,10.93,35.62,17.22,17.2,224.3,32.79,0.847,,,,,,,,,-0.674,1.0,-30.02,274.6,715.3,,,,45.76,17.16,10.49,35.6,17.2,17.17,222.2,32.67,0.331,,,,,,,,,-0.77,1.0,-37.1,137.8,175.8,,,,0.008,0.008,0.063,0.002,0.004,0.008,0.28,0.015,0.043,,,,,,,,,0.02,0.0,1.517,43.7,157.6
7/19/2026 12:24:12,2026-07-19 09:40:00,,,,45.72,17.11,10.69,35.62,17.14,17.12,218.9,32.99,0.19,,,,,,,,,-0.696,1.0,-33.23,88.0,400.5,,,,45.72,17.12,10.89,35.62,17.15,17.13,219.8,33.06,0.289,,,,,,,,,-0.686,1.0,-31.04,111.3,498.3,,,,45.71,17.1,10.52,35.61,17.13,17.11,217.7,32.94,0.142,,,,,,,,,-0.784,1.0,-39.06,63.88,216.1,,,,0.003,0.003,0.064,0.002,0.003,0.003,0.333,0.018,0.018,,,,,,,,,0.021,0.0,1.833,12.88,75.69
7/19/2026 12:23:17,2026-07-19 11:30:00,,,,45.74,17.14,10.68,35.62,17.16,17.14,221.0,32.87,0.316,,,,,,,,,-0.69,1.0,-32.94,260.7,278.7,,,,45.75,17.15,10.91,35.62,17.17,17.15,221.9,32.92,0.531,,,,,,,,,-0.68,1.0,-30.63,287.2,322.8,,,,45.72,17.12,10.51,35.6,17.15,17.13,220.1,32.82,0.274,,,,,,,,,-0.778,1.0,-38.51,193.5,216.6,,,,0.004,0.004,0.065,0.002,0.003,0.004,0.323,0.017,0.018,,,,,,,,,0.021,0.0,1.707,24.07,24.85
7/19/2026 12:22:26,2026-07-19 11:40:00,,,,45.74,17.14,10.69,35.62,17.16,17.14,221.4,32.85,0.345,,,,,,,,,-0.688,1.0,-32.8,183.4,245.3,,,,45.75,17.14,10.99,35.63,17.17,17.15,222.2,32.9,0.644,,,,,,,,,-0.682,1.0,-30.68,234.0,350.8,,,,45.72,17.12,10.51,35.6,17.15,17.13,220.5,32.8,0.282,,,,,,,,,-0.727,1.0,-35.44,138.4,165.9,,,,0.005,0.004,0.068,0.002,0.004,0.004,0.288,0.015,0.029,,,,,,,,,0.011,0.0,1.373,25.42,51.03
7/19/2026 12:21:20,2026-07-19 12:20:00,,,,45.78,17.18,10.67,35.62,17.19,17.18,222.8,32.76,0.358,,,,,,,,,-0.682,1.0,-32.28,161.0,400.1,,,,45.81,17.2,10.9,35.62,17.21,17.21,224.1,32.84,0.531,,,,,,,,,-0.673,1.0,-29.98,224.0,645.5,,,,45.76,17.15,10.48,35.61,17.18,17.16,221.3,32.69,0.267,,,,,,,,,-0.762,1.0,-38.25,132.1,217.2,,,,0.01,0.01,0.057,0.002,0.008,0.01,0.52,0.03,0.055,,,,,,,,,0.018,0.0,1.773,14.83,138.4
7/19/2026 12:21:04,2026-07-19 11:50:00,,,,45.74,17.14,10.68,35.62,17.16,17.15,221.3,32.85,0.291,,,,,,,,,-0.685,1.0,-32.66,135.3,525.9,,,,45.76,17.15,10.95,35.62,17.18,17.16,222.2,32.9,0.422,,,,,,,,,-0.676,1.0,-29.93,171.8,632.0,,,,45.72,17.12,10.51,35.6,17.15,17.13,220.5,32.81,0.24,,,,,,,,,-0.782,1.0,-39.48,91.1,165.9,,,,0.007,0.006,0.063,0.002,0.005,0.006,0.291,0.015,0.032,,,,,,,,,0.022,0.0,1.963,21.01,107.2
7/19/2026 12:17:26,2026-07-19 12:00:00,,,,45.75,17.15,10.68,35.62,17.17,17.15,221.2,32.86,0.272,,,,,,,,,-0.682,1.0,-32.32,224.0,433.6,,,,45.77,17.16,10.91,35.62,17.18,17.17,222.0,32.91,0.51,,,,,,,,,-0.675,1.0,-30.42,279.0,671.5,,,,45.74,17.13,10.5,35.61,17.16,17.14,220.2,32.82,0.223,,,,,,,,,-0.703,1.0,-34.59,152.3,235.5,,,,0.005,0.005,0.064,0.002,0.003,0.004,0.302,0.016,0.027,,,,,,,,,0.006,0.0,1.181,33.43,155.2
7/19/2026 12:13:56,2026-07-19 12:10:00,,,,45.76,17.16,10.68,35.62,17.18,17.16,221.6,32.83,0.302,,,,,,,,,-0.692,1.0,-32.86,261.9,356.8,,,,45.77,17.17,10.89,35.62,17.19,17.17,222.7,32.89,0.557,,,,,,,,,-0.679,1.0,-30.51,314.4,599.5,,,,45.75,17.14,10.5,35.61,17.17,17.15,220.6,32.77,0.235,,,,,,,,,-0.795,1.0,-41.39,208.3,276.5,,,,0.006,0.006,0.059,0.002,0.004,0.005,0.366,0.02,0.027,,,,,,,,,0.033,0.0,2.753,29.34,75.83
7/19/2026 11:28:51,2026-07-19 09:50:00,,,,45.72,17.12,10.69,35.62,17.14,17.12,219.1,32.98,0.203,,,,,,,,,-0.695,1.0,-33.23,82.8,407.1,,,,45.73,17.12,11.02,35.62,17.15,17.13,219.9,33.03,0.325,,,,,,,,,-0.687,1.0,-30.65,107.3,586.1,,,,45.71,17.11,10.5,35.61,17.13,17.11,218.1,32.94,0.162,,,,,,,,,-0.786,1.0,-39.37,63.88,181.4,,,,0.003,0.003,0.07,0.002,0.003,0.003,0.314,0.017,0.017,,,,,,,,,0.021,0.0,1.832,14.47,103.2
7/19/2026 11:28:25,2026-07-19 10:00:00,,,,45.72,17.12,10.69,35.62,17.14,17.13,219.1,32.98,0.21,,,,,,,,,-0.691,1.0,-32.7,122.3,457.4,,,,45.73,17.13,10.86,35.62,17.15,17.13,220.1,33.02,0.463,,,,,,,,,-0.685,1.0,-30.87,167.9,589.4,,,,45.71,17.11,10.52,35.61,17.14,17.12,218.2,32.92,0.169,,,,,,,,,-0.701,1.0,-34.24,99.0,225.5,,,,0.003,0.003,0.063,0.001,0.003,0.003,0.332,0.018,0.019,,,,,,,,,0.003,0.0,1.07,18.08,99.6
7/19/2026 11:28:08,2026-07-19 10:10:00,,,,45.73,17.12,10.69,35.62,17.15,17.13,219.6,32.95,0.239,,,,,,,,,-0.7,1.0,-33.47,200.4,355.9,,,,45.74,17.13,10.88,35.62,17.16,17.13,220.4,33.0,0.46,,,,,,,,,-0.683,1.0,-31.18,270.3,712.1,,,,45.71,17.11,10.49,35.61,17.14,17.12,218.6,32.91,0.2,,,,,,,,,-0.808,1.0,-42.62,97.9,198.1,,,,0.004,0.004,0.063,0.002,0.003,0.003,0.299,0.016,0.019,,,,,,,,,0.034,0.0,2.722,36.36,149.8
7/19/2026 11:24:01,2026-07-19 10:30:00,,,,45.73,17.13,10.69,35.62,17.15,17.13,219.7,32.94,0.217,,,,,,,,,-0.69,1.0,-32.96,118.9,435.3,,,,45.74,17.13,10.89,35.62,17.16,17.14,220.7,33.0,0.332,,,,,,,,,-0.681,1.0,-30.6,184.0,619.4,,,,45.72,17.12,10.51,35.61,17.14,17.12,218.7,32.89,0.186,,,,,,,,,-0.781,1.0,-38.75,81.6,179.2,,,,0.004,0.004,0.062,0.002,0.003,0.004,0.336,0.018,0.015,,,,,,,,,0.021,0.0,1.799,30.47,117.5
7/19/2026 11:23:04,2026-07-19 11:20:00,,,,45.74,17.14,10.69,35.62,17.17,17.15,220.8,32.88,0.29,,,,,,,,,-0.684,1.0,-32.35,262.9,308.7,,,,45.75,17.15,10.88,35.62,17.17,17.15,221.7,32.93,0.466,,,,,,,,,-0.681,1.0,-30.59,308.8,404.7,,,,45.73,17.13,10.51,35.61,17.15,17.14,219.9,32.83,0.226,,,,,,,,,-0.704,1.0,-34.18,227.9,246.0,,,,0.003,0.003,0.065,0.002,0.003,0.003,0.319,0.017,0.023,,,,,,,,,0.005,0.0,1.048,20.01,47.1
7/19/2026 11:18:41,2026-07-19 11:00:00,,,,45.74,17.14,10.69,35.62,17.16,17.14,220.2,32.91,0.24,,,,,,,,,-0.688,1.0,-32.8,209.6,438.7,,,,45.76,17.15,10.93,35.62,17.17,17.16,221.2,32.96,0.328,,,,,,,,,-0.68,1.0,-30.9,282.1,656.0,,,,45.73,17.13,10.54,35.61,17.15,17.13,219.4,32.86,0.199,,,,,,,,,-0.762,1.0,-37.81,144.1,269.8,,,,0.005,0.004,0.061,0.002,0.003,0.004,0.292,0.016,0.016,,,,,,,,,0.017,0.0,1.686,34.83,137.1
7/19/2026 11:14:08,2026-07-19 11:10:00,,,,45.75,17.14,10.69,35.62,17.17,17.15,220.5,32.89,0.257,,,,,,,,,-0.695,1.0,-33.15,242.9,422.1,,,,45.76,17.15,10.91,35.62,17.18,17.16,221.3,32.95,0.398,,,,,,,,,-0.68,1.0,-30.51,300.6,669.9,,,,45.73,17.13,10.53,35.61,17.16,17.14,219.6,32.85,0.204,,,,,,,,,-0.801,1.0,-42.99,187.9,299.9,,,,0.004,0.004,0.064,0.002,0.003,0.003,0.305,0.016,0.02,,,,,,,,,0.035,0.0,2.904,30.99,110.1
7/19/2026 10:56:41,2026-07-19 10:50:00,,,,45.74,17.13,10.69,35.62,17.16,17.14,220.2,32.91,0.244,,,,,,,,,-0.689,1.0,-32.82,204.2,459.4,,,,45.75,17.15,10.88,35.62,17.17,17.15,221.4,32.97,0.591,,,,,,,,,-0.681,1.0,-30.71,308.8,749.4,,,,45.72,17.12,10.5,35.61,17.15,17.13,219.0,32.85,0.189,,,,,,,,,-0.779,1.0,-38.19,125.5,192.0,,,,0.005,0.004,0.063,0.002,0.003,0.004,0.351,0.018,0.034,,,,,,,,,0.021,0.0,1.623,63.71,166.9
7/19/2026 10:48:26,2026-07-19 10:40:00,,,,45.73,17.13,10.69,35.62,17.15,17.14,219.8,32.94,0.232,,,,,,,,,-0.691,1.0,-33.01,140.6,396.2,,,,45.74,17.14,10.88,35.62,17.16,17.14,220.8,32.99,0.683,,,,,,,,,-0.681,1.0,-30.67,181.2,596.7,,,,45.72,17.11,10.51,35.61,17.15,17.12,218.7,32.88,0.182,,,,,,,,,-0.783,1.0,-38.79,95.1,184.2,,,,0.004,0.004,0.063,0.002,0.003,0.004,0.366,0.02,0.026,,,,,,,,,0.022,0.0,1.72,23.37,143.8
7/19/2026 10:27:06,2026-07-19 10:10:00,,,,45.73,17.12,10.69,35.62,17.15,17.13,219.6,32.95,0.239,,,,,,,,,-0.7,1.0,-33.47,200.4,355.9,,,,45.74,17.13,10.88,35.62,17.16,17.13,220.4,33.0,0.46,,,,,,,,,-0.683,1.0,-31.18,270.3,712.1,,,,45.71,17.11,10.49,35.61,17.14,17.12,218.6,32.91,0.2,,,,,,,,,-0.808,1.0,-42.62,97.9,198.1,,,,0.004,0.004,0.063,0.002,0.003,0.003,0.299,0.016,0.019,,,,,,,,,0.034,0.0,2.722,36.36,149.8
7/19/2026 10:26:45,2026-07-19 10:20:00,,,,45.73,17.13,10.69,35.62,17.15,17.13,220.0,32.93,0.246,,,,,,,,,-0.692,1.0,-32.83,122.6,409.8,,,,45.74,17.13,10.88,35.62,17.16,17.14,220.9,32.98,0.367,,,,,,,,,-0.683,1.0,-31.08,146.9,588.9,,,,45.71,17.11,10.51,35.61,17.14,17.12,219.0,32.88,0.186,,,,,,,,,-0.771,1.0,-37.5,89.3,198.1,,,,0.004,0.004,0.061,0.002,0.003,0.004,0.329,0.018,0.018,,,,,,,,,0.018,0.0,1.553,18.34,124.0
7/19/2026 09:30:16,2026-07-19 09:10:00,,,,45.71,17.1,10.69,35.62,17.13,17.11,218.8,33.0,0.201,,,,,,,,,-0.701,1.0,-33.7,64.85,396.1,,,,45.72,17.11,10.92,35.62,17.14,17.12,219.6,33.05,0.296,,,,,,,,,-0.686,1.0,-30.88,77.23,635.7,,,,45.69,17.09,10.5,35.6,17.12,17.1,217.9,32.96,0.161,,,,,,,,,-0.809,1.0,-42.61,53.87,259.4,,,,0.005,0.004,0.069,0.002,0.005,0.004,0.284,0.015,0.015,,,,,,,,,0.034,0.0,2.788,5.284,77.4
7/19/2026 09:29:59,2026-07-19 09:20:00,,,,45.71,17.11,10.69,35.62,17.13,17.11,218.6,33.01,0.173,,,,,,,,,-0.691,1.0,-32.82,63.82,399.5,,,,45.72,17.11,10.9,35.62,17.14,17.12,219.5,33.06,0.357,,,,,,,,,-0.683,1.0,-30.79,81.1,615.0,,,,45.7,17.09,10.51,35.61,17.12,17.1,217.6,32.96,0.126,,,,,,,,,-0.77,1.0,-38.1,53.83,281.4,,,,0.004,0.004,0.066,0.002,0.004,0.003,0.325,0.017,0.02,,,,,,,,,0.018,0.0,1.593,6.451,81.7
7/19/2026 08:30:58,2026-07-19 08:30:00,,,,45.7,17.1,10.69,35.62,17.12,17.1,218.7,33.01,0.239,,,,,,,,,-0.696,1.0,-33.25,56.85,284.2,,,,45.71,17.11,10.9,35.63,17.14,17.11,219.6,33.05,0.481,,,,,,,,,-0.689,1.0,-30.95,71.9,408.0,,,,45.68,17.08,10.5,35.6,17.11,17.09,217.9,32.96,0.206,,,,,,,,,-0.746,1.0,-35.91,43.35,144.3,,,,0.006,0.006,0.073,0.003,0.006,0.006,0.333,0.017,0.018,,,,,,,,,0.012,0.0,1.479,7.102,70.15
7/19/2026 08:22:30,2026-07-19 08:20:00,,,,45.7,17.09,10.7,35.62,17.12,17.1,218.8,33.01,0.256,,,,,,,,,-0.699,1.0,-33.49,67.37,208.6,,,,45.71,17.11,11.38,35.63,17.14,17.11,219.7,33.05,0.36,,,,,,,,,-0.689,1.0,-31.05,100.7,355.0,,,,45.67,17.07,10.48,35.6,17.11,17.08,217.9,32.96,0.214,,,,,,,,,-0.782,1.0,-38.83,48.99,91.8,,,,0.007,0.007,0.081,0.003,0.006,0.007,0.276,0.014,0.017,,,,,,,,,0.019,0.0,1.734,7.376,69.75
7/19/2026 08:10:23,2026-07-19 08:10:00,,,,45.7,17.1,10.69,35.62,17.12,17.1,218.9,33.0,0.305,,,,,,,,,-0.706,1.0,-34.34,113.6,136.3,,,,45.71,17.11,11.06,35.63,17.14,17.11,219.7,33.04,0.596,,,,,,,,,-0.684,1.0,-31.13,132.4,202.0,,,,45.68,17.07,10.48,35.6,17.11,17.08,218.1,32.96,0.265,,,,,,,,,-0.818,1.0,-43.77,100.7,105.7,,,,0.007,0.007,0.076,0.003,0.006,0.006,0.278,0.015,0.021,,,,,,,,,0.036,0.0,2.998,7.552,25.32
7/19/2026 08:03:28,2026-07-19 08:00:00,,,,45.7,17.09,10.68,35.62,17.12,17.1,218.8,33.0,0.299,,,,,,,,,-0.701,1.0,-33.68,81.9,126.2,,,,45.71,17.1,10.91,35.63,17.13,17.11,219.8,33.06,0.487,,,,,,,,,-0.684,1.0,-31.58,107.9,262.7,,,,45.67,17.07,10.5,35.6,17.1,17.08,217.8,32.96,0.243,,,,,,,,,-0.805,1.0,-39.84,52.85,61.76,,,,0.007,0.006,0.062,0.004,0.007,0.005,0.318,0.017,0.028,,,,,,,,,0.024,0.0,1.818,17.84,45.67
7/19/2026 07:51:46,2026-07-19 07:30:00,,,,45.7,17.09,10.68,35.62,17.12,17.1,219.0,32.99,0.352,,,,,,,,,-0.703,1.0,-33.54,69.11,114.2,,,,45.71,17.11,10.89,35.63,17.14,17.11,219.9,33.04,0.731,,,,,,,,,-0.687,1.0,-30.79,87.8,213.3,,,,45.6,17.07,10.47,35.53,17.11,17.08,218.2,32.95,0.295,,,,,,,,,-0.805,1.0,-40.68,56.71,66.21,,,,0.009,0.007,0.067,0.005,0.007,0.006,0.285,0.015,0.03,,,,,,,,,0.024,0.0,2.022,8.75,47.73
7/19/2026 07:51:36,2026-07-19 07:40:00,,,,45.69,17.09,10.68,35.62,17.12,17.1,219.0,32.99,0.333,,,,,,,,,-0.704,1.0,-33.7,67.83,129.2,,,,45.71,17.1,10.91,35.64,17.14,17.11,219.8,33.05,0.475,,,,,,,,,-0.688,1.0,-30.99,94.0,225.5,,,,45.67,17.07,10.36,35.6,17.1,17.08,218.0,32.95,0.265,,,,,,,,,-0.739,1.0,-36.72,53.92,61.75,,,,0.008,0.007,0.07,0.004,0.007,0.007,0.298,0.015,0.031,,,,,,,,,0.01,0.0,1.561,11.39,57.82
7/19/2026 07:51:10,2026-07-19 07:50:00,,,,45.69,17.09,10.68,35.62,17.12,17.1,218.9,33.0,0.335,,,,,,,,,-0.706,1.0,-33.76,53.62,104.9,,,,45.71,17.1,10.97,35.63,17.14,17.11,219.7,33.05,0.414,,,,,,,,,-0.69,1.0,-31.26,81.7,262.7,,,,45.64,17.07,10.29,35.58,17.11,17.08,218.0,32.96,0.271,,,,,,,,,-0.813,1.0,-41.82,38.98,44.61,,,,0.008,0.007,0.069,0.005,0.007,0.006,0.284,0.015,0.029,,,,,,,,,0.025,0.0,2.21,10.81,49.96
7/19/2026 07:23:34,2026-07-19 07:20:00,,,,45.7,17.09,10.69,35.62,17.12,17.1,219.1,32.99,0.399,,,,,,,,,-0.703,1.0,-33.88,62.5,95.7,,,,45.71,17.11,10.91,35.64,17.14,17.11,220.0,33.03,0.541,,,,,,,,,-0.684,1.0,-31.5,82.3,147.5,,,,45.68,17.07,10.48,35.6,17.11,17.08,218.3,32.94,0.328,,,,,,,,,-0.792,1.0,-38.83,41.74,53.82,,,,0.008,0.007,0.068,0.004,0.006,0.007,0.295,0.015,0.037,,,,,,,,,0.021,0.0,1.831,11.09,28.18
7/19/2026 07:11:26,2026-07-19 07:10:00,,,,45.7,17.09,10.69,35.62,17.12,17.1,219.2,32.99,0.48,,,,,,,,,-0.719,1.0,-35.1,45.25,49.43,,,,45.71,17.11,10.93,35.64,17.14,17.11,220.2,33.04,0.613,,,,,,,,,-0.698,1.0,-32.59,67.3,71.93,,,,45.67,17.06,10.52,35.6,17.1,17.08,218.2,32.93,0.426,,,,,,,,,-0.836,1.0,-45.55,32.53,34.08,,,,0.009,0.008,0.071,0.005,0.008,0.007,0.318,0.017,0.024,,,,,,,,,0.036,0.0,3.079,9.58,9.85
7/19/2026 07:10:20,2026-07-19 06:30:00,,,,45.7,17.09,10.69,35.62,17.12,17.1,218.7,33.01,0.46,,,,,,,,,-0.712,1.0,-34.61,3.832,4.505,,,,45.71,17.1,10.91,35.63,17.14,17.11,219.7,33.06,0.783,,,,,,,,,-0.706,1.0,-31.92,7.274,8.4,,,,45.66,17.06,10.47,35.6,17.1,17.07,217.8,32.96,0.395,,,,,,,,,-0.787,1.0,-40.25,0.45,0.306,,,,0.009,0.008,0.073,0.004,0.009,0.008,0.297,0.016,0.035,,,,,,,,,0.017,0.0,1.738,2.46,2.848
7/19/2026 07:06:17,2026-07-19 06:40:00,,,,45.69,17.09,10.69,35.62,17.12,17.09,218.8,33.01,0.462,,,,,,,,,-0.714,1.0,-34.76,10.91,12.43,,,,45.71,17.1,10.9,35.63,17.14,17.11,219.6,33.06,0.665,,,,,,,,,-0.705,1.0,-32.02,17.31,20.59,,,,45.67,17.06,10.5,35.6,17.1,17.07,217.8,32.97,0.406,,,,,,,,,-0.834,1.0,-42.28,0.462,0.311,,,,0.009,0.009,0.072,0.004,0.009,0.008,0.28,0.015,0.027,,,,,,,,,0.027,0.0,2.065,4.427,4.63
7/19/2026 07:02:24,2026-07-19 06:50:00,,,,45.7,17.09,10.69,35.62,17.12,17.09,218.9,33.0,0.467,,,,,,,,,-0.715,1.0,-34.69,25.13,28.31,,,,45.71,17.1,10.91,35.63,17.14,17.11,219.7,33.05,0.642,,,,,,,,,-0.706,1.0,-32.86,29.5,38.5,,,,45.67,17.06,10.51,35.6,17.1,17.07,218.0,32.96,0.405,,,,,,,,,-0.814,1.0,-41.32,17.31,20.59,,,,0.008,0.008,0.074,0.004,0.009,0.007,0.293,0.015,0.029,,,,,,,,,0.023,0.0,1.904,2.859,4.275
7/19/2026 07:02:00,2026-07-19 07:00:00,,,,45.7,17.09,10.69,35.62,17.12,17.1,218.9,33.0,0.439,,,,,,,,,-0.709,1.0,-34.3,29.18,47.36,,,,45.71,17.1,10.96,35.63,17.14,17.11,219.8,33.05,0.669,,,,,,,,,-0.705,1.0,-32.42,35.19,77.33,,,,45.68,17.07,10.47,35.6,17.1,17.08,218.0,32.95,0.386,,,,,,,,,-0.726,1.0,-37.29,22.96,27.36,,,,0.007,0.007,0.073,0.004,0.008,0.006,0.295,0.016,0.025,,,,,,,,,0.004,0.0,1.222,3.592,14.18
7/19/2026 06:21:39,2026-07-19 06:20:00,,,,45.7,17.09,10.68,35.62,17.12,17.09,218.8,33.01,0.47,,,,,,,,,-0.714,1.0,-34.7,3.948,4.726,,,,45.71,17.11,10.92,35.64,17.14,17.11,220.0,33.06,0.677,,,,,,,,,-0.705,1.0,-32.7,5.613,6.783,,,,45.66,17.06,10.46,35.6,17.1,17.07,217.8,32.95,0.404,,,,,,,,,-0.795,1.0,-39.66,0.45,0.304,,,,0.009,0.008,0.07,0.005,0.008,0.008,0.304,0.016,0.036,,,,,,,,,0.019,0.0,1.675,1.485,1.846
7/19/2026 06:15:46,2026-07-19 05:40:00,,,,45.7,17.09,10.66,35.62,17.12,17.1,219.1,32.99,0.488,,,,,,,,,-0.71,1.0,-34.31,0.998,1.406,,,,45.72,17.11,10.87,35.63,17.14,17.11,219.9,33.04,0.732,,,,,,,,,-0.704,1.0,-31.96,1.9,2.394,,,,45.67,17.07,10.47,35.6,17.1,17.07,218.1,32.95,0.409,,,,,,,,,-0.758,1.0,-37.56,0.444,0.3,,,,0.009,0.008,0.065,0.005,0.008,0.007,0.293,0.015,0.04,,,,,,,,,0.011,0.0,1.342,0.553,0.622
7/19/2026 06:15:08,2026-07-19 05:50:00,,,,45.7,17.09,10.67,35.62,17.12,17.1,219.0,33.0,0.481,,,,,,,,,-0.713,1.0,-34.28,0.968,1.514,,,,45.72,17.11,10.86,35.63,17.14,17.11,220.0,33.04,0.894,,,,,,,,,-0.705,1.0,-32.06,1.897,2.398,,,,45.67,17.06,10.52,35.6,17.1,17.07,218.2,32.94,0.4,,,,,,,,,-0.811,1.0,-40.23,0.447,0.298,,,,0.009,0.008,0.063,0.005,0.009,0.007,0.291,0.016,0.049,,,,,,,,,0.023,0.0,1.784,0.426,0.576
7/19/2026 06:14:53,2026-07-19 06:10:00,,,,45.7,17.09,10.68,35.62,17.12,17.09,218.9,33.0,0.487,,,,,,,,,-0.72,1.0,-35.23,1.215,1.548,,,,45.71,17.11,10.9,35.64,17.14,17.11,219.7,33.05,0.843,,,,,,,,,-0.706,1.0,-32.89,3.456,4.584,,,,45.67,17.06,10.48,35.6,17.1,17.07,217.9,32.96,0.416,,,,,,,,,-0.833,1.0,-43.21,0.444,0.297,,,,0.01,0.009,0.071,0.005,0.008,0.008,0.289,0.015,0.04,,,,,,,,,0.035,0.0,2.769,1.063,1.411
7/19/2026 06:05:23,2026-07-19 06:00:00,,,,45.7,17.09,10.67,35.62,17.12,17.1,219.0,32.99,0.5,,,,,,,,,-0.715,1.0,-34.62,1.232,1.614,,,,45.71,17.11,10.86,35.64,17.14,17.11,220.0,33.05,0.697,,,,,,,,,-0.705,1.0,-31.87,3.261,3.46,,,,45.67,17.07,10.46,35.6,17.11,17.08,218.0,32.94,0.425,,,,,,,,,-0.819,1.0,-42.4,0.438,0.298,,,,0.009,0.008,0.067,0.005,0.008,0.007,0.3,0.016,0.04,,,,,,,,,0.024,0.0,2.088,0.754,0.908
7/19/2026 05:30:13,2026-07-19 05:30:00,,,,45.7,17.09,10.66,35.62,17.12,17.1,218.9,33.0,0.445,,,,,,,,,-0.712,1.0,-34.56,1.401,2.111,,,,45.72,17.11,10.85,35.64,17.14,17.11,219.7,33.06,0.623,,,,,,,,,-0.703,1.0,-32.02,1.902,2.947,,,,45.66,17.06,10.45,35.6,17.1,17.07,217.8,32.96,0.343,,,,,,,,,-0.81,1.0,-41.04,0.898,1.28,,,,0.01,0.009,0.067,0.005,0.008,0.008,0.316,0.017,0.045,,,,,,,,,0.023,0.0,1.811,0.493,0.566
7/19/2026 05:21:08,2026-07-19 05:20:00,,,,45.7,17.09,10.66,35.62,17.12,17.1,218.5,33.02,0.395,,,,,,,,,-0.712,1.0,-34.57,1.51,2.118,,,,45.72,17.11,10.83,35.64,17.14,17.11,219.8,33.09,0.748,,,,,,,,,-0.704,1.0,-32.56,3.443,4.021,,,,45.66,17.06,10.47,35.6,17.11,17.07,217.2,32.95,0.262,,,,,,,,,-0.793,1.0,-40.67,0.446,0.3,,,,0.01,0.009,0.064,0.005,0.008,0.008,0.493,0.026,0.078,,,,,,,,,0.019,0.0,1.881,0.726,0.932
7/19/2026 05:18:52,2026-07-19 04:40:00,,,,45.7,17.1,10.66,35.62,17.13,17.1,218.9,33.0,0.434,,,,,,,,,-0.712,1.0,-34.32,2.152,2.884,,,,45.72,17.11,10.87,35.63,17.14,17.12,220.1,33.05,0.73,,,,,,,,,-0.702,1.0,-32.66,3.447,4.585,,,,45.66,17.07,10.47,35.58,17.11,17.08,217.9,32.94,0.304,,,,,,,,,-0.816,1.0,-40.83,0.467,0.761,,,,0.009,0.008,0.067,0.004,0.008,0.007,0.334,0.017,0.044,,,,,,,,,0.024,0.0,1.733,0.742,0.698
7/19/2026 05:18:40,2026-07-19 04:50:00,,,,45.7,17.1,10.66,35.62,17.13,17.11,218.9,32.99,0.442,,,,,,,,,-0.71,1.0,-34.38,1.13,1.647,,,,45.72,17.11,10.88,35.64,17.15,17.12,220.0,33.04,0.592,,,,,,,,,-0.703,1.0,-32.0,1.894,2.939,,,,45.68,17.08,10.4,35.6,17.11,17.08,218.1,32.95,0.367,,,,,,,,,-0.779,1.0,-38.38,0.444,0.299,,,,0.008,0.007,0.069,0.004,0.008,0.007,0.307,0.016,0.037,,,,,,,,,0.016,0.0,1.484,0.572,0.89
7/19/2026 05:18:26,2026-07-19 05:00:00,,,,45.7,17.09,10.66,35.62,17.13,17.1,218.8,33.0,0.432,,,,,,,,,-0.712,1.0,-34.24,2.255,2.913,,,,45.72,17.11,10.88,35.64,17.14,17.12,219.9,33.07,0.821,,,,,,,,,-0.704,1.0,-32.29,3.456,4.02,,,,45.67,17.07,10.37,35.6,17.11,17.08,217.6,32.94,0.303,,,,,,,,,-0.825,1.0,-41.34,0.722,1.833,,,,0.009,0.009,0.065,0.004,0.008,0.008,0.396,0.021,0.061,,,,,,,,,0.026,0.0,1.937,0.826,0.644
7/19/2026 05:11:09,2026-07-19 05:10:00,,,,45.7,17.09,10.67,35.62,17.13,17.1,219.0,32.99,0.465,,,,,,,,,-0.718,1.0,-34.86,0.88,1.328,,,,45.72,17.11,10.86,35.64,17.14,17.12,219.9,33.06,0.821,,,,,,,,,-0.703,1.0,-31.94,3.452,3.466,,,,45.67,17.07,10.47,35.6,17.11,17.08,218.0,32.95,0.343,,,,,,,,,-0.832,1.0,-44.19,0.446,0.301,,,,0.009,0.009,0.065,0.004,0.008,0.008,0.338,0.018,0.047,,,,,,,,,0.036,0.0,2.991,0.498,0.76
7/19/2026 04:30:11,2026-07-19 04:30:00,,,,45.7,17.1,10.66,35.62,17.13,17.11,218.5,33.02,0.355,,,,,,,,,-0.711,1.0,-34.46,2.205,2.63,,,,45.72,17.11,10.89,35.63,17.14,17.12,219.7,33.08,0.483,,,,,,,,,-0.703,1.0,-31.93,4.552,5.117,,,,45.67,17.07,10.39,35.6,17.11,17.08,217.4,32.95,0.197,,,,,,,,,-0.809,1.0,-40.54,0.446,0.305,,,,0.008,0.007,0.067,0.004,0.008,0.007,0.382,0.02,0.052,,,,,,,,,0.023,0.0,1.99,1.566,1.868
7/19/2026 04:22:12,2026-07-19 02:30:00,,,,45.7,17.09,10.66,35.62,17.13,17.1,219.2,32.98,0.5,,,,,,,,,-0.709,1.0,-33.96,1.515,1.973,,,,45.72,17.11,10.88,35.63,17.14,17.12,220.3,33.03,0.997,,,,,,,,,-0.7,1.0,-32.27,3.447,4.593,,,,45.66,17.06,10.44,35.6,17.11,17.07,218.3,32.92,0.408,,,,,,,,,-0.806,1.0,-40.73,0.44,0.305,,,,0.01,0.01,0.071,0.005,0.007,0.009,0.299,0.016,0.05,,,,,,,,,0.023,0.0,1.823,1.161,1.597
7/19/2026 04:21:05,2026-07-19 04:20:00,,,,45.7,17.1,10.66,35.62,17.13,17.1,218.4,33.03,0.335,,,,,,,,,-0.713,1.0,-34.46,1.146,1.493,,,,45.72,17.12,10.91,35.63,17.15,17.12,219.4,33.09,0.528,,,,,,,,,-0.701,1.0,-31.93,3.458,4.012,,,,45.68,17.07,10.38,35.6,17.11,17.08,217.2,32.97,0.2,,,,,,,,,-0.806,1.0,-42.18,0.444,0.304,,,,0.008,0.008,0.07,0.004,0.008,0.007,0.366,0.02,0.046,,,,,,,,,0.022,0.0,2.051,0.903,1.139
7/19/2026 04:14:03,2026-07-19 02:40:00,,,,45.7,17.1,10.67,35.62,17.13,17.1,219.5,32.97,0.548,,,,,,,,,-0.705,1.0,-33.61,0.777,1.001,,,,45.72,17.11,11.01,35.63,17.14,17.12,220.4,33.01,0.762,,,,,,,,,-0.699,1.0,-31.89,1.907,2.947,,,,45.67,17.07,10.44,35.6,17.11,17.08,218.7,32.92,0.451,,,,,,,,,-0.727,1.0,-35.56,0.438,0.303,,,,0.009,0.009,0.075,0.004,0.007,0.008,0.318,0.017,0.049,,,,,,,,,0.006,0.0,1.058,0.5,0.832
7/19/2026 04:11:26,2026-07-19 04:10:00,,,,45.7,17.1,10.66,35.62,17.13,17.1,218.6,33.01,0.364,,,,,,,,,-0.716,1.0,-34.62,1.27,1.693,,,,45.72,17.11,10.88,35.63,17.14,17.12,219.6,33.07,0.691,,,,,,,,,-0.702,1.0,-31.85,1.905,3.449,,,,45.67,17.07,10.47,35.6,17.11,17.08,217.6,32.96,0.29,,,,,,,,,-0.835,1.0,-44.27,0.448,0.297,,,,0.009,0.009,0.067,0.004,0.007,0.008,0.323,0.017,0.034,,,,,,,,,0.036,0.0,2.899,0.644,1.048
7/19/2026 04:06:00,2026-07-19 02:50:00,,,,45.7,17.09,10.67,35.62,17.13,17.1,219.6,32.96,0.57,,,,,,,,,-0.708,1.0,-34.45,2.664,3.413,,,,45.72,17.11,10.93,35.63,17.14,17.12,220.6,33.0,1.369,,,,,,,,,-0.699,1.0,-32.09,6.158,6.775,,,,45.68,17.07,10.44,35.6,17.11,17.08,218.9,32.92,0.471,,,,,,,,,-0.807,1.0,-40.62,0.461,0.306,,,,0.008,0.008,0.075,0.004,0.007,0.007,0.296,0.015,0.062,,,,,,,,,0.023,0.0,1.902,1.69,1.867
7/19/2026 04:05:45,2026-07-19 03:30:00,,,,45.7,17.1,10.67,35.62,17.13,17.1,218.9,33.0,0.404,,,,,,,,,-0.709,1.0,-34.07,2.233,2.763,,,,45.72,17.11,10.84,35.63,17.14,17.12,220.6,33.07,0.627,,,,,,,,,-0.701,1.0,-32.27,3.46,5.109,,,,45.67,17.07,10.5,35.59,17.11,17.08,217.5,32.91,0.219,,,,,,,,,-0.805,1.0,-40.25,0.445,0.305,,,,0.008,0.007,0.067,0.004,0.007,0.006,0.545,0.029,0.091,,,,,,,,,0.022,0.0,1.726,1.288,1.586
7/19/2026 04:04:35,2026-07-19 04:00:00,,,,45.7,17.09,10.67,35.62,17.13,17.1,218.6,33.01,0.371,,,,,,,,,-0.711,1.0,-34.71,4.066,4.747,,,,45.72,17.11,10.9,35.63,17.14,17.12,219.6,33.07,0.584,,,,,,,,,-0.701,1.0,-32.1,7.264,7.869,,,,45.66,17.06,10.41,35.6,17.11,17.07,217.7,32.96,0.267,,,,,,,,,-0.808,1.0,-41.05,0.446,0.302,,,,0.009,0.009,0.07,0.005,0.008,0.008,0.367,0.019,0.048,,,,,,,,,0.024,0.0,1.984,2.409,2.61
7/19/2026 03:57:32,2026-07-19 03:40:00,,,,45.71,17.1,10.67,35.62,17.13,17.11,218.8,33.0,0.412,,,,,,,,,-0.71,1.0,-34.1,1.118,1.285,,,,45.72,17.11,11.1,35.63,17.14,17.12,219.8,33.05,0.647,,,,,,,,,-0.7,1.0,-31.78,3.453,4.592,,,,45.68,17.08,10.45,35.6,17.11,17.08,217.9,32.95,0.292,,,,,,,,,-0.816,1.0,-41.27,0.44,0.304,,,,0.008,0.007,0.075,0.004,0.007,0.006,0.334,0.018,0.053,,,,,,,,,0.025,0.0,2.092,1.175,1.479
7/19/2026 03:57:12,2026-07-19 03:50:00,,,,45.7,17.1,10.67,35.62,17.13,17.1,218.8,33.0,0.416,,,,,,,,,-0.709,1.0,-34.07,1.639,2.03,,,,45.72,17.11,10.91,35.64,17.15,17.12,219.7,33.05,0.579,,,,,,,,,-0.7,1.0,-31.94,4.541,5.719,,,,45.68,17.08,10.47,35.6,17.11,17.09,218.0,32.96,0.326,,,,,,,,,-0.807,1.0,-41.08,0.444,0.305,,,,0.008,0.007,0.071,0.005,0.008,0.006,0.322,0.018,0.041,,,,,,,,,0.023,0.0,2.011,1.526,1.843
7/19/2026 03:28:10,2026-07-19 03:10:00,,,,45.71,17.1,10.67,35.62,17.13,17.11,219.4,32.97,0.522,,,,,,,,,-0.715,1.0,-34.66,2.378,3.005,,,,45.72,17.11,10.87,35.63,17.15,17.12,220.5,33.03,0.753,,,,,,,,,-0.7,1.0,-31.26,4.552,5.663,,,,45.68,17.08,10.5,35.6,17.12,17.08,218.3,32.91,0.382,,,,,,,,,-0.829,1.0,-43.35,0.439,0.302,,,,0.008,0.007,0.072,0.004,0.007,0.007,0.365,0.019,0.056,,,,,,,,,0.036,0.0,2.804,1.735,2.1
7/19/2026 03:27:59,2026-07-19 03:20:00,,,,45.7,17.09,10.67,35.62,17.13,17.1,219.5,32.97,0.526,,,,,,,,,-0.706,1.0,-34.08,1.065,1.439,,,,45.72,17.11,10.9,35.63,17.14,17.12,220.6,33.04,0.695,,,,,,,,,-0.7,1.0,-31.6,1.902,2.95,,,,45.68,17.07,10.46,35.6,17.11,17.08,218.1,32.91,0.394,,,,,,,,,-0.757,1.0,-37.6,0.442,0.304,,,,0.008,0.008,0.072,0.004,0.007,0.007,0.352,0.019,0.059,,,,,,,,,0.012,0.0,1.422,0.623,0.925
7/19/2026 03:04:13,2026-07-19 03:00:00,,,,45.7,17.1,10.67,35.62,17.13,17.1,219.5,32.97,0.538,,,,,,,,,-0.708,1.0,-34.09,2.382,2.901,,,,45.72,17.11,11.22,35.63,17.14,17.12,220.6,33.02,1.101,,,,,,,,,-0.699,1.0,-31.7,6.154,7.321,,,,45.68,17.07,10.45,35.6,17.11,17.08,218.5,32.91,0.397,,,,,,,,,-0.803,1.0,-40.09,0.437,0.305,,,,0.008,0.008,0.084,0.004,0.007,0.007,0.33,0.017,0.065,,,,,,,,,0.022,0.0,1.793,2.157,2.616
7/19/2026 02:23:37,2026-07-19 02:20:00,,,,45.7,17.1,10.66,35.62,17.13,17.1,219.0,32.99,0.451,,,,,,,,,-0.707,1.0,-34.23,2.195,2.526,,,,45.72,17.11,10.96,35.65,17.14,17.12,220.0,33.04,0.934,,,,,,,,,-0.698,1.0,-31.82,4.547,5.655,,,,45.68,17.07,10.42,35.6,17.11,17.08,218.1,32.94,0.302,,,,,,,,,-0.789,1.0,-40.06,0.443,0.305,,,,0.009,0.008,0.076,0.005,0.007,0.007,0.325,0.017,0.065,,,,,,,,,0.019,0.0,1.703,1.845,2.281
7/19/2026 02:15:54,2026-07-19 02:10:00,,,,45.7,17.1,10.66,35.62,17.13,17.1,219.2,32.98,0.492,,,,,,,,,-0.715,1.0,-34.66,2.536,3.099,,,,45.72,17.12,10.86,35.63,17.14,17.12,220.2,33.04,1.918,,,,,,,,,-0.699,1.0,-32.0,4.54,5.126,,,,45.67,17.07,10.44,35.6,17.12,17.08,218.1,32.93,0.36,,,,,,,,,-0.847,1.0,-45.62,0.452,0.303,,,,0.009,0.008,0.072,0.005,0.007,0.007,0.343,0.018,0.079,,,,,,,,,0.039,0.0,3.183,1.329,1.42
7/19/2026 02:02:35,2026-07-19 02:00:00,,,,45.71,17.1,10.66,35.62,17.13,17.11,219.2,32.98,0.481,,,,,,,,,-0.702,1.0,-33.58,2.623,3.258,,,,45.72,17.12,10.87,35.63,17.15,17.12,220.1,33.03,1.004,,,,,,,,,-0.699,1.0,-31.99,5.482,5.657,,,,45.68,17.08,10.38,35.6,17.12,17.09,218.3,32.93,0.385,,,,,,,,,-0.711,1.0,-35.42,0.464,0.765,,,,0.008,0.007,0.073,0.004,0.007,0.006,0.29,0.015,0.045,,,,,,,,,0.003,0.0,0.978,1.532,1.528
7/19/2026 01:50:31,2026-07-19 01:50:00,,,,45.7,17.1,10.66,35.62,17.13,17.1,219.0,32.99,0.428,,,,,,,,,-0.703,1.0,-33.49,1.604,2.143,,,,45.72,17.12,10.88,35.64,17.15,17.12,220.5,33.06,0.631,,,,,,,,,-0.698,1.0,-31.19,4.549,5.116,,,,45.66,17.07,10.37,35.6,17.11,17.07,217.7,32.91,0.261,,,,,,,,,-0.711,1.0,-36.75,0.45,0.306,,,,0.009,0.009,0.072,0.004,0.007,0.008,0.426,0.023,0.071,,,,,,,,,0.003,0.0,1.318,1.341,1.722
7/19/2026 01:43:50,2026-07-19 01:40:00,,,,45.71,17.1,10.66,35.62,17.14,17.11,219.1,32.98,0.414,,,,,,,,,-0.707,1.0,-34.24,1.846,2.548,,,,45.72,17.12,10.83,35.63,17.15,17.12,220.2,33.04,0.655,,,,,,,,,-0.697,1.0,-31.99,1.903,3.311,,,,45.68,17.08,10.36,35.6,17.12,17.09,218.1,32.93,0.284,,,,,,,,,-0.835,1.0,-43.19,0.923,1.291,,,,0.008,0.008,0.067,0.004,0.007,0.007,0.384,0.021,0.055,,,,,,,,,0.029,0.0,2.345,0.212,0.419
7/19/2026 01:30:11,2026-07-19 01:30:00,,,,45.71,17.1,10.66,35.62,17.14,17.11,219.8,32.95,0.524,,,,,,,,,-0.705,1.0,-34.17,0.934,1.244,,,,45.73,17.12,11.02,35.64,17.15,17.13,220.6,33.01,1.186,,,,,,,,,-0.697,1.0,-31.99,1.903,2.956,,,,45.61,17.08,10.43,35.55,17.12,17.09,218.6,32.91,0.335,,,,,,,,,-0.801,1.0,-40.38,0.454,0.303,,,,0.01,0.009,0.067,0.005,0.008,0.008,0.348,0.018,0.061,,,,,,,,,0.022,0.0,2.012,0.587,0.969
7/19/2026 01:22:00,2026-07-18 22:30:00,,,,45.76,17.16,10.65,35.61,17.19,17.16,222.9,32.76,1.069,,,,,,,,,-0.698,1.0,-33.29,2.366,2.973,,,,45.78,17.17,10.86,35.63,17.21,17.18,223.8,32.81,1.412,,,,,,,,,-0.692,1.0,-30.73,4.543,5.658,,,,45.74,17.14,10.46,35.6,17.18,17.15,221.9,32.71,0.936,,,,,,,,,-0.78,1.0,-39.09,0.449,0.303,,,,0.007,0.006,0.069,0.004,0.006,0.006,0.317,0.017,0.067,,,,,,,,,0.019,0.0,1.708,1.652,1.936
7/19/2026 01:21:39,2026-07-19 00:30:00,,,,45.77,17.17,10.66,35.61,17.21,17.18,222.9,32.76,1.054,,,,,,,,,-0.703,1.0,-33.5,4.134,4.934,,,,45.8,17.19,10.96,35.63,17.23,17.19,223.7,32.81,1.328,,,,,,,,,-0.697,1.0,-31.29,7.277,7.857,,,,45.75,17.15,10.43,35.6,17.19,17.16,221.9,32.71,0.94,,,,,,,,,-0.783,1.0,-38.73,0.447,0.301,,,,0.009,0.009,0.073,0.005,0.007,0.008,0.301,0.016,0.062,,,,,,,,,0.018,0.0,1.653,2.35,2.69
7/19/2026 01:21:03,2026-07-19 01:10:00,,,,45.72,17.12,10.65,35.62,17.16,17.12,221.2,32.87,0.762,,,,,,,,,-0.711,1.0,-34.31,1.129,1.763,,,,45.74,17.14,10.85,35.64,17.18,17.14,222.6,32.94,1.129,,,,,,,,,-0.697,1.0,-31.49,1.898,2.407,,,,45.69,17.09,10.39,35.6,17.14,17.1,220.0,32.79,0.625,,,,,,,,,-0.83,1.0,-43.31,0.448,0.305,,,,0.009,0.008,0.067,0.004,0.009,0.008,0.497,0.027,0.079,,,,,,,,,0.038,0.0,3.087,0.477,0.513
7/19/2026 01:20:40,2026-07-19 01:20:00,,,,45.71,17.11,10.66,35.62,17.14,17.11,220.3,32.92,0.594,,,,,,,,,-0.705,1.0,-33.97,1.26,1.927,,,,45.73,17.12,11.02,35.64,17.16,17.13,221.7,33.0,0.94,,,,,,,,,-0.696,1.0,-31.66,1.902,2.971,,,,45.68,17.08,10.45,35.6,17.13,17.09,218.8,32.85,0.395,,,,,,,,,-0.778,1.0,-38.16,0.448,0.305,,,,0.009,0.008,0.072,0.004,0.007,0.007,0.504,0.026,0.081,,,,,,,,,0.018,0.0,1.582,0.592,0.924
7/19/2026 01:06:18,2026-07-19 00:40:00,,,,45.75,17.15,10.66,35.62,17.19,17.15,222.4,32.79,0.995,,,,,,,,,-0.704,1.0,-33.79,1.902,2.401,,,,45.78,17.17,10.87,35.64,17.22,17.18,223.5,32.84,1.417,,,,,,,,,-0.696,1.0,-31.72,3.46,4.565,,,,45.72,17.12,10.42,35.6,17.17,17.13,221.5,32.73,0.863,,,,,,,,,-0.814,1.0,-41.58,0.446,0.307,,,,0.01,0.009,0.07,0.005,0.01,0.008,0.358,0.02,0.065,,,,,,,,,0.025,0.0,2.078,1.319,1.577
7/19/2026 01:05:45,2026-07-19 00:50:00,,,,45.75,17.15,10.66,35.61,17.18,17.16,222.5,32.79,1.011,,,,,,,,,-0.704,1.0,-33.63,1.121,1.572,,,,45.77,17.17,10.9,35.63,17.2,17.17,224.1,32.84,1.304,,,,,,,,,-0.696,1.0,-31.92,3.442,4.021,,,,44.47,17.13,10.32,34.51,17.17,17.14,221.5,32.74,0.898,,,,,,,,,-0.784,1.0,-38.26,0.439,0.301,,,,0.064,0.007,0.069,0.055,0.007,0.007,0.316,0.016,0.06,,,,,,,,,0.019,0.0,1.424,0.767,1.029
7/19/2026 01:03:46,2026-07-19 01:00:00,,,,45.74,17.13,10.65,35.62,17.17,17.14,222.3,32.81,0.95,,,,,,,,,-0.707,1.0,-34.03,1.285,1.889,,,,45.76,17.16,10.86,35.63,17.2,17.16,223.5,32.89,1.381,,,,,,,,,-0.696,1.0,-31.68,1.917,2.942,,,,45.64,17.11,10.43,35.54,17.15,17.11,220.7,32.74,0.756,,,,,,,,,-0.837,1.0,-42.88,0.46,0.307,,,,0.012,0.011,0.068,0.005,0.009,0.011,0.476,0.028,0.089,,,,,,,,,0.03,0.0,2.266,0.552,0.677
7/19/2026 00:23:35,2026-07-19 00:20:00,,,,45.79,17.19,10.66,35.61,17.22,17.19,223.0,32.74,1.058,,,,,,,,,-0.702,1.0,-33.84,1.21,1.504,,,,45.81,17.21,11.0,35.63,17.23,17.21,224.1,32.8,1.348,,,,,,,,,-0.695,1.0,-31.93,3.455,4.578,,,,45.76,17.16,10.45,35.59,17.2,17.16,222.0,32.69,0.941,,,,,,,,,-0.786,1.0,-38.38,0.434,0.301,,,,0.01,0.01,0.076,0.005,0.007,0.009,0.323,0.018,0.06,,,,,,,,,0.019,0.0,1.536,1.095,1.51
7/19/2026 00:11:25,2026-07-18 23:30:00,,,,45.75,17.15,10.67,35.62,17.18,17.16,222.8,32.77,1.02,,,,,,,,,-0.702,1.0,-33.67,1.125,1.271,,,,45.77,17.17,10.95,35.63,17.2,17.17,223.8,32.83,1.309,,,,,,,,,-0.694,1.0,-31.19,3.458,4.554,,,,45.73,17.13,10.48,35.6,17.17,17.14,221.7,32.71,0.882,,,,,,,,,-0.817,1.0,-42.04,0.446,0.301,,,,0.009,0.009,0.074,0.004,0.006,0.008,0.325,0.018,0.066,,,,,,,,,0.026,0.0,2.121,1.204,1.516
7/19/2026 00:11:11,2026-07-19 00:10:00,,,,45.79,17.19,10.66,35.61,17.22,17.19,223.0,32.74,1.061,,,,,,,,,-0.709,1.0,-34.25,1.785,2.122,,,,45.81,17.21,10.95,35.63,17.23,17.22,223.9,32.8,1.312,,,,,,,,,-0.695,1.0,-31.83,4.55,5.659,,,,45.76,17.16,10.44,35.6,17.2,17.17,222.1,32.69,0.93,,,,,,,,,-0.819,1.0,-43.24,0.439,0.299,,,,0.011,0.011,0.074,0.004,0.008,0.01,0.326,0.019,0.069,,,,,,,,,0.035,0.0,2.917,1.696,2.13
7/19/2026 00:06:25,2026-07-18 23:40:00,,,,45.76,17.16,10.67,35.62,17.19,17.17,223.0,32.75,1.042,,,,,,,,,-0.699,1.0,-33.24,2.922,3.608,,,,45.78,17.18,10.88,35.63,17.2,17.19,223.8,32.8,1.365,,,,,,,,,-0.694,1.0,-31.52,7.253,8.31,,,,45.71,17.12,10.44,35.58,17.17,17.13,222.2,32.71,0.932,,,,,,,,,-0.752,1.0,-36.18,0.442,0.302,,,,0.01,0.009,0.078,0.004,0.008,0.008,0.289,0.015,0.06,,,,,,,,,0.012,0.0,1.099,2.382,2.749
7/19/2026 00:05:16,2026-07-18 23:50:00,,,,45.77,17.17,10.66,35.61,17.19,17.17,223.0,32.75,1.052,,,,,,,,,-0.699,1.0,-33.51,2.264,2.85,,,,45.79,17.18,10.97,35.63,17.21,17.19,224.0,32.8,1.952,,,,,,,,,-0.693,1.0,-31.27,5.596,6.215,,,,45.74,17.14,10.46,35.6,17.18,17.15,222.1,32.7,0.939,,,,,,,,,-0.724,1.0,-35.83,0.447,0.303,,,,0.009,0.008,0.073,0.004,0.007,0.008,0.303,0.015,0.074,,,,,,,,,0.007,0.0,1.292,1.479,1.828
7/19/2026 00:02:27,2026-07-19 00:00:00,,,,45.79,17.18,10.67,35.61,17.21,17.19,223.1,32.74,1.061,,,,,,,,,-0.703,1.0,-33.45,1.403,1.822,,,,45.81,17.21,10.93,35.63,17.23,17.21,224.1,32.79,1.354,,,,,,,,,-0.695,1.0,-31.86,4.528,5.118,,,,45.76,17.16,10.49,35.59,17.19,17.17,222.2,32.69,0.948,,,,,,,,,-0.8,1.0,-40.6,0.445,0.3,,,,0.01,0.01,0.074,0.004,0.009,0.009,0.302,0.016,0.065,,,,,,,,,0.022,0.0,1.89,1.255,1.656
7/18/2026 23:21:45,2026-07-18 23:20:00,,,,45.75,17.15,10.66,35.62,17.18,17.15,222.6,32.78,0.995,,,,,,,,,-0.7,1.0,-33.44,1.305,1.706,,,,45.77,17.16,10.88,35.63,17.19,17.17,223.8,32.83,1.301,,,,,,,,,-0.693,1.0,-30.82,3.438,4.025,,,,45.72,17.12,10.47,35.6,17.16,17.13,221.7,32.72,0.869,,,,,,,,,-0.783,1.0,-38.5,0.447,0.306,,,,0.008,0.007,0.073,0.004,0.006,0.006,0.31,0.016,0.066,,,,,,,,,0.019,0.0,1.695,1.07,1.402
7/18/2026 23:20:02,2026-07-18 23:00:00,,,,45.75,17.15,10.66,35.62,17.18,17.15,222.6,32.78,0.984,,,,,,,,,-0.697,1.0,-33.11,1.362,1.886,,,,45.77,17.16,10.91,35.63,17.19,17.17,223.7,32.84,1.228,,,,,,,,,-0.693,1.0,-30.61,3.44,4.028,,,,45.73,17.12,10.39,35.6,17.16,17.13,221.6,32.72,0.847,,,,,,,,,-0.713,1.0,-34.93,0.442,0.303,,,,0.008,0.007,0.072,0.004,0.007,0.007,0.337,0.018,0.068,,,,,,,,,0.005,0.0,1.131,1.007,1.239
7/18/2026 23:18:23,2026-07-18 23:10:00,,,,45.75,17.15,10.66,35.62,17.18,17.15,222.7,32.78,0.993,,,,,,,,,-0.709,1.0,-34.1,1.852,2.459,,,,45.77,17.16,10.88,35.63,17.19,17.17,223.5,32.82,1.459,,,,,,,,,-0.694,1.0,-30.95,3.458,4.588,,,,45.73,17.12,10.44,35.6,17.17,17.13,221.8,32.73,0.863,,,,,,,,,-0.82,1.0,-43.85,0.442,0.306,,,,0.007,0.007,0.068,0.004,0.006,0.006,0.313,0.017,0.074,,,,,,,,,0.036,0.0,3.1,1.142,1.231
7/18/2026 22:51:58,2026-07-18 22:50:00,,,,45.76,17.15,10.65,35.62,17.18,17.16,222.7,32.78,0.995,,,,,,,,,-0.703,1.0,-33.63,1.613,2.307,,,,45.77,17.17,10.86,35.63,17.2,17.17,223.5,32.83,1.263,,,,,,,,,-0.693,1.0,-31.33,3.435,3.471,,,,45.73,17.13,10.41,35.6,17.17,17.14,221.6,32.73,0.866,,,,,,,,,-0.797,1.0,-40.44,0.443,0.754,,,,0.007,0.006,0.073,0.004,0.006,0.006,0.314,0.017,0.061,,,,,,,,,0.023,0.0,1.865,0.723,0.71
7/18/2026 22:50:01,2026-07-18 22:40:00,,,,45.76,17.15,10.65,35.62,17.18,17.16,222.7,32.77,1.023,,,,,,,,,-0.7,1.0,-33.8,2.657,3.151,,,,45.78,17.17,11.03,35.63,17.2,17.17,223.6,32.83,1.307,,,,,,,,,-0.692,1.0,-31.8,4.541,5.657,,,,45.7,17.12,10.42,35.58,17.17,17.14,221.8,32.73,0.877,,,,,,,,,-0.803,1.0,-41.26,0.44,0.303,,,,0.009,0.008,0.07,0.004,0.006,0.007,0.314,0.017,0.062,,,,,,,,,0.024,0.0,2.064,1.733,2.134
7/18/2026 22:20:59,2026-07-18 22:20:00,,,,45.77,17.17,10.65,35.61,17.2,17.17,223.1,32.75,1.137,,,,,,,,,-0.695,1.0,-33.23,1.054,1.387,,,,45.8,17.19,11.09,35.63,17.22,17.2,224.1,32.81,1.571,,,,,,,,,-0.69,1.0,-31.21,3.439,4.024,,,,45.74,17.14,10.36,35.59,17.19,17.15,222.0,32.69,0.985,,,,,,,,,-0.71,1.0,-36.2,0.444,0.305,,,,0.009,0.009,0.073,0.004,0.007,0.009,0.306,0.017,0.073,,,,,,,,,0.004,0.0,1.268,0.804,1.086
7/18/2026 22:16:15,2026-07-18 22:10:00,,,,45.78,17.18,10.65,35.61,17.21,17.18,223.2,32.74,1.175,,,,,,,,,-0.707,1.0,-34.27,3.167,4.028,,,,45.8,17.2,10.84,35.63,17.22,17.2,224.2,32.78,1.476,,,,,,,,,-0.691,1.0,-31.08,4.54,5.664,,,,45.75,17.16,10.44,35.6,17.19,17.16,222.4,32.68,1.026,,,,,,,,,-0.818,1.0,-43.38,1.886,2.391,,,,0.008,0.008,0.067,0.004,0.006,0.007,0.3,0.016,0.066,,,,,,,,,0.036,0.0,2.979,0.857,0.878
7/18/2026 22:08:30,2026-07-18 16:10:00,,,,45.98,17.4,10.62,35.6,17.42,17.4,223.8,32.61,1.146,,,,,,,,,-0.705,1.0,-34.01,7.919,8.86,,,,45.99,17.41,10.85,35.6,17.43,17.41,224.5,32.67,1.468,,,,,,,,,-0.69,1.0,-31.22,11.17,12.12,,,,45.97,17.39,10.44,35.59,17.4,17.39,222.6,32.58,1.022,,,,,,,,,-0.812,1.0,-42.76,4.563,5.663,,,,0.004,0.004,0.072,0.002,0.004,0.004,0.284,0.014,0.058,,,,,,,,,0.035,0.0,2.972,1.793,1.747
7/18/2026 22:07:34,2026-07-18 16:20:00,,,,45.99,17.4,10.62,35.6,17.43,17.41,223.6,32.62,1.093,,,,,,,,,-0.698,1.0,-33.34,5.869,6.696,,,,46.0,17.41,10.87,35.6,17.44,17.42,224.3,32.66,1.465,,,,,,,,,-0.692,1.0,-31.36,9.02,9.54,,,,45.98,17.39,10.43,35.59,17.42,17.4,222.8,32.58,0.974,,,,,,,,,-0.778,1.0,-38.24,0.907,1.306,,,,0.004,0.003,0.076,0.002,0.003,0.003,0.286,0.015,0.063,,,,,,,,,0.018,0.0,1.526,2.104,2.033
7/18/2026 22:07:19,2026-07-18 16:30:00,,,,46.0,17.41,10.62,35.6,17.43,17.42,223.4,32.63,1.053,,,,,,,,,-0.7,1.0,-33.45,3.37,4.325,,,,46.01,17.42,10.88,35.6,17.44,17.43,224.5,32.66,1.353,,,,,,,,,-0.693,1.0,-31.62,5.601,6.235,,,,45.98,17.4,10.45,35.59,17.42,17.4,222.7,32.57,0.94,,,,,,,,,-0.795,1.0,-38.94,0.907,1.306,,,,0.005,0.005,0.074,0.002,0.004,0.005,0.264,0.014,0.062,,,,,,,,,0.022,0.0,1.558,1.23,1.269
7/18/2026 22:02:03,2026-07-18 22:00:00,,,,45.78,17.18,10.65,35.61,17.21,17.19,223.0,32.75,1.111,,,,,,,,,-0.698,1.0,-33.38,1.155,1.719,,,,45.8,17.19,10.86,35.63,17.22,17.2,223.8,32.79,1.448,,,,,,,,,-0.691,1.0,-31.02,3.433,4.027,,,,45.76,17.15,10.39,35.6,17.2,17.17,222.2,32.7,0.98,,,,,,,,,-0.795,1.0,-40.17,0.449,0.31,,,,0.007,0.007,0.069,0.003,0.006,0.006,0.278,0.015,0.063,,,,,,,,,0.022,0.0,2.01,0.792,1.192
7/18/2026 21:59:31,2026-07-18 16:40:00,,,,46.01,17.42,10.62,35.6,17.44,17.43,223.4,32.63,1.049,,,,,,,,,-0.698,1.0,-33.16,1.698,2.323,,,,46.01,17.43,10.86,35.6,17.45,17.43,224.2,32.67,1.453,,,,,,,,,-0.691,1.0,-31.17,3.452,4.03,,,,45.99,17.4,10.42,35.59,17.43,17.41,222.5,32.58,0.931,,,,,,,,,-0.773,1.0,-38.71,0.457,0.309,,,,0.004,0.004,0.074,0.002,0.003,0.003,0.285,0.015,0.066,,,,,,,,,0.017,0.0,1.63,1.05,1.283
7/18/2026 21:55:33,2026-07-18 16:50:00,,,,46.01,17.42,10.62,35.6,17.45,17.43,223.3,32.63,1.078,,,,,,,,,-0.702,1.0,-33.48,0.897,1.377,,,,46.02,17.43,10.92,35.6,17.46,17.44,224.4,32.67,1.601,,,,,,,,,-0.692,1.0,-31.67,1.893,2.954,,,,45.99,17.41,10.45,35.59,17.44,17.42,222.5,32.57,0.955,,,,,,,,,-0.793,1.0,-39.49,0.452,0.312,,,,0.005,0.004,0.073,0.002,0.003,0.004,0.277,0.015,0.075,,,,,,,,,0.022,0.0,1.713,0.383,0.701
7/18/2026 21:53:49,2026-07-18 17:00:00,,,,46.01,17.42,10.62,35.6,17.45,17.43,223.4,32.62,1.13,,,,,,,,,-0.698,1.0,-33.04,0.977,1.403,,,,46.02,17.43,10.86,35.61,17.46,17.44,224.3,32.68,1.703,,,,,,,,,-0.693,1.0,-30.44,1.907,2.951,,,,46.0,17.41,10.4,35.59,17.44,17.42,222.3,32.57,0.985,,,,,,,,,-0.711,1.0,-34.98,0.456,0.309,,,,0.004,0.003,0.075,0.002,0.003,0.003,0.291,0.015,0.081,,,,,,,,,0.006,0.0,1.115,0.5,0.791
7/18/2026 21:53:31,2026-07-18 17:10:00,,,,46.01,17.42,10.62,35.6,17.45,17.43,223.9,32.6,1.237,,,,,,,,,-0.708,1.0,-33.77,1.241,1.853,,,,46.02,17.43,10.84,35.6,17.46,17.44,225.0,32.64,1.789,,,,,,,,,-0.693,1.0,-31.14,1.911,2.951,,,,46.0,17.41,10.42,35.59,17.44,17.42,223.1,32.54,1.065,,,,,,,,,-0.814,1.0,-42.62,0.455,0.313,,,,0.004,0.004,0.069,0.002,0.002,0.003,0.318,0.016,0.084,,,,,,,,,0.033,0.0,2.715,0.613,0.875
7/18/2026 21:53:20,2026-07-18 19:30:00,,,,45.87,17.27,10.64,35.61,17.29,17.28,223.8,32.67,1.225,,,,,,,,,-0.69,1.0,-32.68,1.43,2.014,,,,45.88,17.29,10.86,35.62,17.31,17.29,224.6,32.72,1.697,,,,,,,,,-0.686,1.0,-30.75,4.534,5.12,,,,45.84,17.25,10.43,35.59,17.28,17.26,222.9,32.63,1.104,,,,,,,,,-0.74,1.0,-35.64,0.437,0.305,,,,0.007,0.007,0.072,0.003,0.005,0.006,0.278,0.015,0.073,,,,,,,,,0.011,0.0,1.317,1.19,1.623
7/18/2026 21:51:35,2026-07-18 21:50:00,,,,45.79,17.18,10.64,35.61,17.22,17.19,222.9,32.75,1.093,,,,,,,,,-0.699,1.0,-33.39,2.027,2.446,,,,45.81,17.21,10.88,35.62,17.24,17.21,223.9,32.8,1.698,,,,,,,,,-0.69,1.0,-30.77,3.453,4.036,,,,45.76,17.16,10.37,35.6,17.2,17.17,222.1,32.7,0.975,,,,,,,,,-0.798,1.0,-41.28,0.45,0.304,,,,0.008,0.008,0.071,0.003,0.008,0.008,0.291,0.016,0.068,,,,,,,,,0.023,0.0,2.173,1.275,1.532
7/18/2026 21:48:56,2026-07-18 19:40:00,,,,45.87,17.27,10.64,35.61,17.3,17.28,223.8,32.67,1.218,,,,,,,,,-0.695,1.0,-33.04,1.866,2.517,,,,45.89,17.29,10.89,35.62,17.31,17.29,224.8,32.73,1.561,,,,,,,,,-0.687,1.0,-30.99,4.536,5.116,,,,45.84,17.25,10.45,35.59,17.29,17.26,222.6,32.62,1.088,,,,,,,,,-0.801,1.0,-40.93,0.444,0.314,,,,0.008,0.007,0.075,0.003,0.004,0.007,0.283,0.015,0.073,,,,,,,,,0.025,0.0,2.092,1.128,1.27
7/18/2026 21:46:24,2026-07-18 19:50:00,,,,45.87,17.27,10.65,35.61,17.3,17.28,223.7,32.67,1.199,,,,,,,,,-0.694,1.0,-32.9,0.738,1.077,,,,45.89,17.29,10.86,35.62,17.31,17.29,224.4,32.72,2.416,,,,,,,,,-0.688,1.0,-30.92,1.882,2.406,,,,45.85,17.25,10.44,35.59,17.29,17.26,222.7,32.63,1.072,,,,,,,,,-0.789,1.0,-39.43,0.435,0.305,,,,0.007,0.007,0.076,0.003,0.004,0.006,0.286,0.015,0.091,,,,,,,,,0.022,0.0,1.855,0.36,0.659
7/18/2026 21:43:19,2026-07-18 21:40:00,,,,45.81,17.21,10.64,35.61,17.24,17.21,223.2,32.72,1.153,,,,,,,,,-0.699,1.0,-33.5,1.719,2.304,,,,45.83,17.23,10.83,35.62,17.26,17.24,224.2,32.77,1.651,,,,,,,,,-0.69,1.0,-30.4,3.449,4.03,,,,45.77,17.17,10.4,35.6,17.22,17.18,222.5,32.67,1.025,,,,,,,,,-0.8,1.0,-42.14,0.448,0.303,,,,0.012,0.012,0.065,0.003,0.007,0.012,0.303,0.018,0.073,,,,,,,,,0.023,0.0,2.346,1.028,1.213
7/18/2026 21:32:05,2026-07-18 21:30:00,,,,45.81,17.21,10.65,35.61,17.25,17.22,223.1,32.73,1.14,,,,,,,,,-0.694,1.0,-33.02,1.71,2.207,,,,45.83,17.23,10.99,35.63,17.26,17.24,224.2,32.77,1.431,,,,,,,,,-0.689,1.0,-31.28,3.461,4.024,,,,45.79,17.19,10.42,35.6,17.23,17.2,222.3,32.67,1.0,,,,,,,,,-0.714,1.0,-35.0,0.45,0.305,,,,0.007,0.007,0.071,0.004,0.006,0.006,0.319,0.017,0.068,,,,,,,,,0.006,0.0,1.09,0.822,1.093
7/18/2026 21:26:24,2026-07-18 20:00:00,,,,45.88,17.29,10.65,35.61,17.31,17.29,223.6,32.67,1.186,,,,,,,,,-0.691,1.0,-32.82,1.369,1.654,,,,45.9,17.3,10.94,35.62,17.32,17.31,224.4,32.71,1.504,,,,,,,,,-0.686,1.0,-31.09,3.444,4.587,,,,45.86,17.27,10.47,35.59,17.29,17.28,222.8,32.63,1.057,,,,,,,,,-0.708,1.0,-35.16,0.448,0.31,,,,0.007,0.007,0.074,0.003,0.006,0.006,0.271,0.014,0.069,,,,,,,,,0.005,0.0,1.167,1.17,1.562
7/18/2026 21:26:14,2026-07-18 20:10:00,,,,45.89,17.29,10.65,35.61,17.32,17.3,223.5,32.67,1.171,,,,,,,,,-0.701,1.0,-33.89,1.85,2.438,,,,45.91,17.31,10.98,35.61,17.33,17.31,224.4,32.71,1.636,,,,,,,,,-0.687,1.0,-31.1,4.549,5.662,,,,45.8,17.28,10.48,35.53,17.3,17.29,222.8,32.62,1.056,,,,,,,,,-0.812,1.0,-43.85,0.448,0.307,,,,0.007,0.006,0.078,0.004,0.005,0.005,0.282,0.015,0.068,,,,,,,,,0.035,0.0,2.985,1.478,1.715
7/18/2026 21:26:04,2026-07-18 20:20:00,,,,45.9,17.31,10.65,35.61,17.32,17.31,223.5,32.67,1.189,,,,,,,,,-0.696,1.0,-33.38,1.57,2.04,,,,45.92,17.32,10.9,35.62,17.34,17.33,224.4,32.71,1.446,,,,,,,,,-0.688,1.0,-31.21,3.463,4.568,,,,45.87,17.28,10.47,35.59,17.31,17.29,222.6,32.62,1.068,,,,,,,,,-0.787,1.0,-39.96,0.453,0.303,,,,0.008,0.008,0.072,0.003,0.006,0.007,0.269,0.014,0.069,,,,,,,,,0.021,0.0,1.913,1.154,1.424
7/18/2026 21:25:06,2026-07-18 20:30:00,,,,45.91,17.32,10.65,35.6,17.34,17.33,223.6,32.65,1.223,,,,,,,,,-0.696,1.0,-32.96,1.85,2.498,,,,45.93,17.34,10.95,35.62,17.35,17.34,224.4,32.71,1.633,,,,,,,,,-0.688,1.0,-30.78,3.453,4.587,,,,45.84,17.29,10.48,35.55,17.32,17.3,222.7,32.61,1.078,,,,,,,,,-0.794,1.0,-39.43,0.441,0.309,,,,0.009,0.009,0.073,0.004,0.006,0.008,0.259,0.014,0.078,,,,,,,,,0.022,0.0,1.744,1.176,1.499
7/18/2026 21:23:43,2026-07-18 20:40:00,,,,45.91,17.32,10.65,35.6,17.34,17.32,223.7,32.65,1.231,,,,,,,,,-0.697,1.0,-33.8,2.178,2.684,,,,45.93,17.33,10.83,35.62,17.36,17.34,224.5,32.7,1.959,,,,,,,,,-0.688,1.0,-32.2,4.537,5.126,,,,45.88,17.29,10.37,35.59,17.33,17.3,222.7,32.61,1.088,,,,,,,,,-0.806,1.0,-40.29,0.456,0.305,,,,0.008,0.007,0.066,0.004,0.005,0.007,0.259,0.014,0.081,,,,,,,,,0.025,0.0,1.816,1.204,1.263
7/18/2026 21:22:33,2026-07-18 20:50:00,,,,45.9,17.3,10.65,35.61,17.33,17.31,223.7,32.66,1.245,,,,,,,,,-0.697,1.0,-33.04,1.313,1.624,,,,45.92,17.32,10.86,35.62,17.35,17.32,224.6,32.7,1.576,,,,,,,,,-0.688,1.0,-30.81,4.542,5.111,,,,45.87,17.28,10.39,35.58,17.32,17.29,222.9,32.61,1.107,,,,,,,,,-0.796,1.0,-38.89,0.446,0.303,,,,0.008,0.008,0.07,0.004,0.006,0.008,0.28,0.015,0.076,,,,,,,,,0.023,0.0,1.771,1.235,1.591
7/18/2026 21:20:55,2026-07-18 21:20:00,,,,45.82,17.22,10.64,35.61,17.26,17.23,223.3,32.71,1.198,,,,,,,,,-0.699,1.0,-33.25,1.751,2.484,,,,45.84,17.24,10.85,35.62,17.28,17.25,224.2,32.76,1.735,,,,,,,,,-0.689,1.0,-31.27,4.546,5.657,,,,45.8,17.2,10.43,35.6,17.24,17.21,222.5,32.66,1.061,,,,,,,,,-0.776,1.0,-38.3,0.453,0.304,,,,0.007,0.006,0.07,0.003,0.007,0.006,0.293,0.016,0.078,,,,,,,,,0.019,0.0,1.671,1.109,1.291
7/18/2026 21:18:55,2026-07-18 21:00:00,,,,45.87,17.27,10.64,35.61,17.31,17.28,223.7,32.67,1.275,,,,,,,,,-0.696,1.0,-33.48,2.21,2.606,,,,45.89,17.29,10.84,35.62,17.34,17.3,224.6,32.72,1.639,,,,,,,,,-0.689,1.0,-31.86,4.54,5.125,,,,45.84,17.25,10.33,35.59,17.29,17.26,222.8,32.62,1.151,,,,,,,,,-0.773,1.0,-38.67,0.447,0.305,,,,0.01,0.009,0.074,0.004,0.009,0.009,0.294,0.016,0.078,,,,,,,,,0.018,0.0,1.536,1.679,1.909
7/18/2026 21:18:42,2026-07-18 21:10:00,,,,45.83,17.23,10.64,35.61,17.28,17.24,223.5,32.7,1.249,,,,,,,,,-0.704,1.0,-33.9,1.734,2.257,,,,45.86,17.27,10.86,35.62,17.31,17.27,224.6,32.76,1.514,,,,,,,,,-0.69,1.0,-31.43,3.459,5.657,,,,45.8,17.21,10.45,35.59,17.25,17.21,222.4,32.63,1.094,,,,,,,,,-0.815,1.0,-44.68,0.444,0.305,,,,0.013,0.014,0.071,0.004,0.013,0.014,0.319,0.019,0.074,,,,,,,,,0.036,0.0,3.133,1.239,1.679
7/18/2026 19:28:19,2026-07-18 17:20:00,,,,45.99,17.4,10.62,35.6,17.44,17.41,224.3,32.58,1.3,,,,,,,,,-0.694,1.0,-32.53,1.153,1.549,,,,46.01,17.42,10.85,35.61,17.45,17.43,225.1,32.63,1.891,,,,,,,,,-0.688,1.0,-30.89,1.914,2.951,,,,45.96,17.39,10.41,35.57,17.43,17.4,223.5,32.54,1.16,,,,,,,,,-0.709,1.0,-34.79,0.451,0.311,,,,0.008,0.008,0.071,0.003,0.006,0.008,0.287,0.015,0.078,,,,,,,,,0.005,0.0,1.089,0.625,0.926
7/18/2026 19:27:59,2026-07-18 17:30:00,,,,45.97,17.38,10.62,35.6,17.42,17.38,224.3,32.59,1.301,,,,,,,,,-0.69,1.0,-32.8,1.008,1.716,,,,45.99,17.4,10.84,35.61,17.44,17.4,225.0,32.64,1.848,,,,,,,,,-0.687,1.0,-31.33,1.915,2.966,,,,45.94,17.36,10.44,35.59,17.4,17.36,223.5,32.56,1.181,,,,,,,,,-0.695,1.0,-35.05,0.458,0.317,,,,0.009,0.009,0.069,0.003,0.008,0.009,0.271,0.015,0.07,,,,,,,,,0.002,0.0,1.072,0.552,0.828
7/18/2026 19:24:24,2026-07-18 19:20:00,,,,45.85,17.26,10.64,35.61,17.28,17.26,223.7,32.68,1.224,,,,,,,,,-0.689,1.0,-32.61,0.657,0.851,,,,45.87,17.27,10.84,35.62,17.29,17.27,224.4,32.72,1.658,,,,,,,,,-0.686,1.0,-30.9,1.885,2.843,,,,45.84,17.24,10.38,35.6,17.27,17.25,222.9,32.64,1.095,,,,,,,,,-0.703,1.0,-34.43,0.442,0.302,,,,0.006,0.005,0.074,0.003,0.004,0.005,0.285,0.015,0.074,,,,,,,,,0.004,0.0,0.983,0.348,0.636
7/18/2026 19:17:38,2026-07-18 19:10:00,,,,45.85,17.25,10.63,35.61,17.27,17.25,223.6,32.69,1.22,,,,,,,,,-0.699,1.0,-33.39,1.775,2.527,,,,45.86,17.26,10.9,35.62,17.28,17.27,224.3,32.73,1.583,,,,,,,,,-0.684,1.0,-30.73,3.452,4.036,,,,45.82,17.23,10.41,35.6,17.26,17.24,222.8,32.64,1.089,,,,,,,,,-0.809,1.0,-41.93,0.901,1.3,,,,0.005,0.005,0.072,0.003,0.004,0.004,0.276,0.014,0.075,,,,,,,,,0.035,0.0,2.826,0.692,0.669
7/18/2026 19:05:43,2026-07-18 19:00:00,,,,45.84,17.25,10.63,35.61,17.27,17.25,223.7,32.68,1.275,,,,,,,,,-0.692,1.0,-32.89,1.967,2.697,,,,45.86,17.26,10.83,35.62,17.28,17.26,224.7,32.72,1.607,,,,,,,,,-0.684,1.0,-30.98,3.467,4.037,,,,45.82,17.23,10.34,35.59,17.26,17.24,223.0,32.63,1.13,,,,,,,,,-0.794,1.0,-39.01,0.45,0.308,,,,0.005,0.005,0.072,0.003,0.004,0.004,0.284,0.015,0.075,,,,,,,,,0.024,0.0,1.781,0.898,1.09
7/18/2026 18:50:28,2026-07-18 18:50:00,,,,45.83,17.23,10.63,35.61,17.26,17.24,223.6,32.69,1.263,,,,,,,,,-0.694,1.0,-33.04,0.907,1.132,,,,45.85,17.25,10.86,35.62,17.27,17.26,224.6,32.74,1.63,,,,,,,,,-0.686,1.0,-31.43,1.913,2.952,,,,45.79,17.21,10.34,35.58,17.25,17.22,222.8,32.64,1.136,,,,,,,,,-0.789,1.0,-38.54,0.446,0.308,,,,0.007,0.007,0.074,0.003,0.004,0.006,0.273,0.015,0.071,,,,,,,,,0.022,0.0,1.641,0.599,0.974
7/18/2026 18:50:17,2026-07-18 17:40:00,,,,45.93,17.34,10.63,35.6,17.39,17.35,224.2,32.62,1.324,,,,,,,,,-0.69,1.0,-32.68,1.252,1.817,,,,45.96,17.37,10.84,35.61,17.41,17.37,225.0,32.65,1.815,,,,,,,,,-0.688,1.0,-30.64,3.465,4.036,,,,45.86,17.32,10.39,35.54,17.37,17.33,223.4,32.57,1.191,,,,,,,,,-0.693,1.0,-35.11,0.451,0.315,,,,0.012,0.012,0.075,0.004,0.011,0.012,0.262,0.015,0.076,,,,,,,,,0.001,0.0,1.134,0.93,1.107
7/18/2026 18:49:57,2026-07-18 17:50:00,,,,45.91,17.31,10.62,35.6,17.36,17.32,224.2,32.63,1.335,,,,,,,,,-0.691,1.0,-32.87,1.282,2.016,,,,45.93,17.33,10.85,35.62,17.37,17.34,225.1,32.67,1.707,,,,,,,,,-0.687,1.0,-31.21,2.107,4.58,,,,45.88,17.29,10.33,35.59,17.34,17.3,223.3,32.59,1.212,,,,,,,,,-0.694,1.0,-35.24,0.455,0.316,,,,0.009,0.009,0.07,0.003,0.009,0.008,0.275,0.015,0.073,,,,,,,,,0.002,0.0,1.176,0.622,1.123
7/18/2026 18:49:28,2026-07-18 18:30:00,,,,45.85,17.25,10.63,35.61,17.29,17.26,224.0,32.67,1.258,,,,,,,,,-0.694,1.0,-32.66,1.548,2.295,,,,45.86,17.27,10.85,35.62,17.3,17.27,224.9,32.71,1.746,,,,,,,,,-0.686,1.0,-30.42,1.9,2.952,,,,45.82,17.23,10.39,35.6,17.27,17.23,223.1,32.62,1.134,,,,,,,,,-0.786,1.0,-38.84,0.899,1.282,,,,0.008,0.009,0.071,0.003,0.006,0.008,0.304,0.017,0.073,,,,,,,,,0.022,0.0,1.695,0.467,0.41
7/18/2026 18:48:54,2026-07-18 18:40:00,,,,45.83,17.23,10.63,35.61,17.27,17.23,223.6,32.69,1.232,,,,,,,,,-0.691,1.0,-32.63,1.278,1.948,,,,45.84,17.24,10.87,35.62,17.28,17.25,224.4,32.74,1.71,,,,,,,,,-0.687,1.0,-30.88,3.462,4.027,,,,45.81,17.21,10.41,35.6,17.25,17.22,222.9,32.65,1.105,,,,,,,,,-0.739,1.0,-35.37,0.448,0.31,,,,0.006,0.006,0.07,0.003,0.007,0.006,0.283,0.015,0.073,,,,,,,,,0.011,0.0,1.184,0.717,0.901
7/18/2026 18:29:24,2026-07-18 18:00:00,,,,45.89,17.29,10.63,35.61,17.33,17.3,224.2,32.63,1.323,,,,,,,,,-0.69,1.0,-32.9,1.128,1.425,,,,45.9,17.31,10.83,35.62,17.35,17.31,225.0,32.68,1.669,,,,,,,,,-0.688,1.0,-31.11,1.914,2.944,,,,45.87,17.28,10.41,35.6,17.32,17.29,223.4,32.59,1.191,,,,,,,,,-0.694,1.0,-35.56,0.451,0.306,,,,0.005,0.005,0.067,0.002,0.006,0.005,0.289,0.015,0.07,,,,,,,,,0.001,0.0,1.131,0.651,0.887
7/18/2026 18:26:11,2026-07-18 18:10:00,,,,45.88,17.29,10.63,35.61,17.32,17.29,224.3,32.64,1.315,,,,,,,,,-0.701,1.0,-33.63,1.273,1.884,,,,45.9,17.3,10.83,35.62,17.33,17.31,225.2,32.68,1.615,,,,,,,,,-0.687,1.0,-30.89,3.031,2.954,,,,45.85,17.26,10.42,35.59,17.31,17.27,223.5,32.58,1.171,,,,,,,,,-0.807,1.0,-43.64,0.454,0.309,,,,0.008,0.008,0.064,0.003,0.004,0.008,0.272,0.015,0.078,,,,,,,,,0.033,0.0,2.893,0.704,0.933
7/18/2026 18:23:41,2026-07-18 18:20:00,,,,45.87,17.27,10.62,35.61,17.31,17.28,224.2,32.65,1.296,,,,,,,,,-0.693,1.0,-32.91,2.161,2.858,,,,45.88,17.29,10.82,35.62,17.32,17.29,225.2,32.69,1.567,,,,,,,,,-0.688,1.0,-30.79,3.458,4.587,,,,45.84,17.24,10.4,35.6,17.29,17.25,223.5,32.59,1.157,,,,,,,,,-0.774,1.0,-37.98,0.901,1.294,,,,0.009,0.01,0.067,0.002,0.006,0.009,0.284,0.016,0.071,,,,,,,,,0.019,0.0,1.691,0.949,0.953
7/18/2026 10:25:36,2026-07-18 10:20:00,,,,45.89,17.29,10.63,35.61,17.31,17.3,223.8,32.66,0.348,,,,,,,,,-0.689,1.0,-32.5,75.48,418.7,,,,45.9,17.3,10.9,35.62,17.32,17.3,224.7,32.7,0.769,,,,,,,,,-0.681,1.0,-30.84,97.3,512.7,,,,45.88,17.28,10.44,35.6,17.29,17.28,223.1,32.61,0.313,,,,,,,,,-0.773,1.0,-37.29,56.66,330.6,,,,0.004,0.003,0.075,0.001,0.005,0.003,0.283,0.015,0.027,,,,,,,,,0.019,0.0,1.485,11.71,45.45
7/18/2026 10:13:48,2026-07-18 10:10:00,,,,45.88,17.27,10.63,35.61,17.29,17.28,223.9,32.66,0.376,,,,,,,,,-0.695,1.0,-33.31,64.03,366.5,,,,45.89,17.29,10.83,35.62,17.3,17.3,224.8,32.7,0.63,,,,,,,,,-0.679,1.0,-30.5,90.5,523.9,,,,45.86,17.26,10.44,35.61,17.27,17.27,223.1,32.62,0.329,,,,,,,,,-0.808,1.0,-42.65,51.04,218.3,,,,0.007,0.007,0.07,0.001,0.006,0.007,0.274,0.014,0.026,,,,,,,,,0.036,0.0,3.068,11.75,78.14
7/18/2026 10:07:57,2026-07-18 10:00:00,,,,45.86,17.26,10.63,35.61,17.27,17.26,223.9,32.67,0.382,,,,,,,,,-0.686,1.0,-32.77,68.19,398.8,,,,45.87,17.27,10.86,35.62,17.29,17.28,224.7,32.71,0.494,,,,,,,,,-0.68,1.0,-30.85,82.2,490.5,,,,45.84,17.24,10.43,35.61,17.25,17.24,223.0,32.62,0.336,,,,,,,,,-0.732,1.0,-35.42,49.99,294.9,,,,0.006,0.006,0.07,0.001,0.007,0.006,0.279,0.015,0.017,,,,,,,,,0.011,0.0,1.431,8.33,46.17
7/18/2026 09:29:38,2026-07-18 09:20:00,,,,45.76,17.15,10.62,35.62,17.18,17.16,222.3,32.79,0.373,,,,,,,,,-0.691,1.0,-32.67,130.2,330.9,,,,45.79,17.18,10.81,35.62,17.19,17.19,223.6,32.85,0.688,,,,,,,,,-0.686,1.0,-30.77,211.6,513.3,,,,45.75,17.14,10.42,35.61,17.17,17.15,221.3,32.72,0.321,,,,,,,,,-0.714,1.0,-34.89,57.22,112.4,,,,0.008,0.008,0.065,0.001,0.003,0.007,0.336,0.019,0.027,,,,,,,,,0.006,0.0,1.145,50.26,116.8
7/18/2026 09:11:39,2026-07-18 09:10:00,,,,45.75,17.15,10.62,35.62,17.17,17.16,222.1,32.81,0.348,,,,,,,,,-0.702,1.0,-33.62,85.1,351.5,,,,45.79,17.18,10.82,35.62,17.19,17.19,223.5,32.89,0.461,,,,,,,,,-0.683,1.0,-31.05,186.3,493.0,,,,45.73,17.13,10.42,35.61,17.17,17.14,220.6,32.72,0.297,,,,,,,,,-0.807,1.0,-43.19,43.32,196.4,,,,0.014,0.014,0.064,0.001,0.005,0.014,0.567,0.035,0.023,,,,,,,,,0.035,0.0,3.059,46.07,79.91
7/18/2026 08:50:23,2026-07-18 08:50:00,,,,45.76,17.16,10.62,35.62,17.2,17.16,222.4,32.79,0.388,,,,,,,,,-0.692,1.0,-32.96,46.46,308.0,,,,45.79,17.18,10.82,35.62,17.23,17.19,224.0,32.87,0.54,,,,,,,,,-0.683,1.0,-30.48,55.52,506.6,,,,45.73,17.13,10.37,35.61,17.18,17.14,221.0,32.69,0.324,,,,,,,,,-0.763,1.0,-37.37,40.28,192.5,,,,0.019,0.02,0.064,0.001,0.013,0.02,0.651,0.042,0.034,,,,,,,,,0.016,0.0,1.549,4.162,60.35
7/18/2026 08:41:45,2026-07-18 08:40:00,,,,45.79,17.19,10.62,35.62,17.22,17.2,223.1,32.74,0.468,,,,,,,,,-0.693,1.0,-33.0,138.6,300.6,,,,45.8,17.19,10.84,35.62,17.24,17.2,223.8,32.79,0.652,,,,,,,,,-0.683,1.0,-30.79,215.8,435.3,,,,45.78,17.18,10.42,35.61,17.21,17.19,222.1,32.7,0.404,,,,,,,,,-0.803,1.0,-40.34,54.96,141.1,,,,0.003,0.003,0.063,0.001,0.004,0.003,0.297,0.016,0.046,,,,,,,,,0.025,0.0,2.049,57.38,62.28
7/18/2026 08:31:30,2026-07-18 04:40:00,,,,45.76,17.15,10.62,35.62,17.17,17.16,222.8,32.77,0.97,,,,,,,,,-0.706,1.0,-34.1,0.883,1.46,,,,45.77,17.17,10.8,35.62,17.2,17.18,223.9,32.83,1.184,,,,,,,,,-0.693,1.0,-31.82,0.928,1.857,,,,45.73,17.13,10.46,35.61,17.15,17.14,221.6,32.71,0.846,,,,,,,,,-0.812,1.0,-41.72,0.456,0.317,,,,0.008,0.008,0.057,0.002,0.009,0.008,0.35,0.02,0.052,,,,,,,,,0.025,0.0,2.112,0.102,0.34
7/18/2026 08:31:15,2026-07-18 08:30:00,,,,45.8,17.2,10.62,35.62,17.24,17.2,223.1,32.74,0.546,,,,,,,,,-0.691,1.0,-32.64,130.2,201.6,,,,45.81,17.2,10.8,35.62,17.26,17.21,223.8,32.77,0.93,,,,,,,,,-0.677,1.0,-31.37,180.1,347.0,,,,45.79,17.18,10.42,35.61,17.22,17.19,222.3,32.7,0.433,,,,,,,,,-0.709,1.0,-34.76,66.23,73.03,,,,0.005,0.005,0.064,0.001,0.007,0.004,0.281,0.015,0.079,,,,,,,,,0.007,0.0,0.861,24.84,76.39
7/18/2026 08:29:48,2026-07-18 05:30:00,,,,45.88,17.28,10.63,35.61,17.3,17.29,223.8,32.66,1.013,,,,,,,,,-0.709,1.0,-33.93,1.014,1.684,,,,45.9,17.3,10.9,35.62,17.32,17.3,224.7,32.71,1.692,,,,,,,,,-0.695,1.0,-32.16,1.888,2.41,,,,45.87,17.27,10.41,35.6,17.28,17.27,223.0,32.61,0.918,,,,,,,,,-0.823,1.0,-41.11,0.455,0.308,,,,0.008,0.008,0.076,0.002,0.011,0.008,0.292,0.016,0.054,,,,,,,,,0.027,0.0,1.977,0.334,0.481
7/18/2026 08:26:05,2026-07-18 05:40:00,,,,45.9,17.3,10.63,35.61,17.32,17.31,223.8,32.65,1.025,,,,,,,,,-0.706,1.0,-34.27,0.982,1.44,,,,45.91,17.31,10.85,35.61,17.34,17.32,224.7,32.7,1.237,,,,,,,,,-0.695,1.0,-31.03,1.89,2.391,,,,45.89,17.29,10.45,35.6,17.3,17.3,222.9,32.61,0.938,,,,,,,,,-0.746,1.0,-36.69,0.462,0.312,,,,0.005,0.005,0.07,0.002,0.008,0.005,0.292,0.015,0.045,,,,,,,,,0.012,0.0,1.277,0.412,0.491
7/18/2026 08:25:53,2026-07-18 05:50:00,,,,45.91,17.31,10.63,35.61,17.34,17.32,223.8,32.65,1.036,,,,,,,,,-0.712,1.0,-34.61,0.706,1.073,,,,45.92,17.32,10.84,35.61,17.35,17.33,224.7,32.69,1.279,,,,,,,,,-0.695,1.0,-32.09,0.918,1.849,,,,45.9,17.3,10.45,35.6,17.32,17.31,223.0,32.6,0.947,,,,,,,,,-0.83,1.0,-42.15,0.453,0.312,,,,0.004,0.004,0.072,0.001,0.008,0.004,0.298,0.016,0.051,,,,,,,,,0.029,0.0,2.299,0.224,0.338
7/18/2026 08:23:12,2026-07-18 08:20:00,,,,45.82,17.22,10.62,35.62,17.26,17.22,223.1,32.72,0.802,,,,,,,,,-0.701,1.0,-33.64,61.5,65.14,,,,45.84,17.24,10.81,35.62,17.29,17.24,224.0,32.79,0.997,,,,,,,,,-0.688,1.0,-31.13,91.7,106.3,,,,45.8,17.19,10.41,35.61,17.24,17.2,222.0,32.68,0.691,,,,,,,,,-0.751,1.0,-37.53,42.83,44.61,,,,0.01,0.011,0.063,0.002,0.01,0.011,0.297,0.017,0.042,,,,,,,,,0.013,0.0,1.506,13.05,15.18
7/18/2026 08:18:17,2026-07-18 06:30:00,,,,45.94,17.34,10.63,35.61,17.37,17.35,223.7,32.64,1.06,,,,,,,,,-0.709,1.0,-34.18,3.795,4.446,,,,45.95,17.35,10.86,35.61,17.39,17.35,224.8,32.68,1.389,,,,,,,,,-0.695,1.0,-31.53,7.275,7.339,,,,45.92,17.32,10.42,35.6,17.35,17.33,222.9,32.59,0.939,,,,,,,,,-0.747,1.0,-37.87,0.916,2.392,,,,0.004,0.004,0.072,0.002,0.007,0.004,0.299,0.016,0.059,,,,,,,,,0.014,0.0,1.506,1.454,1.161
7/18/2026 08:15:39,2026-07-18 06:40:00,,,,45.93,17.33,10.63,35.61,17.36,17.34,223.5,32.65,1.001,,,,,,,,,-0.709,1.0,-34.04,6.216,7.232,,,,45.94,17.34,10.89,35.61,17.38,17.35,224.4,32.7,1.452,,,,,,,,,-0.696,1.0,-31.31,8.44,8.84,,,,45.91,17.32,10.42,35.6,17.35,17.32,222.8,32.61,0.895,,,,,,,,,-0.815,1.0,-41.83,4.545,6.222,,,,0.005,0.004,0.073,0.002,0.008,0.004,0.294,0.016,0.057,,,,,,,,,0.025,0.0,2.166,0.89,0.699
7/18/2026 08:15:23,2026-07-18 06:50:00,,,,45.92,17.32,10.63,35.61,17.36,17.33,223.3,32.67,0.958,,,,,,,,,-0.711,1.0,-34.39,8.91,9.95,,,,45.93,17.33,10.84,35.61,17.37,17.33,224.2,32.72,1.394,,,,,,,,,-0.696,1.0,-31.88,12.9,14.04,,,,45.91,17.31,10.44,35.6,17.34,17.32,222.4,32.62,0.831,,,,,,,,,-0.807,1.0,-40.1,3.437,5.139,,,,0.003,0.003,0.074,0.001,0.008,0.003,0.316,0.016,0.052,,,,,,,,,0.024,0.0,1.839,3.011,2.789
7/18/2026 08:14:55,2026-07-18 08:10:00,,,,45.85,17.24,10.63,35.61,17.28,17.25,223.1,32.71,0.692,,,,,,,,,-0.707,1.0,-34.46,69.28,118.2,,,,45.86,17.26,10.82,35.62,17.3,17.26,224.1,32.75,0.952,,,,,,,,,-0.682,1.0,-30.83,91.7,325.5,,,,45.83,17.23,10.42,35.61,17.26,17.24,222.2,32.66,0.537,,,,,,,,,-0.824,1.0,-43.24,40.66,46.29,,,,0.007,0.007,0.068,0.002,0.007,0.007,0.272,0.014,0.065,,,,,,,,,0.038,0.0,3.261,14.26,61.52
7/18/2026 08:08:57,2026-07-18 07:00:00,,,,45.91,17.31,10.63,35.61,17.35,17.32,223.2,32.68,0.915,,,,,,,,,-0.709,1.0,-34.07,9.5,10.54,,,,45.92,17.32,10.87,35.61,17.37,17.33,224.1,32.72,1.326,,,,,,,,,-0.697,1.0,-31.52,17.43,19.61,,,,45.89,17.3,10.41,35.59,17.33,17.31,222.4,32.63,0.819,,,,,,,,,-0.817,1.0,-42.93,3.432,4.589,,,,0.004,0.004,0.073,0.002,0.007,0.004,0.298,0.016,0.05,,,,,,,,,0.026,0.0,2.326,4.653,5.199
7/18/2026 08:06:03,2026-07-18 08:00:00,,,,45.87,17.26,10.63,35.61,17.3,17.27,223.1,32.71,0.616,,,,,,,,,-0.69,1.0,-32.81,73.24,148.2,,,,45.87,17.27,10.88,35.62,17.31,17.28,223.9,32.75,0.891,,,,,,,,,-0.679,1.0,-30.18,114.0,326.6,,,,45.85,17.25,10.44,35.61,17.28,17.26,222.3,32.66,0.507,,,,,,,,,-0.7,1.0,-38.18,37.85,68.31,,,,0.004,0.004,0.069,0.001,0.006,0.004,0.284,0.015,0.056,,,,,,,,,0.007,0.0,1.843,24.44,71.63
7/18/2026 08:00:51,2026-07-18 07:10:00,,,,45.9,17.3,10.63,35.61,17.34,17.31,223.2,32.68,0.893,,,,,,,,,-0.715,1.0,-34.97,25.28,26.35,,,,45.91,17.31,10.87,35.62,17.36,17.32,224.0,32.73,1.132,,,,,,,,,-0.697,1.0,-31.93,32.89,33.51,,,,45.89,17.3,10.44,35.6,17.32,17.3,222.3,32.64,0.799,,,,,,,,,-0.832,1.0,-44.65,15.59,17.48,,,,0.003,0.003,0.073,0.002,0.008,0.002,0.304,0.016,0.044,,,,,,,,,0.037,0.0,2.986,5.818,5.542
7/18/2026 07:58:11,2026-07-18 07:20:00,,,,45.9,17.3,10.63,35.61,17.33,17.3,223.1,32.69,0.847,,,,,,,,,-0.706,1.0,-34.2,41.88,43.85,,,,45.9,17.3,10.95,35.62,17.35,17.31,224.0,32.75,1.633,,,,,,,,,-0.697,1.0,-31.5,62.69,74.06,,,,45.89,17.29,10.47,35.61,17.32,17.3,222.0,32.64,0.734,,,,,,,,,-0.729,1.0,-36.5,30.65,31.27,,,,0.003,0.003,0.073,0.001,0.007,0.003,0.3,0.016,0.07,,,,,,,,,0.009,0.0,1.245,8.38,10.37
7/18/2026 07:56:05,2026-07-18 07:30:00,,,,45.89,17.29,10.63,35.61,17.32,17.29,223.0,32.7,0.736,,,,,,,,,-0.698,1.0,-33.41,70.08,87.9,,,,45.9,17.29,10.87,35.61,17.34,17.3,224.2,32.74,1.341,,,,,,,,,-0.682,1.0,-31.39,82.8,164.4,,,,45.88,17.28,10.44,35.61,17.31,17.29,222.2,32.64,0.632,,,,,,,,,-0.721,1.0,-36.24,59.51,69.11,,,,0.003,0.003,0.072,0.001,0.006,0.003,0.289,0.015,0.051,,,,,,,,,0.009,0.0,1.547,5.9,21.87
7/18/2026 07:50:56,2026-07-18 07:50:00,,,,45.87,17.27,10.63,35.61,17.31,17.28,223.0,32.71,0.702,,,,,,,,,-0.692,1.0,-32.6,80.8,121.0,,,,45.88,17.28,10.84,35.62,17.32,17.29,223.7,32.76,0.992,,,,,,,,,-0.677,1.0,-30.05,103.0,246.0,,,,45.85,17.27,10.43,35.59,17.29,17.27,222.0,32.67,0.548,,,,,,,,,-0.712,1.0,-34.85,53.39,56.78,,,,0.003,0.003,0.068,0.002,0.006,0.003,0.271,0.014,0.072,,,,,,,,,0.008,0.0,1.104,14.76,57.9
7/18/2026 07:49:41,2026-07-18 07:40:00,,,,45.88,17.28,10.63,35.61,17.31,17.29,223.0,32.7,0.644,,,,,,,,,-0.689,1.0,-32.28,84.0,153.4,,,,45.89,17.29,10.87,35.62,17.33,17.29,224.0,32.74,0.993,,,,,,,,,-0.673,1.0,-29.61,109.6,270.1,,,,45.87,17.27,10.41,35.61,17.3,17.28,222.2,32.65,0.526,,,,,,,,,-0.705,1.0,-34.06,56.67,66.77,,,,0.003,0.003,0.073,0.001,0.005,0.003,0.277,0.014,0.058,,,,,,,,,0.01,0.0,1.266,15.58,59.91
7/18/2026 06:31:09,2026-07-18 06:00:00,,,,45.92,17.32,10.63,35.61,17.35,17.33,223.8,32.64,1.035,,,,,,,,,-0.713,1.0,-34.58,0.906,1.425,,,,45.93,17.33,10.85,35.61,17.37,17.34,224.8,32.69,1.3,,,,,,,,,-0.696,1.0,-32.17,1.897,2.943,,,,45.91,17.31,10.45,35.6,17.33,17.32,222.9,32.59,0.937,,,,,,,,,-0.805,1.0,-41.5,0.444,0.309,,,,0.004,0.004,0.073,0.001,0.008,0.004,0.312,0.016,0.056,,,,,,,,,0.022,0.0,1.889,0.373,0.68
7/18/2026 06:29:45,2026-07-18 06:10:00,,,,45.94,17.34,10.63,35.61,17.36,17.34,223.8,32.64,1.06,,,,,,,,,-0.716,1.0,-35.0,0.734,1.088,,,,45.94,17.34,10.86,35.61,17.38,17.35,224.7,32.68,1.386,,,,,,,,,-0.694,1.0,-31.53,0.936,1.842,,,,45.92,17.33,10.43,35.6,17.34,17.33,223.0,32.59,0.955,,,,,,,,,-0.838,1.0,-43.84,0.453,0.311,,,,0.004,0.004,0.073,0.002,0.008,0.004,0.299,0.016,0.061,,,,,,,,,0.037,0.0,2.994,0.22,0.433
7/18/2026 06:28:14,2026-07-18 06:20:00,,,,45.94,17.34,10.63,35.61,17.37,17.35,223.8,32.64,1.083,,,,,,,,,-0.712,1.0,-34.51,1.073,1.555,,,,45.95,17.35,10.89,35.61,17.39,17.35,224.6,32.69,1.355,,,,,,,,,-0.697,1.0,-31.98,1.902,2.961,,,,45.93,17.33,10.44,35.6,17.35,17.34,222.8,32.59,0.953,,,,,,,,,-0.81,1.0,-41.32,0.451,0.339,,,,0.003,0.002,0.079,0.001,0.007,0.002,0.289,0.015,0.067,,,,,,,,,0.024,0.0,2.013,0.505,0.669
7/18/2026 05:26:41,2026-07-18 04:50:00,,,,45.78,17.17,10.62,35.62,17.19,17.18,223.1,32.75,1.002,,,,,,,,,-0.705,1.0,-33.98,0.774,1.26,,,,45.79,17.19,10.82,35.62,17.21,17.19,224.1,32.81,1.223,,,,,,,,,-0.693,1.0,-31.79,0.931,1.856,,,,45.76,17.16,10.42,35.61,17.17,17.17,221.9,32.69,0.918,,,,,,,,,-0.802,1.0,-40.63,0.449,0.313,,,,0.006,0.006,0.067,0.002,0.009,0.006,0.296,0.016,0.05,,,,,,,,,0.023,0.0,1.958,0.208,0.406
7/18/2026 05:25:11,2026-07-18 05:10:00,,,,45.83,17.23,10.63,35.61,17.24,17.23,223.5,32.7,1.033,,,,,,,,,-0.714,1.0,-34.78,0.797,1.151,,,,45.85,17.25,10.87,35.62,17.27,17.25,224.5,32.74,1.218,,,,,,,,,-0.694,1.0,-31.75,1.894,2.405,,,,45.79,17.21,10.43,35.58,17.22,17.22,222.8,32.64,0.941,,,,,,,,,-0.828,1.0,-44.02,0.456,0.316,,,,0.009,0.009,0.072,0.002,0.01,0.009,0.29,0.016,0.05,,,,,,,,,0.036,0.0,2.979,0.325,0.408
7/18/2026 05:22:30,2026-07-18 05:20:00,,,,45.86,17.26,10.62,35.61,17.27,17.26,223.7,32.68,1.0,,,,,,,,,-0.707,1.0,-34.1,1.055,1.714,,,,45.88,17.27,10.81,35.62,17.3,17.28,224.6,32.72,1.26,,,,,,,,,-0.694,1.0,-32.15,1.892,2.403,,,,45.84,17.24,10.45,35.61,17.25,17.25,222.9,32.63,0.903,,,,,,,,,-0.784,1.0,-38.42,0.466,0.778,,,,0.007,0.007,0.068,0.002,0.01,0.007,0.289,0.016,0.05,,,,,,,,,0.02,0.0,1.401,0.393,0.414
7/18/2026 05:07:29,2026-07-18 05:00:00,,,,45.8,17.2,10.62,35.61,17.21,17.21,223.4,32.72,1.025,,,,,,,,,-0.7,1.0,-33.68,0.973,1.563,,,,45.82,17.22,10.84,35.62,17.24,17.22,224.2,32.77,1.241,,,,,,,,,-0.694,1.0,-31.53,1.893,2.412,,,,45.78,17.18,10.45,35.61,17.19,17.18,222.5,32.67,0.924,,,,,,,,,-0.715,1.0,-35.69,0.446,0.771,,,,0.009,0.01,0.067,0.002,0.011,0.01,0.299,0.017,0.051,,,,,,,,,0.008,0.0,1.192,0.492,0.458
7/18/2026 04:30:14,2026-07-18 04:30:00,,,,45.74,17.13,10.61,35.62,17.16,17.14,222.2,32.81,0.884,,,,,,,,,-0.7,1.0,-33.55,1.191,1.864,,,,45.75,17.14,10.79,35.62,17.18,17.15,223.2,32.88,1.115,,,,,,,,,-0.692,1.0,-31.2,1.909,2.41,,,,45.72,17.11,10.32,35.61,17.14,17.12,221.0,32.76,0.751,,,,,,,,,-0.797,1.0,-39.49,0.457,0.317,,,,0.007,0.006,0.062,0.002,0.007,0.006,0.348,0.02,0.053,,,,,,,,,0.022,0.0,1.824,0.548,0.557
7/18/2026 04:20:25,2026-07-18 04:20:00,,,,45.73,17.12,10.61,35.62,17.16,17.13,222.0,32.82,0.857,,,,,,,,,-0.7,1.0,-33.65,0.826,1.32,,,,45.74,17.13,10.79,35.62,17.17,17.14,222.9,32.88,1.187,,,,,,,,,-0.692,1.0,-31.35,1.911,2.399,,,,45.72,17.11,10.4,35.61,17.14,17.12,220.9,32.77,0.738,,,,,,,,,-0.797,1.0,-39.3,0.454,0.319,,,,0.005,0.005,0.06,0.002,0.007,0.004,0.342,0.019,0.053,,,,,,,,,0.023,0.0,1.655,0.323,0.47
7/18/2026 04:10:19,2026-07-18 04:10:00,,,,45.74,17.13,10.62,35.62,17.16,17.14,222.3,32.8,0.881,,,,,,,,,-0.706,1.0,-34.09,0.76,1.22,,,,45.76,17.15,10.84,35.62,17.18,17.16,223.5,32.86,1.073,,,,,,,,,-0.692,1.0,-31.74,0.924,1.853,,,,45.73,17.12,10.44,35.61,17.14,17.13,221.2,32.74,0.782,,,,,,,,,-0.82,1.0,-44.65,0.449,0.318,,,,0.008,0.008,0.057,0.002,0.007,0.008,0.38,0.022,0.052,,,,,,,,,0.035,0.0,3.017,0.21,0.335
7/18/2026 04:01:08,2026-07-18 04:00:00,,,,45.73,17.13,10.62,35.62,17.15,17.13,222.0,32.82,0.861,,,,,,,,,-0.701,1.0,-33.64,1.059,1.828,,,,45.74,17.13,10.77,35.62,17.17,17.14,223.0,32.87,1.303,,,,,,,,,-0.691,1.0,-31.79,1.896,2.411,,,,45.72,17.12,10.44,35.61,17.13,17.13,221.0,32.77,0.755,,,,,,,,,-0.827,1.0,-41.88,0.474,0.784,,,,0.003,0.003,0.06,0.002,0.007,0.003,0.302,0.016,0.051,,,,,,,,,0.029,0.0,2.092,0.367,0.327
7/18/2026 04:00:47,2026-07-18 03:30:00,,,,45.71,17.11,10.62,35.62,17.13,17.11,220.0,32.94,0.634,,,,,,,,,-0.699,1.0,-33.75,0.722,1.153,,,,45.72,17.11,10.82,35.62,17.15,17.12,221.0,33.01,0.846,,,,,,,,,-0.691,1.0,-31.42,0.92,1.853,,,,45.7,17.09,10.45,35.61,17.12,17.1,218.6,32.89,0.471,,,,,,,,,-0.798,1.0,-40.64,0.45,0.776,,,,0.003,0.003,0.063,0.002,0.006,0.002,0.4,0.021,0.062,,,,,,,,,0.023,0.0,1.943,0.212,0.224
7/18/2026 03:59:02,2026-07-18 03:40:00,,,,45.71,17.11,10.62,35.62,17.14,17.11,220.6,32.91,0.713,,,,,,,,,-0.696,1.0,-33.44,0.768,1.26,,,,45.72,17.11,10.87,35.62,17.15,17.12,221.6,32.97,0.896,,,,,,,,,-0.691,1.0,-31.58,0.922,2.4,,,,45.71,17.1,10.45,35.61,17.12,17.11,219.4,32.85,0.611,,,,,,,,,-0.743,1.0,-35.63,0.451,0.32,,,,0.003,0.002,0.061,0.002,0.007,0.002,0.314,0.016,0.045,,,,,,,,,0.011,0.0,1.221,0.197,0.468
7/18/2026 03:58:45,2026-07-18 03:50:00,,,,45.72,17.11,10.62,35.62,17.14,17.12,221.1,32.87,0.776,,,,,,,,,-0.695,1.0,-33.41,0.763,1.227,,,,45.73,17.13,10.83,35.62,17.16,17.13,222.8,32.93,1.085,,,,,,,,,-0.691,1.0,-31.46,0.925,1.856,,,,45.71,17.1,10.45,35.61,17.12,17.11,220.1,32.78,0.643,,,,,,,,,-0.713,1.0,-35.67,0.448,0.313,,,,0.007,0.007,0.061,0.002,0.007,0.007,0.546,0.031,0.07,,,,,,,,,0.005,0.0,1.135,0.207,0.519
7/18/2026 03:25:02,2026-07-18 03:20:00,,,,45.71,17.1,10.62,35.62,17.13,17.11,219.5,32.97,0.544,,,,,,,,,-0.699,1.0,-33.38,0.988,1.582,,,,45.72,17.11,10.82,35.62,17.15,17.12,220.5,33.01,0.862,,,,,,,,,-0.691,1.0,-31.34,1.894,2.4,,,,45.7,17.09,10.39,35.61,17.12,17.1,218.5,32.91,0.407,,,,,,,,,-0.793,1.0,-39.77,0.457,0.321,,,,0.004,0.003,0.064,0.002,0.006,0.003,0.365,0.019,0.064,,,,,,,,,0.022,0.0,1.746,0.339,0.426
7/18/2026 03:17:23,2026-07-18 03:10:00,,,,45.71,17.11,10.62,35.62,17.13,17.11,219.6,32.96,0.56,,,,,,,,,-0.706,1.0,-33.89,0.822,1.371,,,,45.72,17.11,10.83,35.62,17.15,17.12,220.8,33.01,0.742,,,,,,,,,-0.691,1.0,-31.44,1.758,1.851,,,,45.7,17.09,10.44,35.61,17.12,17.1,218.6,32.89,0.435,,,,,,,,,-0.816,1.0,-44.13,0.451,0.774,,,,0.003,0.003,0.066,0.002,0.007,0.002,0.353,0.019,0.053,,,,,,,,,0.036,0.0,3.048,0.296,0.4
7/18/2026 03:01:03,2026-07-18 03:00:00,,,,45.71,17.1,10.62,35.62,17.13,17.11,219.1,32.99,0.483,,,,,,,,,-0.701,1.0,-33.6,1.007,1.371,,,,45.72,17.11,10.8,35.62,17.14,17.12,220.1,33.05,0.687,,,,,,,,,-0.691,1.0,-31.31,1.895,2.402,,,,45.7,17.09,10.44,35.61,17.12,17.1,217.9,32.93,0.351,,,,,,,,,-0.859,1.0,-44.98,0.458,0.317,,,,0.004,0.004,0.061,0.002,0.006,0.003,0.402,0.021,0.061,,,,,,,,,0.036,0.0,2.812,0.395,0.572
7/18/2026 02:53:18,2026-07-18 02:50:00,,,,45.71,17.11,10.63,35.62,17.13,17.11,219.7,32.95,0.619,,,,,,,,,-0.697,1.0,-33.08,0.794,1.2,,,,45.72,17.11,10.83,35.63,17.15,17.12,220.7,33.0,0.842,,,,,,,,,-0.689,1.0,-30.63,1.891,1.859,,,,45.7,17.09,10.47,35.61,17.12,17.1,218.8,32.9,0.486,,,,,,,,,-0.799,1.0,-39.36,0.449,0.32,,,,0.004,0.004,0.061,0.002,0.006,0.003,0.308,0.016,0.053,,,,,,,,,0.023,0.0,1.782,0.327,0.384
7/18/2026 02:43:22,2026-07-18 02:30:00,,,,45.71,17.11,10.63,35.62,17.14,17.11,220.0,32.93,0.665,,,,,,,,,-0.696,1.0,-33.5,1.022,1.699,,,,45.72,17.11,10.83,35.63,17.15,17.12,220.8,32.97,0.816,,,,,,,,,-0.689,1.0,-31.26,1.91,2.407,,,,45.7,17.09,10.47,35.61,17.12,17.1,219.2,32.9,0.583,,,,,,,,,-0.797,1.0,-40.56,0.458,0.771,,,,0.004,0.004,0.062,0.002,0.006,0.003,0.273,0.014,0.04,,,,,,,,,0.023,0.0,2.268,0.397,0.417
7/18/2026 02:41:12,2026-07-18 02:40:00,,,,45.71,17.11,10.63,35.62,17.14,17.11,219.8,32.94,0.646,,,,,,,,,-0.697,1.0,-33.49,0.826,1.163,,,,45.72,17.12,10.8,35.63,17.15,17.12,221.0,32.99,0.887,,,,,,,,,-0.689,1.0,-31.32,1.891,2.395,,,,45.7,17.09,10.45,35.61,17.12,17.1,219.0,32.88,0.541,,,,,,,,,-0.799,1.0,-41.3,0.452,0.308,,,,0.005,0.004,0.057,0.002,0.006,0.004,0.297,0.016,0.044,,,,,,,,,0.024,0.0,2.044,0.356,0.616
7/18/2026 02:22:27,2026-07-18 02:20:00,,,,45.72,17.11,10.63,35.62,17.14,17.12,220.1,32.93,0.675,,,,,,,,,-0.697,1.0,-33.55,0.797,1.252,,,,45.72,17.12,10.84,35.62,17.15,17.12,221.2,32.99,1.337,,,,,,,,,-0.689,1.0,-30.84,1.893,2.354,,,,45.7,17.1,10.43,35.61,17.13,17.11,219.0,32.87,0.567,,,,,,,,,-0.793,1.0,-42.29,0.452,0.31,,,,0.004,0.004,0.06,0.002,0.006,0.003,0.344,0.018,0.056,,,,,,,,,0.022,0.0,2.34,0.198,0.438
7/18/2026 02:10:58,2026-07-18 02:10:00,,,,45.72,17.11,10.63,35.62,17.14,17.12,220.1,32.93,0.692,,,,,,,,,-0.703,1.0,-33.99,1.008,1.671,,,,45.73,17.12,10.84,35.62,17.15,17.13,221.0,32.97,0.904,,,,,,,,,-0.69,1.0,-31.1,1.893,2.405,,,,45.7,17.1,10.46,35.61,17.12,17.11,219.3,32.88,0.583,,,,,,,,,-0.815,1.0,-42.27,0.459,0.77,,,,0.004,0.004,0.062,0.002,0.006,0.003,0.28,0.015,0.049,,,,,,,,,0.034,0.0,2.696,0.324,0.383
7/18/2026 02:01:42,2026-07-18 02:00:00,,,,45.72,17.11,10.63,35.62,17.14,17.12,220.2,32.92,0.703,,,,,,,,,-0.692,1.0,-32.91,0.962,1.639,,,,45.73,17.12,10.87,35.62,17.15,17.13,221.1,32.97,1.039,,,,,,,,,-0.688,1.0,-31.09,1.896,2.404,,,,45.7,17.1,10.41,35.61,17.13,17.11,219.3,32.88,0.597,,,,,,,,,-0.705,1.0,-35.5,0.456,0.779,,,,0.004,0.004,0.065,0.002,0.006,0.003,0.307,0.016,0.048,,,,,,,,,0.003,0.0,1.179,0.338,0.469
7/18/2026 01:50:23,2026-07-18 01:50:00,,,,45.72,17.11,10.64,35.62,17.14,17.12,220.2,32.92,0.705,,,,,,,,,-0.697,1.0,-33.63,0.969,1.618,,,,45.73,17.12,10.87,35.62,17.15,17.13,221.0,32.98,1.075,,,,,,,,,-0.688,1.0,-31.58,1.893,2.407,,,,45.71,17.1,10.46,35.61,17.13,17.11,219.1,32.88,0.593,,,,,,,,,-0.81,1.0,-40.5,0.448,0.316,,,,0.003,0.003,0.065,0.002,0.006,0.003,0.304,0.016,0.053,,,,,,,,,0.026,0.0,1.881,0.387,0.561
7/18/2026 01:49:09,2026-07-18 01:40:00,,,,45.72,17.11,10.64,35.62,17.14,17.12,220.1,32.93,0.696,,,,,,,,,-0.695,1.0,-33.4,0.855,1.325,,,,45.73,17.12,10.85,35.62,17.15,17.13,221.1,32.97,0.934,,,,,,,,,-0.687,1.0,-31.11,1.893,2.401,,,,45.71,17.11,10.49,35.61,17.13,17.11,219.3,32.88,0.569,,,,,,,,,-0.797,1.0,-39.2,0.451,0.317,,,,0.003,0.003,0.058,0.002,0.006,0.003,0.324,0.017,0.054,,,,,,,,,0.023,0.0,1.826,0.299,0.523
7/18/2026 01:32:00,2026-07-18 01:30:00,,,,45.72,17.11,10.63,35.62,17.14,17.12,220.2,32.92,0.716,,,,,,,,,-0.695,1.0,-33.03,0.847,1.37,,,,45.73,17.12,10.8,35.62,17.15,17.13,221.1,32.96,0.913,,,,,,,,,-0.687,1.0,-30.33,1.897,1.863,,,,45.71,17.11,10.43,35.61,17.13,17.11,219.5,32.88,0.621,,,,,,,,,-0.793,1.0,-39.88,0.453,0.315,,,,0.003,0.003,0.064,0.002,0.006,0.002,0.287,0.015,0.047,,,,,,,,,0.023,0.0,1.928,0.309,0.457
7/18/2026 01:26:57,2026-07-18 01:20:00,,,,45.72,17.11,10.63,35.62,17.14,17.12,220.5,32.91,0.755,,,,,,,,,-0.692,1.0,-33.09,1.02,1.416,,,,45.73,17.12,10.84,35.62,17.15,17.13,221.4,32.95,1.015,,,,,,,,,-0.687,1.0,-30.54,1.901,2.396,,,,45.71,17.1,10.44,35.61,17.13,17.11,219.7,32.86,0.671,,,,,,,,,-0.744,1.0,-36.07,0.457,0.765,,,,0.003,0.003,0.059,0.002,0.006,0.003,0.274,0.014,0.048,,,,,,,,,0.012,0.0,1.51,0.466,0.474
7/18/2026 01:13:22,2026-07-18 01:10:00,,,,45.72,17.11,10.64,35.62,17.14,17.12,220.6,32.9,0.769,,,,,,,,,-0.701,1.0,-33.67,0.86,1.292,,,,45.73,17.12,10.83,35.62,17.15,17.13,221.3,32.95,1.099,,,,,,,,,-0.687,1.0,-31.39,1.904,2.405,,,,45.71,17.1,10.44,35.61,17.13,17.11,219.7,32.87,0.69,,,,,,,,,-0.811,1.0,-42.56,0.446,0.314,,,,0.004,0.004,0.061,0.002,0.006,0.003,0.274,0.014,0.05,,,,,,,,,0.035,0.0,2.776,0.405,0.583
7/18/2026 01:08:47,2026-07-18 00:30:00,,,,45.72,17.12,10.64,35.62,17.14,17.12,220.7,32.9,0.762,,,,,,,,,-0.695,1.0,-33.31,0.805,1.383,,,,45.73,17.12,10.84,35.62,17.16,17.13,221.4,32.93,1.006,,,,,,,,,-0.685,1.0,-30.89,0.92,1.862,,,,45.71,17.11,10.43,35.61,17.13,17.12,220.0,32.86,0.681,,,,,,,,,-0.797,1.0,-39.55,0.462,0.325,,,,0.003,0.003,0.063,0.002,0.005,0.003,0.252,0.013,0.049,,,,,,,,,0.024,0.0,1.889,0.179,0.441
7/18/2026 01:01:23,2026-07-18 01:00:00,,,,45.72,17.12,10.64,35.62,17.14,17.12,220.6,32.9,0.772,,,,,,,,,-0.694,1.0,-33.17,1.178,1.962,,,,45.73,17.12,10.86,35.62,17.16,17.13,221.5,32.95,1.136,,,,,,,,,-0.687,1.0,-31.16,1.908,2.957,,,,45.71,17.11,10.44,35.61,17.13,17.11,219.7,32.85,0.687,,,,,,,,,-0.799,1.0,-40.62,0.474,0.774,,,,0.004,0.003,0.066,0.002,0.005,0.003,0.286,0.015,0.049,,,,,,,,,0.024,0.0,2.02,0.483,0.541
7/18/2026 00:57:02,2026-07-18 00:40:00,,,,45.72,17.12,10.64,35.62,17.14,17.12,220.7,32.89,0.78,,,,,,,,,-0.689,1.0,-32.94,0.833,1.334,,,,45.73,17.12,10.87,35.62,17.16,17.13,221.7,32.94,0.984,,,,,,,,,-0.686,1.0,-30.71,1.901,2.407,,,,45.71,17.11,10.45,35.61,17.13,17.11,219.9,32.84,0.688,,,,,,,,,-0.695,1.0,-35.25,0.452,0.315,,,,0.003,0.003,0.068,0.002,0.005,0.003,0.269,0.014,0.05,,,,,,,,,0.002,0.0,1.12,0.412,0.689
7/18/2026 00:56:52,2026-07-18 00:50:00,,,,45.72,17.12,10.63,35.62,17.14,17.12,220.6,32.9,0.781,,,,,,,,,-0.695,1.0,-33.12,1.041,1.598,,,,45.73,17.12,10.91,35.62,17.16,17.13,221.5,32.95,1.013,,,,,,,,,-0.685,1.0,-30.58,1.911,2.407,,,,45.71,17.11,10.41,35.61,17.13,17.12,219.7,32.86,0.672,,,,,,,,,-0.808,1.0,-40.39,0.467,0.692,,,,0.003,0.003,0.063,0.002,0.005,0.002,0.268,0.014,0.05,,,,,,,,,0.026,0.0,2.165,0.398,0.414
7/18/2026 00:23:46,2026-07-17 20:30:00,,,,45.79,17.19,10.64,35.61,17.21,17.2,224.2,32.68,1.275,,,,,,,,,-0.692,1.0,-33.04,1.009,1.492,,,,45.81,17.21,10.83,35.62,17.22,17.21,225.1,32.74,1.589,,,,,,,,,-0.689,1.0,-30.87,1.897,2.399,,,,45.77,17.17,10.47,35.61,17.19,17.18,223.1,32.63,1.098,,,,,,,,,-0.694,1.0,-34.82,0.457,0.32,,,,0.01,0.01,0.059,0.002,0.007,0.009,0.371,0.022,0.085,,,,,,,,,0.002,0.0,1.121,0.472,0.566
7/18/2026 00:21:57,2026-07-18 00:20:00,,,,45.72,17.12,10.64,35.62,17.14,17.12,220.7,32.9,0.735,,,,,,,,,-0.693,1.0,-33.39,0.827,1.363,,,,45.73,17.12,10.84,35.62,17.15,17.13,221.6,32.94,1.019,,,,,,,,,-0.686,1.0,-30.94,1.81,2.404,,,,45.71,17.11,10.47,35.61,17.13,17.12,219.9,32.85,0.647,,,,,,,,,-0.788,1.0,-38.3,0.461,0.321,,,,0.003,0.002,0.061,0.001,0.005,0.002,0.275,0.014,0.047,,,,,,,,,0.022,0.0,1.563,0.304,0.472
7/18/2026 00:17:57,2026-07-17 22:10:00,,,,45.74,17.13,10.65,35.61,17.16,17.14,221.8,32.83,0.941,,,,,,,,,-0.698,1.0,-33.52,0.908,1.435,,,,45.74,17.14,10.86,35.62,17.17,17.15,222.8,32.88,1.216,,,,,,,,,-0.686,1.0,-31.41,1.665,2.403,,,,45.73,17.12,10.5,35.61,17.15,17.13,220.8,32.78,0.797,,,,,,,,,-0.813,1.0,-45.49,0.456,0.314,,,,0.003,0.003,0.067,0.001,0.003,0.003,0.313,0.017,0.067,,,,,,,,,0.033,0.0,3.131,0.223,0.445
7/18/2026 00:17:45,2026-07-17 22:20:00,,,,45.74,17.13,10.65,35.61,17.16,17.14,221.7,32.83,0.915,,,,,,,,,-0.691,1.0,-33.0,0.812,1.279,,,,45.75,17.14,10.86,35.62,17.17,17.15,222.4,32.87,1.181,,,,,,,,,-0.686,1.0,-31.17,1.332,2.398,,,,45.73,17.12,10.48,35.61,17.15,17.13,221.0,32.79,0.789,,,,,,,,,-0.72,1.0,-35.06,0.456,0.315,,,,0.003,0.003,0.066,0.001,0.003,0.002,0.3,0.016,0.06,,,,,,,,,0.008,0.0,1.207,0.226,0.52
7/18/2026 00:15:12,2026-07-17 22:30:00,,,,45.74,17.13,10.65,35.62,17.16,17.14,221.6,32.84,0.912,,,,,,,,,-0.688,1.0,-32.75,1.171,1.805,,,,45.75,17.14,10.86,35.62,17.17,17.15,222.4,32.88,1.186,,,,,,,,,-0.685,1.0,-30.95,1.9,2.759,,,,45.73,17.12,10.47,35.61,17.15,17.13,220.7,32.79,0.785,,,,,,,,,-0.707,1.0,-34.87,0.466,0.765,,,,0.004,0.003,0.069,0.002,0.003,0.003,0.308,0.016,0.062,,,,,,,,,0.005,0.0,1.216,0.517,0.588
7/18/2026 00:14:20,2026-07-17 22:40:00,,,,45.73,17.13,10.65,35.62,17.16,17.14,221.5,32.85,0.877,,,,,,,,,-0.687,1.0,-32.76,0.83,1.434,,,,45.74,17.14,10.84,35.62,17.17,17.15,222.4,32.89,1.129,,,,,,,,,-0.684,1.0,-30.85,0.934,2.392,,,,45.72,17.12,10.5,35.61,17.15,17.13,220.6,32.8,0.765,,,,,,,,,-0.703,1.0,-34.53,0.46,0.765,,,,0.003,0.003,0.063,0.001,0.003,0.003,0.284,0.015,0.054,,,,,,,,,0.004,0.0,1.041,0.182,0.446
7/18/2026 00:14:02,2026-07-17 22:50:00,,,,45.73,17.13,10.65,35.62,17.16,17.14,221.3,32.86,0.826,,,,,,,,,-0.686,1.0,-32.34,0.856,1.398,,,,45.74,17.13,10.89,35.62,17.17,17.14,222.2,32.9,1.052,,,,,,,,,-0.684,1.0,-30.58,1.898,2.392,,,,45.72,17.12,10.47,35.61,17.15,17.13,220.5,32.81,0.738,,,,,,,,,-0.7,1.0,-34.0,0.456,0.318,,,,0.003,0.002,0.065,0.002,0.003,0.002,0.289,0.015,0.053,,,,,,,,,0.003,0.0,0.972,0.309,0.459
7/18/2026 00:10:34,2026-07-18 00:10:00,,,,45.72,17.12,10.64,35.62,17.14,17.12,220.6,32.9,0.719,,,,,,,,,-0.699,1.0,-33.42,0.871,1.359,,,,45.73,17.12,10.83,35.62,17.15,17.13,221.5,32.94,1.051,,,,,,,,,-0.685,1.0,-30.73,0.926,1.852,,,,45.71,17.11,10.47,35.61,17.13,17.12,219.8,32.86,0.61,,,,,,,,,-0.809,1.0,-42.48,0.458,0.315,,,,0.003,0.002,0.059,0.001,0.005,0.002,0.281,0.015,0.052,,,,,,,,,0.035,0.0,2.939,0.138,0.364
7/18/2026 00:10:24,2026-07-17 23:00:00,,,,45.73,17.13,10.65,35.62,17.16,17.14,221.6,32.84,0.872,,,,,,,,,-0.687,1.0,-32.77,1.121,1.69,,,,45.74,17.14,10.84,35.62,17.17,17.14,222.3,32.88,1.165,,,,,,,,,-0.684,1.0,-31.35,1.904,2.948,,,,45.72,17.12,10.47,35.61,17.15,17.12,220.8,32.8,0.773,,,,,,,,,-0.702,1.0,-35.12,0.454,0.313,,,,0.004,0.003,0.063,0.002,0.003,0.003,0.269,0.014,0.058,,,,,,,,,0.005,0.0,1.236,0.538,0.792
7/18/2026 00:08:35,2026-07-17 23:10:00,,,,45.74,17.13,10.64,35.62,17.16,17.14,221.6,32.84,0.873,,,,,,,,,-0.696,1.0,-33.27,0.923,1.484,,,,45.74,17.14,10.81,35.62,17.17,17.14,222.4,32.89,1.158,,,,,,,,,-0.684,1.0,-30.98,1.794,1.849,,,,45.73,17.12,10.43,35.61,17.15,17.13,220.7,32.8,0.721,,,,,,,,,-0.806,1.0,-42.35,0.462,0.311,,,,0.003,0.003,0.06,0.002,0.004,0.003,0.334,0.018,0.064,,,,,,,,,0.034,0.0,2.939,0.246,0.412
7/18/2026 00:08:23,2026-07-17 23:20:00,,,,45.73,17.13,10.64,35.62,17.16,17.13,221.5,32.85,0.861,,,,,,,,,-0.686,1.0,-32.8,1.009,1.461,,,,45.74,17.13,10.82,35.62,17.17,17.14,222.3,32.9,1.385,,,,,,,,,-0.683,1.0,-30.47,1.911,2.401,,,,45.72,17.12,10.48,35.61,17.14,17.12,220.6,32.81,0.763,,,,,,,,,-0.691,1.0,-36.34,0.463,0.314,,,,0.003,0.003,0.057,0.002,0.004,0.003,0.284,0.015,0.06,,,,,,,,,0.002,0.0,1.468,0.413,0.605
7/18/2026 00:07:56,2026-07-17 23:30:00,,,,45.73,17.12,10.64,35.62,17.15,17.13,221.3,32.86,0.831,,,,,,,,,-0.687,1.0,-32.72,0.857,1.264,,,,45.74,17.13,10.81,35.62,17.16,17.14,222.2,32.9,1.241,,,,,,,,,-0.684,1.0,-30.48,1.895,2.394,,,,45.72,17.12,10.46,35.61,17.14,17.12,220.5,32.82,0.727,,,,,,,,,-0.7,1.0,-35.15,0.456,0.31,,,,0.003,0.003,0.06,0.002,0.004,0.002,0.277,0.014,0.058,,,,,,,,,0.003,0.0,1.205,0.404,0.671
7/18/2026 00:00:55,2026-07-18 00:00:00,,,,45.72,17.12,10.64,35.62,17.14,17.12,220.8,32.89,0.736,,,,,,,,,-0.687,1.0,-32.47,0.852,1.356,,,,45.73,17.12,10.82,35.62,17.16,17.13,221.7,32.93,0.923,,,,,,,,,-0.685,1.0,-30.44,0.93,1.858,,,,45.71,17.11,10.44,35.61,17.13,17.12,220.0,32.84,0.623,,,,,,,,,-0.688,1.0,-34.88,0.463,0.315,,,,0.003,0.003,0.063,0.002,0.005,0.002,0.283,0.015,0.047,,,,,,,,,0.001,0.0,1.199,0.162,0.397
7/17/2026 23:55:13,2026-07-17 23:40:00,,,,45.73,17.12,10.64,35.62,17.15,17.13,221.1,32.87,0.798,,,,,,,,,-0.686,1.0,-32.64,0.965,1.674,,,,45.73,17.13,10.85,35.62,17.16,17.14,222.1,32.92,0.966,,,,,,,,,-0.683,1.0,-30.74,1.9,2.413,,,,45.66,17.11,10.43,35.56,17.14,17.12,220.1,32.82,0.71,,,,,,,,,-0.693,1.0,-34.98,0.903,1.292,,,,0.004,0.003,0.062,0.003,0.004,0.002,0.268,0.014,0.047,,,,,,,,,0.002,0.0,1.043,0.215,0.305
7/17/2026 23:54:49,2026-07-17 23:50:00,,,,45.72,17.12,10.64,35.62,17.15,17.13,220.9,32.88,0.759,,,,,,,,,-0.687,1.0,-32.58,0.778,1.255,,,,45.73,17.13,10.79,35.62,17.16,17.13,221.9,32.93,0.949,,,,,,,,,-0.684,1.0,-31.12,0.928,1.858,,,,45.72,17.11,10.46,35.61,17.14,17.12,220.0,32.83,0.66,,,,,,,,,-0.693,1.0,-34.29,0.448,0.312,,,,0.003,0.002,0.059,0.002,0.004,0.002,0.278,0.015,0.048,,,,,,,,,0.002,0.0,1.054,0.209,0.487
7/17/2026 22:05:43,2026-07-17 22:00:00,,,,45.74,17.13,10.65,35.62,17.16,17.14,221.9,32.82,0.943,,,,,,,,,-0.695,1.0,-33.17,0.791,1.322,,,,45.74,17.14,10.86,35.62,17.17,17.15,222.7,32.89,1.242,,,,,,,,,-0.687,1.0,-31.0,0.996,1.845,,,,45.73,17.12,10.46,35.61,17.15,17.13,220.6,32.78,0.797,,,,,,,,,-0.794,1.0,-39.37,0.456,0.314,,,,0.003,0.003,0.065,0.001,0.003,0.002,0.317,0.017,0.065,,,,,,,,,0.023,0.0,1.8,0.203,0.478
7/17/2026 21:59:39,2026-07-17 20:40:00,,,,45.8,17.2,10.64,35.61,17.22,17.21,224.3,32.67,1.318,,,,,,,,,-0.694,1.0,-33.1,0.922,1.519,,,,45.81,17.21,10.84,35.62,17.23,17.21,225.2,32.71,1.75,,,,,,,,,-0.691,1.0,-31.3,1.895,2.392,,,,45.79,17.19,10.45,35.61,17.21,17.2,223.5,32.62,1.169,,,,,,,,,-0.707,1.0,-34.83,0.455,0.314,,,,0.004,0.004,0.059,0.002,0.003,0.004,0.274,0.014,0.075,,,,,,,,,0.003,0.0,1.009,0.369,0.482
7/17/2026 21:58:48,2026-07-17 21:30:00,,,,45.76,17.16,10.65,35.61,17.2,17.17,223.2,32.75,1.122,,,,,,,,,-0.697,1.0,-33.07,1.089,1.852,,,,45.78,17.17,10.89,35.62,17.21,17.18,224.3,32.8,1.903,,,,,,,,,-0.689,1.0,-31.19,1.911,2.95,,,,45.74,17.15,10.47,35.61,17.18,17.15,222.3,32.69,0.963,,,,,,,,,-0.811,1.0,-39.81,0.466,0.778,,,,0.006,0.006,0.067,0.001,0.006,0.005,0.339,0.019,0.08,,,,,,,,,0.026,0.0,1.79,0.434,0.545
7/17/2026 21:56:59,2026-07-17 21:40:00,,,,45.74,17.14,10.65,35.62,17.18,17.14,222.0,32.82,0.905,,,,,,,,,-0.696,1.0,-33.38,1.192,1.78,,,,45.76,17.15,10.86,35.62,17.2,17.16,223.4,32.89,1.248,,,,,,,,,-0.688,1.0,-31.42,1.913,2.956,,,,45.72,17.12,10.48,35.61,17.16,17.13,220.8,32.74,0.719,,,,,,,,,-0.796,1.0,-39.8,0.515,0.769,,,,0.008,0.008,0.071,0.002,0.008,0.008,0.548,0.031,0.101,,,,,,,,,0.023,0.0,1.745,0.473,0.52
7/17/2026 21:56:49,2026-07-17 21:50:00,,,,45.74,17.13,10.65,35.62,17.16,17.14,221.6,32.84,0.865,,,,,,,,,-0.692,1.0,-32.76,0.885,1.39,,,,45.74,17.14,10.9,35.62,17.17,17.14,222.5,32.89,1.094,,,,,,,,,-0.688,1.0,-30.29,1.902,2.397,,,,45.72,17.12,10.46,35.61,17.15,17.13,220.6,32.79,0.75,,,,,,,,,-0.733,1.0,-35.7,0.46,0.316,,,,0.003,0.003,0.07,0.001,0.003,0.003,0.301,0.016,0.056,,,,,,,,,0.01,0.0,1.165,0.286,0.53
7/17/2026 21:24:32,2026-07-17 21:20:00,,,,45.78,17.18,10.65,35.61,17.21,17.19,223.9,32.7,1.217,,,,,,,,,-0.696,1.0,-33.18,0.583,0.799,,,,45.8,17.19,10.92,35.62,17.22,17.2,224.8,32.75,1.546,,,,,,,,,-0.688,1.0,-30.66,0.934,1.847,,,,45.77,17.16,10.48,35.61,17.2,17.17,223.0,32.65,1.077,,,,,,,,,-0.783,1.0,-38.54,0.456,0.31,,,,0.004,0.004,0.071,0.001,0.005,0.004,0.308,0.017,0.073,,,,,,,,,0.02,0.0,1.738,0.189,0.503
7/17/2026 21:13:35,2026-07-17 21:00:00,,,,45.8,17.2,10.65,35.61,17.23,17.2,224.3,32.67,1.276,,,,,,,,,-0.692,1.0,-32.91,1.025,1.624,,,,45.81,17.21,10.83,35.62,17.24,17.21,225.0,32.72,1.604,,,,,,,,,-0.689,1.0,-31.14,1.905,2.403,,,,45.79,17.18,10.44,35.61,17.22,17.19,223.4,32.63,1.151,,,,,,,,,-0.695,1.0,-34.57,0.462,0.316,,,,0.005,0.005,0.061,0.002,0.003,0.004,0.279,0.014,0.074,,,,,,,,,0.001,0.0,0.997,0.418,0.607
7/17/2026 21:11:05,2026-07-17 21:10:00,,,,45.79,17.19,10.65,35.61,17.22,17.19,224.2,32.68,1.266,,,,,,,,,-0.704,1.0,-34.06,0.784,1.326,,,,45.8,17.2,10.84,35.62,17.23,17.2,225.1,32.73,1.632,,,,,,,,,-0.683,1.0,-31.52,0.93,1.849,,,,45.78,17.18,10.45,35.61,17.21,17.19,223.3,32.63,1.115,,,,,,,,,-0.852,1.0,-45.68,0.455,0.316,,,,0.004,0.003,0.061,0.002,0.004,0.003,0.296,0.016,0.078,,,,,,,,,0.041,0.0,3.303,0.199,0.302
7/17/2026 20:53:22,2026-07-17 20:50:00,,,,45.8,17.2,10.65,35.61,17.22,17.2,224.4,32.67,1.273,,,,,,,,,-0.692,1.0,-32.99,0.828,1.176,,,,45.81,17.2,10.81,35.62,17.23,17.21,225.3,32.72,1.607,,,,,,,,,-0.69,1.0,-31.12,1.893,2.398,,,,45.68,17.19,10.43,35.51,17.22,17.19,223.5,32.62,1.138,,,,,,,,,-0.695,1.0,-34.63,0.458,0.309,,,,0.007,0.004,0.059,0.005,0.003,0.004,0.292,0.015,0.07,,,,,,,,,0.001,0.0,1.033,0.319,0.46
7/17/2026 20:21:50,2026-07-17 20:20:00,,,,45.77,17.17,10.65,35.62,17.19,17.18,223.8,32.71,1.198,,,,,,,,,-0.691,1.0,-32.95,0.756,1.17,,,,45.78,17.18,10.83,35.62,17.2,17.18,224.7,32.76,1.748,,,,,,,,,-0.688,1.0,-30.99,0.928,1.843,,,,45.76,17.15,10.44,35.61,17.18,17.16,222.9,32.66,1.059,,,,,,,,,-0.702,1.0,-35.25,0.458,0.318,,,,0.005,0.005,0.053,0.002,0.003,0.005,0.299,0.016,0.075,,,,,,,,,0.003,0.0,1.145,0.216,0.391
7/17/2026 20:12:22,2026-07-17 20:10:00,,,,45.77,17.16,10.65,35.62,17.19,17.17,223.5,32.73,1.161,,,,,,,,,-0.702,1.0,-33.87,1.032,1.684,,,,45.78,17.17,10.88,35.62,17.2,17.18,224.6,32.78,1.478,,,,,,,,,-0.688,1.0,-31.18,1.905,2.417,,,,45.76,17.15,10.45,35.61,17.18,17.16,222.4,32.67,1.01,,,,,,,,,-0.81,1.0,-42.24,0.467,0.321,,,,0.004,0.003,0.059,0.002,0.003,0.003,0.36,0.019,0.074,,,,,,,,,0.033,0.0,2.691,0.433,0.502
7/17/2026 20:02:21,2026-07-17 20:00:00,,,,45.76,17.16,10.65,35.62,17.18,17.16,223.6,32.72,1.184,,,,,,,,,-0.69,1.0,-33.0,1.163,1.962,,,,45.77,17.17,10.84,35.62,17.19,17.17,224.3,32.77,1.564,,,,,,,,,-0.687,1.0,-30.72,1.909,2.419,,,,45.75,17.15,10.49,35.61,17.17,17.16,222.7,32.69,1.058,,,,,,,,,-0.702,1.0,-36.91,0.908,1.298,,,,0.004,0.003,0.059,0.002,0.003,0.003,0.279,0.015,0.075,,,,,,,,,0.003,0.0,1.321,0.425,0.333
7/17/2026 19:51:59,2026-07-17 19:30:00,,,,45.74,17.14,10.65,35.62,17.16,17.14,221.8,32.83,0.908,,,,,,,,,-0.686,1.0,-32.78,0.995,1.595,,,,45.75,17.15,10.83,35.62,17.17,17.15,222.7,32.87,1.15,,,,,,,,,-0.684,1.0,-30.62,1.895,2.412,,,,45.72,17.12,10.45,35.61,17.15,17.13,221.1,32.78,0.803,,,,,,,,,-0.7,1.0,-35.24,0.459,0.776,,,,0.004,0.004,0.053,0.002,0.003,0.004,0.32,0.018,0.058,,,,,,,,,0.004,0.0,1.271,0.361,0.514
7/17/2026 19:51:47,2026-07-17 19:40:00,,,,45.75,17.15,10.65,35.62,17.17,17.15,222.7,32.78,1.072,,,,,,,,,-0.688,1.0,-32.83,0.917,1.348,,,,45.76,17.15,10.82,35.62,17.18,17.16,223.6,32.83,1.659,,,,,,,,,-0.684,1.0,-31.24,1.9,2.399,,,,45.74,17.14,10.47,35.61,17.16,17.14,221.8,32.73,0.873,,,,,,,,,-0.706,1.0,-35.13,0.444,0.313,,,,0.004,0.004,0.056,0.002,0.004,0.003,0.314,0.017,0.07,,,,,,,,,0.006,0.0,0.989,0.373,0.569
7/17/2026 19:51:40,2026-07-17 19:50:00,,,,45.76,17.15,10.65,35.62,17.18,17.16,223.2,32.75,1.139,,,,,,,,,-0.69,1.0,-32.69,0.939,1.458,,,,45.77,17.16,10.81,35.62,17.19,17.17,224.0,32.8,1.627,,,,,,,,,-0.685,1.0,-29.59,1.909,2.4,,,,45.75,17.14,10.44,35.61,17.17,17.15,222.3,32.7,1.028,,,,,,,,,-0.727,1.0,-36.55,0.458,0.772,,,,0.004,0.004,0.055,0.002,0.003,0.003,0.298,0.016,0.068,,,,,,,,,0.009,0.0,1.379,0.359,0.419
7/17/2026 19:25:03,2026-07-17 18:30:00,,,,45.73,17.13,10.65,35.62,17.16,17.14,221.1,32.87,0.742,,,,,,,,,-0.687,1.0,-32.54,0.707,1.062,,,,45.74,17.14,10.83,35.62,17.16,17.14,221.8,32.91,0.912,,,,,,,,,-0.678,1.0,-30.44,0.921,1.842,,,,45.57,17.12,10.44,35.47,17.15,17.13,220.2,32.83,0.654,,,,,,,,,-0.785,1.0,-39.57,0.45,0.312,,,,0.007,0.003,0.063,0.006,0.003,0.003,0.258,0.014,0.045,,,,,,,,,0.023,0.0,1.931,0.214,0.373
7/17/2026 19:24:39,2026-07-17 19:10:00,,,,45.74,17.13,10.65,35.62,17.16,17.14,221.6,32.84,0.909,,,,,,,,,-0.695,1.0,-33.63,0.899,1.465,,,,45.74,17.14,10.81,35.62,17.17,17.14,222.7,32.88,1.145,,,,,,,,,-0.681,1.0,-30.64,1.902,1.858,,,,45.73,17.13,10.5,35.61,17.15,17.13,220.7,32.78,0.782,,,,,,,,,-0.839,1.0,-48.52,0.458,0.777,,,,0.003,0.003,0.055,0.002,0.003,0.002,0.293,0.015,0.063,,,,,,,,,0.039,0.0,4.045,0.282,0.346
7/17/2026 19:21:40,2026-07-17 19:20:00,,,,45.74,17.13,10.65,35.62,17.16,17.14,221.9,32.83,0.952,,,,,,,,,-0.685,1.0,-32.45,0.745,1.186,,,,45.75,17.14,10.83,35.62,17.17,17.15,222.7,32.87,1.195,,,,,,,,,-0.681,1.0,-30.09,1.446,1.852,,,,45.73,17.13,10.48,35.61,17.15,17.13,221.1,32.78,0.827,,,,,,,,,-0.698,1.0,-34.39,0.45,0.313,,,,0.003,0.003,0.054,0.002,0.003,0.002,0.283,0.015,0.059,,,,,,,,,0.004,0.0,1.244,0.268,0.426
7/17/2026 19:08:06,2026-07-17 18:40:00,,,,45.73,17.13,10.65,35.62,17.16,17.14,221.1,32.87,0.782,,,,,,,,,-0.687,1.0,-32.49,0.801,1.273,,,,45.74,17.13,10.9,35.62,17.16,17.14,222.0,32.91,1.241,,,,,,,,,-0.679,1.0,-30.58,0.921,1.863,,,,45.72,17.12,10.46,35.61,17.15,17.13,220.4,32.82,0.691,,,,,,,,,-0.788,1.0,-39.04,0.455,0.315,,,,0.002,0.002,0.063,0.001,0.003,0.002,0.269,0.014,0.054,,,,,,,,,0.023,0.0,1.793,0.197,0.55
7/17/2026 19:07:50,2026-07-17 18:50:00,,,,45.73,17.13,10.65,35.62,17.15,17.13,221.2,32.86,0.811,,,,,,,,,-0.688,1.0,-32.78,0.909,1.453,,,,45.74,17.13,10.87,35.62,17.16,17.14,222.1,32.9,1.051,,,,,,,,,-0.678,1.0,-30.88,1.905,2.407,,,,45.73,17.12,10.37,35.61,17.15,17.13,220.4,32.82,0.716,,,,,,,,,-0.791,1.0,-40.34,0.453,0.32,,,,0.002,0.002,0.061,0.001,0.003,0.002,0.263,0.014,0.052,,,,,,,,,0.024,0.0,2.055,0.266,0.49
7/17/2026 19:07:13,2026-07-17 19:00:00,,,,45.73,17.13,10.65,35.62,17.15,17.14,221.3,32.86,0.84,,,,,,,,,-0.688,1.0,-32.83,1.019,1.641,,,,45.74,17.14,10.86,35.62,17.16,17.14,222.4,32.91,1.078,,,,,,,,,-0.681,1.0,-29.27,1.907,2.404,,,,45.72,17.12,10.46,35.61,17.15,17.13,220.4,32.8,0.749,,,,,,,,,-0.758,1.0,-37.78,0.467,0.318,,,,0.003,0.003,0.061,0.002,0.002,0.002,0.272,0.014,0.056,,,,,,,,,0.016,0.0,2.039,0.317,0.475
7/17/2026 18:26:19,2026-07-17 18:20:00,,,,45.73,17.13,10.66,35.62,17.15,17.14,221.0,32.87,0.744,,,,,,,,,-0.686,1.0,-32.81,0.753,1.044,,,,45.74,17.13,10.93,35.62,17.16,17.14,222.0,32.91,0.968,,,,,,,,,-0.68,1.0,-30.07,0.918,1.571,,,,45.72,17.12,10.46,35.61,17.15,17.13,220.2,32.82,0.655,,,,,,,,,-0.78,1.0,-38.58,0.449,0.31,,,,0.003,0.003,0.067,0.002,0.003,0.002,0.272,0.014,0.046,,,,,,,,,0.022,0.0,1.842,0.204,0.345
7/17/2026 18:17:48,2026-07-17 17:30:00,,,,45.74,17.13,10.65,35.62,17.17,17.14,221.8,32.83,0.916,,,,,,,,,-0.684,1.0,-32.2,0.986,1.63,,,,45.75,17.15,10.84,35.62,17.19,17.15,222.9,32.89,1.222,,,,,,,,,-0.682,1.0,-30.29,1.909,2.404,,,,45.72,17.12,10.48,35.6,17.16,17.13,220.6,32.77,0.754,,,,,,,,,-0.687,1.0,-35.03,0.456,0.315,,,,0.005,0.005,0.062,0.002,0.006,0.005,0.42,0.023,0.075,,,,,,,,,0.001,0.0,1.167,0.431,0.639
7/17/2026 18:16:35,2026-07-17 17:40:00,,,,45.73,17.13,10.66,35.62,17.16,17.13,221.2,32.86,0.794,,,,,,,,,-0.685,1.0,-32.21,0.938,1.356,,,,45.74,17.13,10.86,35.63,17.17,17.14,222.0,32.91,0.969,,,,,,,,,-0.683,1.0,-30.25,1.909,2.404,,,,45.72,17.12,10.45,35.61,17.15,17.13,220.2,32.82,0.712,,,,,,,,,-0.695,1.0,-34.47,0.456,0.31,,,,0.004,0.003,0.065,0.002,0.003,0.003,0.295,0.015,0.045,,,,,,,,,0.003,0.0,1.191,0.357,0.398
7/17/2026 18:15:42,2026-07-17 17:50:00,,,,45.73,17.13,10.66,35.62,17.16,17.13,221.1,32.87,0.791,,,,,,,,,-0.684,1.0,-32.51,0.962,1.514,,,,45.74,17.14,10.88,35.62,17.16,17.14,221.9,32.91,0.946,,,,,,,,,-0.682,1.0,-30.35,1.9,2.394,,,,45.72,17.12,10.48,35.61,17.15,17.12,220.3,32.83,0.693,,,,,,,,,-0.697,1.0,-36.59,0.456,0.316,,,,0.004,0.004,0.07,0.002,0.003,0.003,0.274,0.014,0.045,,,,,,,,,0.003,0.0,1.448,0.337,0.485
7/17/2026 18:14:51,2026-07-17 18:10:00,,,,45.73,17.13,10.66,35.62,17.15,17.13,221.1,32.87,0.766,,,,,,,,,-0.693,1.0,-33.11,0.849,1.445,,,,45.74,17.13,10.9,35.62,17.16,17.14,222.1,32.92,0.973,,,,,,,,,-0.68,1.0,-30.31,0.995,1.856,,,,45.72,17.12,10.49,35.61,17.14,17.12,220.1,32.82,0.683,,,,,,,,,-0.804,1.0,-43.29,0.458,0.768,,,,0.004,0.003,0.066,0.002,0.003,0.003,0.26,0.014,0.046,,,,,,,,,0.034,0.0,3.051,0.164,0.369
7/17/2026 18:07:49,2026-07-17 18:00:00,,,,45.73,17.13,10.66,35.62,17.15,17.13,221.0,32.87,0.767,,,,,,,,,-0.683,1.0,-32.26,0.892,1.384,,,,45.74,17.13,10.84,35.62,17.16,17.14,221.7,32.92,1.025,,,,,,,,,-0.68,1.0,-29.92,1.889,2.392,,,,45.72,17.12,10.46,35.61,17.15,17.12,220.1,32.84,0.682,,,,,,,,,-0.687,1.0,-34.68,0.456,0.769,,,,0.004,0.003,0.067,0.002,0.003,0.003,0.272,0.014,0.048,,,,,,,,,0.002,0.0,1.094,0.28,0.397
7/17/2026 17:22:17,2026-07-17 17:20:00,,,,45.76,17.16,10.65,35.61,17.19,17.16,223.3,32.74,1.188,,,,,,,,,-0.685,1.0,-32.34,0.759,1.284,,,,45.77,17.17,10.84,35.62,17.21,17.17,224.6,32.83,1.571,,,,,,,,,-0.683,1.0,-30.71,1.888,1.857,,,,45.74,17.14,10.49,35.61,17.18,17.14,221.8,32.67,0.905,,,,,,,,,-0.69,1.0,-34.48,0.458,0.768,,,,0.009,0.009,0.066,0.002,0.005,0.009,0.585,0.034,0.125,,,,,,,,,0.002,0.0,0.977,0.207,0.299
7/17/2026 17:15:14,2026-07-17 17:10:00,,,,45.77,17.17,10.65,35.62,17.21,17.18,224.1,32.7,1.278,,,,,,,,,-0.695,1.0,-33.25,0.939,1.336,,,,45.79,17.19,10.9,35.62,17.23,17.19,225.0,32.76,1.611,,,,,,,,,-0.682,1.0,-30.24,1.896,2.411,,,,45.69,17.15,10.48,35.54,17.2,17.16,222.9,32.64,1.092,,,,,,,,,-0.802,1.0,-41.86,0.445,0.313,,,,0.008,0.006,0.068,0.003,0.007,0.006,0.343,0.019,0.078,,,,,,,,,0.033,0.0,2.727,0.513,0.589
7/17/2026 17:06:00,2026-07-17 17:00:00,,,,45.8,17.19,10.65,35.61,17.23,17.2,224.7,32.65,1.3,,,,,,,,,-0.686,1.0,-32.47,0.813,1.287,,,,45.81,17.21,10.89,35.62,17.24,17.21,225.9,32.71,1.722,,,,,,,,,-0.682,1.0,-31.08,1.896,1.865,,,,45.78,17.18,10.5,35.61,17.22,17.19,223.7,32.59,1.118,,,,,,,,,-0.714,1.0,-35.01,0.447,0.319,,,,0.006,0.006,0.057,0.002,0.005,0.005,0.351,0.019,0.086,,,,,,,,,0.007,0.0,1.082,0.322,0.521
7/17/2026 16:52:32,2026-07-17 11:00:00,,,,46.03,17.44,10.67,35.6,17.48,17.45,223.9,32.59,0.439,,,,,,,,,-0.681,1.0,-31.98,243.3,357.0,,,,46.04,17.45,10.87,35.6,17.49,17.46,225.2,32.63,0.669,,,,,,,,,-0.676,1.0,-30.43,270.7,458.4,,,,45.99,17.4,10.51,35.59,17.46,17.41,223.0,32.54,0.368,,,,,,,,,-0.696,1.0,-33.88,219.6,222.7,,,,0.008,0.009,0.062,0.002,0.006,0.008,0.323,0.016,0.042,,,,,,,,,0.004,0.0,0.875,11.03,69.96
7/17/2026 16:52:07,2026-07-17 11:10:00,,,,45.96,17.37,10.67,35.61,17.43,17.38,225.7,32.53,0.46,,,,,,,,,-0.691,1.0,-32.82,285.1,382.6,,,,46.0,17.41,10.88,35.61,17.47,17.41,226.6,32.61,0.719,,,,,,,,,-0.673,1.0,-29.53,326.5,488.8,,,,45.95,17.35,10.47,35.59,17.41,17.36,223.7,32.48,0.391,,,,,,,,,-0.808,1.0,-42.02,231.7,266.5,,,,0.007,0.008,0.068,0.002,0.016,0.008,0.365,0.018,0.031,,,,,,,,,0.036,0.0,2.985,21.59,75.58
7/17/2026 16:51:49,2026-07-17 11:20:00,,,,45.96,17.36,10.67,35.61,17.4,17.37,225.7,32.53,0.516,,,,,,,,,-0.678,1.0,-31.98,258.6,282.6,,,,45.97,17.38,10.87,35.61,17.42,17.38,226.6,32.58,0.776,,,,,,,,,-0.675,1.0,-30.53,303.3,425.4,,,,45.95,17.35,10.44,35.6,17.39,17.36,224.7,32.48,0.417,,,,,,,,,-0.682,1.0,-33.75,216.9,217.5,,,,0.006,0.005,0.068,0.002,0.005,0.005,0.283,0.015,0.048,,,,,,,,,0.002,0.0,0.991,23.58,48.78
7/17/2026 16:51:35,2026-07-17 12:40:00,,,,45.84,17.24,10.66,35.61,17.27,17.25,225.7,32.58,0.77,,,,,,,,,-0.68,1.0,-32.19,182.1,196.6,,,,45.86,17.25,10.84,35.62,17.28,17.25,226.6,32.64,1.124,,,,,,,,,-0.67,1.0,-29.41,237.8,276.5,,,,45.83,17.23,10.48,35.61,17.26,17.23,224.7,32.53,0.546,,,,,,,,,-0.778,1.0,-38.29,137.9,138.0,,,,0.006,0.005,0.064,0.002,0.004,0.005,0.298,0.016,0.102,,,,,,,,,0.024,0.0,1.956,33.15,50.19
7/17/2026 16:51:12,2026-07-17 16:50:00,,,,45.81,17.21,10.65,35.61,17.24,17.21,225.2,32.62,1.356,,,,,,,,,-0.683,1.0,-32.5,0.767,1.339,,,,45.82,17.22,10.87,35.62,17.25,17.23,226.1,32.68,1.681,,,,,,,,,-0.681,1.0,-31.07,0.927,1.85,,,,45.8,17.2,10.48,35.61,17.23,17.2,224.0,32.57,1.175,,,,,,,,,-0.689,1.0,-34.21,0.452,0.317,,,,0.004,0.004,0.063,0.002,0.004,0.004,0.323,0.017,0.086,,,,,,,,,0.002,0.0,1.133,0.198,0.421
7/17/2026 16:49:29,2026-07-17 14:30:00,,,,45.75,17.14,10.66,35.62,17.17,17.15,221.0,32.87,0.512,,,,,,,,,-0.67,1.0,-31.32,126.3,134.1,,,,45.75,17.15,10.91,35.62,17.18,17.15,221.9,32.9,0.593,,,,,,,,,-0.666,1.0,-29.61,145.8,151.4,,,,45.74,17.14,10.44,35.61,17.16,17.15,220.3,32.82,0.457,,,,,,,,,-0.676,1.0,-33.63,117.4,124.6,,,,0.003,0.002,0.071,0.002,0.003,0.001,0.254,0.013,0.021,,,,,,,,,0.002,0.0,1.156,7.703,5.949
7/17/2026 16:45:15,2026-07-17 14:40:00,,,,45.74,17.14,10.65,35.62,17.17,17.15,221.0,32.87,0.564,,,,,,,,,-0.669,1.0,-31.42,113.8,118.2,,,,45.75,17.15,10.85,35.62,17.18,17.15,222.0,32.91,0.806,,,,,,,,,-0.665,1.0,-29.85,125.0,134.1,,,,45.74,17.13,10.49,35.61,17.16,17.14,220.2,32.82,0.486,,,,,,,,,-0.674,1.0,-33.31,106.8,109.6,,,,0.003,0.002,0.063,0.002,0.003,0.002,0.277,0.015,0.033,,,,,,,,,0.002,0.0,0.958,5.349,7.561
7/17/2026 16:44:17,2026-07-17 14:50:00,,,,45.75,17.14,10.65,35.62,17.17,17.15,221.2,32.85,0.638,,,,,,,,,-0.67,1.0,-31.3,98.4,100.3,,,,45.75,17.15,10.87,35.62,17.18,17.15,222.3,32.9,0.794,,,,,,,,,-0.665,1.0,-29.8,113.5,114.6,,,,45.74,17.14,10.46,35.61,17.16,17.15,220.4,32.8,0.545,,,,,,,,,-0.683,1.0,-33.32,85.7,86.8,,,,0.003,0.002,0.068,0.002,0.003,0.001,0.289,0.015,0.043,,,,,,,,,0.005,0.0,1.117,8.99,8.99
7/17/2026 16:41:13,2026-07-17 15:00:00,,,,45.75,17.14,10.65,35.62,17.17,17.15,221.3,32.85,0.661,,,,,,,,,-0.675,1.0,-31.79,84.4,86.0,,,,45.76,17.15,10.82,35.62,17.18,17.15,222.2,32.9,0.764,,,,,,,,,-0.665,1.0,-29.55,102.4,103.5,,,,45.74,17.14,10.47,35.61,17.16,17.14,220.4,32.8,0.594,,,,,,,,,-0.727,1.0,-35.24,72.48,73.42,,,,0.003,0.002,0.064,0.002,0.003,0.002,0.281,0.015,0.028,,,,,,,,,0.015,0.0,1.528,9.39,9.75
7/17/2026 16:40:14,2026-07-17 16:40:00,,,,45.82,17.22,10.65,35.61,17.24,17.22,225.5,32.6,1.379,,,,,,,,,-0.684,1.0,-32.38,1.194,1.866,,,,45.83,17.22,10.84,35.62,17.25,17.23,226.7,32.65,1.951,,,,,,,,,-0.681,1.0,-30.02,1.894,2.951,,,,45.81,17.2,10.47,35.61,17.23,17.21,224.5,32.54,1.239,,,,,,,,,-0.687,1.0,-34.46,0.459,0.773,,,,0.004,0.003,0.056,0.002,0.003,0.003,0.288,0.015,0.086,,,,,,,,,0.001,0.0,1.148,0.503,0.649
7/17/2026 16:40:07,2026-07-17 16:30:00,,,,45.81,17.21,10.65,35.61,17.23,17.22,225.4,32.61,1.354,,,,,,,,,-0.687,1.0,-32.53,1.496,2.207,,,,45.82,17.22,10.8,35.62,17.24,17.22,226.3,32.66,1.788,,,,,,,,,-0.681,1.0,-30.92,3.444,3.476,,,,45.8,17.2,10.41,35.61,17.22,17.21,224.5,32.56,1.208,,,,,,,,,-0.73,1.0,-35.46,0.901,1.294,,,,0.004,0.003,0.06,0.002,0.004,0.003,0.295,0.015,0.074,,,,,,,,,0.011,0.0,1.31,0.638,0.555
7/17/2026 16:28:35,2026-07-17 15:10:00,,,,45.75,17.14,10.65,35.62,17.17,17.15,221.3,32.85,0.699,,,,,,,,,-0.684,1.0,-32.26,77.02,78.94,,,,45.76,17.15,10.85,35.62,17.18,17.16,222.2,32.89,0.928,,,,,,,,,-0.664,1.0,-29.57,94.2,97.9,,,,45.74,17.14,10.47,35.61,17.16,17.15,220.6,32.8,0.618,,,,,,,,,-0.797,1.0,-41.26,60.03,64.55,,,,0.003,0.002,0.06,0.002,0.003,0.002,0.284,0.015,0.031,,,,,,,,,0.035,0.0,2.903,10.31,10.57
7/17/2026 16:22:06,2026-07-17 16:20:00,,,,45.8,17.2,10.64,35.61,17.22,17.21,225.2,32.62,1.366,,,,,,,,,-0.685,1.0,-32.54,5.309,6.183,,,,45.82,17.21,10.81,35.62,17.23,17.22,226.2,32.68,1.679,,,,,,,,,-0.681,1.0,-30.91,8.44,9.54,,,,45.78,17.19,10.46,35.6,17.21,17.19,224.3,32.57,1.205,,,,,,,,,-0.7,1.0,-34.89,1.889,2.956,,,,0.005,0.005,0.06,0.003,0.005,0.004,0.33,0.017,0.069,,,,,,,,,0.005,0.0,1.14,1.771,1.869
7/17/2026 16:19:25,2026-07-17 16:10:00,,,,45.79,17.18,10.64,35.61,17.21,17.19,224.7,32.65,1.34,,,,,,,,,-0.693,1.0,-33.38,12.85,13.54,,,,45.81,17.2,10.84,35.62,17.22,17.2,225.7,32.71,1.671,,,,,,,,,-0.679,1.0,-30.35,17.86,18.59,,,,45.77,17.17,10.38,35.6,17.2,17.18,223.7,32.6,1.199,,,,,,,,,-0.801,1.0,-48.87,8.42,9.53,,,,0.006,0.006,0.063,0.003,0.004,0.006,0.341,0.019,0.061,,,,,,,,,0.032,0.0,3.931,2.857,2.91
7/17/2026 16:06:58,2026-07-17 16:00:00,,,,45.78,17.18,10.64,35.61,17.2,17.18,224.3,32.68,1.307,,,,,,,,,-0.687,1.0,-32.81,18.6,19.41,,,,45.79,17.18,10.86,35.62,17.21,17.19,225.2,32.73,1.542,,,,,,,,,-0.68,1.0,-30.06,22.43,23.47,,,,45.77,17.17,10.4,35.61,17.19,17.17,223.3,32.64,1.186,,,,,,,,,-0.783,1.0,-39.36,16.06,17.46,,,,0.004,0.003,0.063,0.002,0.004,0.003,0.303,0.016,0.052,,,,,,,,,0.022,0.0,2.126,1.829,1.623
7/17/2026 15:56:48,2026-07-17 15:20:00,,,,45.75,17.15,10.65,35.62,17.17,17.15,222.1,32.81,0.895,,,,,,,,,-0.684,1.0,-32.37,65.44,65.98,,,,45.76,17.15,10.84,35.62,17.18,17.16,223.2,32.86,1.223,,,,,,,,,-0.677,1.0,-29.82,84.5,84.6,,,,45.74,17.14,10.44,35.61,17.17,17.15,221.1,32.75,0.68,,,,,,,,,-0.759,1.0,-37.82,50.07,51.28,,,,0.003,0.002,0.064,0.002,0.003,0.001,0.377,0.02,0.112,,,,,,,,,0.018,0.0,1.634,9.43,9.28
7/17/2026 15:56:37,2026-07-17 15:30:00,,,,45.75,17.15,10.65,35.62,17.18,17.16,222.8,32.77,1.115,,,,,,,,,-0.686,1.0,-32.42,47.25,48.3,,,,45.77,17.16,10.84,35.62,17.18,17.16,223.9,32.82,1.309,,,,,,,,,-0.678,1.0,-30.27,50.61,51.84,,,,45.75,17.15,10.44,35.61,17.17,17.15,221.9,32.71,0.988,,,,,,,,,-0.788,1.0,-39.3,37.4,38.51,,,,0.003,0.002,0.058,0.002,0.003,0.002,0.294,0.016,0.045,,,,,,,,,0.024,0.0,1.831,3.905,4.175
7/17/2026 15:56:27,2026-07-17 15:50:00,,,,45.77,17.17,10.64,35.62,17.19,17.17,223.8,32.71,1.293,,,,,,,,,-0.686,1.0,-32.8,23.85,24.53,,,,45.78,17.17,10.8,35.62,17.2,17.18,224.9,32.76,1.525,,,,,,,,,-0.677,1.0,-30.45,26.8,27.92,,,,45.76,17.16,10.47,35.61,17.18,17.17,222.9,32.65,1.13,,,,,,,,,-0.791,1.0,-39.55,20.65,21.29,,,,0.003,0.002,0.056,0.002,0.003,0.002,0.293,0.015,0.052,,,,,,,,,0.024,0.0,1.951,1.309,1.268
7/17/2026 15:49:52,2026-07-17 15:40:00,,,,45.77,17.16,10.65,35.62,17.18,17.17,223.6,32.72,1.288,,,,,,,,,-0.685,1.0,-32.47,29.84,30.58,,,,45.78,17.17,10.82,35.62,17.19,17.18,224.7,32.77,1.489,,,,,,,,,-0.677,1.0,-30.16,40.16,41.25,,,,45.75,17.15,10.49,35.6,17.17,17.16,222.8,32.67,1.169,,,,,,,,,-0.784,1.0,-37.97,24.02,24.61,,,,0.004,0.003,0.057,0.002,0.004,0.003,0.304,0.016,0.05,,,,,,,,,0.023,0.0,1.771,5.142,5.335
7/17/2026 14:28:24,2026-07-17 12:50:00,,,,45.84,17.23,10.66,35.61,17.26,17.24,225.5,32.59,0.66,,,,,,,,,-0.678,1.0,-32.03,220.4,241.3,,,,45.86,17.25,10.85,35.62,17.27,17.25,226.4,32.64,0.886,,,,,,,,,-0.67,1.0,-29.38,241.7,303.4,,,,45.82,17.23,10.46,35.6,17.26,17.24,224.7,32.55,0.56,,,,,,,,,-0.786,1.0,-39.64,190.5,197.5,,,,0.005,0.004,0.066,0.002,0.003,0.004,0.288,0.015,0.047,,,,,,,,,0.025,0.0,2.115,14.95,27.27
7/17/2026 14:26:00,2026-07-17 13:00:00,,,,45.81,17.21,10.66,35.61,17.25,17.22,224.7,32.65,0.62,,,,,,,,,-0.677,1.0,-32.1,220.2,244.7,,,,45.84,17.23,10.88,35.62,17.27,17.24,225.8,32.71,1.077,,,,,,,,,-0.667,1.0,-28.81,253.3,299.3,,,,45.8,17.2,10.49,35.61,17.24,17.2,223.6,32.58,0.503,,,,,,,,,-0.79,1.0,-39.82,188.5,188.6,,,,0.009,0.008,0.066,0.002,0.007,0.008,0.436,0.025,0.073,,,,,,,,,0.026,0.0,2.292,19.67,36.37
7/17/2026 14:25:40,2026-07-17 13:30:00,,,,45.76,17.16,10.66,35.61,17.19,17.17,222.6,32.77,0.639,,,,,,,,,-0.67,1.0,-31.74,151.0,162.5,,,,45.78,17.17,10.87,35.62,17.21,17.17,223.8,32.83,0.831,,,,,,,,,-0.668,1.0,-29.56,173.5,179.7,,,,45.75,17.15,10.47,35.61,17.18,17.16,221.7,32.71,0.547,,,,,,,,,-0.685,1.0,-33.81,126.1,133.0,,,,0.005,0.004,0.071,0.002,0.005,0.004,0.335,0.019,0.047,,,,,,,,,0.004,0.0,1.386,11.58,13.2
7/17/2026 14:25:30,2026-07-17 14:20:00,,,,45.75,17.14,10.66,35.62,17.17,17.15,221.0,32.87,0.478,,,,,,,,,-0.67,1.0,-31.25,141.6,147.2,,,,45.75,17.15,10.9,35.62,17.18,17.15,221.7,32.92,0.652,,,,,,,,,-0.668,1.0,-29.61,157.4,168.1,,,,45.74,17.14,10.48,35.61,17.16,17.15,220.0,32.83,0.411,,,,,,,,,-0.683,1.0,-32.78,129.6,132.4,,,,0.003,0.001,0.069,0.002,0.003,0.001,0.281,0.015,0.029,,,,,,,,,0.003,0.0,1.0,8.44,9.78
7/17/2026 14:16:12,2026-07-17 13:40:00,,,,45.76,17.15,10.66,35.62,17.18,17.16,222.0,32.81,0.726,,,,,,,,,-0.672,1.0,-31.65,102.7,103.1,,,,45.77,17.17,10.87,35.62,17.19,17.17,223.3,32.89,0.901,,,,,,,,,-0.66,1.0,-29.15,134.0,134.1,,,,45.74,17.14,10.47,35.61,17.17,17.15,220.6,32.74,0.504,,,,,,,,,-0.685,1.0,-33.74,82.3,82.4,,,,0.007,0.007,0.07,0.002,0.004,0.007,0.57,0.032,0.072,,,,,,,,,0.005,0.0,1.302,13.58,13.98
7/17/2026 14:13:28,2026-07-17 13:50:00,,,,45.75,17.14,10.66,35.62,17.18,17.15,221.2,32.86,0.5,,,,,,,,,-0.671,1.0,-31.29,147.7,149.2,,,,45.76,17.15,10.89,35.62,17.18,17.16,222.1,32.91,0.675,,,,,,,,,-0.668,1.0,-29.38,166.8,169.7,,,,45.74,17.14,10.5,35.61,17.17,17.14,220.2,32.81,0.413,,,,,,,,,-0.684,1.0,-33.64,128.1,128.6,,,,0.004,0.003,0.072,0.002,0.003,0.003,0.302,0.016,0.045,,,,,,,,,0.003,0.0,1.08,12.78,13.5
7/17/2026 14:11:09,2026-07-17 14:10:00,,,,45.75,17.14,10.65,35.62,17.17,17.15,221.1,32.86,0.45,,,,,,,,,-0.68,1.0,-32.02,155.0,167.8,,,,45.76,17.15,10.92,35.62,17.18,17.16,221.9,32.92,0.566,,,,,,,,,-0.667,1.0,-29.49,166.3,188.1,,,,45.74,17.14,10.44,35.61,17.16,17.15,220.0,32.82,0.39,,,,,,,,,-0.784,1.0,-40.54,145.9,152.0,,,,0.004,0.003,0.074,0.002,0.003,0.003,0.27,0.014,0.023,,,,,,,,,0.032,0.0,2.657,6.125,10.04
7/17/2026 14:08:35,2026-07-17 14:00:00,,,,45.75,17.15,10.65,35.62,17.17,17.15,221.2,32.86,0.463,,,,,,,,,-0.671,1.0,-31.52,158.3,164.7,,,,45.76,17.15,10.86,35.62,17.18,17.16,222.0,32.9,0.568,,,,,,,,,-0.668,1.0,-29.52,168.0,181.9,,,,45.74,17.14,10.47,35.61,17.17,17.15,220.3,32.82,0.406,,,,,,,,,-0.676,1.0,-32.95,145.3,151.9,,,,0.003,0.002,0.069,0.002,0.003,0.002,0.277,0.015,0.022,,,,,,,,,0.002,0.0,1.062,6.086,7.731
7/17/2026 13:30:32,2026-07-17 13:10:00,,,,45.79,17.18,10.66,35.61,17.23,17.19,223.8,32.7,0.672,,,,,,,,,-0.68,1.0,-32.69,180.2,189.8,,,,45.81,17.2,10.85,35.62,17.24,17.21,224.8,32.76,0.822,,,,,,,,,-0.668,1.0,-29.83,215.8,253.2,,,,45.76,17.16,10.45,35.61,17.21,17.17,222.9,32.65,0.548,,,,,,,,,-0.792,1.0,-45.5,154.2,154.2,,,,0.009,0.009,0.067,0.002,0.008,0.009,0.375,0.022,0.058,,,,,,,,,0.033,0.0,3.401,15.74,25.7
7/17/2026 13:29:25,2026-07-17 13:20:00,,,,45.77,17.17,10.66,35.61,17.21,17.18,223.1,32.74,0.647,,,,,,,,,-0.672,1.0,-31.95,162.8,168.9,,,,45.78,17.18,10.87,35.62,17.22,17.18,224.0,32.79,0.942,,,,,,,,,-0.669,1.0,-29.55,194.2,216.6,,,,45.76,17.16,10.49,35.61,17.2,17.17,222.4,32.7,0.532,,,,,,,,,-0.686,1.0,-34.66,129.6,133.0,,,,0.004,0.003,0.07,0.002,0.005,0.002,0.292,0.015,0.057,,,,,,,,,0.004,0.0,1.508,18.12,22.09
7/17/2026 12:32:22,2026-07-17 11:30:00,,,,45.94,17.35,10.67,35.61,17.39,17.35,225.4,32.55,0.455,,,,,,,,,-0.675,1.0,-31.68,271.1,320.1,,,,45.96,17.36,10.85,35.61,17.4,17.37,226.2,32.59,0.58,,,,,,,,,-0.673,1.0,-30.23,304.4,415.7,,,,45.93,17.33,10.48,35.6,17.37,17.34,224.6,32.5,0.389,,,,,,,,,-0.679,1.0,-34.11,225.2,261.5,,,,0.007,0.007,0.064,0.002,0.006,0.007,0.292,0.016,0.025,,,,,,,,,0.002,0.0,1.178,18.19,33.75
7/17/2026 12:31:52,2026-07-17 12:30:00,,,,45.85,17.24,10.66,35.61,17.27,17.25,225.6,32.58,0.717,,,,,,,,,-0.678,1.0,-31.8,208.4,212.6,,,,45.86,17.25,10.91,35.62,17.28,17.26,226.5,32.63,0.944,,,,,,,,,-0.67,1.0,-29.58,237.8,250.9,,,,45.84,17.24,10.38,35.61,17.27,17.25,224.7,32.54,0.594,,,,,,,,,-0.701,1.0,-33.63,185.8,189.2,,,,0.004,0.003,0.064,0.002,0.003,0.003,0.293,0.015,0.057,,,,,,,,,0.009,0.0,1.092,17.3,21.08
7/17/2026 12:28:43,2026-07-17 11:40:00,,,,45.92,17.32,10.66,35.61,17.36,17.33,225.1,32.58,0.543,,,,,,,,,-0.677,1.0,-32.39,220.8,240.9,,,,45.94,17.34,10.88,35.62,17.38,17.34,226.1,32.62,0.695,,,,,,,,,-0.674,1.0,-30.33,249.0,334.0,,,,45.9,17.3,10.49,35.6,17.34,17.31,224.4,32.52,0.458,,,,,,,,,-0.681,1.0,-34.84,194.7,197.2,,,,0.01,0.01,0.067,0.002,0.009,0.01,0.288,0.016,0.04,,,,,,,,,0.002,0.0,1.336,16.93,38.42
7/17/2026 12:28:32,2026-07-17 11:50:00,,,,45.87,17.27,10.66,35.61,17.32,17.28,225.3,32.59,0.567,,,,,,,,,-0.678,1.0,-31.93,228.4,259.8,,,,45.91,17.3,10.9,35.62,17.35,17.31,226.2,32.63,0.754,,,,,,,,,-0.673,1.0,-29.38,275.7,369.5,,,,45.85,17.25,10.48,35.6,17.3,17.26,224.4,32.54,0.481,,,,,,,,,-0.718,1.0,-36.86,203.0,209.0,,,,0.014,0.015,0.066,0.002,0.014,0.015,0.308,0.016,0.039,,,,,,,,,0.01,0.0,1.676,21.6,45.35
7/17/2026 12:23:50,2026-07-17 12:20:00,,,,45.85,17.25,10.66,35.61,17.28,17.26,225.6,32.58,0.642,,,,,,,,,-0.676,1.0,-31.91,226.7,249.3,,,,45.86,17.25,10.89,35.62,17.29,17.26,226.6,32.63,0.849,,,,,,,,,-0.669,1.0,-29.6,264.0,331.6,,,,45.84,17.24,10.47,35.61,17.27,17.25,224.6,32.53,0.514,,,,,,,,,-0.75,1.0,-36.98,197.4,202.0,,,,0.003,0.002,0.065,0.002,0.003,0.002,0.31,0.016,0.078,,,,,,,,,0.017,0.0,1.638,20.87,45.5
7/17/2026 12:20:01,2026-07-17 12:00:00,,,,45.86,17.26,10.66,35.61,17.3,17.26,225.3,32.59,0.641,,,,,,,,,-0.674,1.0,-31.44,223.1,244.0,,,,45.87,17.26,10.86,35.62,17.31,17.27,226.1,32.65,0.916,,,,,,,,,-0.671,1.0,-29.48,276.8,373.6,,,,45.85,17.25,10.49,35.61,17.28,17.26,224.3,32.55,0.47,,,,,,,,,-0.681,1.0,-33.37,169.1,170.8,,,,0.003,0.002,0.06,0.002,0.005,0.002,0.299,0.015,0.103,,,,,,,,,0.002,0.0,1.11,31.39,61.38
7/17/2026 12:18:13,2026-07-17 12:10:00,,,,45.85,17.25,10.66,35.61,17.29,17.26,225.4,32.59,0.665,,,,,,,,,-0.685,1.0,-32.23,231.4,255.0,,,,45.86,17.26,10.84,35.62,17.29,17.26,226.3,32.63,0.844,,,,,,,,,-0.67,1.0,-30.19,278.5,347.8,,,,45.84,17.25,10.48,35.61,17.28,17.25,224.6,32.55,0.506,,,,,,,,,-0.793,1.0,-40.77,188.5,188.0,,,,0.003,0.002,0.065,0.002,0.003,0.002,0.281,0.014,0.087,,,,,,,,,0.034,0.0,2.563,33.49,57.25
7/17/2026 10:20:41,2026-07-17 10:20:00,,,,46.11,17.53,10.67,35.59,17.56,17.54,223.3,32.58,0.439,,,,,,,,,-0.685,1.0,-32.53,224.0,275.9,,,,46.13,17.54,11.0,35.6,17.58,17.55,224.4,32.64,0.65,,,,,,,,,-0.681,1.0,-30.93,291.6,383.6,,,,46.09,17.51,10.44,35.58,17.55,17.52,222.1,32.53,0.368,,,,,,,,,-0.698,1.0,-35.23,178.4,194.2,,,,0.008,0.009,0.068,0.001,0.005,0.009,0.354,0.016,0.035,,,,,,,,,0.004,0.0,1.14,31.87,59.49
7/17/2026 10:20:27,2026-07-17 10:00:00,,,,46.13,17.55,10.68,35.59,17.58,17.56,222.7,32.61,0.424,,,,,,,,,-0.69,1.0,-32.81,199.6,253.4,,,,46.14,17.56,10.9,35.59,17.59,17.56,223.5,32.65,0.586,,,,,,,,,-0.683,1.0,-30.54,235.6,351.2,,,,46.12,17.54,10.49,35.59,17.57,17.55,221.9,32.56,0.369,,,,,,,,,-0.762,1.0,-37.54,180.1,183.6,,,,0.003,0.002,0.065,0.001,0.002,0.002,0.284,0.015,0.025,,,,,,,,,0.017,0.0,1.561,9.62,50.22
7/17/2026 10:19:04,2026-07-17 10:10:00,,,,46.12,17.54,10.68,35.59,17.57,17.55,222.8,32.6,0.452,,,,,,,,,-0.696,1.0,-33.53,183.9,253.5,,,,46.13,17.55,10.87,35.59,17.58,17.55,223.6,32.66,0.63,,,,,,,,,-0.683,1.0,-31.22,215.8,381.4,,,,46.11,17.53,10.46,35.59,17.56,17.54,221.7,32.56,0.353,,,,,,,,,-0.804,1.0,-43.74,157.4,181.4,,,,0.003,0.002,0.061,0.001,0.003,0.002,0.317,0.016,0.043,,,,,,,,,0.032,0.0,2.828,15.6,69.44
7/17/2026 09:28:06,2026-07-17 08:40:00,,,,46.22,17.64,10.68,35.59,17.69,17.65,220.4,32.68,0.576,,,,,,,,,-0.688,1.0,-32.49,139.8,149.5,,,,46.25,17.67,10.85,35.59,17.72,17.67,221.5,32.76,0.833,,,,,,,,,-0.682,1.0,-30.89,159.2,175.3,,,,46.2,17.63,10.45,35.58,17.67,17.64,218.7,32.63,0.475,,,,,,,,,-0.699,1.0,-34.42,121.7,123.0,,,,0.009,0.008,0.064,0.001,0.011,0.008,0.503,0.024,0.038,,,,,,,,,0.004,0.0,1.214,11.0,16.13
7/17/2026 09:25:20,2026-07-17 08:50:00,,,,46.19,17.62,10.68,35.59,17.66,17.62,221.4,32.64,0.499,,,,,,,,,-0.689,1.0,-32.91,188.7,245.1,,,,46.21,17.63,10.88,35.59,17.68,17.64,222.6,32.69,0.597,,,,,,,,,-0.684,1.0,-30.92,221.3,322.1,,,,46.18,17.61,10.46,35.57,17.64,17.61,220.5,32.59,0.449,,,,,,,,,-0.71,1.0,-36.51,146.9,166.4,,,,0.005,0.005,0.071,0.001,0.008,0.005,0.305,0.015,0.022,,,,,,,,,0.005,0.0,1.459,18.02,31.49
7/17/2026 09:22:57,2026-07-17 09:20:00,,,,46.16,17.59,10.68,35.59,17.62,17.59,221.8,32.64,0.53,,,,,,,,,-0.692,1.0,-32.96,165.9,167.8,,,,46.17,17.59,10.92,35.59,17.63,17.6,222.5,32.68,0.657,,,,,,,,,-0.681,1.0,-30.87,187.4,192.5,,,,46.16,17.58,10.5,35.58,17.61,17.59,220.8,32.6,0.472,,,,,,,,,-0.79,1.0,-38.99,148.0,148.1,,,,0.004,0.004,0.065,0.001,0.004,0.004,0.288,0.015,0.02,,,,,,,,,0.023,0.0,1.979,7.086,8.27
7/17/2026 09:19:58,2026-07-17 09:00:00,,,,46.18,17.6,10.68,35.59,17.64,17.61,221.7,32.63,0.53,,,,,,,,,-0.689,1.0,-32.72,180.1,186.5,,,,46.19,17.61,10.88,35.59,17.65,17.61,222.5,32.67,0.639,,,,,,,,,-0.684,1.0,-31.16,212.1,250.9,,,,46.17,17.6,10.48,35.58,17.63,17.6,220.9,32.59,0.452,,,,,,,,,-0.722,1.0,-36.54,154.7,156.4,,,,0.003,0.002,0.066,0.001,0.005,0.002,0.275,0.014,0.03,,,,,,,,,0.008,0.0,1.317,17.16,24.26
7/17/2026 09:10:17,2026-07-17 09:10:00,,,,46.17,17.59,10.68,35.59,17.63,17.6,221.8,32.63,0.531,,,,,,,,,-0.698,1.0,-33.16,179.0,184.0,,,,46.18,17.6,10.88,35.59,17.64,17.61,222.6,32.67,0.611,,,,,,,,,-0.681,1.0,-30.4,219.6,247.1,,,,46.16,17.59,10.49,35.58,17.62,17.6,221.0,32.59,0.479,,,,,,,,,-0.808,1.0,-42.14,157.4,157.5,,,,0.003,0.002,0.062,0.001,0.004,0.002,0.26,0.014,0.024,,,,,,,,,0.034,0.0,2.835,13.91,19.63
7/17/2026 08:31:50,2026-07-17 08:30:00,,,,46.26,17.68,10.68,35.59,17.72,17.69,217.9,32.8,0.525,,,,,,,,,-0.689,1.0,-32.8,131.6,144.7,,,,46.27,17.69,10.88,35.59,17.74,17.7,219.7,32.9,0.726,,,,,,,,,-0.685,1.0,-31.24,148.0,179.2,,,,46.24,17.66,10.51,35.58,17.71,17.67,215.9,32.71,0.445,,,,,,,,,-0.691,1.0,-35.18,68.32,68.32,,,,0.009,0.009,0.062,0.001,0.008,0.009,0.703,0.035,0.05,,,,,,,,,0.002,0.0,1.114,16.8,26.42
7/17/2026 08:26:25,2026-07-17 07:40:00,,,,46.33,17.75,10.67,35.59,17.78,17.75,218.2,32.75,0.637,,,,,,,,,-0.69,1.0,-32.8,77.27,87.5,,,,46.34,17.75,10.87,35.59,17.8,17.76,219.3,32.81,0.836,,,,,,,,,-0.684,1.0,-31.07,95.1,140.3,,,,46.32,17.74,10.45,35.58,17.76,17.74,217.3,32.69,0.531,,,,,,,,,-0.706,1.0,-35.08,52.25,54.02,,,,0.004,0.003,0.066,0.001,0.005,0.003,0.334,0.018,0.06,,,,,,,,,0.005,0.0,1.13,12.06,22.33
7/17/2026 08:25:18,2026-07-17 07:50:00,,,,46.32,17.74,10.68,35.59,17.77,17.75,217.8,32.78,0.55,,,,,,,,,-0.689,1.0,-32.81,108.2,112.7,,,,46.33,17.74,10.93,35.59,17.78,17.75,218.9,32.83,0.69,,,,,,,,,-0.684,1.0,-31.11,132.4,147.5,,,,46.31,17.73,10.46,35.58,17.76,17.74,216.9,32.72,0.479,,,,,,,,,-0.706,1.0,-35.27,78.44,78.44,,,,0.003,0.002,0.067,0.001,0.004,0.002,0.311,0.017,0.036,,,,,,,,,0.004,0.0,1.252,12.9,16.26
7/17/2026 08:20:56,2026-07-17 08:20:00,,,,46.28,17.7,10.68,35.59,17.74,17.71,216.2,32.88,0.532,,,,,,,,,-0.689,1.0,-32.68,81.0,81.6,,,,46.3,17.72,10.87,35.59,17.76,17.72,217.1,32.94,0.692,,,,,,,,,-0.686,1.0,-30.94,106.8,109.6,,,,46.27,17.69,10.48,35.58,17.73,17.7,215.0,32.83,0.397,,,,,,,,,-0.694,1.0,-34.79,51.11,51.84,,,,0.005,0.005,0.066,0.001,0.008,0.005,0.354,0.019,0.045,,,,,,,,,0.002,0.0,1.117,17.09,17.43
7/17/2026 08:19:57,2026-07-17 08:00:00,,,,46.32,17.73,10.68,35.59,17.77,17.74,217.2,32.81,0.483,,,,,,,,,-0.686,1.0,-32.53,126.9,133.7,,,,46.32,17.74,10.87,35.59,17.78,17.74,218.2,32.86,0.648,,,,,,,,,-0.677,1.0,-30.85,156.9,191.4,,,,46.31,17.73,10.38,35.58,17.76,17.74,216.2,32.76,0.406,,,,,,,,,-0.693,1.0,-35.23,87.2,88.5,,,,0.002,0.002,0.063,0.001,0.004,0.001,0.317,0.017,0.036,,,,,,,,,0.004,0.0,1.086,18.72,26.22
7/17/2026 08:12:52,2026-07-17 08:10:00,,,,46.31,17.73,10.68,35.59,17.76,17.73,216.6,32.85,0.461,,,,,,,,,-0.702,1.0,-33.79,118.1,124.3,,,,46.32,17.73,10.86,35.59,17.77,17.74,217.7,32.91,0.588,,,,,,,,,-0.682,1.0,-30.84,141.6,159.7,,,,46.29,17.71,10.48,35.58,17.75,17.72,215.6,32.79,0.389,,,,,,,,,-0.802,1.0,-41.76,75.69,77.36,,,,0.004,0.004,0.064,0.001,0.004,0.004,0.335,0.019,0.035,,,,,,,,,0.035,0.0,2.997,22.54,25.52
7/17/2026 06:53:56,2026-07-17 06:50:00,,,,46.32,17.74,10.67,35.59,17.77,17.74,219.5,32.69,0.943,,,,,,,,,-0.695,1.0,-32.87,16.07,16.94,,,,46.33,17.75,10.9,35.59,17.78,17.75,220.4,32.74,1.231,,,,,,,,,-0.687,1.0,-30.53,18.43,19.69,,,,46.31,17.73,10.46,35.58,17.76,17.73,218.6,32.64,0.846,,,,,,,,,-0.801,1.0,-40.18,10.08,11.11,,,,0.005,0.004,0.063,0.002,0.005,0.004,0.257,0.014,0.047,,,,,,,,,0.025,0.0,2.029,2.463,2.43
7/17/2026 06:41:11,2026-07-17 06:40:00,,,,46.32,17.74,10.67,35.59,17.77,17.74,219.5,32.69,0.927,,,,,,,,,-0.693,1.0,-32.84,6.14,6.734,,,,46.33,17.74,10.91,35.59,17.78,17.75,220.3,32.73,1.124,,,,,,,,,-0.684,1.0,-30.8,11.18,11.79,,,,46.31,17.72,10.47,35.58,17.76,17.73,218.7,32.65,0.821,,,,,,,,,-0.804,1.0,-40.46,1.897,2.414,,,,0.003,0.003,0.064,0.002,0.005,0.003,0.266,0.014,0.05,,,,,,,,,0.026,0.0,2.139,2.666,2.718
7/17/2026 06:30:12,2026-07-17 06:30:00,,,,46.32,17.74,10.67,35.59,17.77,17.74,219.5,32.69,0.932,,,,,,,,,-0.69,1.0,-32.78,2.555,3.305,,,,46.33,17.75,10.89,35.59,17.78,17.75,220.2,32.74,1.244,,,,,,,,,-0.685,1.0,-30.94,4.55,5.129,,,,46.3,17.73,10.49,35.57,17.76,17.73,218.5,32.65,0.817,,,,,,,,,-0.731,1.0,-34.57,0.451,0.313,,,,0.004,0.003,0.063,0.002,0.005,0.003,0.266,0.014,0.056,,,,,,,,,0.01,0.0,0.996,1.114,1.306
7/17/2026 06:20:54,2026-07-17 06:20:00,,,,46.33,17.74,10.67,35.59,17.78,17.75,219.4,32.69,0.941,,,,,,,,,-0.696,1.0,-32.89,1.207,1.561,,,,46.34,17.76,10.85,35.6,17.79,17.76,220.2,32.74,1.284,,,,,,,,,-0.685,1.0,-30.47,1.907,2.41,,,,46.31,17.73,10.5,35.58,17.76,17.74,218.6,32.65,0.837,,,,,,,,,-0.834,1.0,-43.55,0.455,0.314,,,,0.004,0.004,0.064,0.002,0.005,0.004,0.263,0.014,0.064,,,,,,,,,0.032,0.0,2.695,0.618,0.81
7/17/2026 06:10:11,2026-07-17 06:10:00,,,,46.33,17.75,10.67,35.59,17.78,17.76,219.2,32.7,0.918,,,,,,,,,-0.698,1.0,-33.15,1.227,1.905,,,,46.35,17.77,10.91,35.59,17.8,17.77,220.1,32.74,1.252,,,,,,,,,-0.684,1.0,-30.92,1.915,2.956,,,,46.32,17.74,10.45,35.58,17.77,17.75,218.5,32.65,0.81,,,,,,,,,-0.807,1.0,-41.97,0.465,0.783,,,,0.005,0.005,0.06,0.002,0.005,0.005,0.271,0.014,0.057,,,,,,,,,0.034,0.0,2.785,0.514,0.567
7/17/2026 06:00:27,2026-07-17 06:00:00,,,,46.34,17.76,10.67,35.59,17.78,17.76,218.9,32.71,0.857,,,,,,,,,-0.687,1.0,-32.65,1.208,1.667,,,,46.35,17.77,10.86,35.59,17.79,17.77,219.7,32.77,1.144,,,,,,,,,-0.684,1.0,-30.97,3.448,2.969,,,,46.32,17.74,10.42,35.58,17.76,17.75,217.9,32.67,0.718,,,,,,,,,-0.691,1.0,-35.31,0.458,0.317,,,,0.006,0.006,0.066,0.002,0.005,0.006,0.31,0.018,0.058,,,,,,,,,0.002,0.0,1.191,0.699,0.75
7/17/2026 05:52:38,2026-07-17 05:50:00,,,,46.33,17.75,10.67,35.59,17.77,17.75,218.4,32.74,0.815,,,,,,,,,-0.688,1.0,-32.08,1.381,2.007,,,,46.33,17.75,10.85,35.59,17.78,17.76,219.3,32.79,1.014,,,,,,,,,-0.683,1.0,-30.5,1.901,2.962,,,,46.32,17.74,10.46,35.58,17.76,17.75,217.6,32.7,0.719,,,,,,,,,-0.7,1.0,-34.01,0.458,0.785,,,,0.003,0.003,0.06,0.002,0.004,0.002,0.267,0.014,0.048,,,,,,,,,0.005,0.0,0.825,0.523,0.634
7/17/2026 05:46:27,2026-07-17 05:40:00,,,,46.33,17.75,10.67,35.59,17.76,17.75,218.1,32.76,0.796,,,,,,,,,-0.686,1.0,-32.62,0.686,1.071,,,,46.34,17.75,10.86,35.59,17.78,17.76,219.0,32.81,1.045,,,,,,,,,-0.683,1.0,-30.51,0.926,1.855,,,,46.27,17.74,10.46,35.54,17.75,17.75,217.2,32.71,0.709,,,,,,,,,-0.699,1.0,-35.98,0.451,0.316,,,,0.004,0.003,0.061,0.002,0.005,0.003,0.278,0.014,0.045,,,,,,,,,0.003,0.0,1.414,0.227,0.493
7/17/2026 05:30:38,2026-07-17 05:30:00,,,,46.32,17.74,10.67,35.59,17.73,17.74,217.5,32.8,0.751,,,,,,,,,-0.685,1.0,-32.22,0.867,1.611,,,,46.34,17.76,10.83,35.59,17.76,17.76,218.5,32.87,0.964,,,,,,,,,-0.683,1.0,-30.12,0.924,2.41,,,,46.29,17.71,10.48,35.58,17.69,17.72,216.2,32.73,0.631,,,,,,,,,-0.687,1.0,-34.56,0.464,0.772,,,,0.013,0.013,0.061,0.001,0.018,0.013,0.485,0.03,0.053,,,,,,,,,0.001,0.0,1.187,0.133,0.355
7/17/2026 05:30:02,2026-07-17 03:20:00,,,,46.31,17.73,10.67,35.59,17.77,17.74,216.6,32.85,0.718,,,,,,,,,-0.698,1.0,-33.19,1.167,1.635,,,,46.34,17.75,10.97,35.59,17.79,17.76,217.9,32.92,1.031,,,,,,,,,-0.691,1.0,-31.25,1.893,2.418,,,,46.29,17.71,10.45,35.58,17.76,17.72,215.3,32.77,0.614,,,,,,,,,-0.795,1.0,-40.46,0.45,0.318,,,,0.01,0.01,0.066,0.002,0.008,0.01,0.486,0.029,0.053,,,,,,,,,0.022,0.0,1.984,0.581,0.791
7/17/2026 05:29:12,2026-07-17 03:30:00,,,,46.28,17.7,10.68,35.59,17.75,17.71,218.3,32.77,0.84,,,,,,,,,-0.699,1.0,-33.38,0.685,1.037,,,,46.31,17.73,10.9,35.59,17.77,17.73,220.4,32.89,1.087,,,,,,,,,-0.692,1.0,-31.58,1.89,2.418,,,,46.25,17.67,10.51,35.58,17.72,17.67,215.9,32.67,0.665,,,,,,,,,-0.804,1.0,-41.06,0.453,0.322,,,,0.016,0.017,0.069,0.002,0.01,0.017,1.048,0.049,0.074,,,,,,,,,0.024,0.0,2.016,0.211,0.519
7/17/2026 05:26:14,2026-07-17 03:40:00,,,,46.21,17.63,10.68,35.59,17.69,17.63,220.8,32.67,0.919,,,,,,,,,-0.698,1.0,-33.56,1.102,1.55,,,,46.25,17.67,10.94,35.59,17.73,17.68,222.0,32.73,1.161,,,,,,,,,-0.692,1.0,-31.67,1.908,2.965,,,,46.19,17.61,10.5,35.58,17.66,17.61,219.4,32.61,0.816,,,,,,,,,-0.77,1.0,-37.73,0.449,0.318,,,,0.015,0.014,0.078,0.002,0.019,0.014,0.474,0.02,0.054,,,,,,,,,0.017,0.0,1.412,0.609,0.987
7/17/2026 05:25:18,2026-07-17 03:50:00,,,,46.19,17.61,10.68,35.59,17.65,17.62,221.3,32.65,0.925,,,,,,,,,-0.701,1.0,-33.5,1.219,1.746,,,,46.21,17.63,10.92,35.59,17.67,17.63,222.2,32.69,1.836,,,,,,,,,-0.691,1.0,-31.11,1.905,2.976,,,,46.17,17.59,10.45,35.58,17.64,17.6,220.4,32.61,0.808,,,,,,,,,-0.805,1.0,-40.85,0.446,0.326,,,,0.006,0.006,0.074,0.002,0.005,0.005,0.278,0.014,0.069,,,,,,,,,0.024,0.0,2.054,0.577,0.75
7/17/2026 05:24:38,2026-07-17 04:30:00,,,,46.13,17.55,10.67,35.59,17.58,17.56,222.2,32.63,0.868,,,,,,,,,-0.69,1.0,-32.98,0.806,1.178,,,,46.14,17.56,10.9,35.59,17.59,17.56,223.0,32.67,1.124,,,,,,,,,-0.687,1.0,-31.23,0.925,1.861,,,,46.12,17.54,10.45,35.58,17.57,17.55,221.4,32.59,0.773,,,,,,,,,-0.703,1.0,-34.72,0.451,0.319,,,,0.003,0.003,0.064,0.002,0.003,0.002,0.277,0.015,0.052,,,,,,,,,0.003,0.0,1.012,0.182,0.363
7/17/2026 05:23:00,2026-07-17 04:40:00,,,,46.13,17.55,10.67,35.59,17.58,17.56,222.2,32.63,0.859,,,,,,,,,-0.691,1.0,-32.63,0.935,1.481,,,,46.14,17.56,10.91,35.59,17.59,17.56,222.9,32.67,1.097,,,,,,,,,-0.689,1.0,-31.11,1.901,2.414,,,,46.12,17.54,10.48,35.58,17.57,17.55,221.3,32.59,0.761,,,,,,,,,-0.692,1.0,-34.38,0.466,0.774,,,,0.003,0.003,0.062,0.002,0.003,0.002,0.266,0.014,0.048,,,,,,,,,0.001,0.0,1.012,0.361,0.414
7/17/2026 05:21:15,2026-07-17 05:20:00,,,,46.26,17.68,10.67,35.59,17.67,17.68,218.1,32.79,0.765,,,,,,,,,-0.686,1.0,-32.45,0.757,1.09,,,,46.3,17.71,10.88,35.6,17.7,17.72,220.7,32.9,1.164,,,,,,,,,-0.683,1.0,-30.66,0.922,1.855,,,,46.2,17.65,10.5,35.54,17.63,17.65,215.8,32.66,0.62,,,,,,,,,-0.693,1.0,-35.03,0.457,0.316,,,,0.013,0.012,0.059,0.003,0.017,0.012,1.172,0.057,0.069,,,,,,,,,0.003,0.0,1.111,0.216,0.49
7/17/2026 05:14:50,2026-07-17 04:50:00,,,,46.13,17.55,10.67,35.59,17.58,17.56,222.3,32.62,0.866,,,,,,,,,-0.692,1.0,-32.96,1.041,1.563,,,,46.14,17.56,10.88,35.59,17.59,17.56,223.3,32.67,1.227,,,,,,,,,-0.689,1.0,-30.57,1.914,2.417,,,,46.12,17.54,10.44,35.58,17.57,17.55,221.5,32.57,0.786,,,,,,,,,-0.707,1.0,-34.57,0.457,0.315,,,,0.003,0.002,0.068,0.001,0.003,0.002,0.296,0.016,0.052,,,,,,,,,0.005,0.0,1.141,0.454,0.569
7/17/2026 05:13:54,2026-07-17 05:10:00,,,,46.18,17.6,10.67,35.59,17.6,17.61,221.6,32.64,0.843,,,,,,,,,-0.698,1.0,-33.18,0.909,1.56,,,,46.24,17.66,10.84,35.6,17.64,17.66,223.1,32.71,1.064,,,,,,,,,-0.685,1.0,-30.54,1.387,2.401,,,,46.14,17.56,10.46,35.58,17.58,17.57,219.8,32.57,0.763,,,,,,,,,-0.805,1.0,-42.39,0.456,0.321,,,,0.029,0.029,0.06,0.002,0.015,0.028,0.815,0.031,0.044,,,,,,,,,0.033,0.0,2.823,0.15,0.451
7/17/2026 05:05:47,2026-07-17 05:00:00,,,,46.14,17.56,10.67,35.59,17.58,17.56,222.5,32.61,0.879,,,,,,,,,-0.69,1.0,-32.71,0.907,1.489,,,,46.15,17.57,10.85,35.59,17.59,17.58,223.5,32.67,1.195,,,,,,,,,-0.686,1.0,-31.08,1.898,2.41,,,,46.12,17.54,10.49,35.58,17.57,17.55,221.4,32.56,0.784,,,,,,,,,-0.705,1.0,-34.39,0.464,0.773,,,,0.008,0.008,0.059,0.002,0.004,0.008,0.29,0.015,0.05,,,,,,,,,0.004,0.0,0.851,0.267,0.389
7/17/2026 04:26:06,2026-07-17 04:20:00,,,,46.13,17.55,10.67,35.59,17.58,17.56,222.3,32.62,0.874,,,,,,,,,-0.691,1.0,-32.72,1.256,1.867,,,,46.14,17.56,10.92,35.59,17.59,17.56,223.2,32.67,1.401,,,,,,,,,-0.687,1.0,-31.14,1.899,2.42,,,,46.12,17.54,10.51,35.58,17.57,17.55,221.4,32.57,0.782,,,,,,,,,-0.702,1.0,-34.69,0.907,1.297,,,,0.003,0.003,0.068,0.002,0.003,0.002,0.28,0.015,0.057,,,,,,,,,0.004,0.0,1.009,0.459,0.455
7/17/2026 04:20:22,2026-07-17 04:00:00,,,,46.15,17.57,10.68,35.59,17.62,17.57,222.5,32.61,0.904,,,,,,,,,-0.697,1.0,-33.34,0.754,1.2,,,,46.18,17.6,10.9,35.59,17.65,17.6,223.5,32.67,1.177,,,,,,,,,-0.689,1.0,-30.42,0.934,1.868,,,,46.12,17.54,10.47,35.58,17.59,17.55,221.1,32.56,0.774,,,,,,,,,-0.8,1.0,-40.07,0.451,0.319,,,,0.015,0.016,0.075,0.002,0.015,0.016,0.534,0.023,0.062,,,,,,,,,0.024,0.0,1.97,0.216,0.466
7/17/2026 04:17:58,2026-07-17 04:10:00,,,,46.13,17.55,10.68,35.59,17.59,17.56,222.5,32.62,0.884,,,,,,,,,-0.7,1.0,-33.99,0.695,0.933,,,,46.13,17.55,10.92,35.59,17.6,17.56,223.3,32.65,1.132,,,,,,,,,-0.687,1.0,-31.22,1.509,1.864,,,,46.12,17.54,10.48,35.58,17.58,17.55,221.7,32.58,0.787,,,,,,,,,-0.814,1.0,-48.21,0.449,0.321,,,,0.003,0.002,0.071,0.002,0.005,0.002,0.286,0.015,0.053,,,,,,,,,0.033,0.0,3.613,0.288,0.436
7/17/2026 03:11:41,2026-07-17 03:10:00,,,,46.34,17.76,10.67,35.59,17.79,17.76,217.7,32.78,0.797,,,,,,,,,-0.703,1.0,-33.98,0.835,1.162,,,,46.35,17.77,10.87,35.6,17.8,17.77,218.9,32.84,1.045,,,,,,,,,-0.69,1.0,-31.58,1.887,2.408,,,,46.32,17.74,10.46,35.58,17.78,17.75,216.6,32.71,0.687,,,,,,,,,-0.823,1.0,-44.09,0.448,0.319,,,,0.007,0.006,0.068,0.002,0.004,0.006,0.344,0.02,0.055,,,,,,,,,0.036,0.0,3.115,0.376,0.576
7/17/2026 03:06:03,2026-07-17 03:00:00,,,,46.34,17.76,10.67,35.59,17.79,17.77,218.1,32.75,0.816,,,,,,,,,-0.693,1.0,-32.94,0.994,1.493,,,,46.35,17.77,10.87,35.59,17.8,17.78,218.8,32.8,0.997,,,,,,,,,-0.688,1.0,-30.2,1.895,2.417,,,,46.33,17.75,10.45,35.58,17.79,17.76,217.3,32.71,0.73,,,,,,,,,-0.739,1.0,-34.81,0.445,0.32,,,,0.004,0.003,0.06,0.002,0.003,0.003,0.271,0.014,0.046,,,,,,,,,0.011,0.0,1.25,0.481,0.668
7/17/2026 02:50:08,2026-07-17 02:50:00,,,,46.35,17.77,10.67,35.59,17.8,17.77,218.2,32.75,0.826,,,,,,,,,-0.69,1.0,-32.54,1.02,1.555,,,,46.36,17.77,10.89,35.59,17.8,17.78,219.1,32.8,1.907,,,,,,,,,-0.687,1.0,-29.97,1.9,2.428,,,,46.34,17.76,10.5,35.58,17.79,17.77,217.2,32.7,0.745,,,,,,,,,-0.704,1.0,-36.07,0.443,0.325,,,,0.003,0.003,0.06,0.002,0.003,0.002,0.277,0.015,0.072,,,,,,,,,0.003,0.0,1.252,0.476,0.618
7/17/2026 02:46:52,2026-07-17 02:40:00,,,,46.35,17.77,10.67,35.59,17.79,17.78,218.2,32.74,0.828,,,,,,,,,-0.689,1.0,-32.48,1.075,1.738,,,,46.36,17.78,10.85,35.59,17.81,17.78,219.1,32.79,1.042,,,,,,,,,-0.686,1.0,-30.34,1.899,2.409,,,,46.34,17.76,10.41,35.58,17.79,17.77,217.4,32.7,0.743,,,,,,,,,-0.692,1.0,-34.25,0.902,1.164,,,,0.003,0.003,0.061,0.002,0.003,0.002,0.272,0.015,0.048,,,,,,,,,0.002,0.0,1.014,0.35,0.345
7/17/2026 02:31:12,2026-07-17 02:30:00,,,,46.35,17.77,10.67,35.59,17.79,17.77,218.2,32.75,0.842,,,,,,,,,-0.688,1.0,-32.57,0.793,1.292,,,,46.36,17.77,10.86,35.59,17.8,17.78,219.1,32.79,1.146,,,,,,,,,-0.685,1.0,-31.21,1.702,2.404,,,,46.34,17.75,10.49,35.58,17.78,17.76,217.4,32.7,0.758,,,,,,,,,-0.693,1.0,-35.97,0.452,0.318,,,,0.004,0.004,0.059,0.002,0.003,0.004,0.277,0.015,0.052,,,,,,,,,0.003,0.0,1.086,0.298,0.675
7/17/2026 02:20:12,2026-07-17 02:20:00,,,,46.34,17.76,10.67,35.59,17.79,17.76,218.1,32.76,0.834,,,,,,,,,-0.687,1.0,-32.42,1.019,1.638,,,,46.35,17.76,10.84,35.59,17.8,17.77,219.0,32.8,1.094,,,,,,,,,-0.684,1.0,-30.97,1.892,2.409,,,,46.33,17.75,10.44,35.58,17.78,17.75,217.2,32.71,0.755,,,,,,,,,-0.699,1.0,-34.11,0.455,0.322,,,,0.004,0.003,0.062,0.002,0.003,0.003,0.269,0.014,0.05,,,,,,,,,0.003,0.0,0.916,0.344,0.42
7/17/2026 02:10:08,2026-07-17 02:10:00,,,,46.34,17.76,10.68,35.59,17.79,17.77,218.2,32.75,0.85,,,,,,,,,-0.697,1.0,-33.16,1.036,1.52,,,,46.35,17.77,10.91,35.59,17.8,17.78,218.9,32.79,1.092,,,,,,,,,-0.683,1.0,-30.31,2.151,3.497,,,,46.33,17.75,10.47,35.58,17.78,17.76,217.5,32.71,0.749,,,,,,,,,-0.807,1.0,-41.86,0.453,0.318,,,,0.004,0.003,0.064,0.002,0.003,0.003,0.274,0.015,0.051,,,,,,,,,0.034,0.0,2.808,0.619,0.924
7/17/2026 02:00:59,2026-07-17 02:00:00,,,,46.35,17.77,10.67,35.59,17.8,17.77,218.3,32.74,0.862,,,,,,,,,-0.686,1.0,-32.12,0.821,1.359,,,,46.35,17.77,10.87,35.59,17.8,17.78,219.0,32.78,1.384,,,,,,,,,-0.682,1.0,-30.02,1.886,2.415,,,,46.34,17.76,10.48,35.58,17.79,17.76,217.6,32.7,0.772,,,,,,,,,-0.701,1.0,-34.02,0.447,0.321,,,,0.003,0.003,0.06,0.002,0.003,0.003,0.27,0.014,0.056,,,,,,,,,0.004,0.0,1.199,0.32,0.582
7/17/2026 01:50:08,2026-07-17 01:50:00,,,,46.35,17.77,10.68,35.59,17.8,17.78,218.5,32.73,0.871,,,,,,,,,-0.685,1.0,-31.98,0.793,1.217,,,,46.36,17.78,10.88,35.59,17.81,17.78,219.3,32.78,1.104,,,,,,,,,-0.681,1.0,-30.39,1.187,1.875,,,,46.34,17.76,10.49,35.58,17.79,17.77,217.6,32.69,0.756,,,,,,,,,-0.697,1.0,-33.38,0.451,0.325,,,,0.003,0.003,0.061,0.002,0.003,0.002,0.27,0.014,0.052,,,,,,,,,0.003,0.0,0.887,0.215,0.389
7/17/2026 01:49:49,2026-07-17 01:30:00,,,,46.36,17.78,10.68,35.59,17.8,17.78,218.9,32.71,0.908,,,,,,,,,-0.684,1.0,-32.1,1.005,1.548,,,,46.37,17.78,10.89,35.59,17.81,17.79,219.5,32.75,1.181,,,,,,,,,-0.682,1.0,-30.03,1.902,2.417,,,,46.35,17.77,10.49,35.58,17.8,17.77,218.0,32.67,0.816,,,,,,,,,-0.687,1.0,-33.85,0.447,0.314,,,,0.003,0.003,0.063,0.002,0.003,0.003,0.269,0.014,0.052,,,,,,,,,0.001,0.0,1.209,0.415,0.503
7/17/2026 01:46:57,2026-07-17 01:40:00,,,,46.35,17.77,10.68,35.59,17.8,17.78,218.7,32.72,0.892,,,,,,,,,-0.685,1.0,-32.35,0.894,1.544,,,,46.36,17.78,10.86,35.6,17.81,17.79,219.5,32.76,1.474,,,,,,,,,-0.682,1.0,-29.97,1.881,2.411,,,,46.34,17.76,10.49,35.58,17.8,17.77,217.9,32.68,0.8,,,,,,,,,-0.697,1.0,-34.32,0.433,0.319,,,,0.004,0.004,0.061,0.002,0.003,0.003,0.274,0.015,0.058,,,,,,,,,0.003,0.0,1.127,0.327,0.594
7/17/2026 01:22:30,2026-07-17 01:20:00,,,,46.36,17.78,10.68,35.59,17.8,17.78,219.0,32.7,0.928,,,,,,,,,-0.684,1.0,-32.32,0.96,1.496,,,,46.37,17.78,10.86,35.59,17.81,17.79,219.8,32.73,1.495,,,,,,,,,-0.681,1.0,-30.95,1.894,2.962,,,,46.35,17.77,10.51,35.58,17.8,17.78,218.3,32.66,0.83,,,,,,,,,-0.698,1.0,-34.08,0.454,0.325,,,,0.003,0.003,0.06,0.002,0.003,0.002,0.274,0.015,0.059,,,,,,,,,0.003,0.0,1.022,0.408,0.622
7/17/2026 01:14:04,2026-07-17 01:10:00,,,,46.36,17.78,10.68,35.59,17.81,17.78,219.1,32.69,0.949,,,,,,,,,-0.694,1.0,-33.39,0.869,1.343,,,,46.37,17.79,10.87,35.59,17.82,17.79,219.8,32.74,1.527,,,,,,,,,-0.681,1.0,-30.12,1.888,2.412,,,,46.35,17.77,10.48,35.58,17.8,17.78,218.2,32.66,0.84,,,,,,,,,-0.805,1.0,-45.24,0.445,0.319,,,,0.004,0.003,0.062,0.002,0.003,0.003,0.271,0.014,0.062,,,,,,,,,0.033,0.0,3.218,0.398,0.474
7/17/2026 01:01:43,2026-07-17 01:00:00,,,,46.36,17.78,10.68,35.59,17.81,17.79,219.2,32.69,0.966,,,,,,,,,-0.686,1.0,-31.95,1.009,1.395,,,,46.37,17.79,10.9,35.59,17.82,17.79,220.1,32.74,1.339,,,,,,,,,-0.682,1.0,-30.18,1.883,2.146,,,,46.35,17.77,10.49,35.58,17.8,17.78,218.3,32.64,0.859,,,,,,,,,-0.704,1.0,-33.41,0.456,0.319,,,,0.003,0.003,0.06,0.002,0.003,0.003,0.268,0.014,0.064,,,,,,,,,0.005,0.0,0.94,0.419,0.427
7/17/2026 00:53:54,2026-07-17 00:30:00,,,,46.37,17.79,10.68,35.59,17.81,17.79,219.3,32.68,0.982,,,,,,,,,-0.688,1.0,-32.32,0.914,1.518,,,,46.37,17.79,10.84,35.59,17.82,17.8,220.0,32.72,1.207,,,,,,,,,-0.686,1.0,-30.58,1.705,2.416,,,,46.36,17.78,10.5,35.58,17.81,17.79,218.5,32.64,0.876,,,,,,,,,-0.694,1.0,-35.28,0.456,0.788,,,,0.002,0.002,0.06,0.001,0.003,0.002,0.272,0.014,0.058,,,,,,,,,0.002,0.0,1.216,0.207,0.389
7/17/2026 00:53:43,2026-07-17 00:50:00,,,,46.36,17.78,10.69,35.59,17.81,17.79,219.3,32.68,0.968,,,,,,,,,-0.687,1.0,-32.55,0.913,1.468,,,,46.37,17.79,10.84,35.59,17.82,17.8,220.1,32.72,1.319,,,,,,,,,-0.683,1.0,-30.51,1.895,2.417,,,,46.36,17.78,10.45,35.58,17.81,17.78,218.5,32.64,0.868,,,,,,,,,-0.7,1.0,-34.42,0.45,0.323,,,,0.003,0.003,0.06,0.002,0.003,0.003,0.249,0.013,0.059,,,,,,,,,0.003,0.0,0.999,0.372,0.569
7/17/2026 00:48:02,2026-07-17 00:40:00,,,,46.37,17.78,10.68,35.59,17.81,17.79,219.3,32.68,0.976,,,,,,,,,-0.688,1.0,-32.52,0.934,1.605,,,,46.37,17.79,10.86,35.59,17.82,17.8,220.0,32.72,1.472,,,,,,,,,-0.685,1.0,-30.6,1.722,2.41,,,,46.36,17.78,10.5,35.58,17.81,17.79,218.5,32.64,0.872,,,,,,,,,-0.7,1.0,-34.59,0.447,0.326,,,,0.003,0.002,0.059,0.002,0.003,0.002,0.265,0.014,0.059,,,,,,,,,0.003,0.0,1.029,0.271,0.472
7/17/2026 00:20:19,2026-07-17 00:20:00,,,,46.37,17.79,10.69,35.59,17.81,17.79,219.4,32.68,0.989,,,,,,,,,-0.688,1.0,-32.46,0.83,1.283,,,,46.37,17.79,10.88,35.59,17.82,17.8,220.1,32.73,1.21,,,,,,,,,-0.684,1.0,-30.67,1.373,1.872,,,,46.36,17.78,10.48,35.58,17.81,17.79,218.4,32.64,0.878,,,,,,,,,-0.7,1.0,-33.99,0.453,0.324,,,,0.003,0.002,0.057,0.002,0.003,0.002,0.265,0.014,0.059,,,,,,,,,0.004,0.0,0.993,0.24,0.506
7/17/2026 00:10:22,2026-07-17 00:10:00,,,,46.37,17.79,10.68,35.59,17.81,17.79,219.4,32.68,0.991,,,,,,,,,-0.696,1.0,-33.13,0.814,1.357,,,,46.38,17.79,10.87,35.59,17.82,17.8,220.1,32.71,1.209,,,,,,,,,-0.683,1.0,-30.75,1.475,2.409,,,,46.31,17.78,10.48,35.54,17.81,17.79,218.7,32.63,0.897,,,,,,,,,-0.8,1.0,-40.75,0.455,0.323,,,,0.004,0.002,0.059,0.003,0.003,0.002,0.269,0.014,0.059,,,,,,,,,0.032,0.0,2.577,0.248,0.535
7/17/2026 00:00:33,2026-07-17 00:00:00,,,,46.37,17.79,10.68,35.59,17.81,17.79,219.4,32.67,0.995,,,,,,,,,-0.692,1.0,-32.71,1.121,1.709,,,,46.37,17.79,10.86,35.59,17.82,17.8,220.2,32.72,1.347,,,,,,,,,-0.684,1.0,-30.0,1.897,2.965,,,,46.36,17.78,10.49,35.58,17.81,17.79,218.6,32.63,0.891,,,,,,,,,-0.799,1.0,-40.08,0.455,0.784,,,,0.003,0.002,0.06,0.001,0.003,0.002,0.281,0.015,0.061,,,,,,,,,0.025,0.0,2.032,0.465,0.523
7/16/2026 23:57:05,2026-07-16 23:40:00,,,,46.37,17.79,10.68,35.59,17.81,17.79,219.4,32.67,0.997,,,,,,,,,-0.688,1.0,-32.17,0.753,1.347,,,,46.37,17.79,10.85,35.59,17.82,17.8,220.3,32.72,1.333,,,,,,,,,-0.683,1.0,-29.8,0.923,1.864,,,,46.36,17.78,10.5,35.58,17.81,17.79,218.6,32.63,0.895,,,,,,,,,-0.736,1.0,-35.51,0.454,0.325,,,,0.002,0.002,0.058,0.001,0.003,0.002,0.271,0.014,0.058,,,,,,,,,0.011,0.0,1.178,0.212,0.391
7/16/2026 23:55:52,2026-07-16 23:50:00,,,,46.37,17.79,10.68,35.59,17.81,17.79,219.4,32.67,1.001,,,,,,,,,-0.691,1.0,-32.84,0.848,1.285,,,,46.37,17.79,10.95,35.59,17.82,17.8,220.4,32.71,1.289,,,,,,,,,-0.683,1.0,-31.18,0.93,1.859,,,,46.36,17.78,10.45,35.58,17.81,17.79,218.6,32.62,0.9,,,,,,,,,-0.796,1.0,-38.42,0.452,0.32,,,,0.002,0.002,0.059,0.001,0.003,0.002,0.271,0.014,0.062,,,,,,,,,0.024,0.0,1.56,0.157,0.434
7/16/2026 23:31:30,2026-07-16 23:30:00,,,,46.37,17.78,10.68,35.59,17.81,17.79,219.5,32.67,1.0,,,,,,,,,-0.69,1.0,-32.67,1.066,1.714,,,,46.37,17.79,10.9,35.59,17.82,17.8,220.3,32.72,1.283,,,,,,,,,-0.683,1.0,-30.58,1.901,2.414,,,,46.35,17.78,10.52,35.58,17.8,17.78,218.6,32.63,0.894,,,,,,,,,-0.797,1.0,-40.18,0.446,0.332,,,,0.003,0.002,0.064,0.002,0.003,0.002,0.271,0.014,0.059,,,,,,,,,0.024,0.0,1.943,0.506,0.615
7/16/2026 23:22:38,2026-07-16 22:40:00,,,,46.36,17.78,10.69,35.59,17.81,17.79,219.6,32.66,1.018,,,,,,,,,-0.689,1.0,-32.75,0.847,1.234,,,,46.37,17.79,10.87,35.59,17.82,17.79,220.4,32.7,1.312,,,,,,,,,-0.681,1.0,-30.77,1.886,2.402,,,,46.34,17.78,10.53,35.57,17.8,17.78,218.8,32.62,0.915,,,,,,,,,-0.801,1.0,-40.23,0.455,0.322,,,,0.003,0.002,0.061,0.002,0.003,0.002,0.25,0.013,0.065,,,,,,,,,0.026,0.0,2.041,0.307,0.499
7/16/2026 23:22:27,2026-07-16 23:20:00,,,,46.36,17.78,10.68,35.59,17.81,17.79,219.5,32.67,1.0,,,,,,,,,-0.689,1.0,-32.7,0.748,1.247,,,,46.37,17.79,10.86,35.59,17.82,17.79,220.4,32.72,1.233,,,,,,,,,-0.682,1.0,-30.89,0.926,1.868,,,,46.36,17.77,10.52,35.58,17.8,17.78,218.5,32.62,0.908,,,,,,,,,-0.763,1.0,-37.72,0.448,0.454,,,,0.002,0.002,0.061,0.001,0.003,0.002,0.265,0.014,0.056,,,,,,,,,0.017,0.0,1.519,0.211,0.437
7/16/2026 23:14:52,2026-07-16 22:50:00,,,,46.36,17.78,10.69,35.59,17.81,17.79,219.6,32.67,1.014,,,,,,,,,-0.689,1.0,-32.55,0.766,1.31,,,,46.37,17.79,10.85,35.59,17.82,17.79,220.5,32.71,1.262,,,,,,,,,-0.682,1.0,-30.27,1.786,1.869,,,,46.36,17.78,10.5,35.58,17.8,17.78,218.8,32.62,0.908,,,,,,,,,-0.788,1.0,-39.06,0.451,0.638,,,,0.003,0.002,0.061,0.001,0.003,0.002,0.28,0.015,0.059,,,,,,,,,0.023,0.0,1.738,0.318,0.389
7/16/2026 23:11:09,2026-07-16 23:10:00,,,,46.36,17.78,10.68,35.59,17.81,17.79,219.5,32.67,1.005,,,,,,,,,-0.696,1.0,-32.89,0.666,1.103,,,,46.37,17.79,10.86,35.59,17.82,17.79,220.4,32.71,1.248,,,,,,,,,-0.683,1.0,-30.41,0.92,1.869,,,,46.34,17.77,10.52,35.57,17.8,17.78,218.8,32.62,0.906,,,,,,,,,-0.807,1.0,-41.94,0.456,0.324,,,,0.003,0.002,0.062,0.002,0.003,0.002,0.277,0.015,0.059,,,,,,,,,0.034,0.0,2.716,0.211,0.37
7/16/2026 23:09:29,2026-07-16 23:00:00,,,,46.36,17.78,10.69,35.59,17.81,17.79,219.5,32.67,1.008,,,,,,,,,-0.69,1.0,-32.83,1.11,1.841,,,,46.37,17.79,10.85,35.59,17.82,17.79,220.4,32.72,1.267,,,,,,,,,-0.682,1.0,-30.87,1.893,2.42,,,,46.35,17.77,10.52,35.58,17.8,17.78,218.6,32.63,0.907,,,,,,,,,-0.799,1.0,-39.23,0.455,0.786,,,,0.003,0.002,0.058,0.002,0.003,0.002,0.279,0.015,0.061,,,,,,,,,0.025,0.0,1.784,0.468,0.433
7/16/2026 22:30:11,2026-07-16 22:30:00,,,,46.37,17.78,10.69,35.59,17.81,17.79,219.6,32.66,1.018,,,,,,,,,-0.689,1.0,-32.82,0.919,1.731,,,,46.37,17.79,10.86,35.59,17.82,17.79,220.4,32.71,1.317,,,,,,,,,-0.68,1.0,-30.68,1.905,2.411,,,,46.36,17.78,10.51,35.58,17.8,17.78,218.8,32.62,0.903,,,,,,,,,-0.785,1.0,-38.61,0.459,0.781,,,,0.003,0.002,0.059,0.002,0.003,0.002,0.267,0.014,0.065,,,,,,,,,0.022,0.0,1.867,0.264,0.46
7/16/2026 22:21:52,2026-07-16 22:20:00,,,,46.37,17.78,10.69,35.59,17.81,17.79,219.6,32.66,1.013,,,,,,,,,-0.689,1.0,-32.66,0.937,1.426,,,,46.37,17.79,10.87,35.59,17.82,17.8,220.4,32.71,1.257,,,,,,,,,-0.68,1.0,-30.42,1.898,2.414,,,,46.36,17.78,10.53,35.58,17.8,17.78,218.8,32.63,0.912,,,,,,,,,-0.787,1.0,-39.25,0.458,0.318,,,,0.003,0.002,0.06,0.002,0.003,0.002,0.273,0.014,0.059,,,,,,,,,0.023,0.0,1.91,0.375,0.524
7/16/2026 22:12:14,2026-07-16 22:10:00,,,,46.37,17.78,10.69,35.59,17.81,17.79,219.6,32.66,1.015,,,,,,,,,-0.693,1.0,-32.97,0.806,1.304,,,,46.37,17.79,10.88,35.59,17.82,17.8,220.5,32.7,1.27,,,,,,,,,-0.679,1.0,-30.59,0.921,1.859,,,,46.36,17.78,10.53,35.58,17.8,17.78,218.9,32.62,0.914,,,,,,,,,-0.8,1.0,-41.74,0.455,0.774,,,,0.003,0.003,0.062,0.002,0.003,0.002,0.262,0.014,0.058,,,,,,,,,0.033,0.0,2.808,0.186,0.295
7/16/2026 22:03:26,2026-07-16 19:30:00,,,,46.35,17.77,10.69,35.59,17.79,17.77,219.8,32.66,1.035,,,,,,,,,-0.684,1.0,-32.16,0.953,1.561,,,,46.36,17.77,10.88,35.59,17.8,17.78,220.8,32.71,1.436,,,,,,,,,-0.673,1.0,-30.13,1.915,2.406,,,,46.34,17.76,10.52,35.58,17.78,17.77,218.9,32.61,0.922,,,,,,,,,-0.785,1.0,-39.45,0.457,0.317,,,,0.003,0.002,0.061,0.001,0.003,0.002,0.283,0.015,0.064,,,,,,,,,0.026,0.0,2.192,0.303,0.424
7/16/2026 22:01:54,2026-07-16 22:00:00,,,,46.36,17.78,10.69,35.59,17.81,17.79,219.7,32.66,1.024,,,,,,,,,-0.682,1.0,-31.76,1.257,1.821,,,,46.37,17.79,10.88,35.59,17.82,17.8,220.5,32.71,1.275,,,,,,,,,-0.679,1.0,-30.21,1.915,2.948,,,,46.35,17.77,10.51,35.58,17.8,17.78,218.8,32.61,0.924,,,,,,,,,-0.696,1.0,-33.71,0.462,0.86,,,,0.003,0.003,0.063,0.002,0.003,0.002,0.265,0.014,0.062,,,,,,,,,0.004,0.0,1.057,0.485,0.476
7/16/2026 21:53:29,2026-07-16 19:40:00,,,,46.35,17.77,10.69,35.59,17.79,17.78,219.7,32.66,1.037,,,,,,,,,-0.68,1.0,-31.89,0.83,1.441,,,,46.36,17.77,10.9,35.59,17.8,17.78,220.6,32.7,1.388,,,,,,,,,-0.675,1.0,-30.18,1.915,2.406,,,,46.34,17.76,10.55,35.58,17.79,17.77,219.1,32.62,0.926,,,,,,,,,-0.728,1.0,-35.47,0.463,0.771,,,,0.003,0.002,0.061,0.001,0.003,0.002,0.263,0.014,0.063,,,,,,,,,0.011,0.0,1.267,0.181,0.341
7/16/2026 21:53:06,2026-07-16 19:50:00,,,,46.35,17.77,10.7,35.59,17.8,17.78,219.8,32.66,1.035,,,,,,,,,-0.678,1.0,-31.57,0.876,1.46,,,,46.36,17.78,10.94,35.59,17.8,17.78,220.6,32.71,1.345,,,,,,,,,-0.674,1.0,-29.67,1.89,1.862,,,,46.34,17.76,10.52,35.58,17.79,17.77,218.9,32.62,0.931,,,,,,,,,-0.717,1.0,-33.45,0.458,0.77,,,,0.003,0.002,0.065,0.001,0.002,0.002,0.275,0.014,0.062,,,,,,,,,0.009,0.0,1.112,0.291,0.366
7/16/2026 21:52:23,2026-07-16 21:50:00,,,,46.36,17.78,10.69,35.59,17.81,17.79,219.7,32.66,1.029,,,,,,,,,-0.681,1.0,-32.03,1.106,1.797,,,,46.37,17.79,10.88,35.59,17.82,17.79,220.4,32.71,1.348,,,,,,,,,-0.679,1.0,-30.3,1.89,2.406,,,,46.35,17.77,10.52,35.58,17.8,17.78,218.8,32.62,0.934,,,,,,,,,-0.684,1.0,-34.44,0.457,0.315,,,,0.003,0.002,0.062,0.002,0.003,0.002,0.27,0.014,0.065,,,,,,,,,0.001,0.0,1.104,0.464,0.529
7/16/2026 21:50:09,2026-07-16 20:00:00,,,,46.35,17.77,10.7,35.59,17.8,17.78,219.7,32.67,1.036,,,,,,,,,-0.683,1.0,-31.89,0.91,1.443,,,,46.36,17.78,10.88,35.59,17.81,17.78,220.6,32.71,1.279,,,,,,,,,-0.675,1.0,-29.83,1.896,2.336,,,,46.35,17.76,10.52,35.58,17.79,17.77,218.8,32.62,0.922,,,,,,,,,-0.788,1.0,-39.5,0.462,0.775,,,,0.002,0.002,0.061,0.001,0.003,0.002,0.28,0.015,0.059,,,,,,,,,0.025,0.0,1.96,0.265,0.415
7/16/2026 21:49:53,2026-07-16 20:10:00,,,,46.35,17.77,10.7,35.59,17.8,17.78,219.7,32.66,1.036,,,,,,,,,-0.687,1.0,-32.8,0.966,1.778,,,,46.36,17.78,10.92,35.59,17.81,17.78,220.5,32.7,1.578,,,,,,,,,-0.675,1.0,-30.11,1.902,2.411,,,,46.34,17.76,10.49,35.58,17.79,17.77,219.0,32.62,0.932,,,,,,,,,-0.794,1.0,-45.2,0.903,1.299,,,,0.003,0.003,0.062,0.002,0.003,0.002,0.275,0.014,0.066,,,,,,,,,0.033,0.0,3.363,0.216,0.321
7/16/2026 21:49:40,2026-07-16 20:20:00,,,,46.35,17.77,10.7,35.59,17.8,17.78,219.7,32.67,1.035,,,,,,,,,-0.679,1.0,-31.92,0.921,1.437,,,,46.36,17.78,10.89,35.6,17.81,17.78,220.5,32.7,1.264,,,,,,,,,-0.675,1.0,-29.61,1.894,2.963,,,,46.34,17.76,10.53,35.58,17.79,17.77,219.0,32.62,0.916,,,,,,,,,-0.693,1.0,-33.74,0.452,0.321,,,,0.004,0.004,0.06,0.002,0.003,0.003,0.255,0.014,0.062,,,,,,,,,0.004,0.0,1.183,0.37,0.564
7/16/2026 21:49:26,2026-07-16 20:30:00,,,,46.36,17.77,10.7,35.59,17.8,17.78,219.7,32.66,1.032,,,,,,,,,-0.679,1.0,-32.0,0.848,1.385,,,,46.36,17.78,10.87,35.59,17.81,17.79,220.4,32.71,1.308,,,,,,,,,-0.676,1.0,-29.88,0.93,1.864,,,,46.34,17.76,10.52,35.58,17.79,17.77,218.9,32.62,0.93,,,,,,,,,-0.693,1.0,-35.84,0.456,0.781,,,,0.003,0.003,0.061,0.002,0.003,0.003,0.26,0.014,0.062,,,,,,,,,0.004,0.0,1.37,0.16,0.31
7/16/2026 21:47:17,2026-07-16 21:30:00,,,,46.36,17.78,10.69,35.59,17.81,17.79,219.7,32.66,1.027,,,,,,,,,-0.681,1.0,-31.77,1.143,1.759,,,,46.37,17.79,10.9,35.6,17.82,17.79,220.5,32.7,1.281,,,,,,,,,-0.678,1.0,-30.03,1.914,2.949,,,,46.35,17.77,10.5,35.58,17.8,17.78,219.0,32.61,0.926,,,,,,,,,-0.695,1.0,-34.08,0.457,0.318,,,,0.003,0.003,0.06,0.002,0.003,0.002,0.261,0.014,0.064,,,,,,,,,0.003,0.0,1.046,0.52,0.619
7/16/2026 21:45:53,2026-07-16 21:40:00,,,,46.36,17.78,10.69,35.59,17.81,17.79,219.7,32.66,1.03,,,,,,,,,-0.681,1.0,-32.28,0.732,0.981,,,,46.37,17.79,10.9,35.59,17.82,17.79,220.4,32.7,1.274,,,,,,,,,-0.679,1.0,-30.09,0.927,1.575,,,,46.35,17.77,10.51,35.58,17.8,17.78,219.0,32.62,0.929,,,,,,,,,-0.695,1.0,-34.7,0.446,0.317,,,,0.003,0.003,0.062,0.001,0.003,0.002,0.247,0.013,0.063,,,,,,,,,0.003,0.0,1.218,0.209,0.379
7/16/2026 21:20:26,2026-07-16 21:20:00,,,,46.36,17.78,10.69,35.59,17.81,17.79,219.7,32.66,1.031,,,,,,,,,-0.68,1.0,-31.92,0.912,1.408,,,,46.37,17.79,10.89,35.59,17.82,17.79,220.6,32.7,1.33,,,,,,,,,-0.678,1.0,-30.33,1.892,1.86,,,,46.36,17.77,10.52,35.58,17.8,17.78,218.9,32.61,0.92,,,,,,,,,-0.687,1.0,-33.9,0.46,0.777,,,,0.003,0.002,0.058,0.002,0.003,0.002,0.279,0.015,0.063,,,,,,,,,0.002,0.0,0.978,0.313,0.395
7/16/2026 21:20:08,2026-07-16 20:40:00,,,,46.36,17.78,10.7,35.59,17.8,17.78,219.7,32.66,1.03,,,,,,,,,-0.68,1.0,-31.8,0.819,1.307,,,,46.37,17.78,10.89,35.59,17.81,17.79,220.8,32.7,1.342,,,,,,,,,-0.677,1.0,-30.26,0.924,1.857,,,,46.35,17.77,10.51,35.58,17.8,17.78,219.0,32.6,0.933,,,,,,,,,-0.693,1.0,-34.87,0.458,0.768,,,,0.003,0.002,0.063,0.001,0.003,0.002,0.281,0.015,0.062,,,,,,,,,0.004,0.0,1.242,0.169,0.292
7/16/2026 21:13:04,2026-07-16 21:10:00,,,,46.36,17.78,10.69,35.59,17.81,17.79,219.7,32.66,1.032,,,,,,,,,-0.691,1.0,-32.87,1.015,1.571,,,,46.37,17.79,10.87,35.59,17.81,17.79,220.4,32.71,1.278,,,,,,,,,-0.678,1.0,-30.2,1.911,2.407,,,,46.36,17.77,10.49,35.58,17.8,17.78,218.8,32.62,0.93,,,,,,,,,-0.797,1.0,-41.5,0.461,0.797,,,,0.003,0.002,0.062,0.001,0.003,0.002,0.272,0.014,0.06,,,,,,,,,0.033,0.0,2.784,0.387,0.423
7/16/2026 21:10:05,2026-07-16 20:50:00,,,,46.36,17.78,10.7,35.59,17.8,17.78,219.7,32.66,1.03,,,,,,,,,-0.681,1.0,-31.72,0.797,1.282,,,,46.37,17.78,10.87,35.59,17.81,17.79,220.5,32.7,1.365,,,,,,,,,-0.677,1.0,-30.15,0.921,1.862,,,,46.35,17.77,10.51,35.58,17.8,17.78,218.9,32.62,0.928,,,,,,,,,-0.694,1.0,-33.42,0.455,0.317,,,,0.003,0.002,0.059,0.001,0.002,0.002,0.277,0.015,0.063,,,,,,,,,0.005,0.0,1.002,0.19,0.451
7/16/2026 21:04:47,2026-07-16 21:00:00,,,,46.36,17.78,10.69,35.59,17.81,17.79,219.7,32.66,1.026,,,,,,,,,-0.68,1.0,-31.49,0.803,1.209,,,,46.37,17.79,10.88,35.59,17.81,17.79,220.5,32.71,1.363,,,,,,,,,-0.677,1.0,-30.03,0.924,1.857,,,,46.35,17.77,10.5,35.58,17.8,17.78,218.7,32.62,0.922,,,,,,,,,-0.684,1.0,-33.59,0.455,0.315,,,,0.002,0.002,0.064,0.001,0.002,0.002,0.279,0.015,0.065,,,,,,,,,0.002,0.0,0.968,0.196,0.356
7/16/2026 19:20:57,2026-07-16 19:20:00,,,,46.34,17.76,10.69,35.59,17.79,17.77,219.8,32.66,1.052,,,,,,,,,-0.681,1.0,-32.11,0.811,1.271,,,,46.35,17.77,10.88,35.59,17.8,17.77,220.6,32.71,1.346,,,,,,,,,-0.673,1.0,-29.78,1.89,1.854,,,,46.33,17.75,10.54,35.58,17.78,17.76,219.1,32.62,0.929,,,,,,,,,-0.781,1.0,-39.16,0.452,0.316,,,,0.003,0.003,0.058,0.001,0.003,0.003,0.279,0.015,0.064,,,,,,,,,0.023,0.0,1.997,0.322,0.404
7/16/2026 19:11:01,2026-07-16 19:10:00,,,,46.34,17.76,10.69,35.59,17.79,17.77,220.0,32.65,1.059,,,,,,,,,-0.688,1.0,-32.46,0.728,1.204,,,,46.35,17.77,10.91,35.59,17.8,17.78,221.0,32.7,1.579,,,,,,,,,-0.674,1.0,-30.2,0.925,1.854,,,,46.34,17.75,10.51,35.58,17.78,17.76,219.1,32.6,0.944,,,,,,,,,-0.792,1.0,-41.67,0.45,0.32,,,,0.003,0.003,0.063,0.002,0.003,0.003,0.284,0.015,0.066,,,,,,,,,0.033,0.0,2.753,0.216,0.454
7/16/2026 19:01:54,2026-07-16 19:00:00,,,,46.34,17.76,10.69,35.59,17.79,17.77,220.1,32.65,1.075,,,,,,,,,-0.676,1.0,-31.32,0.923,1.529,,,,46.35,17.77,10.85,35.6,17.8,17.77,221.0,32.69,1.377,,,,,,,,,-0.673,1.0,-29.15,1.912,2.413,,,,46.33,17.75,10.52,35.58,17.78,17.76,219.3,32.6,0.968,,,,,,,,,-0.691,1.0,-33.41,0.466,0.777,,,,0.004,0.003,0.056,0.002,0.003,0.003,0.283,0.015,0.062,,,,,,,,,0.005,0.0,1.327,0.37,0.361
7/16/2026 18:50:14,2026-07-16 18:50:00,,,,46.34,17.76,10.69,35.59,17.79,17.77,220.1,32.65,1.078,,,,,,,,,-0.675,1.0,-31.33,0.972,1.723,,,,46.35,17.77,10.89,35.6,17.8,17.77,220.9,32.69,1.327,,,,,,,,,-0.672,1.0,-29.93,1.914,2.42,,,,46.33,17.75,10.53,35.58,17.78,17.76,219.4,32.61,0.976,,,,,,,,,-0.68,1.0,-33.93,0.458,0.789,,,,0.003,0.003,0.055,0.002,0.003,0.002,0.285,0.015,0.06,,,,,,,,,0.002,0.0,1.035,0.349,0.453
7/16/2026 18:47:04,2026-07-16 18:40:00,,,,46.34,17.75,10.69,35.59,17.78,17.76,219.8,32.67,1.048,,,,,,,,,-0.674,1.0,-31.33,0.823,1.287,,,,46.35,17.76,10.91,35.6,17.79,17.77,220.7,32.71,1.354,,,,,,,,,-0.672,1.0,-29.4,0.923,1.865,,,,46.33,17.75,10.51,35.59,17.77,17.75,219.0,32.62,0.931,,,,,,,,,-0.683,1.0,-33.78,0.458,0.327,,,,0.003,0.003,0.058,0.001,0.003,0.003,0.288,0.015,0.067,,,,,,,,,0.002,0.0,1.11,0.181,0.413
7/16/2026 18:30:28,2026-07-16 18:30:00,,,,46.34,17.75,10.69,35.59,17.78,17.76,219.4,32.69,0.971,,,,,,,,,-0.674,1.0,-31.4,0.663,1.034,,,,46.34,17.76,10.87,35.6,17.79,17.76,220.4,32.74,1.199,,,,,,,,,-0.672,1.0,-28.89,0.925,1.859,,,,46.33,17.74,10.51,35.59,17.77,17.75,218.5,32.63,0.859,,,,,,,,,-0.701,1.0,-33.67,0.452,0.327,,,,0.003,0.003,0.057,0.001,0.003,0.002,0.287,0.015,0.052,,,,,,,,,0.006,0.0,1.363,0.226,0.374
7/16/2026 18:22:30,2026-07-16 18:20:00,,,,46.33,17.74,10.69,35.59,17.77,17.75,219.3,32.7,0.977,,,,,,,,,-0.673,1.0,-31.59,0.851,1.388,,,,46.34,17.75,10.84,35.6,17.78,17.76,220.0,32.74,1.218,,,,,,,,,-0.671,1.0,-29.29,0.922,1.869,,,,46.32,17.73,10.5,35.59,17.76,17.74,218.5,32.66,0.887,,,,,,,,,-0.677,1.0,-33.57,0.454,0.783,,,,0.004,0.004,0.055,0.002,0.003,0.003,0.269,0.014,0.051,,,,,,,,,0.001,0.0,1.132,0.143,0.325
7/16/2026 18:11:40,2026-07-16 18:10:00,,,,46.33,17.74,10.69,35.59,17.77,17.75,219.2,32.7,0.971,,,,,,,,,-0.684,1.0,-32.34,0.814,1.275,,,,46.34,17.75,10.84,35.6,17.78,17.76,220.0,32.75,1.237,,,,,,,,,-0.671,1.0,-30.19,0.922,1.869,,,,46.32,17.73,10.51,35.59,17.76,17.74,218.3,32.66,0.877,,,,,,,,,-0.805,1.0,-41.88,0.456,0.319,,,,0.003,0.003,0.057,0.002,0.003,0.003,0.287,0.015,0.053,,,,,,,,,0.035,0.0,2.946,0.181,0.522
7/16/2026 18:07:47,2026-07-16 15:40:00,,,,46.37,17.79,10.69,35.59,17.82,17.79,220.3,32.63,1.064,,,,,,,,,-0.663,1.0,-30.47,47.22,50.95,,,,46.38,17.79,10.88,35.59,17.82,17.8,221.2,32.67,1.287,,,,,,,,,-0.661,1.0,-28.63,66.22,67.28,,,,46.36,17.78,10.49,35.58,17.81,17.79,219.4,32.58,0.973,,,,,,,,,-0.678,1.0,-32.26,36.81,39.57,,,,0.003,0.002,0.065,0.001,0.003,0.002,0.28,0.015,0.04,,,,,,,,,0.004,0.0,1.12,7.624,7.628
7/16/2026 18:07:39,2026-07-16 16:00:00,,,,46.37,17.79,10.69,35.59,17.82,17.79,220.3,32.63,1.111,,,,,,,,,-0.664,1.0,-30.57,21.23,22.95,,,,46.38,17.79,10.88,35.59,17.82,17.8,221.1,32.67,1.535,,,,,,,,,-0.662,1.0,-28.78,25.64,27.92,,,,46.35,17.78,10.53,35.57,17.81,17.79,219.5,32.58,1.015,,,,,,,,,-0.67,1.0,-32.5,15.6,17.04,,,,0.003,0.003,0.066,0.002,0.003,0.003,0.275,0.014,0.046,,,,,,,,,0.002,0.0,1.025,3.016,3.258
7/16/2026 18:07:37,2026-07-16 15:50:00,,,,46.37,17.79,10.7,35.59,17.81,17.79,220.3,32.63,1.098,,,,,,,,,-0.663,1.0,-30.87,28.44,31.02,,,,46.38,17.79,10.94,35.59,17.83,17.8,221.1,32.66,1.308,,,,,,,,,-0.66,1.0,-28.99,36.81,39.58,,,,46.36,17.78,10.51,35.58,17.81,17.79,219.7,32.58,1.006,,,,,,,,,-0.669,1.0,-33.35,22.96,25.7,,,,0.003,0.003,0.068,0.002,0.003,0.002,0.257,0.014,0.043,,,,,,,,,0.002,0.0,1.138,3.654,3.799
7/16/2026 18:06:52,2026-07-16 16:10:00,,,,46.37,17.79,10.7,35.59,17.81,17.79,220.3,32.63,1.108,,,,,,,,,-0.675,1.0,-31.78,11.94,12.98,,,,46.38,17.79,10.91,35.59,17.82,17.8,221.1,32.67,1.385,,,,,,,,,-0.663,1.0,-29.2,15.6,17.49,,,,46.36,17.78,10.5,35.58,17.81,17.79,219.5,32.59,0.988,,,,,,,,,-0.779,1.0,-40.24,8.45,9.54,,,,0.003,0.003,0.066,0.002,0.003,0.003,0.259,0.014,0.051,,,,,,,,,0.032,0.0,2.798,2.168,2.369
7/16/2026 18:05:59,2026-07-16 17:30:00,,,,46.32,17.73,10.69,35.59,17.76,17.74,219.3,32.7,0.994,,,,,,,,,-0.671,1.0,-31.46,0.895,1.392,,,,46.33,17.74,10.85,35.6,17.77,17.75,220.3,32.75,1.218,,,,,,,,,-0.668,1.0,-29.87,1.898,2.415,,,,46.31,17.72,10.52,35.58,17.76,17.73,218.4,32.65,0.903,,,,,,,,,-0.685,1.0,-34.2,0.459,0.318,,,,0.003,0.003,0.057,0.002,0.003,0.003,0.322,0.017,0.052,,,,,,,,,0.004,0.0,1.068,0.281,0.494
7/16/2026 18:01:23,2026-07-16 18:00:00,,,,46.32,17.74,10.69,35.59,17.77,17.75,219.0,32.72,0.959,,,,,,,,,-0.673,1.0,-31.61,0.789,1.382,,,,46.33,17.75,10.85,35.6,17.77,17.75,219.7,32.75,1.303,,,,,,,,,-0.67,1.0,-29.8,0.931,1.863,,,,46.31,17.73,10.53,35.59,17.76,17.74,218.3,32.68,0.859,,,,,,,,,-0.678,1.0,-35.24,0.454,0.32,,,,0.003,0.003,0.059,0.002,0.003,0.003,0.271,0.014,0.054,,,,,,,,,0.002,0.0,1.322,0.198,0.462
7/16/2026 17:59:45,2026-07-16 17:40:00,,,,46.32,17.73,10.69,35.59,17.76,17.74,219.4,32.7,1.0,,,,,,,,,-0.672,1.0,-31.15,0.827,1.389,,,,46.33,17.74,10.84,35.6,17.77,17.75,220.5,32.74,1.266,,,,,,,,,-0.67,1.0,-29.68,0.921,1.867,,,,46.31,17.72,10.48,35.58,17.76,17.73,218.5,32.64,0.906,,,,,,,,,-0.686,1.0,-32.95,0.45,0.322,,,,0.004,0.003,0.058,0.002,0.003,0.003,0.292,0.015,0.054,,,,,,,,,0.004,0.0,1.066,0.17,0.431
7/16/2026 17:55:00,2026-07-16 17:50:00,,,,46.32,17.74,10.69,35.59,17.76,17.74,219.1,32.71,0.967,,,,,,,,,-0.673,1.0,-31.49,0.806,1.355,,,,46.33,17.74,10.83,35.6,17.77,17.75,219.9,32.77,1.155,,,,,,,,,-0.669,1.0,-29.34,0.931,1.867,,,,46.31,17.73,10.49,35.59,17.76,17.74,218.0,32.67,0.878,,,,,,,,,-0.686,1.0,-34.03,0.456,0.784,,,,0.003,0.003,0.057,0.002,0.003,0.003,0.3,0.016,0.052,,,,,,,,,0.004,0.0,1.229,0.19,0.349
7/16/2026 17:29:09,2026-07-16 16:20:00,,,,46.37,17.79,10.7,35.59,17.81,17.79,220.2,32.63,1.082,,,,,,,,,-0.673,1.0,-31.16,5.273,6.073,,,,46.38,17.79,10.88,35.59,17.82,17.8,221.1,32.67,1.3,,,,,,,,,-0.664,1.0,-28.87,9.03,9.54,,,,46.36,17.78,10.53,35.58,17.81,17.78,219.5,32.58,0.981,,,,,,,,,-0.775,1.0,-37.93,1.892,2.953,,,,0.003,0.003,0.066,0.002,0.003,0.003,0.265,0.014,0.05,,,,,,,,,0.025,0.0,1.897,1.892,1.819
7/16/2026 17:28:54,2026-07-16 16:30:00,,,,46.37,17.78,10.69,35.59,17.81,17.79,220.1,32.64,1.061,,,,,,,,,-0.669,1.0,-31.34,1.64,2.519,,,,46.37,17.79,10.88,35.59,17.82,17.8,221.0,32.67,1.314,,,,,,,,,-0.664,1.0,-29.31,3.449,4.043,,,,46.36,17.77,10.51,35.58,17.81,17.78,219.4,32.59,0.947,,,,,,,,,-0.707,1.0,-33.53,0.905,1.302,,,,0.004,0.003,0.066,0.002,0.003,0.003,0.276,0.015,0.055,,,,,,,,,0.009,0.0,1.043,0.613,0.533
7/16/2026 17:23:46,2026-07-16 17:10:00,,,,46.32,17.74,10.69,35.59,17.77,17.74,219.4,32.7,0.989,,,,,,,,,-0.679,1.0,-31.97,0.829,1.349,,,,46.33,17.75,10.9,35.6,17.78,17.76,221.1,32.76,1.238,,,,,,,,,-0.667,1.0,-29.97,0.927,1.855,,,,46.3,17.72,10.52,35.58,17.76,17.73,218.3,32.61,0.869,,,,,,,,,-0.786,1.0,-44.31,0.448,0.318,,,,0.007,0.007,0.062,0.002,0.005,0.007,0.509,0.026,0.058,,,,,,,,,0.032,0.0,3.135,0.166,0.391
7/16/2026 17:21:58,2026-07-16 17:20:00,,,,46.32,17.73,10.69,35.59,17.76,17.74,219.4,32.7,0.983,,,,,,,,,-0.672,1.0,-31.12,0.933,1.522,,,,46.32,17.74,10.88,35.6,17.77,17.75,220.4,32.76,1.21,,,,,,,,,-0.668,1.0,-29.45,1.903,2.411,,,,46.31,17.73,10.49,35.58,17.76,17.73,218.2,32.64,0.881,,,,,,,,,-0.684,1.0,-32.81,0.456,0.779,,,,0.003,0.003,0.057,0.002,0.003,0.002,0.351,0.019,0.051,,,,,,,,,0.005,0.0,1.052,0.331,0.463
7/16/2026 17:09:04,2026-07-16 16:40:00,,,,46.36,17.77,10.7,35.59,17.81,17.78,219.9,32.65,1.042,,,,,,,,,-0.673,1.0,-31.26,1.208,1.863,,,,46.37,17.78,10.93,35.6,17.82,17.79,220.9,32.7,1.409,,,,,,,,,-0.665,1.0,-28.54,1.904,2.968,,,,46.35,17.76,10.51,35.58,17.8,17.77,219.1,32.6,0.931,,,,,,,,,-0.779,1.0,-38.08,0.458,0.322,,,,0.004,0.004,0.067,0.002,0.004,0.004,0.296,0.016,0.062,,,,,,,,,0.024,0.0,1.933,0.506,0.611
7/16/2026 17:02:58,2026-07-16 17:00:00,,,,46.34,17.75,10.69,35.59,17.79,17.76,219.1,32.7,0.941,,,,,,,,,-0.674,1.0,-31.7,0.713,1.112,,,,46.35,17.76,10.91,35.6,17.8,17.77,220.2,32.76,1.189,,,,,,,,,-0.667,1.0,-29.19,0.932,1.844,,,,46.32,17.74,10.52,35.58,17.78,17.74,218.0,32.65,0.81,,,,,,,,,-0.744,1.0,-35.37,0.457,0.32,,,,0.006,0.006,0.059,0.002,0.004,0.006,0.374,0.019,0.058,,,,,,,,,0.017,0.0,1.533,0.224,0.384
7/16/2026 16:54:49,2026-07-16 16:50:00,,,,46.34,17.76,10.69,35.59,17.8,17.77,219.3,32.69,0.976,,,,,,,,,-0.673,1.0,-31.29,0.921,1.577,,,,46.36,17.77,10.92,35.59,17.81,17.78,220.3,32.74,1.535,,,,,,,,,-0.666,1.0,-29.29,1.899,2.338,,,,46.33,17.75,10.51,35.58,17.78,17.76,218.4,32.64,0.846,,,,,,,,,-0.778,1.0,-39.08,0.466,0.784,,,,0.005,0.005,0.063,0.002,0.005,0.005,0.333,0.019,0.071,,,,,,,,,0.024,0.0,2.042,0.261,0.408
7/16/2026 15:30:20,2026-07-16 15:30:00,,,,46.37,17.79,10.7,35.59,17.81,17.79,220.3,32.63,0.974,,,,,,,,,-0.656,1.0,-30.2,74.67,86.0,,,,46.38,17.79,11.03,35.59,17.82,17.8,221.0,32.67,1.101,,,,,,,,,-0.647,1.0,-28.25,82.3,114.6,,,,46.36,17.78,10.5,35.59,17.81,17.79,219.6,32.59,0.856,,,,,,,,,-0.665,1.0,-31.91,66.22,67.28,,,,0.002,0.002,0.064,0.001,0.003,0.002,0.249,0.013,0.045,,,,,,,,,0.005,0.0,1.018,4.69,12.49
7/16/2026 15:20:38,2026-07-16 15:20:00,,,,46.37,17.79,10.69,35.59,17.81,17.79,220.3,32.63,1.022,,,,,,,,,-0.661,1.0,-30.78,70.58,71.92,,,,46.38,17.79,10.89,35.59,17.82,17.8,221.0,32.67,1.174,,,,,,,,,-0.65,1.0,-28.99,82.3,86.3,,,,46.36,17.78,10.52,35.58,17.81,17.79,219.5,32.59,0.921,,,,,,,,,-0.675,1.0,-33.7,61.77,64.55,,,,0.003,0.002,0.065,0.001,0.003,0.002,0.263,0.014,0.041,,,,,,,,,0.005,0.0,1.302,5.167,5.313
7/16/2026 15:10:27,2026-07-16 15:10:00,,,,46.37,17.79,10.69,35.59,17.82,17.79,220.3,32.63,0.955,,,,,,,,,-0.669,1.0,-31.22,76.42,82.8,,,,46.38,17.79,10.94,35.59,17.82,17.8,221.2,32.68,1.196,,,,,,,,,-0.651,1.0,-28.25,83.4,92.4,,,,46.36,17.78,10.52,35.58,17.81,17.79,219.3,32.58,0.864,,,,,,,,,-0.775,1.0,-40.72,71.48,74.61,,,,0.003,0.002,0.064,0.001,0.003,0.002,0.277,0.015,0.04,,,,,,,,,0.032,0.0,2.726,2.955,4.661
7/16/2026 15:10:14,2026-07-16 15:00:00,,,,46.37,17.79,10.69,35.59,17.82,17.8,220.3,32.62,0.901,,,,,,,,,-0.653,1.0,-29.81,87.0,94.1,,,,46.38,17.79,11.0,35.59,17.82,17.8,221.2,32.67,1.17,,,,,,,,,-0.648,1.0,-27.76,95.9,111.8,,,,46.36,17.78,10.52,35.58,17.81,17.79,219.4,32.58,0.775,,,,,,,,,-0.66,1.0,-31.82,79.02,86.3,,,,0.002,0.002,0.063,0.001,0.003,0.002,0.262,0.014,0.046,,,,,,,,,0.004,0.0,1.16,4.075,5.035
7/16/2026 14:52:53,2026-07-16 11:30:00,,,,46.24,17.66,10.71,35.59,17.66,17.67,220.0,32.7,0.412,,,,,,,,,-0.665,1.0,-30.99,285.5,317.1,,,,46.27,17.68,10.95,35.6,17.68,17.69,220.9,32.75,0.487,,,,,,,,,-0.663,1.0,-29.19,322.1,391.8,,,,46.21,17.63,10.5,35.58,17.64,17.64,219.0,32.65,0.352,,,,,,,,,-0.68,1.0,-33.8,251.8,272.9,,,,0.01,0.01,0.064,0.002,0.012,0.01,0.291,0.015,0.022,,,,,,,,,0.004,0.0,1.064,17.3,29.46
7/16/2026 14:51:50,2026-07-16 13:30:00,,,,46.36,17.78,10.7,35.59,17.81,17.79,219.8,32.65,0.431,,,,,,,,,-0.658,1.0,-30.22,133.2,332.0,,,,46.38,17.79,10.89,35.6,17.81,17.8,220.6,32.7,0.584,,,,,,,,,-0.649,1.0,-27.82,168.5,475.5,,,,46.35,17.77,10.52,35.59,17.8,17.78,219.0,32.61,0.354,,,,,,,,,-0.759,1.0,-37.54,97.3,183.1,,,,0.004,0.004,0.067,0.001,0.003,0.004,0.267,0.014,0.044,,,,,,,,,0.023,0.0,2.009,18.56,99.9
7/16/2026 14:51:30,2026-07-16 14:30:00,,,,46.38,17.79,10.69,35.59,17.82,17.8,220.5,32.61,0.914,,,,,,,,,-0.655,1.0,-30.11,90.5,91.0,,,,46.38,17.8,10.9,35.59,17.83,17.81,221.5,32.66,1.37,,,,,,,,,-0.645,1.0,-27.91,109.0,110.7,,,,46.37,17.79,10.48,35.58,17.82,17.8,219.6,32.56,0.796,,,,,,,,,-0.662,1.0,-33.25,58.43,59.57,,,,0.002,0.002,0.066,0.001,0.003,0.002,0.276,0.015,0.067,,,,,,,,,0.005,0.0,1.321,18.84,18.88
7/16/2026 14:51:25,2026-07-16 14:50:00,,,,46.37,17.79,10.69,35.59,17.82,17.8,220.4,32.62,0.821,,,,,,,,,-0.654,1.0,-30.25,107.5,122.1,,,,46.38,17.8,10.87,35.59,17.83,17.8,221.3,32.67,1.073,,,,,,,,,-0.646,1.0,-28.34,114.0,141.7,,,,46.36,17.78,10.47,35.59,17.81,17.79,219.4,32.57,0.728,,,,,,,,,-0.696,1.0,-31.96,94.6,102.4,,,,0.003,0.002,0.06,0.001,0.003,0.002,0.279,0.015,0.04,,,,,,,,,0.01,0.0,0.996,6.16,11.08
7/16/2026 14:43:30,2026-07-16 14:40:00,,,,46.38,17.79,10.69,35.59,17.82,17.8,220.4,32.62,0.941,,,,,,,,,-0.655,1.0,-29.99,84.5,86.2,,,,46.38,17.8,10.89,35.59,17.83,17.8,221.2,32.68,1.213,,,,,,,,,-0.648,1.0,-27.4,108.5,109.6,,,,46.37,17.79,10.52,35.58,17.82,17.79,219.3,32.58,0.801,,,,,,,,,-0.664,1.0,-32.11,56.71,57.35,,,,0.002,0.002,0.061,0.001,0.003,0.002,0.272,0.014,0.075,,,,,,,,,0.005,0.0,1.183,20.36,20.71
7/16/2026 14:26:27,2026-07-16 13:40:00,,,,46.37,17.78,10.69,35.59,17.81,17.79,220.1,32.64,0.484,,,,,,,,,-0.659,1.0,-30.45,175.2,265.0,,,,46.38,17.79,10.89,35.59,17.82,17.8,221.0,32.68,0.6,,,,,,,,,-0.65,1.0,-28.19,194.7,358.9,,,,46.34,17.77,10.49,35.56,17.8,17.78,219.4,32.59,0.414,,,,,,,,,-0.768,1.0,-37.75,149.1,193.6,,,,0.004,0.004,0.063,0.002,0.003,0.004,0.273,0.015,0.026,,,,,,,,,0.025,0.0,2.069,12.27,42.36
7/16/2026 14:24:22,2026-07-16 14:20:00,,,,46.38,17.79,10.69,35.59,17.82,17.8,220.5,32.61,0.822,,,,,,,,,-0.653,1.0,-29.97,111.1,117.5,,,,46.39,17.8,10.89,35.59,17.83,17.81,221.2,32.65,1.231,,,,,,,,,-0.647,1.0,-28.22,114.1,129.1,,,,46.37,17.79,10.52,35.58,17.82,17.79,219.8,32.57,0.738,,,,,,,,,-0.663,1.0,-31.51,104.6,110.7,,,,0.003,0.002,0.066,0.001,0.003,0.002,0.264,0.014,0.038,,,,,,,,,0.004,0.0,1.062,2.845,4.965
7/16/2026 14:24:21,2026-07-16 13:50:00,,,,46.37,17.79,10.69,35.59,17.82,17.8,220.3,32.62,0.482,,,,,,,,,-0.658,1.0,-30.34,128.5,273.3,,,,46.38,17.8,10.91,35.59,17.83,17.8,221.1,32.68,0.619,,,,,,,,,-0.65,1.0,-28.58,186.3,354.9,,,,46.36,17.78,10.52,35.58,17.81,17.79,219.3,32.58,0.418,,,,,,,,,-0.758,1.0,-37.42,91.7,209.2,,,,0.003,0.003,0.062,0.001,0.003,0.003,0.274,0.015,0.026,,,,,,,,,0.023,0.0,1.904,24.97,45.67
7/16/2026 14:14:30,2026-07-16 14:00:00,,,,46.38,17.8,10.69,35.59,17.82,17.8,220.5,32.61,0.695,,,,,,,,,-0.658,1.0,-30.26,118.8,152.5,,,,46.39,17.8,10.87,35.59,17.83,17.81,221.4,32.66,0.948,,,,,,,,,-0.648,1.0,-27.73,137.9,236.6,,,,46.37,17.79,10.5,35.58,17.82,17.8,219.6,32.57,0.483,,,,,,,,,-0.765,1.0,-37.15,102.9,104.1,,,,0.003,0.003,0.065,0.001,0.003,0.002,0.28,0.015,0.121,,,,,,,,,0.025,0.0,1.89,10.74,43.88
7/16/2026 14:14:11,2026-07-16 14:10:00,,,,46.38,17.79,10.69,35.59,17.82,17.8,220.6,32.61,0.813,,,,,,,,,-0.664,1.0,-30.99,105.4,117.7,,,,46.39,17.8,10.9,35.59,17.83,17.81,221.5,32.66,1.024,,,,,,,,,-0.65,1.0,-28.29,111.3,126.9,,,,46.37,17.79,10.54,35.58,17.82,17.79,219.7,32.56,0.732,,,,,,,,,-0.757,1.0,-42.28,97.4,108.5,,,,0.003,0.003,0.058,0.001,0.003,0.002,0.277,0.015,0.039,,,,,,,,,0.03,0.0,3.112,3.805,5.503
7/16/2026 13:22:51,2026-07-16 13:20:00,,,,46.36,17.78,10.69,35.59,17.8,17.78,219.8,32.66,0.442,,,,,,,,,-0.659,1.0,-30.23,196.1,327.2,,,,46.37,17.79,10.91,35.6,17.81,17.79,220.5,32.7,0.544,,,,,,,,,-0.65,1.0,-28.03,249.6,490.6,,,,46.34,17.76,10.52,35.59,17.79,17.77,219.0,32.62,0.362,,,,,,,,,-0.76,1.0,-36.99,142.6,180.3,,,,0.005,0.004,0.065,0.001,0.003,0.004,0.268,0.014,0.03,,,,,,,,,0.023,0.0,1.851,30.65,102.9
7/16/2026 13:18:15,2026-07-16 11:40:00,,,,46.26,17.68,10.7,35.59,17.69,17.69,219.8,32.7,0.536,,,,,,,,,-0.667,1.0,-31.13,190.0,196.2,,,,46.28,17.69,10.93,35.6,17.71,17.7,220.8,32.74,0.711,,,,,,,,,-0.664,1.0,-29.2,265.2,286.6,,,,46.24,17.66,10.52,35.59,17.67,17.67,218.9,32.65,0.392,,,,,,,,,-0.68,1.0,-32.56,125.6,125.8,,,,0.007,0.007,0.068,0.001,0.008,0.007,0.273,0.014,0.08,,,,,,,,,0.004,0.0,0.976,42.95,50.35
7/16/2026 13:18:08,2026-07-16 12:50:00,,,,46.34,17.76,10.7,35.59,17.78,17.77,219.8,32.66,0.456,,,,,,,,,-0.661,1.0,-30.42,235.2,293.5,,,,46.36,17.77,10.91,35.6,17.79,17.78,220.6,32.71,0.57,,,,,,,,,-0.657,1.0,-28.4,244.5,424.3,,,,46.33,17.75,10.41,35.58,17.77,17.76,219.0,32.62,0.373,,,,,,,,,-0.677,1.0,-32.15,225.7,249.3,,,,0.004,0.004,0.062,0.001,0.003,0.004,0.281,0.015,0.026,,,,,,,,,0.004,0.0,0.875,5.921,50.39
7/16/2026 13:15:44,2026-07-16 13:10:00,,,,46.35,17.77,10.7,35.59,17.79,17.78,219.8,32.66,0.446,,,,,,,,,-0.667,1.0,-31.12,215.4,304.0,,,,46.37,17.78,10.87,35.6,17.8,17.79,220.6,32.71,0.562,,,,,,,,,-0.652,1.0,-28.73,267.9,488.3,,,,46.34,17.76,10.54,35.59,17.79,17.76,218.9,32.61,0.351,,,,,,,,,-0.771,1.0,-40.03,138.8,211.6,,,,0.005,0.005,0.062,0.002,0.003,0.005,0.277,0.015,0.042,,,,,,,,,0.032,0.0,2.565,37.09,75.0
7/16/2026 13:07:47,2026-07-16 13:00:00,,,,46.35,17.76,10.7,35.59,17.79,17.77,219.8,32.66,0.406,,,,,,,,,-0.656,1.0,-30.16,178.2,430.2,,,,46.37,17.78,10.88,35.6,17.8,17.79,220.5,32.7,0.485,,,,,,,,,-0.651,1.0,-28.15,239.4,521.1,,,,46.33,17.74,10.52,35.58,17.78,17.75,219.0,32.62,0.361,,,,,,,,,-0.669,1.0,-33.55,149.1,287.7,,,,0.006,0.005,0.067,0.002,0.003,0.005,0.289,0.015,0.019,,,,,,,,,0.004,0.0,1.39,22.04,55.65
7/16/2026 12:50:31,2026-07-16 11:50:00,,,,46.28,17.7,10.71,35.59,17.71,17.7,219.7,32.7,0.671,,,,,,,,,-0.668,1.0,-31.08,138.0,139.5,,,,46.29,17.71,10.92,35.6,17.73,17.72,220.5,32.74,0.875,,,,,,,,,-0.664,1.0,-29.69,169.6,172.5,,,,46.26,17.68,10.5,35.58,17.7,17.69,218.9,32.65,0.555,,,,,,,,,-0.682,1.0,-33.3,111.8,115.2,,,,0.007,0.007,0.066,0.001,0.006,0.007,0.275,0.015,0.044,,,,,,,,,0.005,0.0,1.012,16.56,16.2
7/16/2026 12:48:41,2026-07-16 12:00:00,,,,46.29,17.71,10.7,35.59,17.73,17.71,219.6,32.7,0.54,,,,,,,,,-0.668,1.0,-31.04,199.9,202.3,,,,46.3,17.72,10.92,35.59,17.74,17.72,220.5,32.74,0.691,,,,,,,,,-0.663,1.0,-29.39,240.6,244.3,,,,46.27,17.69,10.54,35.59,17.72,17.7,218.7,32.65,0.434,,,,,,,,,-0.682,1.0,-33.76,169.6,172.5,,,,0.004,0.004,0.064,0.001,0.004,0.004,0.272,0.014,0.035,,,,,,,,,0.006,0.0,1.117,18.55,19.53
7/16/2026 12:46:24,2026-07-16 12:40:00,,,,46.34,17.75,10.7,35.59,17.78,17.76,219.7,32.67,0.468,,,,,,,,,-0.661,1.0,-30.57,243.4,265.1,,,,46.35,17.76,10.88,35.6,17.79,17.77,220.6,32.73,0.586,,,,,,,,,-0.659,1.0,-29.1,254.5,286.1,,,,46.32,17.74,10.52,35.58,17.77,17.75,218.7,32.63,0.408,,,,,,,,,-0.668,1.0,-33.11,233.9,242.0,,,,0.005,0.004,0.066,0.001,0.003,0.004,0.269,0.015,0.022,,,,,,,,,0.002,0.0,0.988,5.546,11.7
7/16/2026 12:46:17,2026-07-16 12:10:00,,,,46.3,17.72,10.7,35.59,17.74,17.73,219.5,32.7,0.449,,,,,,,,,-0.675,1.0,-31.84,261.1,278.1,,,,46.33,17.74,10.91,35.6,17.76,17.75,220.5,32.74,0.577,,,,,,,,,-0.661,1.0,-28.72,304.4,404.0,,,,46.29,17.7,10.53,35.59,17.73,17.71,218.8,32.64,0.37,,,,,,,,,-0.781,1.0,-39.59,234.5,235.9,,,,0.01,0.009,0.064,0.001,0.006,0.009,0.278,0.015,0.03,,,,,,,,,0.032,0.0,2.668,24.99,45.93
7/16/2026 12:32:14,2026-07-16 12:20:00,,,,46.33,17.74,10.7,35.59,17.76,17.75,219.5,32.69,0.422,,,,,,,,,-0.662,1.0,-30.67,273.4,297.6,,,,46.34,17.76,11.03,35.6,17.78,17.76,220.4,32.73,0.512,,,,,,,,,-0.66,1.0,-29.21,298.8,350.3,,,,46.31,17.73,10.52,35.58,17.75,17.73,218.7,32.64,0.358,,,,,,,,,-0.668,1.0,-32.69,238.9,239.3,,,,0.007,0.006,0.065,0.002,0.007,0.006,0.273,0.015,0.025,,,,,,,,,0.002,0.0,1.101,18.25,32.95
7/16/2026 12:32:02,2026-07-16 12:30:00,,,,46.34,17.75,10.7,35.59,17.77,17.76,219.5,32.68,0.448,,,,,,,,,-0.663,1.0,-30.66,247.8,273.0,,,,46.35,17.76,10.89,35.6,17.78,17.77,220.4,32.73,0.536,,,,,,,,,-0.66,1.0,-28.88,278.5,328.8,,,,46.32,17.74,10.49,35.58,17.77,17.74,218.7,32.64,0.395,,,,,,,,,-0.674,1.0,-33.07,236.1,243.1,,,,0.004,0.004,0.067,0.001,0.003,0.004,0.266,0.014,0.02,,,,,,,,,0.003,0.0,1.212,9.69,19.43
7/16/2026 11:20:53,2026-07-16 11:20:00,,,,46.19,17.61,10.71,35.59,17.59,17.62,220.6,32.69,0.405,,,,,,,,,-0.666,1.0,-31.36,306.3,327.2,,,,46.24,17.66,10.96,35.6,17.64,17.66,221.5,32.73,0.571,,,,,,,,,-0.662,1.0,-28.99,339.5,360.9,,,,46.11,17.53,10.54,35.58,17.55,17.54,219.4,32.64,0.355,,,,,,,,,-0.682,1.0,-33.26,267.9,282.9,,,,0.033,0.032,0.067,0.003,0.027,0.032,0.409,0.016,0.018,,,,,,,,,0.005,0.0,1.254,18.31,25.45
7/16/2026 11:18:45,2026-07-16 06:40:00,,,,46.32,17.74,10.72,35.59,17.76,17.74,218.2,32.76,0.901,,,,,,,,,-0.693,1.0,-33.09,10.96,11.78,,,,46.33,17.74,10.98,35.59,17.77,17.75,219.1,32.8,1.114,,,,,,,,,-0.69,1.0,-31.47,18.41,19.14,,,,46.31,17.73,10.53,35.59,17.75,17.74,217.4,32.71,0.795,,,,,,,,,-0.695,1.0,-36.25,7.272,8.43,,,,0.003,0.002,0.073,0.001,0.003,0.002,0.275,0.014,0.054,,,,,,,,,0.002,0.0,1.335,3.285,3.341
7/16/2026 11:14:49,2026-07-16 06:50:00,,,,46.32,17.74,10.72,35.59,17.76,17.74,218.1,32.76,0.874,,,,,,,,,-0.694,1.0,-33.07,24.5,25.31,,,,46.33,17.74,10.96,35.59,17.78,17.75,219.1,32.81,1.083,,,,,,,,,-0.689,1.0,-31.17,27.85,29.08,,,,46.31,17.73,10.53,35.58,17.76,17.74,217.3,32.71,0.781,,,,,,,,,-0.705,1.0,-34.88,18.41,19.14,,,,0.003,0.003,0.076,0.001,0.003,0.003,0.27,0.014,0.043,,,,,,,,,0.004,0.0,1.098,2.717,2.792
7/16/2026 11:10:32,2026-07-16 11:10:00,,,,46.08,17.51,10.71,35.59,17.55,17.51,220.0,32.77,0.352,,,,,,,,,-0.674,1.0,-31.95,269.4,455.9,,,,46.14,17.56,10.93,35.62,17.58,17.56,221.6,32.82,0.447,,,,,,,,,-0.661,1.0,-29.24,333.6,572.7,,,,46.06,17.49,10.54,35.58,17.54,17.49,219.0,32.66,0.312,,,,,,,,,-0.779,1.0,-45.13,218.4,327.1,,,,0.015,0.013,0.064,0.003,0.01,0.012,0.48,0.029,0.017,,,,,,,,,0.032,0.0,3.361,37.72,75.69
7/16/2026 11:02:08,2026-07-16 11:00:00,,,,46.12,17.55,10.71,35.59,17.61,17.55,219.9,32.75,0.367,,,,,,,,,-0.673,1.0,-31.47,212.5,465.8,,,,46.18,17.59,10.88,35.6,17.64,17.6,221.2,32.82,0.437,,,,,,,,,-0.663,1.0,-29.43,278.5,618.2,,,,46.08,17.51,10.48,35.58,17.57,17.51,218.9,32.67,0.32,,,,,,,,,-0.782,1.0,-39.03,140.4,317.2,,,,0.029,0.027,0.064,0.002,0.019,0.027,0.322,0.025,0.025,,,,,,,,,0.025,0.0,2.108,43.74,63.21
7/16/2026 10:53:50,2026-07-16 07:00:00,,,,46.32,17.74,10.72,35.59,17.77,17.75,217.7,32.79,0.734,,,,,,,,,-0.693,1.0,-32.79,38.58,39.95,,,,46.33,17.75,10.91,35.6,17.78,17.75,218.6,32.83,1.004,,,,,,,,,-0.685,1.0,-31.01,43.39,45.19,,,,46.31,17.73,10.46,35.58,17.76,17.74,216.8,32.74,0.623,,,,,,,,,-0.708,1.0,-34.49,27.34,29.08,,,,0.003,0.002,0.07,0.002,0.003,0.002,0.309,0.016,0.057,,,,,,,,,0.004,0.0,0.922,2.617,2.665
7/16/2026 10:53:49,2026-07-16 10:50:00,,,,46.19,17.6,10.71,35.59,17.64,17.61,220.2,32.71,0.416,,,,,,,,,-0.674,1.0,-31.57,143.9,511.4,,,,46.2,17.62,11.01,35.6,17.65,17.62,221.1,32.75,0.601,,,,,,,,,-0.666,1.0,-29.12,170.6,665.9,,,,46.17,17.59,10.51,35.58,17.63,17.6,219.4,32.66,0.366,,,,,,,,,-0.793,1.0,-38.98,127.2,438.0,,,,0.005,0.005,0.065,0.002,0.004,0.004,0.293,0.016,0.019,,,,,,,,,0.027,0.0,2.067,10.42,57.41
7/16/2026 10:49:27,2026-07-16 07:10:00,,,,46.33,17.74,10.72,35.59,17.77,17.75,217.2,32.81,0.624,,,,,,,,,-0.701,1.0,-33.69,47.91,50.36,,,,46.34,17.75,10.94,35.6,17.78,17.76,218.1,32.85,0.775,,,,,,,,,-0.686,1.0,-31.09,56.72,57.92,,,,46.31,17.74,10.52,35.58,17.76,17.74,216.5,32.76,0.555,,,,,,,,,-0.806,1.0,-43.3,41.74,44.63,,,,0.003,0.003,0.069,0.002,0.003,0.003,0.272,0.014,0.031,,,,,,,,,0.033,0.0,2.858,3.434,3.508
7/16/2026 10:48:26,2026-07-16 07:20:00,,,,46.33,17.75,10.71,35.59,17.77,17.75,217.1,32.81,0.559,,,,,,,,,-0.689,1.0,-32.75,56.13,75.37,,,,46.34,17.75,10.91,35.59,17.78,17.76,218.0,32.86,0.678,,,,,,,,,-0.681,1.0,-31.28,70.96,123.6,,,,46.32,17.74,10.44,35.58,17.77,17.75,216.2,32.76,0.484,,,,,,,,,-0.707,1.0,-34.96,44.55,46.88,,,,0.002,0.002,0.067,0.001,0.003,0.002,0.267,0.014,0.032,,,,,,,,,0.006,0.0,0.957,7.217,23.38
7/16/2026 10:46:00,2026-07-16 07:30:00,,,,46.33,17.74,10.71,35.59,17.77,17.75,217.1,32.82,0.551,,,,,,,,,-0.695,1.0,-33.18,58.37,77.53,,,,46.33,17.75,10.93,35.59,17.78,17.75,217.9,32.87,0.714,,,,,,,,,-0.685,1.0,-30.73,70.96,121.6,,,,46.32,17.74,10.51,35.59,17.76,17.74,216.1,32.77,0.493,,,,,,,,,-0.808,1.0,-40.33,47.28,52.38,,,,0.002,0.002,0.069,0.001,0.003,0.002,0.282,0.015,0.028,,,,,,,,,0.026,0.0,2.052,7.456,18.15
7/16/2026 10:44:17,2026-07-16 10:40:00,,,,46.2,17.62,10.71,35.59,17.66,17.62,220.0,32.72,0.416,,,,,,,,,-0.677,1.0,-31.75,204.3,451.5,,,,46.22,17.64,10.9,35.6,17.67,17.64,220.8,32.77,0.494,,,,,,,,,-0.667,1.0,-29.5,259.5,622.1,,,,46.18,17.6,10.55,35.58,17.64,17.61,219.1,32.67,0.378,,,,,,,,,-0.787,1.0,-39.86,157.4,370.3,,,,0.01,0.009,0.063,0.002,0.008,0.009,0.279,0.015,0.018,,,,,,,,,0.025,0.0,2.154,28.36,58.15
7/16/2026 10:33:01,2026-07-16 07:40:00,,,,46.32,17.74,10.71,35.59,17.77,17.75,217.2,32.81,0.565,,,,,,,,,-0.696,1.0,-32.95,53.27,65.86,,,,46.33,17.74,10.96,35.6,17.78,17.75,218.2,32.85,0.724,,,,,,,,,-0.686,1.0,-30.39,58.44,92.4,,,,46.31,17.73,10.54,35.59,17.76,17.74,216.5,32.76,0.486,,,,,,,,,-0.808,1.0,-41.37,47.28,52.38,,,,0.003,0.002,0.065,0.002,0.003,0.002,0.262,0.014,0.029,,,,,,,,,0.026,0.0,2.157,3.17,11.39
7/16/2026 10:31:06,2026-07-16 07:50:00,,,,46.32,17.74,10.71,35.59,17.77,17.74,217.3,32.81,0.459,,,,,,,,,-0.694,1.0,-33.41,66.69,168.3,,,,46.33,17.74,10.9,35.59,17.78,17.75,218.2,32.85,0.726,,,,,,,,,-0.682,1.0,-30.67,91.7,410.3,,,,46.31,17.73,10.51,35.58,17.76,17.74,216.5,32.76,0.392,,,,,,,,,-0.797,1.0,-41.42,52.82,73.58,,,,0.002,0.002,0.064,0.001,0.003,0.001,0.27,0.014,0.036,,,,,,,,,0.024,0.0,2.232,9.53,78.52
7/16/2026 10:30:51,2026-07-16 10:30:00,,,,46.22,17.64,10.71,35.59,17.67,17.64,220.2,32.69,0.443,,,,,,,,,-0.679,1.0,-32.01,242.0,355.4,,,,46.23,17.64,10.93,35.6,17.68,17.65,221.2,32.76,0.576,,,,,,,,,-0.67,1.0,-30.1,304.4,552.0,,,,46.21,17.63,10.45,35.59,17.66,17.64,219.1,32.64,0.391,,,,,,,,,-0.786,1.0,-39.18,215.8,272.6,,,,0.003,0.003,0.067,0.001,0.003,0.003,0.306,0.016,0.022,,,,,,,,,0.025,0.0,1.965,23.68,69.97
7/16/2026 10:28:56,2026-07-16 08:00:00,,,,46.32,17.74,10.71,35.59,17.77,17.74,217.4,32.8,0.448,,,,,,,,,-0.7,1.0,-33.48,129.6,199.8,,,,46.32,17.74,10.94,35.59,17.77,17.75,218.2,32.85,0.644,,,,,,,,,-0.683,1.0,-31.44,162.4,410.3,,,,46.31,17.73,10.51,35.59,17.76,17.74,216.5,32.76,0.4,,,,,,,,,-0.81,1.0,-41.04,91.7,132.4,,,,0.002,0.001,0.065,0.001,0.003,0.001,0.269,0.014,0.024,,,,,,,,,0.026,0.0,1.928,16.78,45.05
7/16/2026 10:28:50,2026-07-16 08:20:00,,,,46.31,17.73,10.71,35.59,17.76,17.74,217.8,32.78,0.457,,,,,,,,,-0.693,1.0,-33.29,123.4,198.7,,,,46.32,17.73,10.94,35.59,17.77,17.74,218.7,32.82,0.546,,,,,,,,,-0.677,1.0,-31.48,139.9,274.3,,,,46.31,17.72,10.5,35.59,17.75,17.73,217.1,32.73,0.41,,,,,,,,,-0.715,1.0,-35.06,103.5,138.0,,,,0.002,0.002,0.068,0.001,0.003,0.002,0.285,0.015,0.017,,,,,,,,,0.009,0.0,1.102,9.68,37.81
7/16/2026 10:28:50,2026-07-16 08:10:00,,,,46.32,17.73,10.71,35.59,17.76,17.74,217.7,32.79,0.467,,,,,,,,,-0.707,1.0,-33.9,123.1,188.0,,,,46.32,17.74,10.9,35.59,17.77,17.74,218.6,32.83,0.697,,,,,,,,,-0.685,1.0,-31.09,145.3,288.3,,,,46.31,17.73,10.53,35.59,17.76,17.74,216.9,32.74,0.42,,,,,,,,,-0.805,1.0,-44.27,97.4,103.5,,,,0.002,0.001,0.065,0.001,0.003,0.001,0.283,0.015,0.023,,,,,,,,,0.03,0.0,2.914,14.16,46.38
7/16/2026 10:28:42,2026-07-16 08:30:00,,,,46.31,17.72,10.71,35.59,17.76,17.73,218.1,32.77,0.436,,,,,,,,,-0.687,1.0,-32.58,118.1,281.5,,,,46.31,17.73,10.9,35.59,17.77,17.73,218.9,32.82,0.492,,,,,,,,,-0.681,1.0,-30.6,134.5,361.1,,,,46.3,17.72,10.54,35.59,17.75,17.73,217.2,32.73,0.39,,,,,,,,,-0.7,1.0,-34.73,101.9,150.3,,,,0.002,0.001,0.066,0.001,0.003,0.001,0.286,0.015,0.017,,,,,,,,,0.004,0.0,1.086,8.18,55.75
7/16/2026 10:21:17,2026-07-16 10:20:00,,,,46.23,17.64,10.71,35.59,17.68,17.65,220.5,32.68,0.5,,,,,,,,,-0.682,1.0,-32.27,242.3,287.5,,,,46.24,17.65,10.94,35.6,17.69,17.66,221.3,32.72,0.639,,,,,,,,,-0.673,1.0,-30.52,298.8,405.8,,,,46.22,17.63,10.53,35.59,17.67,17.64,219.7,32.64,0.42,,,,,,,,,-0.772,1.0,-37.77,203.0,232.1,,,,0.005,0.005,0.063,0.001,0.005,0.005,0.28,0.014,0.031,,,,,,,,,0.021,0.0,1.576,21.96,43.16
7/16/2026 10:20:21,2026-07-16 08:40:00,,,,46.3,17.72,10.71,35.59,17.75,17.73,218.5,32.75,0.44,,,,,,,,,-0.686,1.0,-32.45,159.5,267.4,,,,46.31,17.72,10.94,35.59,17.76,17.73,219.5,32.8,0.512,,,,,,,,,-0.681,1.0,-30.82,193.5,390.2,,,,46.3,17.71,10.5,35.59,17.74,17.72,217.5,32.7,0.389,,,,,,,,,-0.72,1.0,-35.89,120.1,166.4,,,,0.003,0.003,0.069,0.001,0.003,0.002,0.323,0.017,0.025,,,,,,,,,0.009,0.0,1.429,14.94,64.36
7/16/2026 10:20:14,2026-07-16 08:50:00,,,,46.3,17.71,10.72,35.59,17.75,17.72,218.9,32.73,0.456,,,,,,,,,-0.684,1.0,-32.41,205.8,265.4,,,,46.31,17.72,10.93,35.6,17.76,17.73,219.9,32.79,0.625,,,,,,,,,-0.678,1.0,-29.94,234.5,481.1,,,,46.29,17.71,10.51,35.59,17.74,17.71,217.8,32.68,0.389,,,,,,,,,-0.695,1.0,-34.6,177.4,185.3,,,,0.003,0.003,0.064,0.001,0.003,0.003,0.292,0.015,0.027,,,,,,,,,0.004,0.0,1.349,15.57,83.7
7/16/2026 10:16:15,2026-07-16 09:00:00,,,,46.29,17.71,10.72,35.59,17.74,17.72,218.9,32.73,0.462,,,,,,,,,-0.685,1.0,-32.35,187.1,202.7,,,,46.3,17.72,11.03,35.6,17.75,17.72,219.7,32.78,0.818,,,,,,,,,-0.679,1.0,-30.72,237.8,333.2,,,,46.29,17.7,10.52,35.59,17.73,17.71,218.1,32.69,0.397,,,,,,,,,-0.699,1.0,-35.54,154.8,159.2,,,,0.002,0.002,0.07,0.001,0.003,0.002,0.299,0.016,0.027,,,,,,,,,0.005,0.0,1.183,20.61,40.65
7/16/2026 10:15:14,2026-07-16 10:10:00,,,,46.24,17.66,10.72,35.59,17.69,17.66,220.1,32.69,0.589,,,,,,,,,-0.69,1.0,-32.92,164.9,183.0,,,,46.25,17.67,10.9,35.59,17.71,17.67,221.2,32.74,0.744,,,,,,,,,-0.677,1.0,-30.57,223.5,288.3,,,,46.23,17.65,10.53,35.59,17.68,17.66,219.1,32.64,0.469,,,,,,,,,-0.793,1.0,-41.49,115.2,115.2,,,,0.004,0.004,0.063,0.001,0.005,0.004,0.33,0.017,0.067,,,,,,,,,0.033,0.0,2.732,35.25,52.89
7/16/2026 10:10:05,2026-07-16 09:30:00,,,,46.29,17.7,10.72,35.59,17.73,17.71,219.3,32.72,0.412,,,,,,,,,-0.679,1.0,-31.76,244.3,299.4,,,,46.3,17.71,10.95,35.6,17.74,17.71,220.2,32.76,0.491,,,,,,,,,-0.674,1.0,-29.93,292.6,448.5,,,,46.27,17.69,10.55,35.58,17.73,17.7,218.5,32.67,0.36,,,,,,,,,-0.699,1.0,-33.05,203.0,214.1,,,,0.003,0.002,0.067,0.001,0.002,0.002,0.283,0.015,0.022,,,,,,,,,0.005,0.0,0.962,23.88,69.46
7/16/2026 10:08:04,2026-07-16 09:40:00,,,,46.28,17.7,10.72,35.59,17.73,17.7,219.5,32.71,0.451,,,,,,,,,-0.68,1.0,-31.89,223.4,229.5,,,,46.29,17.7,10.92,35.6,17.74,17.71,220.3,32.75,0.857,,,,,,,,,-0.677,1.0,-30.32,241.2,263.8,,,,46.27,17.69,10.5,35.59,17.72,17.69,218.6,32.67,0.398,,,,,,,,,-0.684,1.0,-33.91,191.8,193.1,,,,0.004,0.004,0.07,0.001,0.003,0.004,0.291,0.015,0.026,,,,,,,,,0.001,0.0,1.106,16.85,20.35
7/16/2026 10:06:58,2026-07-16 09:50:00,,,,46.27,17.68,10.72,35.59,17.72,17.69,219.7,32.7,0.557,,,,,,,,,-0.679,1.0,-32.04,141.9,142.3,,,,46.28,17.7,10.94,35.6,17.73,17.71,220.7,32.75,0.701,,,,,,,,,-0.675,1.0,-30.25,223.5,225.2,,,,46.26,17.67,10.55,35.59,17.71,17.68,218.8,32.65,0.417,,,,,,,,,-0.682,1.0,-34.39,112.4,112.4,,,,0.006,0.005,0.069,0.001,0.005,0.005,0.3,0.016,0.054,,,,,,,,,0.002,0.0,1.216,23.73,24.06
7/16/2026 10:03:45,2026-07-16 10:00:00,,,,46.26,17.67,10.72,35.59,17.71,17.68,219.7,32.71,0.658,,,,,,,,,-0.679,1.0,-31.88,108.6,109.2,,,,46.27,17.68,10.97,35.6,17.72,17.69,220.6,32.77,0.865,,,,,,,,,-0.669,1.0,-29.97,145.3,145.9,,,,46.25,17.66,10.48,35.59,17.69,17.67,218.5,32.66,0.548,,,,,,,,,-0.685,1.0,-34.56,76.23,76.24,,,,0.005,0.004,0.069,0.001,0.004,0.004,0.296,0.015,0.048,,,,,,,,,0.003,0.0,1.176,19.38,19.55
7/16/2026 09:26:09,2026-07-16 09:10:00,,,,46.29,17.71,10.72,35.59,17.74,17.71,218.9,32.73,0.449,,,,,,,,,-0.693,1.0,-33.06,180.6,219.0,,,,46.3,17.71,10.9,35.6,17.75,17.72,219.7,32.78,0.628,,,,,,,,,-0.68,1.0,-30.3,227.9,513.2,,,,46.28,17.7,10.54,35.59,17.73,17.71,218.1,32.69,0.388,,,,,,,,,-0.8,1.0,-42.16,151.9,155.3,,,,0.002,0.002,0.067,0.001,0.003,0.002,0.292,0.016,0.022,,,,,,,,,0.033,0.0,2.797,21.49,76.78
7/16/2026 09:26:07,2026-07-16 09:20:00,,,,46.29,17.7,10.72,35.59,17.73,17.71,219.0,32.73,0.454,,,,,,,,,-0.681,1.0,-32.37,197.6,223.2,,,,46.3,17.71,10.95,35.6,17.74,17.71,219.9,32.78,1.319,,,,,,,,,-0.675,1.0,-30.47,284.0,513.2,,,,46.28,17.7,10.52,35.59,17.73,17.71,218.2,32.68,0.366,,,,,,,,,-0.687,1.0,-35.14,144.7,149.2,,,,0.002,0.002,0.065,0.001,0.003,0.002,0.281,0.015,0.05,,,,,,,,,0.002,0.0,1.25,38.54,68.66
7/16/2026 05:20:52,2026-07-16 05:20:00,,,,46.34,17.76,10.7,35.59,17.79,17.77,217.3,32.8,0.764,,,,,,,,,-0.698,1.0,-33.53,0.878,1.291,,,,46.35,17.76,10.92,35.6,17.8,17.77,218.0,32.84,1.107,,,,,,,,,-0.693,1.0,-31.71,1.894,1.857,,,,46.33,17.75,10.55,35.59,17.78,17.76,216.5,32.76,0.676,,,,,,,,,-0.705,1.0,-37.21,0.457,0.319,,,,0.003,0.003,0.06,0.001,0.003,0.002,0.273,0.014,0.048,,,,,,,,,0.003,0.0,1.459,0.395,0.524
7/16/2026 05:11:24,2026-07-16 05:10:00,,,,46.35,17.76,10.7,35.59,17.79,17.77,217.1,32.81,0.704,,,,,,,,,-0.707,1.0,-34.24,0.7,1.06,,,,46.36,17.77,10.88,35.6,17.8,17.78,218.1,32.85,1.002,,,,,,,,,-0.693,1.0,-31.96,0.927,1.853,,,,46.34,17.75,10.49,35.58,17.79,17.76,216.2,32.76,0.614,,,,,,,,,-0.822,1.0,-43.79,0.455,0.318,,,,0.004,0.003,0.063,0.002,0.003,0.003,0.287,0.015,0.046,,,,,,,,,0.033,0.0,2.67,0.221,0.472
7/16/2026 05:01:33,2026-07-16 05:00:00,,,,46.35,17.77,10.7,35.59,17.79,17.77,217.0,32.81,0.694,,,,,,,,,-0.702,1.0,-33.75,0.854,1.459,,,,46.36,17.77,10.9,35.6,17.8,17.78,218.0,32.85,0.917,,,,,,,,,-0.692,1.0,-31.56,1.908,2.402,,,,46.34,17.76,10.51,35.58,17.79,17.76,216.2,32.76,0.599,,,,,,,,,-0.81,1.0,-41.54,0.457,0.319,,,,0.004,0.003,0.066,0.002,0.003,0.003,0.288,0.015,0.046,,,,,,,,,0.025,0.0,2.062,0.311,0.524
7/16/2026 04:54:58,2026-07-16 04:50:00,,,,46.35,17.76,10.7,35.59,17.79,17.77,217.1,32.81,0.696,,,,,,,,,-0.7,1.0,-33.46,0.661,0.898,,,,46.35,17.77,10.91,35.59,17.8,17.78,217.8,32.86,0.873,,,,,,,,,-0.69,1.0,-31.43,0.935,1.849,,,,46.34,17.76,10.49,35.58,17.78,17.76,216.1,32.77,0.623,,,,,,,,,-0.812,1.0,-40.78,0.458,0.316,,,,0.003,0.003,0.061,0.002,0.003,0.002,0.268,0.014,0.038,,,,,,,,,0.026,0.0,1.964,0.211,0.488
7/16/2026 04:46:45,2026-07-16 01:30:00,,,,46.33,17.75,10.71,35.59,17.77,17.75,218.3,32.75,0.955,,,,,,,,,-0.69,1.0,-32.7,0.95,1.272,,,,46.34,17.75,11.2,35.6,17.78,17.76,219.2,32.8,1.475,,,,,,,,,-0.686,1.0,-30.8,1.908,2.407,,,,46.32,17.74,10.52,35.58,17.77,17.75,217.3,32.7,0.823,,,,,,,,,-0.696,1.0,-35.76,0.452,0.32,,,,0.003,0.003,0.066,0.002,0.003,0.002,0.275,0.014,0.062,,,,,,,,,0.003,0.0,1.196,0.516,0.775
7/16/2026 04:46:25,2026-07-16 01:40:00,,,,46.32,17.74,10.71,35.59,17.77,17.74,218.6,32.74,0.999,,,,,,,,,-0.691,1.0,-32.95,1.139,1.717,,,,46.33,17.75,10.91,35.59,17.78,17.75,219.4,32.78,1.278,,,,,,,,,-0.687,1.0,-31.23,1.921,2.411,,,,46.31,17.73,10.53,35.58,17.76,17.73,217.8,32.69,0.883,,,,,,,,,-0.702,1.0,-35.88,0.455,0.777,,,,0.004,0.004,0.062,0.002,0.003,0.004,0.287,0.015,0.064,,,,,,,,,0.003,0.0,1.318,0.453,0.499
7/16/2026 04:45:19,2026-07-16 02:30:00,,,,46.3,17.72,10.71,35.59,17.75,17.73,218.8,32.73,0.959,,,,,,,,,-0.687,1.0,-32.76,0.887,1.398,,,,46.31,17.72,10.93,35.59,17.76,17.73,219.8,32.77,1.177,,,,,,,,,-0.682,1.0,-31.17,1.886,2.398,,,,46.29,17.71,10.51,35.58,17.74,17.72,218.1,32.68,0.858,,,,,,,,,-0.707,1.0,-34.88,0.452,0.32,,,,0.003,0.002,0.07,0.001,0.003,0.002,0.269,0.014,0.055,,,,,,,,,0.005,0.0,1.128,0.279,0.501
7/16/2026 04:42:06,2026-07-16 02:40:00,,,,46.3,17.72,10.72,35.59,17.75,17.73,218.7,32.74,0.942,,,,,,,,,-0.692,1.0,-32.94,1.12,1.626,,,,46.31,17.73,11.0,35.59,17.76,17.73,219.5,32.78,1.204,,,,,,,,,-0.68,1.0,-30.96,1.909,2.97,,,,46.28,17.71,10.54,35.56,17.74,17.72,217.8,32.7,0.823,,,,,,,,,-0.807,1.0,-40.64,0.45,0.32,,,,0.003,0.003,0.071,0.002,0.003,0.002,0.268,0.014,0.061,,,,,,,,,0.027,0.0,2.124,0.599,0.829
7/16/2026 04:40:21,2026-07-16 04:40:00,,,,46.34,17.76,10.7,35.59,17.79,17.77,217.0,32.81,0.69,,,,,,,,,-0.698,1.0,-33.33,0.963,1.453,,,,46.35,17.77,10.89,35.6,17.8,17.78,217.9,32.86,0.896,,,,,,,,,-0.688,1.0,-30.74,1.914,2.418,,,,46.33,17.75,10.5,35.58,17.78,17.76,216.1,32.77,0.606,,,,,,,,,-0.809,1.0,-41.73,0.459,0.314,,,,0.004,0.004,0.064,0.002,0.003,0.003,0.29,0.015,0.044,,,,,,,,,0.025,0.0,2.208,0.442,0.574
7/16/2026 04:40:03,2026-07-16 02:50:00,,,,46.31,17.73,10.72,35.59,17.75,17.73,218.3,32.76,0.877,,,,,,,,,-0.69,1.0,-32.91,0.832,1.368,,,,46.32,17.74,10.95,35.6,17.76,17.74,219.3,32.8,1.198,,,,,,,,,-0.68,1.0,-30.86,1.89,2.41,,,,46.13,17.72,10.53,35.43,17.74,17.72,217.4,32.71,0.776,,,,,,,,,-0.806,1.0,-40.66,0.454,0.778,,,,0.009,0.004,0.072,0.006,0.003,0.004,0.284,0.015,0.06,,,,,,,,,0.027,0.0,2.115,0.409,0.416
7/16/2026 04:38:40,2026-07-16 03:00:00,,,,46.32,17.74,10.72,35.59,17.76,17.74,218.0,32.77,0.851,,,,,,,,,-0.688,1.0,-32.86,0.938,1.55,,,,46.33,17.74,10.95,35.59,17.77,17.75,218.9,32.83,1.126,,,,,,,,,-0.683,1.0,-30.3,1.891,2.415,,,,46.31,17.73,10.53,35.58,17.75,17.73,216.9,32.72,0.745,,,,,,,,,-0.736,1.0,-35.54,0.466,1.296,,,,0.003,0.003,0.07,0.001,0.003,0.003,0.321,0.017,0.06,,,,,,,,,0.011,0.0,1.262,0.239,0.308
7/16/2026 04:38:15,2026-07-16 04:30:00,,,,46.34,17.76,10.7,35.59,17.78,17.76,217.2,32.81,0.694,,,,,,,,,-0.695,1.0,-33.24,0.999,1.523,,,,46.35,17.76,10.88,35.6,17.79,17.77,218.1,32.85,0.842,,,,,,,,,-0.687,1.0,-31.22,1.914,2.409,,,,46.33,17.75,10.52,35.58,17.77,17.75,216.3,32.76,0.599,,,,,,,,,-0.767,1.0,-38.56,0.466,0.773,,,,0.004,0.003,0.058,0.002,0.003,0.003,0.263,0.014,0.04,,,,,,,,,0.017,0.0,1.677,0.321,0.436
7/16/2026 04:29:28,2026-07-16 03:10:00,,,,46.32,17.74,10.71,35.59,17.76,17.75,217.8,32.78,0.805,,,,,,,,,-0.698,1.0,-33.46,0.801,1.241,,,,46.33,17.74,10.95,35.59,17.77,17.75,218.6,32.82,1.084,,,,,,,,,-0.682,1.0,-30.76,0.927,1.857,,,,46.31,17.73,10.4,35.59,17.76,17.74,217.0,32.74,0.694,,,,,,,,,-0.806,1.0,-42.45,0.455,0.324,,,,0.003,0.002,0.071,0.001,0.003,0.002,0.278,0.015,0.053,,,,,,,,,0.035,0.0,2.914,0.197,0.41
7/16/2026 04:25:15,2026-07-16 03:20:00,,,,46.32,17.74,10.71,35.59,17.77,17.75,217.8,32.78,0.788,,,,,,,,,-0.69,1.0,-32.88,0.853,1.468,,,,46.33,17.75,10.93,35.59,17.77,17.75,218.7,32.82,1.02,,,,,,,,,-0.683,1.0,-30.65,1.051,2.4,,,,46.31,17.73,10.48,35.58,17.76,17.74,217.0,32.73,0.691,,,,,,,,,-0.767,1.0,-37.41,0.472,0.779,,,,0.003,0.002,0.067,0.002,0.002,0.002,0.28,0.015,0.053,,,,,,,,,0.018,0.0,1.612,0.164,0.426
7/16/2026 04:25:10,2026-07-16 03:30:00,,,,46.32,17.74,10.71,35.59,17.77,17.75,218.1,32.77,0.829,,,,,,,,,-0.692,1.0,-32.69,0.812,1.305,,,,46.33,17.75,10.92,35.59,17.78,17.75,219.2,32.81,1.284,,,,,,,,,-0.682,1.0,-30.73,0.94,1.859,,,,46.31,17.73,10.52,35.58,17.76,17.74,217.2,32.71,0.707,,,,,,,,,-0.802,1.0,-40.5,0.464,0.322,,,,0.003,0.002,0.071,0.002,0.003,0.002,0.314,0.017,0.057,,,,,,,,,0.025,0.0,2.08,0.181,0.349
7/16/2026 04:24:06,2026-07-16 03:40:00,,,,46.32,17.74,10.71,35.59,17.77,17.74,218.0,32.77,0.817,,,,,,,,,-0.69,1.0,-32.39,0.838,1.355,,,,46.33,17.74,10.95,35.59,17.77,17.75,218.9,32.82,1.104,,,,,,,,,-0.682,1.0,-30.56,1.908,2.406,,,,46.3,17.73,10.5,35.57,17.76,17.74,217.0,32.72,0.717,,,,,,,,,-0.769,1.0,-37.08,0.46,0.316,,,,0.003,0.002,0.067,0.002,0.002,0.002,0.335,0.018,0.056,,,,,,,,,0.018,0.0,1.442,0.322,0.561
7/16/2026 04:22:24,2026-07-16 03:50:00,,,,46.32,17.74,10.7,35.59,17.77,17.74,217.7,32.78,0.77,,,,,,,,,-0.695,1.0,-33.08,0.852,1.463,,,,46.33,17.74,10.88,35.59,17.77,17.75,218.5,32.83,0.967,,,,,,,,,-0.685,1.0,-30.2,1.872,2.397,,,,46.31,17.73,10.5,35.58,17.76,17.74,216.8,32.74,0.645,,,,,,,,,-0.806,1.0,-40.49,0.457,0.316,,,,0.003,0.002,0.066,0.002,0.003,0.002,0.297,0.016,0.049,,,,,,,,,0.026,0.0,2.173,0.305,0.503
7/16/2026 04:22:09,2026-07-16 04:20:00,,,,46.33,17.75,10.7,35.59,17.78,17.76,217.4,32.8,0.737,,,,,,,,,-0.695,1.0,-33.15,0.995,1.536,,,,46.34,17.76,10.87,35.6,17.79,17.76,218.4,32.85,1.077,,,,,,,,,-0.687,1.0,-30.99,1.904,2.415,,,,46.32,17.74,10.51,35.58,17.77,17.75,216.3,32.75,0.625,,,,,,,,,-0.774,1.0,-39.4,0.463,0.775,,,,0.004,0.003,0.064,0.002,0.003,0.003,0.31,0.016,0.053,,,,,,,,,0.018,0.0,1.876,0.41,0.478
7/16/2026 04:15:54,2026-07-16 04:00:00,,,,46.32,17.74,10.7,35.59,17.77,17.75,217.5,32.79,0.753,,,,,,,,,-0.693,1.0,-33.06,0.824,1.395,,,,46.33,17.75,10.93,35.6,17.77,17.75,218.6,32.84,0.982,,,,,,,,,-0.685,1.0,-30.91,1.896,2.411,,,,46.31,17.73,10.53,35.58,17.76,17.74,216.6,32.74,0.65,,,,,,,,,-0.769,1.0,-37.53,0.467,0.767,,,,0.004,0.003,0.063,0.002,0.003,0.003,0.33,0.017,0.049,,,,,,,,,0.018,0.0,1.522,0.315,0.401
7/16/2026 04:14:07,2026-07-16 04:10:00,,,,46.33,17.75,10.7,35.59,17.77,17.75,217.3,32.8,0.73,,,,,,,,,-0.7,1.0,-33.53,0.852,1.275,,,,46.34,17.75,10.89,35.59,17.78,17.76,218.3,32.85,1.099,,,,,,,,,-0.685,1.0,-31.04,0.929,1.864,,,,46.32,17.74,10.51,35.58,17.76,17.74,216.4,32.75,0.614,,,,,,,,,-0.811,1.0,-42.68,0.46,0.323,,,,0.004,0.004,0.061,0.002,0.003,0.004,0.33,0.017,0.055,,,,,,,,,0.036,0.0,2.886,0.163,0.304
7/16/2026 02:29:32,2026-07-16 01:50:00,,,,46.31,17.73,10.71,35.59,17.76,17.73,218.9,32.73,1.014,,,,,,,,,-0.689,1.0,-32.64,1.016,1.617,,,,46.32,17.74,10.89,35.6,17.77,17.74,219.7,32.78,1.282,,,,,,,,,-0.685,1.0,-30.92,1.899,2.4,,,,46.3,17.72,10.5,35.58,17.75,17.72,218.0,32.69,0.902,,,,,,,,,-0.695,1.0,-35.26,0.456,0.773,,,,0.004,0.004,0.067,0.002,0.004,0.004,0.277,0.014,0.06,,,,,,,,,0.002,0.0,1.286,0.463,0.427
7/16/2026 02:28:40,2026-07-16 02:20:00,,,,46.3,17.72,10.72,35.59,17.75,17.72,218.8,32.74,0.931,,,,,,,,,-0.693,1.0,-33.05,0.755,1.089,,,,46.31,17.72,10.97,35.6,17.76,17.73,219.5,32.78,1.328,,,,,,,,,-0.682,1.0,-30.97,1.908,1.865,,,,46.29,17.71,10.5,35.58,17.74,17.72,218.0,32.69,0.827,,,,,,,,,-0.801,1.0,-39.93,0.442,0.317,,,,0.003,0.002,0.072,0.001,0.003,0.002,0.275,0.015,0.06,,,,,,,,,0.025,0.0,1.89,0.346,0.517
7/16/2026 02:18:05,2026-07-16 02:00:00,,,,46.3,17.72,10.72,35.59,17.75,17.73,218.9,32.73,0.994,,,,,,,,,-0.691,1.0,-33.03,0.758,1.157,,,,46.31,17.73,10.91,35.6,17.76,17.73,219.8,32.76,1.318,,,,,,,,,-0.687,1.0,-30.82,1.903,2.406,,,,46.3,17.71,10.52,35.59,17.74,17.72,218.2,32.68,0.848,,,,,,,,,-0.705,1.0,-34.81,0.45,0.315,,,,0.002,0.002,0.066,0.001,0.003,0.002,0.27,0.014,0.064,,,,,,,,,0.005,0.0,1.147,0.342,0.691
7/16/2026 02:16:20,2026-07-16 02:10:00,,,,46.3,17.72,10.71,35.59,17.75,17.73,218.9,32.73,0.98,,,,,,,,,-0.7,1.0,-33.6,1.03,1.773,,,,46.31,17.72,10.93,35.6,17.76,17.73,219.9,32.78,1.25,,,,,,,,,-0.681,1.0,-30.75,1.903,2.406,,,,46.28,17.71,10.54,35.57,17.74,17.72,218.0,32.68,0.868,,,,,,,,,-0.803,1.0,-42.3,0.467,0.784,,,,0.003,0.002,0.067,0.002,0.003,0.002,0.275,0.014,0.062,,,,,,,,,0.032,0.0,2.655,0.355,0.397
7/16/2026 01:23:43,2026-07-16 01:20:00,,,,46.33,17.75,10.71,35.59,17.78,17.75,217.8,32.77,0.86,,,,,,,,,-0.69,1.0,-32.93,0.808,1.403,,,,46.34,17.75,10.92,35.6,17.78,17.76,218.7,32.82,1.121,,,,,,,,,-0.685,1.0,-31.13,0.93,1.858,,,,46.31,17.74,10.48,35.57,17.77,17.75,217.0,32.73,0.744,,,,,,,,,-0.701,1.0,-34.64,0.464,0.318,,,,0.003,0.002,0.064,0.002,0.003,0.002,0.311,0.017,0.065,,,,,,,,,0.003,0.0,1.041,0.195,0.438
7/16/2026 01:11:58,2026-07-16 01:10:00,,,,46.33,17.75,10.71,35.59,17.78,17.76,217.6,32.78,0.805,,,,,,,,,-0.701,1.0,-33.65,0.84,1.303,,,,46.34,17.76,10.9,35.6,17.78,17.76,218.5,32.82,1.016,,,,,,,,,-0.686,1.0,-31.19,1.909,2.412,,,,46.32,17.74,10.45,35.58,17.77,17.75,216.9,32.74,0.695,,,,,,,,,-0.811,1.0,-43.47,0.466,0.321,,,,0.003,0.003,0.062,0.001,0.003,0.002,0.274,0.015,0.054,,,,,,,,,0.035,0.0,3.04,0.413,0.491
7/16/2026 01:03:48,2026-07-16 01:00:00,,,,46.33,17.75,10.71,35.59,17.78,17.76,217.8,32.78,0.82,,,,,,,,,-0.69,1.0,-32.59,1.09,1.796,,,,46.34,17.76,10.89,35.59,17.79,17.76,218.8,32.83,1.091,,,,,,,,,-0.684,1.0,-30.24,1.92,2.415,,,,46.32,17.74,10.54,35.58,17.77,17.75,216.8,32.72,0.705,,,,,,,,,-0.698,1.0,-35.29,0.465,0.323,,,,0.004,0.003,0.061,0.002,0.003,0.003,0.327,0.017,0.058,,,,,,,,,0.003,0.0,1.112,0.435,0.523
7/16/2026 00:55:21,2026-07-16 00:30:00,,,,46.33,17.75,10.71,35.59,17.77,17.75,220.0,32.66,1.118,,,,,,,,,-0.694,1.0,-32.83,0.888,1.439,,,,46.34,17.75,10.89,35.59,17.78,17.76,220.9,32.71,1.405,,,,,,,,,-0.684,1.0,-30.72,1.905,2.404,,,,46.32,17.74,10.51,35.58,17.76,17.74,219.0,32.61,0.973,,,,,,,,,-0.804,1.0,-40.69,0.468,0.322,,,,0.004,0.003,0.063,0.002,0.003,0.003,0.324,0.017,0.068,,,,,,,,,0.026,0.0,2.088,0.244,0.509
7/16/2026 00:52:26,2026-07-16 00:40:00,,,,46.33,17.75,10.71,35.59,17.77,17.76,219.1,32.7,0.997,,,,,,,,,-0.696,1.0,-33.17,0.698,1.048,,,,46.34,17.75,10.91,35.59,17.78,17.76,220.4,32.77,1.329,,,,,,,,,-0.683,1.0,-30.73,0.938,1.854,,,,46.27,17.74,10.52,35.54,17.77,17.75,218.0,32.64,0.804,,,,,,,,,-0.809,1.0,-38.88,0.462,0.317,,,,0.004,0.002,0.064,0.002,0.003,0.002,0.433,0.023,0.075,,,,,,,,,0.026,0.0,1.741,0.224,0.378
7/16/2026 00:52:18,2026-07-16 00:50:00,,,,46.33,17.75,10.71,35.59,17.77,17.75,218.3,32.75,0.878,,,,,,,,,-0.694,1.0,-33.45,0.868,1.245,,,,46.34,17.75,10.91,35.59,17.78,17.76,219.2,32.8,1.148,,,,,,,,,-0.684,1.0,-31.18,1.908,2.403,,,,46.32,17.74,10.51,35.58,17.77,17.75,217.4,32.7,0.754,,,,,,,,,-0.809,1.0,-40.83,0.452,0.313,,,,0.003,0.003,0.061,0.001,0.003,0.002,0.346,0.018,0.058,,,,,,,,,0.026,0.0,1.904,0.41,0.638
7/16/2026 00:21:38,2026-07-16 00:20:00,,,,46.32,17.74,10.71,35.59,17.76,17.75,220.2,32.65,1.126,,,,,,,,,-0.693,1.0,-32.97,0.906,1.54,,,,46.33,17.75,10.9,35.6,17.77,17.76,221.0,32.69,1.41,,,,,,,,,-0.682,1.0,-30.94,1.905,2.968,,,,46.3,17.73,10.55,35.58,17.75,17.73,219.4,32.61,1.011,,,,,,,,,-0.8,1.0,-40.99,0.465,0.778,,,,0.005,0.005,0.06,0.002,0.005,0.005,0.269,0.014,0.064,,,,,,,,,0.025,0.0,2.045,0.384,0.515
7/16/2026 00:12:50,2026-07-16 00:10:00,,,,46.31,17.72,10.71,35.59,17.74,17.73,220.4,32.65,1.114,,,,,,,,,-0.697,1.0,-33.27,0.958,1.586,,,,46.32,17.74,10.9,35.6,17.76,17.74,221.4,32.7,1.374,,,,,,,,,-0.681,1.0,-30.57,1.901,2.409,,,,46.29,17.71,10.54,35.58,17.73,17.72,219.4,32.6,0.989,,,,,,,,,-0.807,1.0,-43.3,0.454,0.317,,,,0.007,0.007,0.062,0.002,0.004,0.007,0.324,0.016,0.062,,,,,,,,,0.034,0.0,3.031,0.355,0.489
7/16/2026 00:02:22,2026-07-16 00:00:00,,,,46.3,17.71,10.71,35.59,17.74,17.72,220.5,32.65,1.117,,,,,,,,,-0.695,1.0,-33.13,0.799,1.336,,,,46.31,17.72,10.89,35.6,17.75,17.73,221.7,32.7,1.399,,,,,,,,,-0.684,1.0,-30.47,1.897,1.863,,,,46.28,17.7,10.44,35.58,17.73,17.71,219.5,32.59,1.008,,,,,,,,,-0.801,1.0,-40.22,0.454,0.664,,,,0.004,0.004,0.063,0.002,0.003,0.003,0.276,0.014,0.064,,,,,,,,,0.025,0.0,2.15,0.196,0.357
7/15/2026 23:52:47,2026-07-15 22:40:00,,,,46.29,17.71,10.72,35.59,17.73,17.71,219.7,32.69,1.029,,,,,,,,,-0.684,1.0,-32.24,0.981,1.567,,,,46.3,17.71,10.92,35.6,17.74,17.72,220.6,32.75,1.342,,,,,,,,,-0.678,1.0,-30.42,1.902,2.413,,,,46.28,17.69,10.5,35.58,17.73,17.7,218.6,32.65,0.868,,,,,,,,,-0.715,1.0,-33.63,0.461,0.773,,,,0.004,0.003,0.069,0.002,0.002,0.003,0.307,0.016,0.066,,,,,,,,,0.008,0.0,0.885,0.421,0.433
7/15/2026 23:52:25,2026-07-15 23:50:00,,,,46.29,17.71,10.71,35.59,17.74,17.71,220.4,32.65,1.12,,,,,,,,,-0.691,1.0,-32.63,0.888,1.406,,,,46.3,17.72,10.91,35.6,17.74,17.72,221.3,32.69,1.412,,,,,,,,,-0.681,1.0,-30.59,1.911,1.864,,,,46.28,17.7,10.53,35.58,17.73,17.7,219.6,32.61,1.009,,,,,,,,,-0.803,1.0,-39.96,0.45,0.779,,,,0.004,0.004,0.062,0.002,0.003,0.003,0.29,0.015,0.068,,,,,,,,,0.026,0.0,1.991,0.388,0.321
7/15/2026 23:48:24,2026-07-15 22:50:00,,,,46.29,17.71,10.72,35.59,17.73,17.71,219.6,32.7,1.024,,,,,,,,,-0.684,1.0,-32.42,0.809,1.274,,,,46.3,17.71,10.95,35.6,17.74,17.72,220.4,32.73,1.341,,,,,,,,,-0.678,1.0,-30.27,0.931,1.857,,,,46.28,17.7,10.52,35.58,17.73,17.7,218.9,32.66,0.896,,,,,,,,,-0.733,1.0,-35.47,0.453,0.313,,,,0.003,0.003,0.068,0.002,0.003,0.003,0.259,0.014,0.07,,,,,,,,,0.011,0.0,1.413,0.192,0.415
7/15/2026 23:45:47,2026-07-15 23:10:00,,,,46.29,17.71,10.72,35.59,17.73,17.71,220.1,32.67,1.088,,,,,,,,,-0.693,1.0,-33.18,0.726,1.046,,,,46.3,17.71,10.94,35.6,17.74,17.72,221.1,32.71,1.403,,,,,,,,,-0.679,1.0,-30.57,1.668,2.414,,,,46.28,17.7,10.5,35.58,17.73,17.71,219.3,32.62,0.939,,,,,,,,,-0.8,1.0,-41.26,0.454,0.319,,,,0.003,0.003,0.071,0.002,0.002,0.003,0.321,0.017,0.071,,,,,,,,,0.035,0.0,2.781,0.306,0.63
7/15/2026 23:45:47,2026-07-15 23:00:00,,,,46.29,17.71,10.72,35.59,17.73,17.71,219.8,32.69,1.043,,,,,,,,,-0.689,1.0,-32.74,0.712,1.177,,,,46.3,17.71,10.9,35.6,17.74,17.72,220.6,32.73,1.319,,,,,,,,,-0.679,1.0,-30.42,0.93,1.854,,,,46.28,17.7,10.53,35.58,17.73,17.71,218.9,32.64,0.934,,,,,,,,,-0.802,1.0,-40.5,0.453,0.314,,,,0.003,0.002,0.066,0.002,0.002,0.002,0.283,0.015,0.066,,,,,,,,,0.026,0.0,2.05,0.213,0.428
7/15/2026 23:44:15,2026-07-15 23:30:00,,,,46.29,17.7,10.72,35.59,17.73,17.71,220.4,32.66,1.118,,,,,,,,,-0.689,1.0,-32.65,1.211,1.789,,,,46.3,17.71,10.92,35.6,17.74,17.72,221.5,32.71,1.437,,,,,,,,,-0.679,1.0,-30.68,1.904,2.803,,,,46.27,17.69,10.52,35.58,17.72,17.69,219.4,32.6,0.971,,,,,,,,,-0.798,1.0,-40.48,0.905,1.29,,,,0.005,0.005,0.067,0.002,0.003,0.005,0.363,0.018,0.076,,,,,,,,,0.025,0.0,2.051,0.449,0.44
7/15/2026 23:43:50,2026-07-15 23:40:00,,,,46.29,17.71,10.71,35.59,17.73,17.71,220.2,32.67,1.092,,,,,,,,,-0.688,1.0,-32.77,0.878,1.304,,,,46.3,17.72,10.95,35.6,17.74,17.72,221.1,32.72,1.428,,,,,,,,,-0.679,1.0,-30.55,1.898,2.406,,,,46.27,17.7,10.52,35.58,17.73,17.7,219.1,32.62,0.945,,,,,,,,,-0.739,1.0,-35.26,0.455,0.314,,,,0.004,0.003,0.064,0.002,0.003,0.003,0.343,0.018,0.073,,,,,,,,,0.012,0.0,1.263,0.396,0.685
7/15/2026 23:29:58,2026-07-15 23:20:00,,,,46.29,17.7,10.72,35.59,17.73,17.71,220.4,32.66,1.122,,,,,,,,,-0.689,1.0,-32.77,1.127,1.834,,,,46.3,17.71,10.95,35.6,17.74,17.72,221.2,32.7,1.436,,,,,,,,,-0.68,1.0,-30.19,1.904,2.42,,,,46.26,17.7,10.48,35.57,17.73,17.7,219.5,32.61,0.975,,,,,,,,,-0.797,1.0,-40.05,0.454,0.32,,,,0.004,0.003,0.069,0.002,0.003,0.003,0.279,0.015,0.071,,,,,,,,,0.025,0.0,2.04,0.458,0.407
7/15/2026 22:30:33,2026-07-15 22:30:00,,,,46.29,17.71,10.72,35.59,17.73,17.71,219.5,32.71,0.992,,,,,,,,,-0.687,1.0,-32.43,0.862,1.447,,,,46.3,17.71,10.94,35.6,17.74,17.72,220.6,32.76,1.248,,,,,,,,,-0.678,1.0,-30.15,1.129,2.389,,,,46.28,17.7,10.54,35.58,17.73,17.7,218.5,32.65,0.86,,,,,,,,,-0.798,1.0,-40.67,0.459,0.314,,,,0.003,0.003,0.07,0.002,0.002,0.003,0.342,0.018,0.067,,,,,,,,,0.026,0.0,2.129,0.17,0.536
7/15/2026 22:21:06,2026-07-15 22:20:00,,,,46.29,17.71,10.72,35.59,17.74,17.71,219.2,32.72,0.964,,,,,,,,,-0.689,1.0,-32.76,0.893,1.288,,,,46.3,17.71,10.94,35.6,17.74,17.72,220.3,32.76,1.22,,,,,,,,,-0.676,1.0,-30.09,1.907,2.402,,,,46.28,17.7,10.51,35.59,17.73,17.7,218.4,32.66,0.849,,,,,,,,,-0.796,1.0,-40.33,0.451,0.316,,,,0.003,0.003,0.07,0.002,0.003,0.003,0.288,0.015,0.062,,,,,,,,,0.026,0.0,2.073,0.479,0.797
7/15/2026 22:18:07,2026-07-15 22:10:00,,,,46.29,17.71,10.72,35.59,17.74,17.71,219.1,32.73,0.955,,,,,,,,,-0.695,1.0,-33.5,0.738,1.109,,,,46.3,17.71,10.94,35.6,17.75,17.72,219.9,32.78,1.163,,,,,,,,,-0.678,1.0,-30.38,0.927,1.852,,,,46.28,17.7,10.56,35.58,17.73,17.7,218.1,32.68,0.851,,,,,,,,,-0.806,1.0,-43.01,0.451,0.314,,,,0.004,0.003,0.069,0.002,0.003,0.003,0.287,0.015,0.058,,,,,,,,,0.034,0.0,2.89,0.22,0.467
7/15/2026 22:02:45,2026-07-15 22:00:00,,,,46.3,17.71,10.72,35.59,17.74,17.72,219.0,32.73,0.962,,,,,,,,,-0.685,1.0,-32.38,0.813,1.178,,,,46.31,17.72,10.9,35.6,17.75,17.73,219.7,32.77,1.209,,,,,,,,,-0.678,1.0,-30.76,1.913,2.403,,,,46.28,17.7,10.54,35.58,17.73,17.71,218.2,32.69,0.825,,,,,,,,,-0.706,1.0,-34.04,0.46,0.314,,,,0.004,0.004,0.063,0.002,0.003,0.003,0.276,0.014,0.063,,,,,,,,,0.007,0.0,1.087,0.423,0.676
7/15/2026 21:53:07,2026-07-15 21:40:00,,,,46.31,17.72,10.72,35.59,17.75,17.73,219.7,32.69,1.062,,,,,,,,,-0.684,1.0,-32.16,0.925,1.397,,,,46.32,17.73,10.92,35.6,17.76,17.74,220.5,32.74,1.339,,,,,,,,,-0.678,1.0,-30.5,1.902,2.412,,,,46.29,17.71,10.53,35.58,17.75,17.72,218.6,32.64,0.934,,,,,,,,,-0.698,1.0,-34.24,0.46,0.316,,,,0.005,0.004,0.061,0.003,0.003,0.004,0.286,0.015,0.067,,,,,,,,,0.007,0.0,1.138,0.371,0.56
7/15/2026 21:52:14,2026-07-15 21:50:00,,,,46.3,17.71,10.72,35.59,17.75,17.72,219.3,32.71,0.991,,,,,,,,,-0.688,1.0,-32.6,0.983,1.447,,,,46.31,17.73,10.94,35.6,17.76,17.73,220.3,32.76,1.229,,,,,,,,,-0.676,1.0,-31.08,1.894,2.406,,,,46.29,17.7,10.54,35.59,17.74,17.71,218.3,32.66,0.856,,,,,,,,,-0.724,1.0,-34.93,0.466,0.781,,,,0.005,0.004,0.063,0.002,0.003,0.004,0.34,0.018,0.065,,,,,,,,,0.012,0.0,1.2,0.267,0.338
7/15/2026 21:30:23,2026-07-15 21:30:00,,,,46.31,17.73,10.71,35.59,17.76,17.74,219.7,32.68,1.131,,,,,,,,,-0.683,1.0,-32.24,0.879,1.327,,,,46.32,17.74,10.89,35.6,17.77,17.74,220.5,32.73,1.461,,,,,,,,,-0.677,1.0,-29.84,1.9,2.413,,,,46.3,17.71,10.52,35.58,17.75,17.72,218.8,32.64,0.989,,,,,,,,,-0.7,1.0,-35.18,0.456,0.319,,,,0.004,0.004,0.058,0.002,0.003,0.004,0.288,0.015,0.073,,,,,,,,,0.007,0.0,1.275,0.417,0.751
7/15/2026 21:23:52,2026-07-15 17:30:00,,,,46.31,17.72,10.71,35.59,17.75,17.73,221.1,32.61,1.118,,,,,,,,,-0.679,1.0,-32.03,1.105,1.651,,,,46.32,17.73,10.86,35.61,17.76,17.74,222.1,32.68,1.463,,,,,,,,,-0.665,1.0,-29.73,1.897,2.401,,,,46.29,17.71,10.51,35.59,17.74,17.72,219.8,32.56,0.969,,,,,,,,,-0.782,1.0,-37.87,0.448,0.317,,,,0.004,0.004,0.059,0.002,0.003,0.004,0.436,0.023,0.072,,,,,,,,,0.025,0.0,1.821,0.47,0.481
7/15/2026 21:20:48,2026-07-15 21:20:00,,,,46.32,17.74,10.71,35.59,17.77,17.74,219.4,32.7,1.104,,,,,,,,,-0.687,1.0,-32.7,0.998,1.749,,,,46.33,17.74,10.91,35.6,17.78,17.75,220.4,32.74,1.554,,,,,,,,,-0.677,1.0,-30.54,1.892,2.826,,,,46.3,17.72,10.5,35.58,17.76,17.73,218.5,32.64,0.928,,,,,,,,,-0.698,1.0,-35.58,0.462,0.777,,,,0.004,0.004,0.061,0.002,0.003,0.003,0.327,0.017,0.085,,,,,,,,,0.008,0.0,1.273,0.359,0.498
7/15/2026 21:20:29,2026-07-15 17:40:00,,,,46.3,17.72,10.71,35.59,17.75,17.72,220.3,32.66,1.056,,,,,,,,,-0.674,1.0,-31.54,0.686,1.087,,,,46.32,17.73,10.89,35.6,17.76,17.73,221.1,32.7,1.322,,,,,,,,,-0.665,1.0,-29.56,0.927,1.859,,,,46.29,17.7,10.52,35.59,17.74,17.71,219.5,32.62,0.96,,,,,,,,,-0.78,1.0,-38.69,0.45,0.312,,,,0.005,0.005,0.061,0.002,0.003,0.004,0.291,0.015,0.054,,,,,,,,,0.025,0.0,1.982,0.225,0.572
7/15/2026 21:17:36,2026-07-15 17:50:00,,,,46.3,17.71,10.71,35.59,17.74,17.72,220.2,32.66,1.048,,,,,,,,,-0.67,1.0,-31.37,0.923,1.453,,,,46.31,17.72,10.89,35.6,17.75,17.73,221.0,32.7,1.618,,,,,,,,,-0.665,1.0,-29.2,1.906,2.407,,,,46.28,17.7,10.52,35.58,17.73,17.7,219.5,32.63,0.959,,,,,,,,,-0.686,1.0,-33.25,0.451,0.314,,,,0.005,0.005,0.063,0.003,0.003,0.004,0.272,0.014,0.06,,,,,,,,,0.006,0.0,1.191,0.541,0.751
7/15/2026 21:13:34,2026-07-15 18:00:00,,,,46.29,17.7,10.72,35.59,17.74,17.71,220.3,32.66,1.071,,,,,,,,,-0.679,1.0,-31.82,1.195,1.832,,,,46.3,17.72,10.92,35.6,17.74,17.72,221.3,32.7,1.433,,,,,,,,,-0.666,1.0,-29.7,1.897,2.408,,,,46.27,17.69,10.53,35.58,17.73,17.69,219.6,32.61,0.964,,,,,,,,,-0.785,1.0,-38.93,0.903,1.291,,,,0.006,0.006,0.068,0.003,0.003,0.005,0.29,0.015,0.061,,,,,,,,,0.025,0.0,1.926,0.418,0.278
7/15/2026 21:13:31,2026-07-15 18:10:00,,,,46.29,17.7,10.72,35.59,17.73,17.71,220.4,32.66,1.096,,,,,,,,,-0.686,1.0,-32.65,0.995,1.429,,,,46.3,17.71,10.95,35.6,17.74,17.72,221.3,32.71,1.501,,,,,,,,,-0.666,1.0,-30.0,1.894,2.415,,,,46.27,17.69,10.51,35.58,17.72,17.7,219.5,32.61,0.977,,,,,,,,,-0.801,1.0,-40.54,0.445,0.317,,,,0.005,0.004,0.066,0.002,0.003,0.004,0.305,0.016,0.062,,,,,,,,,0.036,0.0,2.754,0.554,0.774
7/15/2026 21:11:17,2026-07-15 21:10:00,,,,46.33,17.74,10.72,35.59,17.77,17.75,219.2,32.7,1.038,,,,,,,,,-0.696,1.0,-33.19,1.065,1.626,,,,46.34,17.75,10.9,35.6,17.78,17.76,220.0,32.76,1.333,,,,,,,,,-0.676,1.0,-29.78,1.902,2.41,,,,46.31,17.73,10.54,35.58,17.76,17.74,218.2,32.66,0.889,,,,,,,,,-0.796,1.0,-41.2,0.451,0.314,,,,0.004,0.004,0.06,0.002,0.003,0.004,0.316,0.017,0.07,,,,,,,,,0.033,0.0,2.735,0.436,0.557
7/15/2026 21:10:33,2026-07-15 18:20:00,,,,46.28,17.7,10.73,35.59,17.73,17.71,220.5,32.65,1.111,,,,,,,,,-0.674,1.0,-31.51,1.012,1.417,,,,46.3,17.71,10.93,35.6,17.74,17.71,221.4,32.71,1.384,,,,,,,,,-0.667,1.0,-29.65,1.904,2.962,,,,46.27,17.68,10.53,35.58,17.72,17.69,219.5,32.61,1.004,,,,,,,,,-0.687,1.0,-33.45,0.452,0.314,,,,0.005,0.005,0.067,0.002,0.003,0.005,0.35,0.018,0.064,,,,,,,,,0.007,0.0,1.222,0.475,0.701
7/15/2026 21:09:09,2026-07-15 18:30:00,,,,46.28,17.69,10.73,35.59,17.72,17.7,220.9,32.64,1.126,,,,,,,,,-0.677,1.0,-31.86,0.846,1.427,,,,46.29,17.7,10.96,35.6,17.74,17.71,221.7,32.7,1.345,,,,,,,,,-0.668,1.0,-30.11,1.687,2.401,,,,46.26,17.68,10.56,35.58,17.72,17.69,219.6,32.59,1.014,,,,,,,,,-0.688,1.0,-33.97,0.45,0.312,,,,0.005,0.005,0.069,0.002,0.004,0.005,0.352,0.018,0.062,,,,,,,,,0.007,0.0,1.088,0.279,0.606
7/15/2026 21:07:06,2026-07-15 21:00:00,,,,46.33,17.75,10.72,35.59,17.77,17.76,219.7,32.68,1.079,,,,,,,,,-0.687,1.0,-32.64,1.07,1.745,,,,46.34,17.76,10.9,35.6,17.78,17.76,220.8,32.72,1.389,,,,,,,,,-0.674,1.0,-29.43,1.906,2.408,,,,46.32,17.74,10.56,35.58,17.76,17.75,218.8,32.62,0.947,,,,,,,,,-0.793,1.0,-39.39,0.471,0.786,,,,0.004,0.003,0.06,0.002,0.003,0.003,0.372,0.02,0.074,,,,,,,,,0.025,0.0,1.942,0.431,0.409
7/15/2026 20:57:23,2026-07-15 18:40:00,,,,46.28,17.69,10.72,35.59,17.72,17.7,221.1,32.63,1.143,,,,,,,,,-0.675,1.0,-31.52,0.979,1.305,,,,46.29,17.7,10.97,35.6,17.73,17.71,222.1,32.66,1.539,,,,,,,,,-0.668,1.0,-29.44,1.92,2.947,,,,46.26,17.67,10.56,35.58,17.71,17.68,220.3,32.58,1.025,,,,,,,,,-0.69,1.0,-33.29,0.45,0.314,,,,0.005,0.005,0.072,0.002,0.003,0.005,0.285,0.015,0.069,,,,,,,,,0.007,0.0,1.149,0.568,0.803
7/15/2026 20:57:14,2026-07-15 18:50:00,,,,46.27,17.68,10.72,35.59,17.71,17.69,221.0,32.64,1.172,,,,,,,,,-0.677,1.0,-31.7,0.956,1.381,,,,46.28,17.69,10.94,35.6,17.73,17.7,221.9,32.7,1.543,,,,,,,,,-0.67,1.0,-29.73,1.906,2.395,,,,46.25,17.67,10.56,35.58,17.71,17.68,219.7,32.59,1.052,,,,,,,,,-0.691,1.0,-32.87,0.453,0.31,,,,0.006,0.005,0.068,0.002,0.004,0.005,0.369,0.02,0.076,,,,,,,,,0.008,0.0,0.844,0.437,0.621
7/15/2026 20:52:53,2026-07-15 19:00:00,,,,46.26,17.67,10.72,35.59,17.71,17.68,220.6,32.66,1.154,,,,,,,,,-0.681,1.0,-31.97,1.168,1.651,,,,46.28,17.69,10.93,35.6,17.72,17.7,221.8,32.73,1.527,,,,,,,,,-0.67,1.0,-29.74,1.902,2.959,,,,46.24,17.66,10.55,35.58,17.7,17.67,219.2,32.6,1.005,,,,,,,,,-0.697,1.0,-34.56,0.454,0.315,,,,0.007,0.007,0.071,0.002,0.004,0.006,0.418,0.023,0.08,,,,,,,,,0.008,0.0,1.304,0.619,0.864
7/15/2026 20:52:39,2026-07-15 19:20:00,,,,46.24,17.66,10.72,35.59,17.69,17.66,220.0,32.7,1.069,,,,,,,,,-0.683,1.0,-32.52,0.716,1.091,,,,46.26,17.67,10.92,35.6,17.7,17.68,221.2,32.75,1.363,,,,,,,,,-0.671,1.0,-30.27,0.92,1.948,,,,46.22,17.64,10.56,35.58,17.68,17.65,219.1,32.64,0.868,,,,,,,,,-0.744,1.0,-35.57,0.452,0.311,,,,0.007,0.007,0.066,0.002,0.005,0.006,0.331,0.017,0.079,,,,,,,,,0.016,0.0,1.46,0.21,0.553
7/15/2026 20:52:39,2026-07-15 19:10:00,,,,46.25,17.67,10.72,35.59,17.7,17.67,220.1,32.69,1.068,,,,,,,,,-0.69,1.0,-32.99,0.711,1.078,,,,46.26,17.68,10.97,35.6,17.71,17.68,221.0,32.74,1.329,,,,,,,,,-0.67,1.0,-30.55,0.925,1.849,,,,46.23,17.65,10.52,35.58,17.69,17.66,219.2,32.64,0.899,,,,,,,,,-0.807,1.0,-42.59,0.452,0.315,,,,0.005,0.005,0.069,0.002,0.004,0.004,0.314,0.017,0.074,,,,,,,,,0.039,0.0,2.946,0.227,0.472
7/15/2026 20:52:38,2026-07-15 19:30:00,,,,46.22,17.64,10.72,35.59,17.68,17.65,219.7,32.72,1.04,,,,,,,,,-0.692,1.0,-32.78,1.082,1.587,,,,46.24,17.65,10.92,35.6,17.69,17.66,220.6,32.77,1.339,,,,,,,,,-0.672,1.0,-30.84,1.899,2.405,,,,46.21,17.63,10.55,35.58,17.66,17.64,218.8,32.67,0.893,,,,,,,,,-0.802,1.0,-40.77,0.45,0.319,,,,0.005,0.005,0.065,0.002,0.005,0.005,0.324,0.017,0.072,,,,,,,,,0.026,0.0,2.144,0.475,0.613
7/15/2026 20:52:38,2026-07-15 20:40:00,,,,46.3,17.72,10.72,35.59,17.73,17.72,221.2,32.61,1.228,,,,,,,,,-0.687,1.0,-32.89,0.744,1.057,,,,46.32,17.74,10.9,35.6,17.75,17.74,222.2,32.66,1.581,,,,,,,,,-0.675,1.0,-30.2,0.926,1.858,,,,46.28,17.69,10.54,35.58,17.7,17.7,220.2,32.56,1.096,,,,,,,,,-0.705,1.0,-36.37,0.453,0.318,,,,0.011,0.012,0.06,0.002,0.011,0.012,0.354,0.016,0.069,,,,,,,,,0.008,0.0,1.536,0.215,0.435
7/15/2026 20:51:35,2026-07-15 20:50:00,,,,46.33,17.74,10.72,35.59,17.76,17.75,220.4,32.64,1.159,,,,,,,,,-0.686,1.0,-32.42,1.043,1.802,,,,46.34,17.76,10.92,35.6,17.77,17.76,221.7,32.71,1.605,,,,,,,,,-0.674,1.0,-30.0,1.9,2.423,,,,46.31,17.72,10.47,35.58,17.74,17.73,219.0,32.58,0.957,,,,,,,,,-0.792,1.0,-39.81,0.467,0.77,,,,0.006,0.006,0.062,0.002,0.007,0.006,0.478,0.024,0.085,,,,,,,,,0.025,0.0,2.047,0.372,0.42
7/15/2026 20:31:37,2026-07-15 20:30:00,,,,46.26,17.68,10.72,35.59,17.69,17.68,221.3,32.62,1.252,,,,,,,,,-0.689,1.0,-32.64,0.949,1.48,,,,46.29,17.7,10.93,35.6,17.71,17.71,222.2,32.69,1.691,,,,,,,,,-0.675,1.0,-29.15,1.902,2.408,,,,46.23,17.65,10.52,35.59,17.68,17.65,220.1,32.57,1.11,,,,,,,,,-0.793,1.0,-38.92,0.459,0.318,,,,0.012,0.013,0.059,0.002,0.008,0.012,0.33,0.02,0.076,,,,,,,,,0.025,0.0,1.95,0.356,0.552
7/15/2026 20:27:25,2026-07-15 19:40:00,,,,46.22,17.63,10.72,35.59,17.67,17.64,220.4,32.69,1.141,,,,,,,,,-0.685,1.0,-32.64,1.248,1.829,,,,46.23,17.65,10.94,35.6,17.68,17.65,221.6,32.73,1.47,,,,,,,,,-0.673,1.0,-29.91,1.913,2.416,,,,46.18,17.62,10.51,35.57,17.66,17.63,219.6,32.62,1.014,,,,,,,,,-0.759,1.0,-36.59,0.455,0.764,,,,0.006,0.005,0.06,0.002,0.004,0.005,0.334,0.018,0.07,,,,,,,,,0.018,0.0,1.721,0.52,0.499
7/15/2026 20:24:21,2026-07-15 20:20:00,,,,46.24,17.65,10.72,35.59,17.68,17.66,220.3,32.68,1.132,,,,,,,,,-0.685,1.0,-32.31,0.939,1.628,,,,46.25,17.66,10.93,35.6,17.69,17.67,221.7,32.76,1.512,,,,,,,,,-0.673,1.0,-29.89,1.888,2.403,,,,46.22,17.64,10.53,35.59,17.67,17.65,218.9,32.61,0.91,,,,,,,,,-0.792,1.0,-40.07,0.457,1.292,,,,0.004,0.004,0.058,0.002,0.003,0.004,0.5,0.027,0.084,,,,,,,,,0.025,0.0,2.14,0.239,0.312
7/15/2026 20:19:27,2026-07-15 19:50:00,,,,46.24,17.65,10.72,35.59,17.67,17.66,221.0,32.65,1.213,,,,,,,,,-0.687,1.0,-32.53,1.058,1.648,,,,46.25,17.66,10.9,35.6,17.69,17.67,222.3,32.7,1.562,,,,,,,,,-0.674,1.0,-30.05,1.904,2.407,,,,46.22,17.64,10.52,35.58,17.66,17.65,220.0,32.58,1.09,,,,,,,,,-0.764,1.0,-37.8,0.459,0.753,,,,0.005,0.005,0.062,0.002,0.005,0.004,0.32,0.017,0.071,,,,,,,,,0.019,0.0,1.674,0.489,0.497
7/15/2026 20:12:09,2026-07-15 20:10:00,,,,46.23,17.65,10.72,35.59,17.68,17.66,219.9,32.71,1.077,,,,,,,,,-0.697,1.0,-33.34,0.943,1.565,,,,46.25,17.66,10.89,35.6,17.69,17.67,220.8,32.75,1.433,,,,,,,,,-0.676,1.0,-30.79,1.892,2.263,,,,46.22,17.63,10.53,35.58,17.67,17.64,219.0,32.66,0.924,,,,,,,,,-0.795,1.0,-40.71,0.468,0.781,,,,0.005,0.005,0.056,0.002,0.003,0.004,0.323,0.017,0.074,,,,,,,,,0.032,0.0,2.526,0.237,0.361
7/15/2026 20:07:34,2026-07-15 20:00:00,,,,46.24,17.65,10.72,35.59,17.68,17.66,220.2,32.69,1.158,,,,,,,,,-0.686,1.0,-33.01,0.618,0.904,,,,46.25,17.66,10.88,35.6,17.69,17.67,221.2,32.74,1.493,,,,,,,,,-0.673,1.0,-29.91,0.919,1.853,,,,46.23,17.64,10.52,35.59,17.67,17.65,219.2,32.63,1.008,,,,,,,,,-0.794,1.0,-39.91,0.448,0.313,,,,0.004,0.004,0.059,0.002,0.003,0.004,0.361,0.02,0.07,,,,,,,,,0.026,0.0,2.394,0.216,0.464
7/15/2026 17:20:51,2026-07-15 17:20:00,,,,46.31,17.73,10.71,35.59,17.75,17.73,221.6,32.58,1.226,,,,,,,,,-0.675,1.0,-31.89,1.265,2.023,,,,46.33,17.74,10.9,35.6,17.76,17.74,222.5,32.62,1.501,,,,,,,,,-0.663,1.0,-29.44,1.9,2.973,,,,46.29,17.71,10.53,35.58,17.75,17.72,220.9,32.54,1.107,,,,,,,,,-0.795,1.0,-40.1,0.452,0.778,,,,0.005,0.005,0.061,0.002,0.003,0.005,0.286,0.015,0.061,,,,,,,,,0.028,0.0,2.212,0.53,0.673
7/15/2026 17:11:50,2026-07-15 13:10:00,,,,46.4,17.81,10.72,35.59,17.84,17.82,219.9,32.64,0.379,,,,,,,,,-0.663,1.0,-31.18,220.7,376.2,,,,46.41,17.82,10.92,35.6,17.85,17.82,220.7,32.68,0.571,,,,,,,,,-0.649,1.0,-28.28,271.8,503.8,,,,46.37,17.79,10.55,35.59,17.83,17.8,219.1,32.6,0.32,,,,,,,,,-0.766,1.0,-39.29,170.7,229.3,,,,0.005,0.005,0.057,0.002,0.003,0.005,0.284,0.015,0.032,,,,,,,,,0.034,0.0,2.889,26.9,62.47
7/15/2026 17:11:39,2026-07-15 13:20:00,,,,46.38,17.79,10.72,35.59,17.83,17.8,219.8,32.65,0.466,,,,,,,,,-0.659,1.0,-30.69,166.3,212.3,,,,46.4,17.81,10.9,35.6,17.84,17.81,220.6,32.7,0.753,,,,,,,,,-0.65,1.0,-28.23,201.3,401.2,,,,46.33,17.75,10.54,35.58,17.81,17.76,218.9,32.6,0.371,,,,,,,,,-0.763,1.0,-37.64,134.0,139.0,,,,0.018,0.018,0.06,0.002,0.007,0.017,0.308,0.018,0.033,,,,,,,,,0.024,0.0,1.982,19.42,36.08
7/15/2026 17:11:20,2026-07-15 13:30:00,,,,46.34,17.75,10.72,35.59,17.79,17.76,220.1,32.65,0.527,,,,,,,,,-0.656,1.0,-30.63,135.0,203.8,,,,46.35,17.76,10.92,35.6,17.82,17.77,221.1,32.71,0.881,,,,,,,,,-0.652,1.0,-28.53,204.1,295.4,,,,46.32,17.74,10.56,35.59,17.78,17.74,218.9,32.6,0.406,,,,,,,,,-0.676,1.0,-33.62,112.9,121.9,,,,0.005,0.004,0.06,0.002,0.008,0.004,0.32,0.016,0.079,,,,,,,,,0.006,0.0,1.071,19.04,49.93
7/15/2026 17:11:07,2026-07-15 17:10:00,,,,46.31,17.73,10.71,35.59,17.74,17.74,221.9,32.57,1.258,,,,,,,,,-0.682,1.0,-32.24,1.476,1.913,,,,46.33,17.74,10.92,35.6,17.76,17.74,222.7,32.62,1.734,,,,,,,,,-0.663,1.0,-29.26,3.439,4.036,,,,46.3,17.72,10.53,35.58,17.73,17.72,221.0,32.53,1.125,,,,,,,,,-0.795,1.0,-41.14,0.446,0.317,,,,0.005,0.005,0.056,0.002,0.006,0.004,0.304,0.016,0.075,,,,,,,,,0.037,0.0,2.97,0.966,1.247
7/15/2026 17:08:57,2026-07-15 13:40:00,,,,46.33,17.74,10.72,35.59,17.78,17.75,220.5,32.64,0.577,,,,,,,,,-0.659,1.0,-30.54,191.9,199.9,,,,46.34,17.75,10.9,35.6,17.79,17.76,221.3,32.68,0.855,,,,,,,,,-0.651,1.0,-28.32,209.3,213.2,,,,46.31,17.73,10.57,35.59,17.77,17.74,219.6,32.59,0.498,,,,,,,,,-0.764,1.0,-37.52,173.0,182.0,,,,0.005,0.004,0.056,0.002,0.004,0.004,0.28,0.015,0.028,,,,,,,,,0.024,0.0,1.925,9.42,8.17
7/15/2026 17:04:53,2026-07-15 13:50:00,,,,46.32,17.73,10.72,35.59,17.77,17.74,220.8,32.62,0.626,,,,,,,,,-0.659,1.0,-30.69,187.7,192.9,,,,46.33,17.74,10.88,35.6,17.78,17.75,221.7,32.68,0.797,,,,,,,,,-0.65,1.0,-28.72,199.6,213.2,,,,46.3,17.72,10.57,35.58,17.76,17.73,219.8,32.58,0.551,,,,,,,,,-0.763,1.0,-38.57,165.2,169.7,,,,0.005,0.005,0.054,0.002,0.004,0.005,0.288,0.015,0.029,,,,,,,,,0.024,0.0,2.093,8.31,9.9
7/15/2026 17:04:11,2026-07-15 14:00:00,,,,46.31,17.72,10.72,35.59,17.76,17.73,221.3,32.6,0.839,,,,,,,,,-0.655,1.0,-30.01,113.4,116.7,,,,46.32,17.73,10.88,35.6,17.77,17.74,222.3,32.66,1.017,,,,,,,,,-0.65,1.0,-28.28,165.2,169.7,,,,46.29,17.71,10.55,35.59,17.75,17.72,220.1,32.55,0.64,,,,,,,,,-0.673,1.0,-32.27,94.6,95.7,,,,0.005,0.005,0.057,0.002,0.004,0.004,0.304,0.015,0.066,,,,,,,,,0.005,0.0,1.03,16.22,16.5
7/15/2026 17:00:41,2026-07-15 17:00:00,,,,46.28,17.7,10.71,35.59,17.71,17.7,221.9,32.58,1.194,,,,,,,,,-0.675,1.0,-31.64,0.753,1.148,,,,46.32,17.73,10.89,35.6,17.73,17.74,222.8,32.66,1.648,,,,,,,,,-0.663,1.0,-29.16,1.884,2.402,,,,46.25,17.66,10.55,35.58,17.7,17.67,220.5,32.53,1.044,,,,,,,,,-0.776,1.0,-38.51,0.445,0.304,,,,0.02,0.02,0.061,0.003,0.01,0.02,0.421,0.028,0.076,,,,,,,,,0.024,0.0,1.966,0.34,0.694
7/15/2026 16:56:40,2026-07-15 14:10:00,,,,46.3,17.71,10.72,35.59,17.75,17.72,221.7,32.58,0.863,,,,,,,,,-0.664,1.0,-31.22,135.3,140.3,,,,46.31,17.72,10.9,35.6,17.76,17.73,222.6,32.63,1.028,,,,,,,,,-0.647,1.0,-27.91,171.9,177.0,,,,46.29,17.7,10.51,35.59,17.74,17.71,220.8,32.54,0.749,,,,,,,,,-0.768,1.0,-40.21,110.9,114.0,,,,0.004,0.004,0.061,0.002,0.004,0.004,0.311,0.016,0.048,,,,,,,,,0.033,0.0,2.954,17.6,18.79
7/15/2026 16:55:40,2026-07-15 14:20:00,,,,46.29,17.7,10.72,35.59,17.74,17.71,221.3,32.61,0.79,,,,,,,,,-0.659,1.0,-30.48,118.8,148.3,,,,46.3,17.71,10.98,35.6,17.75,17.72,222.5,32.66,0.997,,,,,,,,,-0.648,1.0,-28.62,177.4,339.8,,,,46.28,17.69,10.57,35.59,17.73,17.7,220.4,32.55,0.556,,,,,,,,,-0.764,1.0,-37.28,85.0,86.8,,,,0.005,0.005,0.059,0.002,0.004,0.004,0.362,0.02,0.107,,,,,,,,,0.024,0.0,1.826,28.31,71.89
7/15/2026 16:55:29,2026-07-15 14:30:00,,,,46.28,17.69,10.72,35.59,17.72,17.69,221.0,32.63,0.894,,,,,,,,,-0.665,1.0,-30.92,85.4,87.6,,,,46.29,17.7,10.95,35.6,17.74,17.71,221.7,32.68,1.14,,,,,,,,,-0.649,1.0,-28.29,111.8,114.1,,,,46.26,17.67,10.53,35.59,17.71,17.68,220.2,32.59,0.745,,,,,,,,,-0.764,1.0,-37.89,72.51,74.6,,,,0.007,0.006,0.061,0.002,0.005,0.006,0.279,0.015,0.054,,,,,,,,,0.024,0.0,1.924,10.5,10.49
7/15/2026 16:54:51,2026-07-15 14:40:00,,,,46.26,17.68,10.71,35.59,17.71,17.68,221.2,32.63,0.956,,,,,,,,,-0.661,1.0,-30.66,104.4,107.8,,,,46.27,17.69,10.9,35.6,17.72,17.69,222.2,32.67,1.124,,,,,,,,,-0.646,1.0,-28.17,129.6,141.1,,,,46.25,17.67,10.59,35.59,17.7,17.67,220.5,32.57,0.836,,,,,,,,,-0.778,1.0,-38.47,72.49,74.59,,,,0.004,0.004,0.058,0.002,0.004,0.003,0.287,0.015,0.043,,,,,,,,,0.027,0.0,2.163,18.14,20.52
7/15/2026 16:54:36,2026-07-15 16:40:00,,,,46.24,17.66,10.71,35.59,17.68,17.66,221.5,32.62,1.164,,,,,,,,,-0.68,1.0,-32.01,1.388,2.192,,,,46.27,17.68,10.9,35.6,17.7,17.69,222.7,32.67,1.597,,,,,,,,,-0.663,1.0,-28.74,3.455,4.591,,,,46.22,17.64,10.43,35.58,17.68,17.65,220.6,32.55,1.014,,,,,,,,,-0.797,1.0,-40.5,0.452,0.602,,,,0.008,0.007,0.057,0.002,0.003,0.007,0.302,0.017,0.071,,,,,,,,,0.028,0.0,2.352,0.754,0.883
7/15/2026 16:53:33,2026-07-15 16:50:00,,,,46.27,17.68,10.71,35.59,17.7,17.69,221.5,32.61,1.132,,,,,,,,,-0.672,1.0,-31.55,0.75,1.221,,,,46.3,17.71,10.86,35.6,17.72,17.71,222.6,32.67,1.387,,,,,,,,,-0.663,1.0,-29.25,0.924,1.849,,,,46.25,17.66,10.54,35.59,17.68,17.67,220.4,32.54,1.023,,,,,,,,,-0.768,1.0,-38.12,0.445,0.312,,,,0.011,0.011,0.056,0.003,0.007,0.01,0.395,0.022,0.062,,,,,,,,,0.023,0.0,1.849,0.216,0.456
7/15/2026 16:32:22,2026-07-15 16:30:00,,,,46.24,17.66,10.71,35.59,17.69,17.67,221.6,32.61,1.242,,,,,,,,,-0.684,1.0,-32.4,2.397,3.034,,,,46.26,17.67,10.92,35.6,17.7,17.68,222.6,32.67,1.497,,,,,,,,,-0.663,1.0,-28.71,4.541,5.128,,,,46.23,17.65,10.54,35.58,17.68,17.65,220.5,32.56,1.109,,,,,,,,,-0.791,1.0,-40.82,0.914,1.856,,,,0.005,0.005,0.056,0.002,0.004,0.004,0.317,0.017,0.062,,,,,,,,,0.026,0.0,2.528,0.783,0.776
7/15/2026 16:28:50,2026-07-15 14:50:00,,,,46.26,17.68,10.71,35.59,17.71,17.68,221.2,32.63,0.892,,,,,,,,,-0.658,1.0,-30.67,124.1,128.0,,,,46.27,17.68,10.93,35.6,17.72,17.69,222.0,32.67,1.082,,,,,,,,,-0.646,1.0,-28.77,144.2,148.1,,,,46.25,17.67,10.51,35.58,17.7,17.67,220.4,32.58,0.819,,,,,,,,,-0.763,1.0,-38.27,112.4,116.3,,,,0.004,0.004,0.061,0.002,0.003,0.003,0.276,0.014,0.032,,,,,,,,,0.024,0.0,2.099,8.63,8.91
7/15/2026 16:23:02,2026-07-15 15:10:00,,,,46.26,17.68,10.71,35.59,17.7,17.68,221.3,32.62,0.971,,,,,,,,,-0.666,1.0,-31.18,85.2,110.8,,,,46.27,17.68,10.93,35.61,17.72,17.69,222.2,32.67,1.189,,,,,,,,,-0.642,1.0,-28.27,109.6,264.3,,,,46.25,17.66,10.55,35.59,17.7,17.67,220.5,32.58,0.733,,,,,,,,,-0.769,1.0,-39.05,58.44,63.14,,,,0.004,0.004,0.06,0.002,0.003,0.003,0.268,0.014,0.103,,,,,,,,,0.033,0.0,2.638,18.11,51.22
7/15/2026 16:23:02,2026-07-15 15:00:00,,,,46.26,17.68,10.71,35.59,17.7,17.68,221.3,32.62,0.944,,,,,,,,,-0.661,1.0,-30.81,93.5,127.2,,,,46.27,17.68,10.92,35.6,17.71,17.69,222.2,32.66,1.137,,,,,,,,,-0.649,1.0,-28.24,116.9,234.7,,,,46.25,17.66,10.55,35.59,17.7,17.67,220.4,32.58,0.761,,,,,,,,,-0.756,1.0,-36.35,74.04,79.56,,,,0.005,0.005,0.06,0.002,0.003,0.004,0.279,0.015,0.071,,,,,,,,,0.022,0.0,1.93,14.6,47.55
7/15/2026 16:22:37,2026-07-15 15:30:00,,,,46.26,17.67,10.71,35.59,17.7,17.68,221.6,32.61,1.218,,,,,,,,,-0.664,1.0,-30.95,44.14,47.16,,,,46.27,17.68,10.86,35.6,17.71,17.69,222.5,32.65,1.568,,,,,,,,,-0.66,1.0,-29.25,63.4,68.82,,,,46.24,17.66,10.56,35.58,17.69,17.67,220.7,32.56,1.111,,,,,,,,,-0.67,1.0,-33.13,31.4,32.36,,,,0.005,0.004,0.058,0.003,0.002,0.004,0.281,0.015,0.044,,,,,,,,,0.003,0.0,1.064,7.622,9.35
7/15/2026 16:20:31,2026-07-15 16:20:00,,,,46.26,17.67,10.71,35.59,17.7,17.68,222.0,32.59,1.254,,,,,,,,,-0.673,1.0,-31.63,6.975,8.09,,,,46.27,17.68,10.87,35.6,17.71,17.69,222.9,32.65,1.477,,,,,,,,,-0.661,1.0,-29.14,11.16,12.34,,,,46.23,17.65,10.53,35.58,17.69,17.66,220.9,32.54,1.145,,,,,,,,,-0.782,1.0,-39.39,1.897,2.943,,,,0.006,0.005,0.054,0.003,0.003,0.005,0.312,0.017,0.052,,,,,,,,,0.026,0.0,2.11,2.755,2.797
7/15/2026 16:20:17,2026-07-15 15:40:00,,,,46.26,17.67,10.71,35.59,17.7,17.68,221.7,32.6,1.205,,,,,,,,,-0.662,1.0,-30.65,40.33,60.0,,,,46.27,17.69,10.89,35.6,17.71,17.69,222.5,32.64,1.353,,,,,,,,,-0.651,1.0,-28.91,79.0,106.9,,,,46.24,17.65,10.53,35.58,17.69,17.66,221.0,32.56,1.087,,,,,,,,,-0.674,1.0,-32.64,26.34,27.36,,,,0.005,0.005,0.058,0.003,0.003,0.004,0.28,0.015,0.05,,,,,,,,,0.005,0.0,1.173,16.11,27.44
7/15/2026 16:18:49,2026-07-15 15:50:00,,,,46.26,17.68,10.71,35.59,17.7,17.68,221.8,32.6,1.248,,,,,,,,,-0.664,1.0,-31.04,50.26,53.79,,,,46.27,17.68,10.87,35.6,17.71,17.69,222.8,32.65,1.493,,,,,,,,,-0.659,1.0,-29.14,70.96,94.1,,,,46.25,17.67,10.5,35.59,17.69,17.67,220.8,32.54,1.12,,,,,,,,,-0.674,1.0,-33.15,36.28,36.82,,,,0.004,0.004,0.057,0.002,0.004,0.003,0.283,0.015,0.045,,,,,,,,,0.005,0.0,1.026,8.71,12.87
7/15/2026 16:18:09,2026-07-15 16:00:00,,,,46.26,17.67,10.71,35.59,17.7,17.68,221.9,32.59,1.281,,,,,,,,,-0.667,1.0,-31.26,30.62,32.22,,,,46.27,17.69,10.92,35.6,17.71,17.69,222.8,32.64,1.527,,,,,,,,,-0.66,1.0,-29.76,47.28,50.73,,,,46.24,17.66,10.54,35.58,17.7,17.67,221.0,32.55,1.182,,,,,,,,,-0.676,1.0,-33.34,25.91,26.26,,,,0.006,0.005,0.058,0.003,0.003,0.004,0.271,0.014,0.047,,,,,,,,,0.005,0.0,1.118,3.776,4.266
7/15/2026 16:17:05,2026-07-15 16:10:00,,,,46.26,17.68,10.71,35.59,17.7,17.68,221.9,32.59,1.28,,,,,,,,,-0.677,1.0,-32.18,17.24,18.45,,,,46.27,17.69,10.88,35.61,17.71,17.69,222.7,32.64,1.632,,,,,,,,,-0.661,1.0,-29.3,25.91,26.26,,,,46.24,17.65,10.56,35.58,17.7,17.66,221.0,32.55,1.164,,,,,,,,,-0.782,1.0,-41.03,11.16,12.34,,,,0.006,0.005,0.054,0.003,0.003,0.005,0.268,0.014,0.049,,,,,,,,,0.032,0.0,2.728,4.008,4.187
7/15/2026 15:28:55,2026-07-15 15:20:00,,,,46.26,17.67,10.71,35.59,17.7,17.68,221.4,32.62,1.142,,,,,,,,,-0.662,1.0,-30.98,59.7,61.91,,,,46.27,17.68,10.89,35.6,17.71,17.69,222.3,32.66,1.461,,,,,,,,,-0.651,1.0,-28.45,76.21,79.56,,,,46.25,17.66,10.52,35.59,17.69,17.67,220.5,32.57,1.035,,,,,,,,,-0.674,1.0,-34.45,44.55,47.42,,,,0.004,0.004,0.059,0.002,0.003,0.003,0.285,0.015,0.047,,,,,,,,,0.004,0.0,1.404,10.16,10.59
7/15/2026 13:07:12,2026-07-15 12:30:00,,,,46.44,17.85,10.72,35.59,17.88,17.86,219.7,32.63,0.342,,,,,,,,,-0.66,1.0,-30.46,153.5,387.5,,,,46.45,17.86,10.88,35.6,17.89,17.87,220.4,32.68,0.474,,,,,,,,,-0.65,1.0,-28.19,213.1,599.9,,,,46.42,17.83,10.58,35.58,17.87,17.84,218.7,32.59,0.278,,,,,,,,,-0.768,1.0,-36.86,86.6,208.0,,,,0.007,0.006,0.054,0.003,0.002,0.006,0.276,0.015,0.046,,,,,,,,,0.025,0.0,1.879,42.37,136.9
7/15/2026 13:02:38,2026-07-15 13:00:00,,,,46.4,17.82,10.72,35.59,17.85,17.82,219.9,32.64,0.429,,,,,,,,,-0.66,1.0,-30.48,189.7,286.1,,,,46.41,17.83,10.9,35.6,17.86,17.83,220.6,32.68,0.57,,,,,,,,,-0.649,1.0,-28.4,215.8,520.6,,,,46.38,17.8,10.55,35.58,17.84,17.81,219.0,32.59,0.306,,,,,,,,,-0.759,1.0,-37.62,165.7,194.7,,,,0.006,0.005,0.058,0.002,0.004,0.005,0.277,0.015,0.065,,,,,,,,,0.023,0.0,1.919,12.85,93.4
7/15/2026 12:55:39,2026-07-15 12:50:00,,,,46.41,17.82,10.72,35.59,17.86,17.83,219.8,32.64,0.4,,,,,,,,,-0.66,1.0,-30.4,205.2,336.4,,,,46.42,17.84,10.91,35.6,17.87,17.84,220.7,32.67,0.502,,,,,,,,,-0.652,1.0,-28.45,245.0,520.6,,,,46.39,17.81,10.56,35.58,17.85,17.82,219.2,32.59,0.316,,,,,,,,,-0.772,1.0,-38.53,184.6,221.6,,,,0.006,0.006,0.057,0.002,0.004,0.005,0.266,0.014,0.036,,,,,,,,,0.026,0.0,2.119,15.73,84.7
7/15/2026 12:47:19,2026-07-15 12:40:00,,,,46.42,17.84,10.72,35.59,17.87,17.85,219.8,32.63,0.454,,,,,,,,,-0.662,1.0,-30.77,207.1,243.0,,,,46.44,17.86,10.89,35.6,17.88,17.86,220.6,32.68,0.6,,,,,,,,,-0.654,1.0,-28.53,224.0,329.3,,,,46.4,17.82,10.57,35.58,17.86,17.83,219.0,32.58,0.405,,,,,,,,,-0.767,1.0,-39.0,189.1,207.4,,,,0.007,0.007,0.054,0.003,0.004,0.006,0.274,0.015,0.023,,,,,,,,,0.024,0.0,2.219,11.16,31.15
7/15/2026 12:20:11,2026-07-15 12:20:00,,,,46.44,17.85,10.71,35.59,17.88,17.86,219.4,32.65,0.311,,,,,,,,,-0.659,1.0,-30.22,88.9,472.9,,,,46.45,17.86,10.9,35.6,17.89,17.87,220.2,32.69,0.494,,,,,,,,,-0.651,1.0,-28.02,108.4,547.6,,,,46.42,17.84,10.53,35.57,17.87,17.85,218.6,32.6,0.278,,,,,,,,,-0.753,1.0,-36.04,70.9,347.9,,,,0.005,0.005,0.056,0.002,0.003,0.004,0.274,0.015,0.015,,,,,,,,,0.022,0.0,1.607,8.07,47.43
7/15/2026 12:18:37,2026-07-15 11:30:00,,,,45.38,,,35.59,17.88,17.86,218.3,32.7,0.303,,,,,,,,,-0.672,1.0,-31.4,213.3,361.2,,,,46.46,,,35.6,17.89,17.88,219.2,32.76,0.566,,,,,,,,,-0.661,1.0,-29.19,282.0,510.4,,,,0.289,,,35.58,17.87,17.85,217.3,32.65,0.265,,,,,,,,,-0.783,1.0,-38.87,137.4,182.0,,,,6.909,,,0.002,0.003,0.006,0.293,0.015,0.018,,,,,,,,,0.026,0.0,2.125,45.62,63.36
7/15/2026 12:16:18,2026-07-15 11:40:00,,,,46.32,,,35.59,17.88,17.87,218.4,32.7,0.327,,,,,,,,,-0.672,1.0,-31.43,245.8,339.1,,,,46.45,,,35.59,17.89,17.88,219.1,32.74,0.383,,,,,,,,,-0.655,1.0,-28.27,291.0,660.4,,,,0.336,,,35.58,17.88,17.86,217.6,32.65,0.268,,,,,,,,,-0.781,1.0,-38.96,203.0,238.2,,,,2.344,,,0.002,0.003,0.005,0.284,0.015,0.023,,,,,,,,,0.026,0.0,2.253,28.94,119.7
7/15/2026 12:15:55,2026-07-15 11:50:00,,,,46.45,17.87,10.72,35.59,17.89,17.88,218.6,32.68,0.286,,,,,,,,,-0.664,1.0,-30.96,176.3,536.4,,,,46.47,17.89,10.88,35.6,17.9,17.89,219.4,32.72,0.338,,,,,,,,,-0.656,1.0,-28.62,269.6,660.4,,,,46.43,17.85,10.57,35.58,17.88,17.86,217.8,32.63,0.255,,,,,,,,,-0.771,1.0,-37.86,130.6,428.1,,,,0.007,0.007,0.055,0.003,0.004,0.006,0.284,0.016,0.012,,,,,,,,,0.025,0.0,1.956,36.57,59.77
7/15/2026 12:15:22,2026-07-15 12:10:00,,,,46.45,17.86,10.72,35.59,17.89,17.87,219.2,32.65,0.306,,,,,,,,,-0.669,1.0,-31.56,93.9,423.7,,,,46.46,17.87,10.88,35.59,17.9,17.88,220.2,32.7,0.36,,,,,,,,,-0.655,1.0,-28.67,120.6,512.7,,,,46.43,17.85,10.56,35.58,17.88,17.86,218.4,32.6,0.272,,,,,,,,,-0.77,1.0,-40.2,78.34,368.2,,,,0.006,0.005,0.056,0.002,0.003,0.005,0.286,0.015,0.013,,,,,,,,,0.033,0.0,2.756,11.6,42.68
7/15/2026 12:09:00,2026-07-15 12:00:00,,,,46.45,17.87,10.72,35.59,17.89,17.88,218.9,32.66,0.298,,,,,,,,,-0.664,1.0,-30.92,108.2,450.3,,,,46.47,17.88,10.87,35.6,17.9,17.89,219.8,32.71,0.352,,,,,,,,,-0.657,1.0,-28.85,153.5,529.4,,,,46.43,17.85,10.56,35.58,17.89,17.86,218.1,32.62,0.263,,,,,,,,,-0.735,1.0,-35.72,90.5,351.9,,,,0.006,0.005,0.054,0.002,0.002,0.005,0.281,0.015,0.013,,,,,,,,,0.017,0.0,1.529,13.48,39.85
7/15/2026 11:23:44,2026-07-15 11:20:00,,,,44.72,,,35.59,17.88,17.86,218.5,32.69,0.311,,,,,,,,,-0.672,1.0,-31.71,167.8,373.3,,,,46.45,,,35.59,17.89,17.87,219.4,32.74,0.388,,,,,,,,,-0.661,1.0,-29.09,202.7,624.9,,,,0.282,,,35.58,17.87,17.85,217.6,32.65,0.267,,,,,,,,,-0.778,1.0,-37.84,137.4,182.0,,,,8.4,,,0.002,0.003,0.004,0.279,0.015,0.021,,,,,,,,,0.025,0.0,1.828,15.2,117.1
7/15/2026 11:16:25,2026-07-15 11:10:00,,,,44.95,,,35.59,17.88,17.86,218.4,32.7,0.327,,,,,,,,,-0.679,1.0,-32.21,136.3,370.8,,,,46.45,,,35.59,17.89,17.87,219.4,32.75,0.436,,,,,,,,,-0.66,1.0,-29.44,192.9,624.9,,,,0.3,,,35.57,17.87,17.85,217.5,32.65,0.259,,,,,,,,,-0.789,1.0,-41.56,94.5,164.2,,,,6.688,,,0.002,0.003,0.004,0.268,0.014,0.032,,,,,,,,,0.035,0.0,2.827,27.84,171.0
7/15/2026 11:00:30,2026-07-15 11:00:00,,,,46.1,,,35.58,17.88,17.86,218.3,32.7,0.313,,,,,,,,,-0.67,1.0,-31.29,134.7,361.2,,,,218.5,,,35.59,17.89,17.87,219.2,32.75,0.388,,,,,,,,,-0.664,1.0,-29.21,179.5,561.0,,,,0.298,,,35.57,17.88,17.85,217.5,32.66,0.274,,,,,,,,,-0.686,1.0,-33.88,99.0,220.5,,,,16.44,,,0.002,0.003,0.004,0.288,0.015,0.017,,,,,,,,,0.004,0.0,1.211,16.43,91.0
7/15/2026 10:50:21,2026-07-15 10:50:00,,,,48.06,,,35.58,17.89,17.87,218.2,32.7,0.304,,,,,,,,,-0.671,1.0,-31.19,201.9,399.5,,,,218.5,,,35.59,17.89,17.89,219.1,32.75,0.419,,,,,,,,,-0.664,1.0,-29.68,236.6,557.6,,,,0.29,,,35.58,17.88,17.85,217.4,32.66,0.267,,,,,,,,,-0.703,1.0,-33.51,162.9,273.1,,,,23.71,,,0.003,0.003,0.007,0.274,0.015,0.017,,,,,,,,,0.008,0.0,1.14,18.84,62.79
7/15/2026 10:43:07,2026-07-15 10:40:00,,,,48.23,,,35.49,17.88,17.87,218.1,32.71,0.306,,,,,,,,,-0.673,1.0,-31.84,209.8,464.8,,,,218.6,,,35.6,17.89,17.89,218.9,32.75,0.366,,,,,,,,,-0.666,1.0,-29.58,240.6,647.6,,,,0.295,,,0.293,17.88,17.85,217.4,32.67,0.27,,,,,,,,,-0.713,1.0,-36.17,162.9,301.0,,,,25.47,,,1.822,0.003,0.007,0.279,0.016,0.016,,,,,,,,,0.01,0.0,1.638,19.23,109.3
7/15/2026 10:30:18,2026-07-15 10:30:00,,,,45.69,,,35.49,17.88,17.87,217.8,32.73,0.304,,,,,,,,,-0.673,1.0,-31.28,184.1,463.5,,,,218.1,,,35.6,17.89,17.88,218.8,32.77,0.342,,,,,,,,,-0.669,1.0,-29.24,229.0,569.4,,,,0.286,,,0.314,17.87,17.85,217.0,32.67,0.272,,,,,,,,,-0.706,1.0,-34.27,157.4,316.0,,,,19.47,,,1.84,0.004,0.006,0.284,0.015,0.012,,,,,,,,,0.008,0.0,1.164,18.69,75.67
7/15/2026 10:21:01,2026-07-15 10:20:00,,,,45.35,,,35.49,17.88,17.86,217.8,32.73,0.321,,,,,,,,,-0.676,1.0,-31.97,168.9,376.6,,,,217.9,,,35.59,17.88,17.87,218.7,32.78,0.432,,,,,,,,,-0.672,1.0,-29.83,190.2,466.2,,,,0.294,,,0.304,17.87,17.85,216.9,32.69,0.28,,,,,,,,,-0.707,1.0,-35.87,150.8,266.5,,,,19.7,,,1.839,0.002,0.004,0.262,0.014,0.017,,,,,,,,,0.007,0.0,1.359,9.88,57.5
7/15/2026 10:12:33,2026-07-15 10:10:00,,,,42.64,,,34.72,17.87,17.86,217.8,32.73,0.327,,,,,,,,,-0.688,1.0,-32.6,195.6,402.4,,,,46.44,,,35.59,17.89,17.86,218.6,32.77,0.375,,,,,,,,,-0.672,1.0,-30.47,215.7,491.0,,,,0.306,,,0.303,17.87,17.85,217.0,32.69,0.292,,,,,,,,,-0.791,1.0,-40.33,168.5,309.2,,,,10.98,,,5.454,0.003,0.003,0.268,0.014,0.014,,,,,,,,,0.032,0.0,2.648,11.55,53.29
7/15/2026 10:02:29,2026-07-15 10:00:00,,,,45.4,,,34.04,17.87,17.86,217.6,32.74,0.336,,,,,,,,,-0.677,1.0,-32.17,201.7,436.1,,,,218.0,,,35.59,17.88,17.87,218.6,32.78,0.392,,,,,,,,,-0.673,1.0,-29.69,215.8,526.6,,,,0.331,,,0.302,17.86,17.85,216.9,32.69,0.29,,,,,,,,,-0.693,1.0,-34.46,182.3,338.2,,,,23.95,,,7.1,0.003,0.004,0.29,0.016,0.013,,,,,,,,,0.004,0.0,1.358,7.975,48.08
7/15/2026 09:53:38,2026-07-15 09:30:00,,,,22.96,,,52.49,16.14,,,,,,,,,,,,,-0.686,1.0,-32.5,169.4,206.5,,,,218.3,,,218.2,32.77,,,,,,,,,,,,,-0.683,1.0,-30.85,191.7,243.7,,,,0.378,,,0.396,0.408,,,,,,,,,,,,,-0.703,1.0,-34.22,73.54,93.5,,,,36.44,,,55.01,5.625,,,,,,,,,,,,,0.004,0.0,1.078,23.98,31.14
7/15/2026 09:52:18,2026-07-15 09:50:00,,,,46.06,,,34.45,17.86,17.85,217.7,32.74,0.347,,,,,,,,,-0.682,1.0,-31.94,193.6,417.8,,,,218.2,,,35.59,17.87,17.86,218.4,32.78,0.603,,,,,,,,,-0.675,1.0,-30.37,207.5,498.8,,,,0.316,,,0.317,17.86,17.83,216.9,32.71,0.293,,,,,,,,,-0.697,1.0,-33.32,175.8,270.4,,,,34.36,,,5.725,0.003,0.004,0.289,0.015,0.025,,,,,,,,,0.006,0.0,0.803,7.891,64.09
7/15/2026 09:46:49,2026-07-15 09:40:00,,,,25.43,,,41.22,17.18,,,,,,,,,,,,,-0.686,1.0,-32.49,194.2,241.3,,,,217.9,,,217.8,32.78,,,,,,,,,,,,,-0.682,1.0,-30.51,207.0,288.8,,,,0.358,,,0.356,0.38,,,,,,,,,,,,,-0.704,1.0,-35.05,172.1,200.8,,,,32.38,,,38.06,4.116,,,,,,,,,,,,,0.005,0.0,1.22,8.42,23.8
7/15/2026 09:23:12,2026-07-15 09:20:00,,,,27.86,,,47.62,26.53,,,,,,,,,,,,,-0.688,1.0,-32.39,145.0,151.2,,,,218.1,,,218.0,217.7,,,,,,,,,,,,,-0.684,1.0,-30.19,159.7,173.1,,,,0.443,,,0.499,0.449,,,,,,,,,,,,,-0.701,1.0,-34.39,134.6,138.0,,,,28.23,,,53.01,40.16,,,,,,,,,,,,,0.004,0.0,1.083,7.839,10.99
7/15/2026 09:19:59,2026-07-15 07:30:00,,,,26.48,52.76,26.31,,,,,,,,,,,,,,,-0.686,1.0,-32.71,76.18,92.7,,,,217.6,217.8,217.5,217.7,217.7,,,,,,,,,,,,,-0.683,1.0,-30.82,93.5,111.3,,,,0.456,0.514,0.449,0.608,0.596,,,,,,,,,,,,,-0.688,1.0,-35.34,60.63,68.83,,,,46.51,77.42,47.35,89.6,56.65,,,,,,,,,,,,,0.001,0.0,1.146,7.064,10.79
7/15/2026 09:11:04,2026-07-15 09:10:00,,,,31.93,,,42.17,54.75,,,,,,,,,,,,,-0.7,1.0,-33.45,146.2,149.6,,,,218.3,,,218.5,218.5,,,,,,,,,,,,,-0.683,1.0,-30.97,160.5,172.0,,,,0.49,,,0.514,0.52,,,,,,,,,,,,,-0.803,1.0,-42.08,138.9,140.1,,,,39.5,,,50.33,77.66,,,,,,,,,,,,,0.033,0.0,2.732,5.354,7.684
7/15/2026 09:06:01,2026-07-15 07:40:00,,,,55.14,31.77,,46.58,,,,,,,,,,,,,,-0.687,1.0,-32.56,101.0,130.0,,,,217.9,217.8,,,217.6,,,,,,,,,,,,,-0.681,1.0,-29.87,113.5,173.6,,,,0.472,0.457,,0.515,0.528,,,,,,,,,,,,,-0.707,1.0,-35.55,85.5,94.7,,,,75.5,56.07,,62.98,49.7,,,,,,,,,,,,,0.005,0.0,1.391,8.08,24.17
7/15/2026 09:05:52,2026-07-15 07:50:00,,,,65.22,30.39,,18.29,52.59,69.18,,,,,,,,,,,,-0.687,1.0,-32.51,103.1,122.7,,,,217.7,217.8,,35.59,217.1,217.0,,,,,,,,,,,,-0.684,1.0,-30.79,115.2,173.6,,,,0.588,0.521,,0.524,17.93,0.647,,,,,,,,,,,,-0.701,1.0,-34.87,95.1,106.9,,,,83.2,53.3,,15.92,74.04,86.1,,,,,,,,,,,,0.003,0.0,1.045,4.974,16.7
7/15/2026 09:05:41,2026-07-15 08:30:00,,,,,,,,,,,,,,,,,,,,,-0.691,1.0,-32.95,143.9,151.6,,,,,,,,,,,,,,,,,,,,,-0.685,1.0,-31.41,153.6,163.6,,,,,,,,,,,,,,,,,,,,,-0.721,1.0,-35.69,124.5,132.2,,,,,,,,,,,,,,,,,,,,,0.008,0.0,1.119,7.298,8.24
7/15/2026 09:00:33,2026-07-15 09:00:00,,,,76.08,,,30.04,78.92,,,,,,,,,,,,,-0.686,1.0,-32.55,173.2,229.2,,,,218.8,,,218.8,218.4,,,,,,,,,,,,,-0.682,1.0,-30.31,188.5,302.7,,,,0.416,,,0.428,0.432,,,,,,,,,,,,,-0.707,1.0,-34.92,153.6,171.4,,,,89.8,,,32.57,91.9,,,,,,,,,,,,,0.005,0.0,1.287,9.89,46.97
7/15/2026 08:59:30,2026-07-15 08:40:00,,,,26.62,,,77.72,49.08,,,,,,,,,,,,,-0.69,1.0,-32.63,152.4,175.7,,,,218.6,,,218.6,218.6,,,,,,,,,,,,,-0.684,1.0,-30.9,168.0,214.4,,,,0.007,,,1.0,0.547,,,,,,,,,,,,,-0.71,1.0,-35.38,138.4,149.7,,,,46.43,,,89.9,78.15,,,,,,,,,,,,,0.006,0.0,1.185,8.02,18.6
7/15/2026 08:55:21,2026-07-15 08:50:00,,,,85.0,,,33.74,70.65,,,,,,,,,,,,,-0.688,1.0,-32.54,166.9,207.8,,,,219.2,,,,218.3,,,,,,,,,,,,,-0.684,1.0,-30.9,185.8,265.9,,,,0.456,,,0.464,0.504,,,,,,,,,,,,,-0.702,1.0,-34.92,153.6,167.5,,,,93.0,,,61.17,87.2,,,,,,,,,,,,,0.005,0.0,1.257,8.53,28.0
7/15/2026 08:29:15,2026-07-15 08:00:00,,,,,,,,,,,,,,,,,,,,,-0.69,1.0,-32.68,110.6,119.8,,,,,,,,,,,,,,,,,,,,,-0.682,1.0,-30.79,120.2,138.0,,,,,,,,,,,,,,,,,,,,,-0.734,1.0,-35.79,99.0,105.8,,,,,,,,,,,,,,,,,,,,,0.012,0.0,1.154,5.273,8.83
7/15/2026 08:29:01,2026-07-15 08:10:00,,,,,,,,,,,,,,,,,,,,,-0.699,1.0,-33.75,114.9,126.1,,,,,,,,,,,,,,,,,,,,,-0.681,1.0,-30.88,135.1,141.5,,,,,,,,,,,,,,,,,,,,,-0.809,1.0,-42.75,104.6,111.3,,,,,,,,,,,,,,,,,,,,,0.034,0.0,2.824,9.18,8.49
7/15/2026 08:28:48,2026-07-15 08:20:00,,,,,,,,,,,,,,,,,,,,,-0.688,1.0,-32.57,134.6,144.5,,,,,,,,,,,,,,,,,,,,,-0.683,1.0,-31.0,148.6,156.9,,,,,,,,,,,,,,,,,,,,,-0.705,1.0,-34.4,125.6,134.1,,,,,,,,,,,,,,,,,,,,,0.005,0.0,0.91,5.651,6.364
7/15/2026 07:29:26,2026-07-15 07:00:00,,,,8.1,13.53,18.1,59.01,80.7,,,,,,,,,,,,,-0.691,1.0,-32.96,38.61,40.75,,,,46.53,35.6,217.2,217.4,217.1,,,,,,,,,,,,,-0.688,1.0,-31.19,44.55,48.52,,,,0.459,0.455,0.459,0.696,0.677,,,,,,,,,,,,,-0.705,1.0,-34.66,32.32,33.49,,,,13.17,13.68,34.47,83.5,93.9,,,,,,,,,,,,,0.004,0.0,1.012,3.551,4.341
7/15/2026 07:24:01,2026-07-15 07:20:00,,,,11.56,45.5,42.17,98.6,13.39,,,,,,,,,,,,,-0.691,1.0,-32.98,58.3,66.28,,,,46.53,217.6,217.7,217.8,217.3,,,,,,,,,,,,,-0.686,1.0,-30.33,65.63,76.23,,,,0.439,0.463,0.535,0.656,0.651,,,,,,,,,,,,,-0.71,1.0,-34.81,49.05,50.74,,,,14.39,67.92,68.7,98.5,24.56,,,,,,,,,,,,,0.006,0.0,1.264,4.1,6.912
7/15/2026 07:14:18,2026-07-15 07:10:00,,,,14.13,11.85,56.51,58.99,38.32,,,,,,,,,,,,,-0.703,1.0,-33.57,49.73,55.54,,,,46.53,216.8,217.3,217.2,216.9,,,,,,,,,,,,,-0.687,1.0,-29.9,55.59,65.1,,,,0.437,0.434,0.465,0.673,0.666,,,,,,,,,,,,,-0.824,1.0,-41.76,40.68,44.04,,,,15.88,15.27,78.04,76.47,56.74,,,,,,,,,,,,,0.037,0.0,2.886,3.761,5.303
7/15/2026 06:58:28,2026-07-15 06:30:00,,,,20.53,16.24,5.231,67.06,53.85,,,,,,,,,,,,,-0.693,1.0,-33.11,6.735,7.501,,,,46.54,35.59,35.59,217.3,217.6,,,,,,,,,,,,,-0.687,1.0,-31.47,11.74,12.31,,,,0.393,0.39,0.426,1.0,0.716,,,,,,,,,,,,,-0.708,1.0,-35.45,0.459,0.31,,,,18.21,12.56,7.584,84.6,81.5,,,,,,,,,,,,,0.005,0.0,1.111,3.686,3.779
7/15/2026 06:53:09,2026-07-15 06:40:00,,,,18.78,8.43,11.13,31.88,51.92,,,,,,,,,,,,,-0.692,1.0,-32.92,15.4,16.38,,,,46.54,35.59,35.59,217.1,217.2,,,,,,,,,,,,,-0.687,1.0,-31.38,20.08,21.38,,,,0.444,0.44,0.406,1.0,0.725,,,,,,,,,,,,,-0.704,1.0,-34.49,11.17,11.78,,,,15.04,9.79,13.22,54.11,73.01,,,,,,,,,,,,,0.004,0.0,0.971,2.648,2.541
7/15/2026 06:52:55,2026-07-15 06:50:00,,,,14.13,8.89,10.12,39.81,104.3,,,,,,,,,,,,,-0.691,1.0,-32.44,26.74,27.51,,,,46.54,35.6,35.6,216.8,217.1,,,,,,,,,,,,,-0.687,1.0,-30.88,33.43,34.21,,,,0.435,0.462,0.458,0.748,0.73,,,,,,,,,,,,,-0.712,1.0,-34.58,20.07,20.77,,,,14.59,11.63,12.21,63.5,98.7,,,,,,,,,,,,,0.005,0.0,1.031,3.937,3.998
7/15/2026 06:20:19,2026-07-15 06:20:00,,,,26.84,13.38,11.27,39.41,41.55,,,,,,,,,,,,,-0.695,1.0,-33.14,3.683,4.174,,,,46.54,35.59,35.59,217.0,217.3,,,,,,,,,,,,,-0.69,1.0,-31.06,7.296,7.657,,,,0.429,0.419,0.415,1.0,0.724,,,,,,,,,,,,,-0.71,1.0,-35.91,0.452,0.303,,,,19.93,9.76,11.66,53.18,63.06,,,,,,,,,,,,,0.005,0.0,1.254,2.464,2.642
7/15/2026 06:20:05,2026-07-15 05:30:00,,,,45.95,17.8,10.5,34.89,17.96,21.94,213.4,32.09,,,,,,,,,,-0.698,1.0,-33.45,1.339,2.011,,,,46.54,17.96,10.89,35.6,17.97,217.4,217.9,32.79,,,,,,,,,,-0.695,1.0,-31.94,1.919,2.961,,,,17.94,10.58,0.452,1.0,17.94,17.94,32.71,0.757,,,,,,,,,,-0.714,1.0,-35.86,0.47,0.764,,,,4.001,1.015,1.421,4.842,0.004,27.88,25.82,4.469,,,,,,,,,,0.005,0.0,1.021,0.519,0.581
7/15/2026 06:16:22,2026-07-15 05:40:00,,,,41.39,16.65,8.88,29.36,17.96,53.8,183.9,26.98,,,,,,,,,,-0.695,1.0,-33.22,0.894,1.369,,,,46.55,17.97,10.92,35.6,17.98,217.8,217.9,32.77,,,,,,,,,,-0.692,1.0,-30.75,1.897,2.398,,,,17.94,10.54,0.407,1.0,17.94,17.94,32.69,0.739,,,,,,,,,,-0.698,1.0,-35.3,0.451,0.758,,,,10.98,2.783,3.894,13.29,0.005,76.5,70.83,12.26,,,,,,,,,,0.001,0.0,1.159,0.38,0.463
7/15/2026 06:16:00,2026-07-15 05:50:00,,,,38.05,14.99,7.958,27.86,37.54,53.9,163.8,,,,,,,,,,,-0.697,1.0,-33.18,0.757,1.125,,,,46.54,17.96,10.9,35.6,217.7,217.6,218.0,,,,,,,,,,,-0.692,1.0,-30.53,0.925,1.842,,,,10.55,0.417,0.37,1.0,17.94,17.94,0.732,,,,,,,,,,,-0.726,1.0,-35.77,0.454,0.304,,,,13.99,5.473,4.508,13.35,59.28,74.79,87.5,,,,,,,,,,,0.008,0.0,1.338,0.217,0.563
7/15/2026 06:13:20,2026-07-15 06:10:00,,,,29.89,12.13,12.56,24.16,34.02,56.05,,,,,,,,,,,,-0.704,1.0,-33.89,2.896,3.737,,,,46.54,17.96,35.6,35.6,217.5,217.4,,,,,,,,,,,,-0.691,1.0,-31.08,6.157,7.326,,,,0.452,0.448,0.436,1.0,17.93,0.716,,,,,,,,,,,,-0.81,1.0,-42.03,0.45,0.309,,,,19.05,7.238,11.75,13.77,49.35,81.4,,,,,,,,,,,,0.032,0.0,2.794,1.593,1.847
7/15/2026 06:07:05,2026-07-15 06:00:00,,,,37.01,13.74,8.03,29.72,60.78,32.68,,,,,,,,,,,,-0.698,1.0,-33.15,0.861,1.184,,,,46.54,17.96,35.58,35.59,217.6,217.5,,,,,,,,,,,,-0.692,1.0,-31.04,1.914,2.952,,,,0.52,0.448,0.443,1.0,17.94,0.75,,,,,,,,,,,,-0.727,1.0,-35.05,0.441,0.308,,,,15.48,7.15,4.788,10.16,81.7,46.25,,,,,,,,,,,,0.009,0.0,1.218,0.555,0.905
7/15/2026 05:20:54,2026-07-15 05:20:00,,,,46.52,17.94,10.71,35.58,17.96,17.95,217.1,32.73,0.821,,,,,,,,,-0.699,1.0,-33.24,1.761,2.476,,,,46.54,17.96,10.9,35.6,17.97,17.96,217.8,32.77,1.008,,,,,,,,,-0.695,1.0,-31.16,3.462,4.034,,,,46.49,17.92,10.49,35.57,17.95,17.93,216.4,32.69,0.744,,,,,,,,,-0.713,1.0,-35.2,0.457,0.312,,,,0.008,0.007,0.064,0.004,0.003,0.006,0.272,0.014,0.05,,,,,,,,,0.005,0.0,1.15,0.871,1.085
7/15/2026 05:12:30,2026-07-15 05:10:00,,,,46.52,17.94,10.7,35.58,17.96,17.95,217.2,32.73,0.833,,,,,,,,,-0.709,1.0,-34.0,0.607,0.816,,,,46.54,17.96,10.91,35.6,17.97,17.96,218.0,32.76,1.07,,,,,,,,,-0.696,1.0,-31.05,0.924,1.845,,,,46.49,17.92,10.43,35.57,17.95,17.93,216.4,32.68,0.738,,,,,,,,,-0.815,1.0,-42.22,0.45,0.303,,,,0.008,0.007,0.063,0.004,0.004,0.006,0.276,0.015,0.052,,,,,,,,,0.032,0.0,2.867,0.206,0.491
7/15/2026 05:01:43,2026-07-15 05:00:00,,,,46.52,17.94,10.7,35.58,17.95,17.94,217.4,32.72,0.872,,,,,,,,,-0.699,1.0,-33.93,1.335,1.966,,,,46.53,17.95,10.87,35.6,17.96,17.96,218.1,32.77,1.174,,,,,,,,,-0.695,1.0,-31.8,3.449,3.467,,,,46.49,17.91,10.49,35.57,17.95,17.92,216.4,32.68,0.78,,,,,,,,,-0.712,1.0,-36.39,0.904,1.281,,,,0.008,0.007,0.061,0.004,0.003,0.006,0.274,0.015,0.056,,,,,,,,,0.004,0.0,1.339,0.657,0.522
7/15/2026 04:50:20,2026-07-15 04:50:00,,,,46.52,17.94,10.7,35.58,17.95,17.94,217.5,32.71,0.894,,,,,,,,,-0.7,1.0,-33.43,1.507,2.185,,,,46.53,17.95,10.87,35.6,17.96,17.96,218.4,32.75,1.484,,,,,,,,,-0.697,1.0,-31.9,1.907,3.472,,,,46.49,17.91,10.52,35.57,17.95,17.92,216.7,32.66,0.804,,,,,,,,,-0.712,1.0,-35.05,0.46,0.315,,,,0.008,0.008,0.062,0.004,0.003,0.007,0.271,0.015,0.06,,,,,,,,,0.004,0.0,0.92,0.544,0.73
7/15/2026 04:41:42,2026-07-15 04:40:00,,,,46.52,17.94,10.7,35.58,17.95,17.95,217.5,32.71,0.897,,,,,,,,,-0.701,1.0,-33.5,0.894,1.405,,,,46.53,17.95,10.9,35.6,17.96,17.96,218.3,32.75,1.098,,,,,,,,,-0.698,1.0,-32.0,1.894,1.842,,,,46.5,17.92,10.5,35.57,17.94,17.92,216.7,32.66,0.79,,,,,,,,,-0.718,1.0,-36.84,0.449,0.308,,,,0.008,0.007,0.062,0.003,0.003,0.007,0.279,0.015,0.051,,,,,,,,,0.005,0.0,1.191,0.282,0.392
7/15/2026 04:39:00,2026-07-15 04:30:00,,,,46.51,17.93,10.7,35.58,17.95,17.94,217.7,32.7,0.924,,,,,,,,,-0.701,1.0,-33.86,1.844,2.692,,,,46.53,17.95,10.9,35.6,17.96,17.96,218.5,32.74,1.163,,,,,,,,,-0.698,1.0,-31.64,3.458,4.032,,,,46.49,17.91,10.52,35.57,17.94,17.92,216.9,32.66,0.826,,,,,,,,,-0.714,1.0,-37.17,0.91,1.29,,,,0.009,0.008,0.059,0.004,0.003,0.008,0.263,0.014,0.054,,,,,,,,,0.004,0.0,1.432,0.799,0.783
7/15/2026 04:20:16,2026-07-15 04:20:00,,,,46.51,17.93,10.7,35.58,17.95,17.94,217.8,32.7,0.947,,,,,,,,,-0.702,1.0,-33.84,0.878,1.268,,,,46.53,17.95,10.91,35.6,17.96,17.95,218.5,32.75,1.242,,,,,,,,,-0.697,1.0,-31.32,1.903,1.856,,,,46.49,17.92,10.53,35.57,17.94,17.92,216.8,32.65,0.856,,,,,,,,,-0.716,1.0,-36.25,0.448,0.306,,,,0.007,0.007,0.063,0.004,0.002,0.006,0.284,0.015,0.054,,,,,,,,,0.005,0.0,1.093,0.396,0.679
7/15/2026 04:10:12,2026-07-15 04:10:00,,,,46.52,17.94,10.7,35.58,17.95,17.94,217.9,32.69,0.97,,,,,,,,,-0.712,1.0,-34.55,0.974,1.627,,,,46.53,17.95,10.95,35.6,17.96,17.95,218.7,32.74,1.237,,,,,,,,,-0.7,1.0,-31.85,1.913,2.394,,,,46.48,17.91,10.51,35.57,17.94,17.92,217.0,32.65,0.863,,,,,,,,,-0.814,1.0,-44.44,0.457,0.308,,,,0.008,0.007,0.065,0.004,0.003,0.007,0.283,0.015,0.054,,,,,,,,,0.031,0.0,2.886,0.342,0.587
7/15/2026 04:00:30,2026-07-15 04:00:00,,,,46.51,17.93,10.7,35.58,17.94,17.94,218.0,32.69,0.961,,,,,,,,,-0.704,1.0,-34.2,1.212,1.774,,,,46.53,17.94,10.93,35.6,17.95,17.95,218.9,32.73,1.186,,,,,,,,,-0.7,1.0,-32.17,1.916,2.399,,,,46.49,17.91,10.52,35.57,17.93,17.92,217.2,32.64,0.868,,,,,,,,,-0.722,1.0,-36.9,0.462,0.763,,,,0.007,0.007,0.063,0.004,0.004,0.006,0.276,0.014,0.054,,,,,,,,,0.006,0.0,1.179,0.457,0.502
7/15/2026 03:58:03,2026-07-15 02:30:00,,,,46.54,17.96,10.71,35.58,17.98,17.97,217.1,32.72,0.912,,,,,,,,,-0.697,1.0,-33.39,1.071,1.478,,,,46.56,17.97,10.92,35.59,17.98,17.98,218.0,32.76,1.225,,,,,,,,,-0.693,1.0,-31.18,3.456,4.041,,,,46.51,17.94,10.48,35.57,17.97,17.95,216.4,32.67,0.81,,,,,,,,,-0.71,1.0,-35.8,0.442,0.309,,,,0.008,0.007,0.071,0.004,0.003,0.006,0.263,0.014,0.059,,,,,,,,,0.004,0.0,1.151,0.92,1.163
7/15/2026 03:52:38,2026-07-15 02:40:00,,,,46.54,17.96,10.71,35.58,17.98,17.96,217.1,32.72,0.923,,,,,,,,,-0.702,1.0,-33.64,2.094,2.793,,,,46.55,17.97,10.89,35.6,17.98,17.98,218.0,32.77,1.134,,,,,,,,,-0.695,1.0,-31.38,3.451,4.587,,,,46.51,17.93,10.53,35.56,17.97,17.94,216.3,32.68,0.826,,,,,,,,,-0.742,1.0,-35.67,0.455,0.309,,,,0.009,0.008,0.068,0.004,0.003,0.007,0.263,0.014,0.055,,,,,,,,,0.011,0.0,1.039,1.188,1.418
7/15/2026 03:52:23,2026-07-15 02:50:00,,,,46.53,17.95,10.71,35.58,17.97,17.95,217.2,32.72,0.915,,,,,,,,,-0.698,1.0,-33.78,1.092,1.597,,,,46.54,17.96,10.9,35.6,17.98,17.97,218.0,32.76,1.267,,,,,,,,,-0.695,1.0,-32.11,1.902,2.957,,,,46.5,17.93,10.52,35.56,17.96,17.94,216.4,32.68,0.826,,,,,,,,,-0.713,1.0,-35.75,0.447,0.309,,,,0.008,0.008,0.068,0.003,0.003,0.007,0.281,0.015,0.055,,,,,,,,,0.004,0.0,1.15,0.555,0.841
7/15/2026 03:52:01,2026-07-15 03:30:00,,,,46.49,17.91,10.71,35.58,17.93,17.92,218.2,32.68,0.944,,,,,,,,,-0.703,1.0,-33.92,1.062,1.651,,,,46.51,17.93,10.9,35.6,17.94,17.93,219.1,32.73,1.215,,,,,,,,,-0.7,1.0,-32.29,1.903,2.943,,,,46.47,17.89,10.52,35.57,17.93,17.9,217.3,32.64,0.845,,,,,,,,,-0.716,1.0,-36.65,0.449,0.305,,,,0.007,0.006,0.065,0.004,0.003,0.006,0.281,0.015,0.054,,,,,,,,,0.003,0.0,1.115,0.517,0.652
7/15/2026 03:51:17,2026-07-15 03:40:00,,,,46.49,17.91,10.71,35.59,17.93,17.91,218.4,32.68,0.939,,,,,,,,,-0.704,1.0,-33.85,0.954,1.399,,,,46.51,17.93,10.9,35.6,17.94,17.93,219.3,32.74,1.241,,,,,,,,,-0.7,1.0,-32.28,1.902,2.948,,,,46.47,17.89,10.49,35.57,17.92,17.89,217.3,32.63,0.846,,,,,,,,,-0.722,1.0,-35.86,0.451,0.305,,,,0.008,0.007,0.066,0.004,0.003,0.006,0.285,0.015,0.054,,,,,,,,,0.005,0.0,0.946,0.515,0.798
7/15/2026 03:50:56,2026-07-15 03:50:00,,,,46.5,17.91,10.7,35.59,17.93,17.92,218.2,32.68,0.936,,,,,,,,,-0.704,1.0,-33.97,0.782,1.383,,,,46.52,17.93,10.95,35.6,17.94,17.94,219.1,32.72,1.193,,,,,,,,,-0.7,1.0,-32.19,0.929,1.846,,,,46.47,17.9,10.51,35.57,17.92,17.9,217.4,32.64,0.821,,,,,,,,,-0.717,1.0,-36.22,0.457,0.316,,,,0.008,0.007,0.062,0.004,0.003,0.006,0.301,0.015,0.056,,,,,,,,,0.005,0.0,1.136,0.209,0.448
7/15/2026 03:21:54,2026-07-15 03:00:00,,,,46.51,17.94,10.71,35.58,17.96,17.94,217.3,32.72,0.915,,,,,,,,,-0.701,1.0,-33.71,1.645,2.317,,,,46.53,17.95,10.97,35.59,17.97,17.96,218.2,32.77,1.18,,,,,,,,,-0.697,1.0,-31.61,3.445,4.032,,,,46.49,17.91,10.53,35.56,17.95,17.92,216.5,32.67,0.823,,,,,,,,,-0.728,1.0,-37.06,0.46,0.76,,,,0.009,0.009,0.068,0.004,0.004,0.008,0.273,0.014,0.056,,,,,,,,,0.007,0.0,1.436,0.634,0.819
7/15/2026 03:21:37,2026-07-15 03:20:00,,,,46.5,17.92,10.71,35.58,17.94,17.92,217.9,32.7,0.951,,,,,,,,,-0.705,1.0,-34.04,1.031,1.444,,,,46.52,17.94,10.91,35.6,17.95,17.94,218.7,32.74,1.212,,,,,,,,,-0.698,1.0,-31.41,1.921,2.95,,,,46.47,17.89,10.52,35.57,17.93,17.9,217.1,32.65,0.852,,,,,,,,,-0.732,1.0,-37.16,0.448,0.305,,,,0.008,0.007,0.065,0.004,0.004,0.007,0.314,0.016,0.062,,,,,,,,,0.009,0.0,1.304,0.601,0.912
7/15/2026 03:10:16,2026-07-15 03:10:00,,,,46.51,17.93,10.71,35.58,17.95,17.94,217.5,32.72,0.933,,,,,,,,,-0.711,1.0,-34.61,1.262,1.727,,,,46.53,17.95,10.91,35.6,17.96,17.95,218.4,32.76,1.132,,,,,,,,,-0.697,1.0,-32.09,1.903,2.941,,,,46.49,17.9,10.5,35.56,17.94,17.91,216.6,32.67,0.837,,,,,,,,,-0.82,1.0,-43.68,0.454,0.304,,,,0.008,0.008,0.065,0.004,0.003,0.007,0.272,0.014,0.053,,,,,,,,,0.033,0.0,2.702,0.594,0.811
7/15/2026 02:21:29,2026-07-15 02:20:00,,,,46.54,17.96,10.71,35.58,17.98,17.97,217.1,32.72,0.904,,,,,,,,,-0.696,1.0,-33.31,1.402,1.815,,,,46.56,17.98,10.94,35.6,17.99,17.98,218.1,32.77,1.137,,,,,,,,,-0.693,1.0,-31.98,3.453,4.03,,,,46.51,17.94,10.53,35.57,17.97,17.94,216.3,32.67,0.813,,,,,,,,,-0.716,1.0,-35.36,0.451,0.308,,,,0.008,0.007,0.067,0.004,0.002,0.007,0.269,0.014,0.054,,,,,,,,,0.005,0.0,0.972,1.016,1.1
7/15/2026 02:16:45,2026-07-15 00:30:00,,,,46.44,17.86,10.7,35.58,17.88,17.86,218.4,32.7,0.932,,,,,,,,,-0.696,1.0,-33.16,1.707,2.453,,,,46.45,17.87,10.91,35.59,17.89,17.88,219.2,32.74,1.177,,,,,,,,,-0.691,1.0,-31.49,3.453,4.035,,,,46.42,17.84,10.52,35.57,17.88,17.85,217.6,32.65,0.84,,,,,,,,,-0.719,1.0,-34.89,0.453,1.073,,,,0.005,0.005,0.065,0.003,0.003,0.004,0.266,0.014,0.049,,,,,,,,,0.007,0.0,0.986,0.75,0.667
7/15/2026 02:15:41,2026-07-15 02:10:00,,,,46.54,17.96,10.7,35.58,17.98,17.97,217.2,32.72,0.904,,,,,,,,,-0.705,1.0,-34.32,2.103,2.918,,,,46.56,17.98,10.89,35.6,17.99,17.98,218.0,32.76,1.135,,,,,,,,,-0.693,1.0,-31.38,4.536,5.665,,,,46.52,17.94,10.52,35.56,17.97,17.95,216.4,32.68,0.811,,,,,,,,,-0.811,1.0,-41.8,0.456,0.317,,,,0.008,0.007,0.066,0.004,0.002,0.006,0.266,0.014,0.057,,,,,,,,,0.032,0.0,2.709,0.868,0.933
7/15/2026 02:09:14,2026-07-15 01:30:00,,,,46.54,17.96,10.7,35.58,17.97,17.97,217.7,32.69,0.978,,,,,,,,,-0.695,1.0,-33.12,1.103,1.477,,,,46.55,17.97,10.9,35.6,17.98,17.98,218.6,32.73,1.307,,,,,,,,,-0.691,1.0,-31.03,1.912,2.954,,,,46.52,17.94,10.49,35.57,17.97,17.95,216.9,32.64,0.878,,,,,,,,,-0.716,1.0,-35.1,0.454,0.31,,,,0.006,0.005,0.067,0.003,0.003,0.005,0.282,0.015,0.063,,,,,,,,,0.006,0.0,1.176,0.615,0.964
7/15/2026 02:05:14,2026-07-15 01:40:00,,,,46.54,17.96,10.7,35.58,17.98,17.97,217.6,32.69,0.967,,,,,,,,,-0.693,1.0,-33.62,2.624,3.113,,,,46.55,17.97,10.97,35.6,17.98,17.98,218.5,32.74,1.371,,,,,,,,,-0.69,1.0,-31.62,4.56,5.132,,,,46.52,17.94,10.47,35.57,17.97,17.95,216.8,32.65,0.859,,,,,,,,,-0.708,1.0,-35.64,0.453,0.313,,,,0.006,0.006,0.068,0.004,0.002,0.005,0.28,0.015,0.061,,,,,,,,,0.004,0.0,1.152,1.455,1.506
7/15/2026 02:04:48,2026-07-15 01:50:00,,,,46.54,17.96,10.7,35.58,17.98,17.97,217.5,32.7,0.942,,,,,,,,,-0.695,1.0,-33.35,1.319,1.961,,,,46.56,17.97,10.9,35.59,17.98,17.98,218.3,32.74,1.295,,,,,,,,,-0.692,1.0,-31.75,4.548,5.138,,,,46.52,17.95,10.51,35.57,17.97,17.95,216.7,32.66,0.845,,,,,,,,,-0.714,1.0,-36.07,0.453,0.312,,,,0.006,0.005,0.065,0.004,0.003,0.005,0.276,0.015,0.059,,,,,,,,,0.005,0.0,1.151,1.019,1.106
7/15/2026 02:04:08,2026-07-15 02:00:00,,,,46.54,17.96,10.7,35.58,17.98,17.97,217.3,32.71,0.918,,,,,,,,,-0.696,1.0,-33.2,1.25,1.515,,,,46.56,17.98,10.89,35.6,17.99,17.98,218.1,32.75,1.401,,,,,,,,,-0.691,1.0,-30.59,4.536,5.665,,,,46.51,17.95,10.48,35.56,17.97,17.95,216.5,32.67,0.814,,,,,,,,,-0.723,1.0,-35.56,0.449,0.311,,,,0.007,0.006,0.071,0.004,0.002,0.006,0.278,0.015,0.06,,,,,,,,,0.007,0.0,1.27,1.295,1.655
7/15/2026 01:25:19,2026-07-15 01:10:00,,,,46.53,17.95,10.7,35.58,17.96,17.96,218.1,32.67,0.994,,,,,,,,,-0.704,1.0,-33.67,1.358,1.94,,,,46.55,17.96,10.87,35.6,17.97,17.97,219.0,32.72,1.225,,,,,,,,,-0.688,1.0,-31.62,1.904,2.956,,,,46.51,17.94,10.49,35.57,17.95,17.94,217.1,32.63,0.903,,,,,,,,,-0.81,1.0,-42.95,0.452,0.345,,,,0.006,0.005,0.064,0.003,0.003,0.005,0.268,0.014,0.055,,,,,,,,,0.032,0.0,2.725,0.498,0.479
7/15/2026 01:25:00,2026-07-15 01:20:00,,,,46.54,17.96,10.7,35.58,17.97,17.96,218.0,32.68,0.995,,,,,,,,,-0.695,1.0,-33.7,1.154,1.644,,,,46.55,17.97,10.93,35.59,17.98,17.98,218.8,32.74,1.508,,,,,,,,,-0.692,1.0,-31.87,1.904,2.407,,,,46.52,17.94,10.51,35.57,17.96,17.95,216.8,32.63,0.886,,,,,,,,,-0.71,1.0,-36.13,0.454,0.771,,,,0.006,0.005,0.064,0.003,0.003,0.005,0.295,0.015,0.066,,,,,,,,,0.005,0.0,1.143,0.483,0.539
7/15/2026 01:23:13,2026-07-15 01:20:00,,,,46.54,17.96,10.7,35.58,17.97,17.96,218.0,32.68,0.995,,,,,,,,,-0.695,1.0,-33.7,1.154,1.644,,,,46.55,17.97,10.93,35.59,17.98,17.98,218.8,32.74,1.508,,,,,,,,,-0.692,1.0,-31.87,1.904,2.407,,,,46.52,17.94,10.51,35.57,17.96,17.95,216.8,32.63,0.886,,,,,,,,,-0.71,1.0,-36.13,0.454,0.771,,,,0.006,0.005,0.064,0.003,0.003,0.005,0.295,0.015,0.066,,,,,,,,,0.005,0.0,1.143,0.483,0.539
7/15/2026 01:07:30,2026-07-15 00:40:00,,,,46.46,17.88,10.7,35.58,17.89,17.88,218.8,32.67,0.965,,,,,,,,,-0.694,1.0,-33.36,1.158,1.929,,,,46.5,17.92,10.96,35.6,17.91,17.93,219.7,32.73,1.237,,,,,,,,,-0.69,1.0,-31.85,1.905,2.952,,,,46.42,17.84,10.48,35.57,17.87,17.85,217.8,32.6,0.852,,,,,,,,,-0.708,1.0,-35.58,0.442,0.397,,,,0.026,0.025,0.063,0.003,0.009,0.025,0.364,0.027,0.058,,,,,,,,,0.004,0.0,1.101,0.5,0.613
7/15/2026 01:07:18,2026-07-15 00:50:00,,,,46.51,17.93,10.7,35.58,17.92,17.93,218.5,32.66,0.939,,,,,,,,,-0.695,1.0,-33.57,1.111,1.745,,,,46.53,17.95,10.89,35.59,17.95,17.96,219.4,32.71,1.159,,,,,,,,,-0.691,1.0,-31.56,1.899,2.945,,,,46.48,17.9,10.49,35.57,17.9,17.91,217.6,32.62,0.829,,,,,,,,,-0.715,1.0,-36.62,0.452,0.314,,,,0.011,0.011,0.063,0.003,0.01,0.01,0.334,0.016,0.055,,,,,,,,,0.005,0.0,1.29,0.47,0.601
7/15/2026 01:03:14,2026-07-15 01:00:00,,,,46.53,17.95,10.7,35.58,17.95,17.95,218.2,32.67,0.963,,,,,,,,,-0.696,1.0,-33.36,0.799,1.234,,,,46.54,17.96,10.93,35.6,17.96,17.97,219.0,32.71,1.166,,,,,,,,,-0.691,1.0,-31.33,1.902,2.396,,,,46.51,17.93,10.53,35.57,17.94,17.94,217.4,32.63,0.845,,,,,,,,,-0.717,1.0,-35.0,0.446,0.312,,,,0.006,0.005,0.064,0.003,0.006,0.005,0.263,0.014,0.055,,,,,,,,,0.006,0.0,1.058,0.324,0.659
7/15/2026 00:29:29,2026-07-14 18:40:00,,,,46.46,17.88,10.68,35.58,17.9,17.88,219.5,32.63,1.08,,,,,,,,,-0.668,1.0,-30.98,1.384,2.026,,,,46.47,17.89,10.89,35.59,17.91,17.89,220.4,32.68,1.383,,,,,,,,,-0.665,1.0,-28.65,1.919,2.97,,,,46.43,17.87,10.47,35.56,17.9,17.87,218.6,32.58,0.943,,,,,,,,,-0.682,1.0,-33.94,0.457,0.781,,,,0.005,0.004,0.072,0.002,0.003,0.004,0.287,0.015,0.071,,,,,,,,,0.004,0.0,1.396,0.532,0.667
7/15/2026 00:28:34,2026-07-14 18:50:00,,,,46.46,17.88,10.68,35.58,17.9,17.88,219.0,32.65,1.025,,,,,,,,,-0.668,1.0,-31.21,0.959,1.569,,,,46.47,17.89,10.96,35.59,17.91,17.89,220.0,32.7,1.252,,,,,,,,,-0.665,1.0,-28.74,1.904,2.752,,,,46.44,17.87,10.52,35.57,17.9,17.87,218.2,32.6,0.932,,,,,,,,,-0.68,1.0,-33.45,0.455,0.328,,,,0.004,0.004,0.071,0.002,0.003,0.003,0.301,0.016,0.06,,,,,,,,,0.003,0.0,1.134,0.465,0.638
7/15/2026 00:28:02,2026-07-14 19:00:00,,,,46.45,17.88,10.69,35.58,17.9,17.88,218.7,32.67,1.0,,,,,,,,,-0.668,1.0,-31.31,1.099,1.523,,,,46.46,17.88,10.92,35.59,17.91,17.89,219.6,32.72,1.332,,,,,,,,,-0.666,1.0,-29.62,3.45,4.049,,,,46.44,17.86,10.5,35.58,17.89,17.87,217.8,32.63,0.888,,,,,,,,,-0.684,1.0,-33.1,0.462,0.319,,,,0.005,0.005,0.074,0.002,0.003,0.004,0.286,0.015,0.061,,,,,,,,,0.004,0.0,1.093,0.737,0.921
7/15/2026 00:27:34,2026-07-14 19:10:00,,,,46.45,17.88,10.69,35.58,17.9,17.88,218.4,32.69,0.988,,,,,,,,,-0.681,1.0,-31.94,1.093,1.674,,,,46.46,17.88,10.9,35.59,17.91,17.89,219.3,32.73,1.569,,,,,,,,,-0.666,1.0,-29.72,1.903,2.972,,,,46.44,17.87,10.5,35.58,17.89,17.87,217.7,32.64,0.887,,,,,,,,,-0.786,1.0,-40.45,0.452,0.324,,,,0.004,0.004,0.071,0.002,0.003,0.003,0.281,0.015,0.065,,,,,,,,,0.032,0.0,2.727,0.416,0.625
7/15/2026 00:27:03,2026-07-14 19:20:00,,,,46.45,17.88,10.69,35.58,17.9,17.88,218.3,32.69,0.973,,,,,,,,,-0.67,1.0,-31.4,1.097,1.698,,,,46.46,17.89,10.91,35.59,17.91,17.89,219.1,32.74,1.22,,,,,,,,,-0.667,1.0,-29.59,1.906,2.426,,,,46.44,17.86,10.51,35.57,17.89,17.87,217.5,32.65,0.863,,,,,,,,,-0.684,1.0,-33.05,0.46,0.782,,,,0.004,0.004,0.07,0.002,0.003,0.004,0.274,0.014,0.059,,,,,,,,,0.003,0.0,1.01,0.49,0.549
7/15/2026 00:26:38,2026-07-14 19:30:00,,,,46.45,17.88,10.69,35.58,17.9,17.88,218.3,32.69,0.985,,,,,,,,,-0.672,1.0,-31.33,1.013,1.509,,,,46.46,17.88,10.88,35.59,17.91,17.89,219.3,32.74,1.203,,,,,,,,,-0.668,1.0,-29.45,1.915,2.97,,,,46.44,17.86,10.49,35.57,17.89,17.87,217.4,32.64,0.884,,,,,,,,,-0.685,1.0,-34.32,0.459,0.32,,,,0.004,0.004,0.067,0.002,0.003,0.003,0.274,0.014,0.057,,,,,,,,,0.004,0.0,1.225,0.479,0.663
7/15/2026 00:21:39,2026-07-15 00:20:00,,,,46.43,17.86,10.7,35.58,17.88,17.86,218.3,32.7,0.938,,,,,,,,,-0.695,1.0,-33.39,0.937,1.343,,,,46.45,17.87,10.9,35.6,17.89,17.88,219.2,32.75,1.778,,,,,,,,,-0.69,1.0,-31.77,1.888,2.413,,,,46.42,17.84,10.49,35.57,17.88,17.85,217.4,32.66,0.845,,,,,,,,,-0.71,1.0,-37.3,0.443,0.318,,,,0.006,0.006,0.063,0.003,0.003,0.005,0.263,0.014,0.066,,,,,,,,,0.005,0.0,1.272,0.442,0.658
7/15/2026 00:12:46,2026-07-14 19:40:00,,,,46.45,17.87,10.69,35.58,17.9,17.88,218.4,32.69,1.003,,,,,,,,,-0.673,1.0,-31.26,1.146,1.623,,,,46.46,17.88,10.87,35.59,17.91,17.89,219.1,32.74,1.346,,,,,,,,,-0.669,1.0,-29.68,3.454,3.214,,,,46.43,17.86,10.52,35.57,17.89,17.87,217.4,32.65,0.904,,,,,,,,,-0.685,1.0,-33.54,0.454,0.324,,,,0.005,0.004,0.066,0.002,0.003,0.004,0.265,0.014,0.061,,,,,,,,,0.003,0.0,1.111,0.804,0.948
7/15/2026 00:12:18,2026-07-14 19:50:00,,,,46.44,17.87,10.69,35.58,17.89,17.87,218.5,32.69,1.029,,,,,,,,,-0.674,1.0,-31.43,1.354,2.083,,,,46.45,17.88,10.93,35.59,17.9,17.88,219.4,32.73,1.355,,,,,,,,,-0.672,1.0,-29.14,1.912,2.973,,,,46.43,17.85,10.49,35.57,17.88,17.86,217.6,32.64,0.918,,,,,,,,,-0.686,1.0,-33.35,0.459,0.321,,,,0.004,0.004,0.067,0.002,0.003,0.004,0.285,0.015,0.063,,,,,,,,,0.003,0.0,1.197,0.51,0.669
7/15/2026 00:10:13,2026-07-15 00:10:00,,,,46.44,17.86,10.69,35.58,17.88,17.87,218.1,32.71,0.926,,,,,,,,,-0.703,1.0,-34.05,0.775,1.532,,,,46.45,17.87,10.87,35.59,17.89,17.88,219.0,32.76,1.162,,,,,,,,,-0.691,1.0,-30.91,0.915,2.1,,,,46.42,17.84,10.51,35.57,17.88,17.85,217.1,32.66,0.827,,,,,,,,,-0.808,1.0,-43.12,0.44,0.771,,,,0.005,0.005,0.06,0.003,0.002,0.004,0.285,0.015,0.057,,,,,,,,,0.032,0.0,2.839,0.189,0.375
7/15/2026 00:06:20,2026-07-14 20:00:00,,,,46.44,17.86,10.69,35.58,17.89,17.87,218.7,32.68,1.057,,,,,,,,,-0.676,1.0,-31.41,1.311,1.767,,,,46.45,17.87,10.89,35.59,17.89,17.88,219.4,32.72,1.342,,,,,,,,,-0.672,1.0,-29.65,1.906,2.961,,,,46.43,17.85,10.52,35.58,17.88,17.86,217.9,32.64,0.958,,,,,,,,,-0.694,1.0,-34.64,0.456,0.324,,,,0.004,0.004,0.063,0.002,0.003,0.003,0.266,0.014,0.063,,,,,,,,,0.005,0.0,1.157,0.596,0.794
7/15/2026 00:05:55,2026-07-14 20:10:00,,,,46.43,17.86,10.69,35.58,17.88,17.86,218.7,32.68,1.059,,,,,,,,,-0.684,1.0,-32.15,1.18,1.766,,,,46.45,17.87,10.87,35.59,17.89,17.87,219.5,32.72,1.347,,,,,,,,,-0.673,1.0,-29.69,1.904,2.419,,,,46.42,17.84,10.52,35.57,17.87,17.85,218.0,32.64,0.953,,,,,,,,,-0.792,1.0,-42.92,0.457,0.317,,,,0.005,0.004,0.062,0.002,0.003,0.004,0.283,0.015,0.062,,,,,,,,,0.032,0.0,3.012,0.537,0.637
7/15/2026 00:05:20,2026-07-14 20:20:00,,,,46.44,17.86,10.69,35.58,17.88,17.87,218.7,32.68,1.041,,,,,,,,,-0.675,1.0,-31.64,0.949,1.379,,,,46.45,17.87,10.9,35.59,17.89,17.88,219.5,32.73,1.265,,,,,,,,,-0.673,1.0,-29.69,1.905,2.416,,,,46.4,17.84,10.51,35.55,17.88,17.85,217.8,32.64,0.938,,,,,,,,,-0.683,1.0,-34.79,0.45,0.32,,,,0.005,0.005,0.065,0.003,0.003,0.004,0.274,0.014,0.058,,,,,,,,,0.002,0.0,1.337,0.528,0.74
7/15/2026 00:05:09,2026-07-14 20:30:00,,,,46.44,17.86,10.68,35.58,17.88,17.87,218.8,32.67,1.056,,,,,,,,,-0.676,1.0,-31.65,1.431,2.047,,,,46.45,17.87,10.86,35.59,17.89,17.88,219.6,32.72,1.707,,,,,,,,,-0.673,1.0,-29.59,1.909,2.96,,,,46.42,17.84,10.43,35.57,17.88,17.85,217.9,32.63,0.947,,,,,,,,,-0.694,1.0,-34.06,0.464,0.787,,,,0.005,0.004,0.064,0.002,0.002,0.004,0.27,0.014,0.068,,,,,,,,,0.004,0.0,1.281,0.522,0.501
7/15/2026 00:04:28,2026-07-14 21:30:00,,,,46.44,17.86,10.69,35.58,17.88,17.86,219.1,32.66,1.008,,,,,,,,,-0.682,1.0,-31.8,1.753,2.332,,,,46.45,17.87,10.91,35.59,17.89,17.87,220.1,32.7,1.34,,,,,,,,,-0.678,1.0,-30.45,3.449,3.49,,,,46.42,17.84,10.51,35.58,17.88,17.85,218.3,32.61,0.9,,,,,,,,,-0.695,1.0,-33.14,0.45,0.322,,,,0.005,0.005,0.062,0.003,0.003,0.004,0.275,0.014,0.069,,,,,,,,,0.005,0.0,0.831,0.664,0.684
7/15/2026 00:03:56,2026-07-14 22:30:00,,,,46.55,17.97,10.7,35.58,17.99,17.98,217.9,32.68,0.971,,,,,,,,,-0.684,1.0,-32.28,0.996,1.325,,,,46.57,17.98,10.91,35.59,18.0,17.99,218.7,32.71,1.342,,,,,,,,,-0.682,1.0,-30.76,3.45,4.044,,,,46.53,17.95,10.53,35.57,17.98,17.96,217.1,32.63,0.859,,,,,,,,,-0.686,1.0,-34.78,0.44,0.31,,,,0.007,0.006,0.069,0.002,0.003,0.006,0.265,0.014,0.06,,,,,,,,,0.001,0.0,1.064,0.784,1.067
7/15/2026 00:03:19,2026-07-14 22:40:00,,,,46.54,17.96,10.7,35.58,17.98,17.97,218.0,32.67,0.97,,,,,,,,,-0.687,1.0,-32.51,1.58,2.288,,,,46.55,17.97,10.96,35.59,17.99,17.98,218.9,32.72,1.194,,,,,,,,,-0.684,1.0,-30.85,3.44,4.036,,,,46.52,17.95,10.51,35.57,17.97,17.95,217.2,32.63,0.865,,,,,,,,,-0.722,1.0,-34.17,0.444,0.312,,,,0.006,0.005,0.071,0.003,0.003,0.005,0.27,0.014,0.058,,,,,,,,,0.008,0.0,0.968,0.834,0.923
7/15/2026 00:00:52,2026-07-15 00:00:00,,,,46.44,17.86,10.69,35.58,17.88,17.87,217.9,32.72,0.902,,,,,,,,,-0.692,1.0,-33.09,0.612,0.821,,,,46.45,17.87,10.87,35.59,17.89,17.88,218.7,32.78,1.207,,,,,,,,,-0.689,1.0,-31.11,0.914,1.851,,,,46.42,17.84,10.47,35.57,17.88,17.85,216.8,32.68,0.802,,,,,,,,,-0.708,1.0,-35.69,0.444,0.31,,,,0.006,0.005,0.06,0.003,0.003,0.005,0.266,0.014,0.056,,,,,,,,,0.004,0.0,1.097,0.215,0.46
7/14/2026 23:56:29,2026-07-14 22:50:00,,,,46.51,17.93,10.7,35.58,17.96,17.94,218.6,32.65,1.016,,,,,,,,,-0.686,1.0,-32.29,1.454,2.111,,,,46.54,17.96,10.99,35.59,17.98,17.96,219.9,32.71,1.361,,,,,,,,,-0.684,1.0,-30.45,3.442,4.03,,,,46.47,17.89,10.53,35.57,17.94,17.9,217.4,32.6,0.878,,,,,,,,,-0.688,1.0,-34.14,0.448,0.774,,,,0.017,0.018,0.067,0.003,0.01,0.017,0.486,0.02,0.064,,,,,,,,,0.001,0.0,0.972,0.69,0.678
7/14/2026 23:54:17,2026-07-14 23:00:00,,,,46.48,17.9,10.7,35.58,17.93,17.91,219.1,32.64,1.037,,,,,,,,,-0.688,1.0,-32.16,0.826,1.186,,,,46.5,17.92,10.96,35.59,17.95,17.92,220.0,32.7,1.48,,,,,,,,,-0.685,1.0,-30.44,1.896,2.394,,,,46.47,17.89,10.52,35.57,17.92,17.9,217.9,32.59,0.911,,,,,,,,,-0.706,1.0,-34.36,0.444,0.313,,,,0.006,0.006,0.071,0.002,0.005,0.006,0.292,0.016,0.067,,,,,,,,,0.006,0.0,0.991,0.416,0.586
7/14/2026 23:52:12,2026-07-14 23:50:00,,,,46.44,17.86,10.69,35.58,17.88,17.87,217.8,32.73,0.891,,,,,,,,,-0.693,1.0,-33.61,0.794,1.249,,,,46.45,17.87,10.85,35.59,17.89,17.88,218.7,32.77,1.151,,,,,,,,,-0.688,1.0,-31.53,0.915,1.844,,,,46.41,17.84,10.52,35.57,17.88,17.85,217.1,32.68,0.793,,,,,,,,,-0.721,1.0,-37.77,0.447,0.312,,,,0.006,0.006,0.06,0.003,0.002,0.005,0.263,0.014,0.058,,,,,,,,,0.008,0.0,1.598,0.195,0.364
7/14/2026 23:47:43,2026-07-14 23:20:00,,,,46.44,17.86,10.7,35.58,17.9,17.87,218.9,32.67,0.984,,,,,,,,,-0.69,1.0,-32.72,0.852,1.299,,,,46.46,17.88,10.91,35.59,17.91,17.88,220.2,32.73,1.221,,,,,,,,,-0.687,1.0,-31.01,1.899,2.406,,,,46.42,17.84,10.53,35.57,17.88,17.85,217.8,32.6,0.862,,,,,,,,,-0.704,1.0,-35.24,0.44,0.309,,,,0.009,0.008,0.062,0.003,0.007,0.007,0.494,0.028,0.068,,,,,,,,,0.004,0.0,1.022,0.482,0.732
7/14/2026 23:47:12,2026-07-14 23:30:00,,,,46.43,17.86,10.69,35.58,17.88,17.86,218.3,32.7,0.938,,,,,,,,,-0.691,1.0,-33.13,1.571,2.311,,,,46.45,17.87,10.91,35.59,17.9,17.87,219.3,32.75,1.202,,,,,,,,,-0.688,1.0,-31.19,3.437,4.039,,,,46.42,17.84,10.54,35.57,17.88,17.85,217.4,32.65,0.84,,,,,,,,,-0.705,1.0,-35.16,0.889,1.84,,,,0.006,0.005,0.062,0.003,0.003,0.005,0.26,0.014,0.06,,,,,,,,,0.004,0.0,1.181,0.639,0.495
7/14/2026 23:45:01,2026-07-14 23:40:00,,,,46.44,17.86,10.69,35.58,17.88,17.87,218.0,32.72,0.915,,,,,,,,,-0.692,1.0,-32.97,1.052,1.71,,,,46.45,17.87,10.88,35.59,17.89,17.88,219.0,32.76,1.201,,,,,,,,,-0.688,1.0,-31.0,1.902,2.404,,,,46.42,17.84,10.51,35.57,17.88,17.85,217.2,32.67,0.819,,,,,,,,,-0.707,1.0,-34.69,0.443,0.312,,,,0.006,0.006,0.061,0.003,0.003,0.005,0.289,0.015,0.057,,,,,,,,,0.005,0.0,1.084,0.438,0.501
7/14/2026 23:18:45,2026-07-14 23:10:00,,,,46.47,17.89,10.7,35.58,17.92,17.89,219.1,32.64,1.029,,,,,,,,,-0.701,1.0,-34.05,1.185,1.836,,,,46.49,17.91,10.9,35.59,17.93,17.91,220.3,32.69,1.314,,,,,,,,,-0.686,1.0,-31.39,1.897,2.949,,,,46.43,17.85,10.53,35.57,17.9,17.86,218.3,32.59,0.917,,,,,,,,,-0.805,1.0,-43.14,0.448,0.316,,,,0.013,0.013,0.065,0.003,0.006,0.013,0.368,0.016,0.065,,,,,,,,,0.032,0.0,2.833,0.474,0.565
7/14/2026 22:27:33,2026-07-14 21:40:00,,,,46.46,17.88,10.69,35.59,17.89,17.89,219.6,32.62,1.041,,,,,,,,,-0.683,1.0,-31.92,1.435,1.984,,,,46.51,17.93,10.88,35.6,17.91,17.93,220.5,32.67,1.471,,,,,,,,,-0.679,1.0,-30.46,3.44,3.484,,,,46.43,17.84,10.44,35.57,17.88,17.86,218.7,32.58,0.903,,,,,,,,,-0.711,1.0,-33.78,0.46,0.318,,,,0.02,0.019,0.065,0.003,0.009,0.019,0.295,0.016,0.069,,,,,,,,,0.007,0.0,1.002,0.706,0.763
7/14/2026 22:23:14,2026-07-14 22:20:00,,,,46.55,17.98,10.7,35.58,17.99,17.98,217.9,32.67,0.977,,,,,,,,,-0.684,1.0,-31.97,2.252,3.127,,,,46.57,17.99,10.91,35.59,18.0,17.99,218.7,32.71,1.562,,,,,,,,,-0.682,1.0,-30.51,3.454,4.596,,,,45.81,17.96,10.48,34.94,17.98,17.97,217.1,32.62,0.883,,,,,,,,,-0.699,1.0,-33.21,0.451,0.318,,,,0.031,0.005,0.072,0.026,0.003,0.005,0.279,0.014,0.062,,,,,,,,,0.004,0.0,0.863,1.092,1.104
7/14/2026 22:17:57,2026-07-14 21:50:00,,,,46.52,17.94,10.69,35.58,17.93,17.94,218.9,32.64,0.98,,,,,,,,,-0.685,1.0,-32.06,0.966,1.418,,,,46.54,17.96,10.92,35.59,17.95,17.97,219.8,32.69,1.255,,,,,,,,,-0.678,1.0,-30.69,1.899,2.417,,,,46.5,17.92,10.52,35.57,17.91,17.92,217.8,32.59,0.856,,,,,,,,,-0.709,1.0,-33.89,0.442,0.313,,,,0.01,0.01,0.067,0.003,0.011,0.01,0.37,0.017,0.061,,,,,,,,,0.008,0.0,0.871,0.503,0.716
7/14/2026 22:11:50,2026-07-14 22:10:00,,,,46.56,17.98,10.7,35.58,17.98,17.99,218.0,32.67,0.98,,,,,,,,,-0.694,1.0,-32.9,0.785,1.076,,,,46.57,17.99,10.97,35.59,18.0,18.0,219.0,32.71,1.227,,,,,,,,,-0.678,1.0,-30.36,1.717,2.401,,,,46.54,17.96,10.46,35.57,17.97,17.97,217.2,32.61,0.866,,,,,,,,,-0.803,1.0,-41.99,0.447,0.316,,,,0.005,0.005,0.069,0.003,0.006,0.004,0.275,0.015,0.059,,,,,,,,,0.034,0.0,2.67,0.33,0.696
7/14/2026 22:08:05,2026-07-14 22:00:00,,,,46.54,17.96,10.69,35.58,17.96,17.97,218.2,32.66,0.957,,,,,,,,,-0.684,1.0,-32.01,1.471,2.199,,,,46.56,17.98,10.88,35.59,17.98,17.98,219.1,32.71,1.173,,,,,,,,,-0.68,1.0,-30.54,1.899,2.973,,,,46.52,17.94,10.47,35.57,17.94,17.95,217.3,32.62,0.86,,,,,,,,,-0.705,1.0,-33.79,0.452,0.945,,,,0.007,0.007,0.068,0.003,0.008,0.006,0.302,0.015,0.058,,,,,,,,,0.006,0.0,1.013,0.519,0.448
7/14/2026 21:26:58,2026-07-14 20:40:00,,,,46.44,17.86,10.69,35.58,17.88,17.87,218.9,32.67,1.082,,,,,,,,,-0.677,1.0,-31.58,0.844,1.477,,,,46.45,17.87,10.92,35.59,17.89,17.87,219.6,32.71,1.477,,,,,,,,,-0.675,1.0,-29.71,1.898,2.42,,,,46.42,17.85,10.43,35.58,17.88,17.85,218.1,32.63,0.977,,,,,,,,,-0.691,1.0,-33.66,0.457,0.322,,,,0.005,0.004,0.067,0.002,0.003,0.004,0.273,0.015,0.063,,,,,,,,,0.003,0.0,1.154,0.161,0.559
7/14/2026 21:20:28,2026-07-14 21:20:00,,,,46.44,17.86,10.69,35.58,17.88,17.87,219.0,32.66,1.005,,,,,,,,,-0.683,1.0,-32.05,0.549,0.636,,,,46.45,17.87,10.92,35.59,17.89,17.88,219.9,32.71,1.292,,,,,,,,,-0.677,1.0,-30.32,0.93,1.856,,,,46.42,17.85,10.51,35.57,17.88,17.86,218.2,32.62,0.891,,,,,,,,,-0.7,1.0,-34.46,0.448,0.315,,,,0.005,0.004,0.063,0.003,0.003,0.004,0.276,0.015,0.067,,,,,,,,,0.007,0.0,1.151,0.186,0.452
7/14/2026 21:17:00,2026-07-14 20:50:00,,,,46.44,17.86,10.69,35.58,17.88,17.87,218.9,32.67,1.088,,,,,,,,,-0.678,1.0,-31.82,1.838,2.636,,,,46.45,17.87,10.84,35.59,17.89,17.87,219.5,32.71,1.437,,,,,,,,,-0.675,1.0,-29.74,3.462,4.599,,,,46.42,17.84,10.5,35.57,17.88,17.85,218.2,32.63,0.965,,,,,,,,,-0.694,1.0,-34.52,0.455,0.318,,,,0.005,0.005,0.062,0.003,0.003,0.004,0.272,0.014,0.07,,,,,,,,,0.005,0.0,1.211,0.998,1.294
7/14/2026 21:11:02,2026-07-14 21:10:00,,,,46.44,17.86,10.69,35.58,17.88,17.86,219.0,32.67,1.053,,,,,,,,,-0.689,1.0,-32.59,1.379,2.017,,,,46.45,17.87,10.94,35.59,17.89,17.87,219.9,32.71,1.37,,,,,,,,,-0.677,1.0,-29.67,3.441,3.489,,,,46.42,17.84,10.53,35.57,17.88,17.85,218.2,32.61,0.939,,,,,,,,,-0.794,1.0,-41.2,0.454,0.424,,,,0.005,0.004,0.064,0.003,0.002,0.004,0.268,0.014,0.065,,,,,,,,,0.032,0.0,2.854,0.724,0.766
7/14/2026 21:03:53,2026-07-14 21:00:00,,,,46.44,17.86,10.69,35.58,17.88,17.87,218.8,32.67,1.061,,,,,,,,,-0.68,1.0,-31.65,1.144,1.548,,,,46.45,17.87,10.95,35.59,17.89,17.87,219.7,32.73,1.369,,,,,,,,,-0.676,1.0,-30.06,1.904,2.965,,,,46.42,17.84,10.44,35.57,17.88,17.85,217.8,32.63,0.956,,,,,,,,,-0.699,1.0,-33.9,0.457,0.315,,,,0.005,0.004,0.067,0.003,0.002,0.004,0.27,0.014,0.062,,,,,,,,,0.006,0.0,1.243,0.574,0.732
7/14/2026 13:21:06,2026-07-14 13:20:00,,,,46.63,18.05,10.66,35.58,18.06,18.05,217.0,32.69,0.418,,,,,,,,,-0.646,1.0,-29.44,195.2,267.5,,,,46.63,18.05,10.89,35.59,18.06,18.06,218.2,32.75,0.548,,,,,,,,,-0.641,1.0,-27.66,277.9,451.8,,,,46.57,18.04,10.43,35.53,18.05,18.05,215.9,32.63,0.32,,,,,,,,,-0.659,1.0,-31.55,114.6,167.0,,,,0.004,0.002,0.066,0.002,0.003,0.002,0.308,0.016,0.05,,,,,,,,,0.004,0.0,1.01,36.73,86.2
7/14/2026 13:10:52,2026-07-14 13:10:00,,,,46.62,18.05,10.66,35.58,18.04,18.05,216.8,32.7,0.391,,,,,,,,,-0.657,1.0,-30.31,177.9,259.8,,,,46.63,18.05,10.85,35.59,18.06,18.06,217.8,32.75,0.503,,,,,,,,,-0.644,1.0,-28.0,231.7,468.4,,,,46.61,18.04,10.46,35.58,18.02,18.04,215.9,32.65,0.299,,,,,,,,,-0.758,1.0,-38.31,125.0,148.1,,,,0.003,0.003,0.064,0.001,0.008,0.003,0.287,0.015,0.04,,,,,,,,,0.032,0.0,2.524,32.65,91.1
7/14/2026 13:01:05,2026-07-14 13:00:00,,,,46.6,18.02,10.66,35.58,18.0,18.03,218.2,32.63,0.458,,,,,,,,,-0.647,1.0,-29.47,195.4,251.0,,,,46.62,18.04,10.84,35.59,18.03,18.05,220.0,32.71,0.556,,,,,,,,,-0.643,1.0,-27.85,250.1,451.8,,,,46.52,17.99,10.4,35.54,17.96,17.99,216.7,32.56,0.383,,,,,,,,,-0.671,1.0,-32.17,129.6,139.6,,,,0.016,0.016,0.063,0.002,0.019,0.016,0.696,0.031,0.028,,,,,,,,,0.006,0.0,1.013,37.23,69.93
7/14/2026 12:50:49,2026-07-14 11:40:00,,,,46.36,17.78,10.66,35.59,17.79,17.79,218.4,32.73,0.425,,,,,,,,,-0.651,1.0,-30.06,225.6,233.3,,,,46.39,17.81,10.88,35.59,17.82,17.81,219.6,32.81,0.632,,,,,,,,,-0.649,1.0,-28.05,314.4,347.0,,,,46.33,17.76,10.39,35.58,17.77,17.76,217.1,32.66,0.342,,,,,,,,,-0.653,1.0,-32.14,209.3,211.6,,,,0.016,0.016,0.065,0.001,0.01,0.016,0.467,0.03,0.048,,,,,,,,,0.001,0.0,1.085,13.84,19.88
7/14/2026 12:50:35,2026-07-14 12:50:00,,,,46.54,17.96,10.66,35.58,17.94,17.96,219.1,32.62,0.482,,,,,,,,,-0.648,1.0,-29.59,169.9,293.9,,,,46.58,17.99,10.92,35.59,17.97,18.0,220.0,32.67,0.62,,,,,,,,,-0.64,1.0,-27.6,263.0,665.3,,,,46.51,17.93,10.43,35.58,17.9,17.93,218.2,32.57,0.367,,,,,,,,,-0.671,1.0,-32.81,108.4,152.5,,,,0.013,0.013,0.063,0.001,0.016,0.013,0.275,0.015,0.055,,,,,,,,,0.006,0.0,1.233,34.01,132.3
7/14/2026 12:50:10,2026-07-14 11:50:00,,,,46.4,17.82,10.66,35.59,17.83,17.83,219.3,32.66,0.48,,,,,,,,,-0.652,1.0,-29.78,203.9,324.3,,,,46.42,17.84,10.84,35.59,17.85,17.84,220.3,32.72,0.601,,,,,,,,,-0.647,1.0,-27.22,300.0,539.9,,,,46.38,17.8,10.5,35.58,17.81,17.81,218.2,32.61,0.385,,,,,,,,,-0.665,1.0,-32.28,74.55,196.4,,,,0.008,0.009,0.065,0.001,0.01,0.009,0.306,0.017,0.044,,,,,,,,,0.004,0.0,1.139,61.68,100.1
7/14/2026 12:49:27,2026-07-14 12:00:00,,,,46.42,17.84,10.66,35.58,17.85,17.85,219.3,32.66,0.416,,,,,,,,,-0.648,1.0,-29.43,109.8,464.7,,,,46.44,17.86,10.83,35.59,17.87,17.86,220.2,32.71,0.463,,,,,,,,,-0.645,1.0,-26.84,157.9,550.9,,,,46.41,17.83,10.47,35.58,17.84,17.84,218.3,32.61,0.368,,,,,,,,,-0.661,1.0,-31.23,74.55,263.8,,,,0.007,0.007,0.061,0.002,0.007,0.007,0.361,0.018,0.016,,,,,,,,,0.003,0.0,1.154,22.42,63.98
7/14/2026 12:49:07,2026-07-14 12:10:00,,,,46.44,17.86,10.66,35.58,17.87,17.87,218.7,32.68,0.4,,,,,,,,,-0.656,1.0,-30.37,87.4,468.4,,,,46.45,17.87,10.88,35.59,17.89,17.87,219.7,32.72,0.46,,,,,,,,,-0.644,1.0,-27.9,110.1,545.9,,,,46.43,17.85,10.44,35.58,17.86,17.86,217.9,32.63,0.358,,,,,,,,,-0.761,1.0,-39.45,70.87,364.3,,,,0.005,0.004,0.06,0.001,0.005,0.004,0.295,0.015,0.016,,,,,,,,,0.031,0.0,2.611,12.37,52.17
7/14/2026 12:48:52,2026-07-14 12:20:00,,,,46.44,17.86,10.66,35.58,17.88,17.87,218.7,32.68,0.421,,,,,,,,,-0.65,1.0,-29.7,151.4,376.2,,,,46.45,17.87,10.89,35.59,17.89,17.88,219.4,32.73,0.502,,,,,,,,,-0.642,1.0,-27.89,182.3,614.9,,,,46.43,17.85,10.49,35.58,17.88,17.86,217.9,32.64,0.378,,,,,,,,,-0.662,1.0,-32.39,90.5,180.9,,,,0.004,0.003,0.068,0.001,0.003,0.003,0.272,0.015,0.02,,,,,,,,,0.007,0.0,1.398,20.48,132.8
7/14/2026 12:48:30,2026-07-14 12:30:00,,,,46.44,17.86,10.66,35.58,17.89,17.87,218.7,32.68,0.425,,,,,,,,,-0.648,1.0,-29.64,179.1,349.1,,,,46.45,17.87,10.88,35.59,17.9,17.88,219.5,32.73,0.523,,,,,,,,,-0.641,1.0,-28.37,259.5,563.6,,,,46.43,17.86,10.45,35.58,17.88,17.86,217.7,32.64,0.359,,,,,,,,,-0.667,1.0,-31.62,109.5,202.0,,,,0.004,0.004,0.064,0.001,0.003,0.004,0.27,0.015,0.027,,,,,,,,,0.006,0.0,0.89,48.61,100.1
7/14/2026 12:44:43,2026-07-14 12:40:00,,,,46.45,17.88,10.66,35.58,17.89,17.88,218.9,32.66,0.54,,,,,,,,,-0.65,1.0,-29.76,190.5,200.9,,,,46.51,17.93,10.85,35.59,17.91,17.93,219.9,32.71,0.662,,,,,,,,,-0.646,1.0,-28.09,263.0,291.6,,,,46.43,17.85,10.44,35.58,17.88,17.86,218.2,32.59,0.44,,,,,,,,,-0.662,1.0,-33.15,130.7,135.4,,,,0.021,0.02,0.064,0.001,0.005,0.02,0.321,0.022,0.038,,,,,,,,,0.004,0.0,1.237,34.68,39.4
7/14/2026 11:30:18,2026-07-14 11:30:00,,,,46.33,17.75,10.67,35.59,17.77,17.76,218.2,32.75,0.357,,,,,,,,,-0.654,1.0,-30.08,255.3,314.5,,,,46.34,17.76,10.89,35.59,17.78,17.77,219.1,32.8,0.421,,,,,,,,,-0.647,1.0,-28.16,314.4,519.4,,,,46.32,17.74,10.47,35.58,17.76,17.75,217.2,32.71,0.306,,,,,,,,,-0.675,1.0,-32.0,196.8,230.5,,,,0.004,0.004,0.063,0.001,0.004,0.004,0.281,0.015,0.019,,,,,,,,,0.006,0.0,1.152,30.3,72.83
7/14/2026 11:24:49,2026-07-14 09:30:00,,,,46.41,17.84,10.68,35.58,17.86,17.84,218.1,32.72,0.455,,,,,,,,,-0.665,1.0,-31.07,204.3,362.5,,,,46.42,17.84,10.84,35.59,17.87,17.85,219.0,32.77,0.551,,,,,,,,,-0.661,1.0,-29.31,226.2,506.6,,,,46.41,17.83,10.52,35.58,17.85,17.84,217.3,32.67,0.394,,,,,,,,,-0.682,1.0,-33.02,171.8,214.4,,,,0.002,0.002,0.063,0.001,0.003,0.002,0.288,0.016,0.021,,,,,,,,,0.005,0.0,0.964,13.76,94.5
7/14/2026 11:23:05,2026-07-14 10:30:00,,,,46.33,17.75,10.68,35.59,17.79,17.76,219.1,32.7,0.403,,,,,,,,,-0.661,1.0,-30.73,267.3,342.2,,,,46.35,17.77,10.9,35.59,17.8,17.78,220.0,32.76,0.602,,,,,,,,,-0.652,1.0,-28.78,387.1,606.6,,,,46.31,17.74,10.51,35.58,17.78,17.74,218.2,32.65,0.318,,,,,,,,,-0.698,1.0,-32.76,177.4,183.1,,,,0.007,0.006,0.072,0.001,0.004,0.006,0.295,0.016,0.05,,,,,,,,,0.01,0.0,1.04,70.36,133.9
7/14/2026 11:22:05,2026-07-14 11:10:00,,,,46.3,17.72,10.67,35.59,17.75,17.73,218.2,32.77,0.349,,,,,,,,,-0.666,1.0,-31.15,251.5,275.6,,,,46.31,17.73,10.89,35.59,17.76,17.73,219.0,32.82,0.503,,,,,,,,,-0.652,1.0,-28.32,280.0,369.8,,,,46.3,17.71,10.46,35.59,17.74,17.72,217.2,32.72,0.305,,,,,,,,,-0.771,1.0,-41.02,214.7,228.8,,,,0.003,0.002,0.063,0.001,0.002,0.002,0.279,0.015,0.019,,,,,,,,,0.031,0.0,2.698,19.17,32.14
7/14/2026 11:21:52,2026-07-14 11:20:00,,,,46.32,17.74,10.67,35.59,17.76,17.74,218.4,32.75,0.364,,,,,,,,,-0.653,1.0,-29.67,247.4,314.1,,,,46.33,17.75,10.84,35.59,17.77,17.75,219.7,32.8,0.445,,,,,,,,,-0.649,1.0,-27.9,299.4,553.2,,,,46.3,17.72,10.5,35.58,17.74,17.73,217.5,32.68,0.311,,,,,,,,,-0.658,1.0,-31.86,159.6,243.7,,,,0.005,0.005,0.058,0.001,0.006,0.005,0.348,0.018,0.023,,,,,,,,,0.002,0.0,0.882,40.93,70.12
7/14/2026 11:07:58,2026-07-14 10:40:00,,,,46.31,17.73,10.68,35.59,17.77,17.74,218.5,32.75,0.502,,,,,,,,,-0.66,1.0,-30.96,163.7,166.2,,,,46.33,17.75,10.95,35.59,17.79,17.75,219.9,32.8,0.643,,,,,,,,,-0.658,1.0,-29.18,242.9,243.1,,,,46.3,17.72,10.46,35.58,17.76,17.73,217.6,32.67,0.411,,,,,,,,,-0.674,1.0,-34.04,126.7,126.9,,,,0.005,0.005,0.068,0.001,0.006,0.005,0.336,0.019,0.042,,,,,,,,,0.003,0.0,1.224,28.5,29.59
7/14/2026 11:07:47,2026-07-14 10:50:00,,,,46.31,17.72,10.68,35.59,17.76,17.73,218.9,32.73,0.446,,,,,,,,,-0.659,1.0,-30.35,227.8,238.3,,,,46.31,17.73,10.92,35.59,17.77,17.74,219.6,32.79,0.57,,,,,,,,,-0.655,1.0,-29.16,252.9,301.5,,,,46.3,17.72,10.48,35.59,17.75,17.73,217.7,32.69,0.39,,,,,,,,,-0.673,1.0,-32.02,206.7,209.0,,,,0.002,0.002,0.067,0.001,0.003,0.002,0.3,0.016,0.022,,,,,,,,,0.004,0.0,0.848,12.27,22.04
7/14/2026 11:06:23,2026-07-14 11:00:00,,,,46.3,17.72,10.67,35.59,17.75,17.73,218.5,32.75,0.388,,,,,,,,,-0.657,1.0,-30.22,234.2,252.6,,,,46.31,17.72,10.91,35.59,17.76,17.73,219.9,32.81,0.499,,,,,,,,,-0.655,1.0,-28.31,250.6,363.1,,,,46.29,17.71,10.46,35.58,17.74,17.72,217.5,32.68,0.321,,,,,,,,,-0.671,1.0,-31.78,209.4,213.8,,,,0.003,0.003,0.061,0.001,0.003,0.003,0.468,0.026,0.036,,,,,,,,,0.003,0.0,1.018,12.33,32.67
7/14/2026 10:30:02,2026-07-14 09:40:00,,,,46.41,17.83,10.68,35.58,17.86,17.84,218.4,32.71,0.44,,,,,,,,,-0.663,1.0,-30.74,207.3,371.2,,,,46.42,17.84,10.94,35.59,17.87,17.85,219.3,32.75,0.495,,,,,,,,,-0.659,1.0,-29.17,227.3,521.1,,,,46.4,17.83,10.51,35.58,17.86,17.83,217.5,32.66,0.399,,,,,,,,,-0.676,1.0,-32.85,180.1,226.6,,,,0.003,0.003,0.07,0.001,0.002,0.003,0.283,0.015,0.017,,,,,,,,,0.004,0.0,0.923,13.82,86.8
7/14/2026 10:29:48,2026-07-14 09:50:00,,,,46.4,17.82,10.68,35.58,17.86,17.83,218.7,32.7,0.479,,,,,,,,,-0.663,1.0,-30.6,143.7,235.4,,,,46.41,17.83,10.87,35.59,17.87,17.84,219.7,32.75,0.615,,,,,,,,,-0.658,1.0,-29.02,207.7,467.8,,,,46.39,17.81,10.48,35.58,17.85,17.82,217.8,32.64,0.411,,,,,,,,,-0.678,1.0,-32.17,108.5,120.9,,,,0.005,0.005,0.073,0.001,0.004,0.005,0.294,0.015,0.037,,,,,,,,,0.004,0.0,0.918,24.47,112.6
7/14/2026 10:27:48,2026-07-14 10:20:00,,,,46.34,17.76,10.68,35.59,17.79,17.76,219.1,32.7,0.42,,,,,,,,,-0.66,1.0,-30.63,209.5,367.4,,,,46.35,17.76,10.88,35.59,17.81,17.77,220.0,32.75,0.721,,,,,,,,,-0.654,1.0,-28.48,301.0,774.4,,,,46.33,17.75,10.49,35.59,17.78,17.76,218.3,32.66,0.332,,,,,,,,,-0.677,1.0,-32.98,148.0,149.6,,,,0.003,0.003,0.07,0.001,0.004,0.002,0.291,0.016,0.054,,,,,,,,,0.005,0.0,1.227,42.93,177.2
7/14/2026 10:11:43,2026-07-14 10:00:00,,,,46.39,17.81,10.68,35.59,17.85,17.82,218.7,32.7,0.421,,,,,,,,,-0.661,1.0,-30.7,182.3,339.9,,,,46.4,17.82,10.89,35.59,17.86,17.83,219.5,32.75,0.494,,,,,,,,,-0.657,1.0,-28.75,226.8,488.8,,,,46.38,17.8,10.51,35.58,17.83,17.8,217.9,32.66,0.365,,,,,,,,,-0.681,1.0,-32.94,127.2,158.0,,,,0.005,0.005,0.066,0.001,0.004,0.005,0.295,0.016,0.022,,,,,,,,,0.005,0.0,1.32,30.32,91.2
7/14/2026 10:11:18,2026-07-14 10:10:00,,,,46.35,17.77,10.68,35.59,17.82,17.78,218.6,32.72,0.461,,,,,,,,,-0.673,1.0,-31.6,168.3,204.6,,,,46.38,17.8,10.92,35.59,17.84,17.81,220.0,32.79,0.658,,,,,,,,,-0.656,1.0,-28.8,221.3,548.7,,,,46.33,17.75,10.47,35.58,17.8,17.76,217.1,32.66,0.332,,,,,,,,,-0.777,1.0,-39.86,129.0,136.4,,,,0.015,0.016,0.072,0.002,0.012,0.016,0.544,0.024,0.069,,,,,,,,,0.033,0.0,2.735,32.01,94.6
7/14/2026 09:27:44,2026-07-14 09:10:00,,,,46.41,17.83,10.68,35.58,17.86,17.84,217.8,32.74,0.527,,,,,,,,,-0.683,1.0,-32.2,156.4,169.4,,,,46.41,17.84,10.89,35.59,17.86,17.84,218.6,32.79,0.613,,,,,,,,,-0.668,1.0,-29.15,177.9,194.8,,,,46.4,17.83,10.47,35.58,17.85,17.83,216.9,32.69,0.467,,,,,,,,,-0.788,1.0,-40.42,136.2,139.1,,,,0.002,0.001,0.064,0.001,0.003,0.001,0.274,0.015,0.021,,,,,,,,,0.033,0.0,2.59,11.17,13.24
7/14/2026 09:21:15,2026-07-14 09:20:00,,,,46.41,17.83,10.68,35.58,17.86,17.84,217.9,32.74,0.497,,,,,,,,,-0.669,1.0,-31.24,197.1,218.1,,,,46.42,17.84,10.88,35.59,17.87,17.84,218.7,32.78,0.567,,,,,,,,,-0.666,1.0,-29.59,216.9,280.3,,,,46.41,17.83,10.49,35.58,17.85,17.84,217.0,32.69,0.444,,,,,,,,,-0.685,1.0,-33.77,174.6,189.2,,,,0.001,0.001,0.063,0.001,0.003,0.001,0.282,0.015,0.018,,,,,,,,,0.004,0.0,1.246,10.74,21.27
7/14/2026 09:03:17,2026-07-14 09:00:00,,,,46.41,17.83,10.67,35.58,17.85,17.83,217.7,32.75,0.604,,,,,,,,,-0.672,1.0,-31.61,121.7,122.5,,,,46.41,17.83,10.86,35.59,17.86,17.84,218.9,32.79,0.975,,,,,,,,,-0.668,1.0,-29.84,136.2,139.1,,,,46.4,17.82,10.46,35.58,17.84,17.83,217.0,32.68,0.539,,,,,,,,,-0.684,1.0,-33.93,103.5,105.3,,,,0.002,0.002,0.06,0.001,0.003,0.002,0.284,0.015,0.037,,,,,,,,,0.004,0.0,1.311,8.25,8.61
7/14/2026 08:50:12,2026-07-14 08:50:00,,,,46.4,17.82,10.68,35.58,17.85,17.83,217.9,32.74,0.669,,,,,,,,,-0.673,1.0,-31.67,100.9,102.3,,,,46.41,17.83,10.89,35.59,17.86,17.84,218.7,32.78,0.871,,,,,,,,,-0.669,1.0,-29.33,108.5,109.1,,,,46.39,17.82,10.5,35.58,17.84,17.82,217.2,32.69,0.593,,,,,,,,,-0.694,1.0,-34.51,88.9,90.9,,,,0.002,0.002,0.064,0.001,0.003,0.002,0.268,0.014,0.031,,,,,,,,,0.006,0.0,1.27,4.584,4.677
7/14/2026 08:49:09,2026-07-14 08:40:00,,,,46.4,17.82,10.68,35.58,17.84,17.83,218.2,32.72,0.76,,,,,,,,,-0.672,1.0,-31.66,82.4,83.2,,,,46.4,17.83,10.85,35.59,17.85,17.83,219.2,32.77,0.917,,,,,,,,,-0.665,1.0,-28.41,92.1,92.4,,,,46.39,17.81,10.51,35.57,17.83,17.82,217.3,32.67,0.666,,,,,,,,,-0.693,1.0,-34.82,73.53,73.57,,,,0.003,0.003,0.061,0.001,0.003,0.002,0.294,0.015,0.042,,,,,,,,,0.007,0.0,1.544,6.294,6.294
7/14/2026 08:30:11,2026-07-14 08:30:00,,,,46.39,17.81,10.67,35.58,17.83,17.82,218.5,32.71,0.767,,,,,,,,,-0.671,1.0,-31.33,86.3,91.2,,,,46.4,17.82,10.87,35.59,17.85,17.83,219.4,32.75,0.972,,,,,,,,,-0.664,1.0,-29.52,94.0,164.2,,,,46.38,17.8,10.48,35.58,17.82,17.81,217.8,32.66,0.683,,,,,,,,,-0.687,1.0,-34.8,76.78,76.81,,,,0.004,0.004,0.058,0.001,0.004,0.004,0.268,0.014,0.036,,,,,,,,,0.005,0.0,1.281,5.345,17.73
7/14/2026 08:21:32,2026-07-14 08:20:00,,,,46.38,17.8,10.67,35.58,17.82,17.81,218.6,32.71,0.859,,,,,,,,,-0.683,1.0,-32.37,61.57,62.52,,,,46.39,17.81,10.85,35.59,17.83,17.82,219.4,32.76,1.049,,,,,,,,,-0.669,1.0,-30.86,77.3,77.37,,,,46.37,17.79,10.49,35.58,17.81,17.8,217.8,32.67,0.751,,,,,,,,,-0.712,1.0,-34.34,40.68,41.84,,,,0.003,0.003,0.06,0.001,0.004,0.003,0.28,0.015,0.043,,,,,,,,,0.009,0.0,1.029,11.3,10.88
7/14/2026 08:12:21,2026-07-14 08:10:00,,,,46.37,17.79,10.67,35.59,17.81,17.8,218.6,32.71,0.898,,,,,,,,,-0.692,1.0,-32.71,49.95,51.23,,,,46.38,17.8,10.9,35.59,17.82,17.81,219.5,32.76,1.026,,,,,,,,,-0.678,1.0,-29.82,63.4,63.43,,,,46.36,17.78,10.44,35.58,17.8,17.79,217.7,32.67,0.798,,,,,,,,,-0.799,1.0,-41.72,41.76,42.96,,,,0.004,0.004,0.062,0.001,0.004,0.004,0.289,0.015,0.04,,,,,,,,,0.033,0.0,2.891,5.521,5.45
7/14/2026 08:02:30,2026-07-14 08:00:00,,,,46.36,17.78,10.67,35.59,17.79,17.79,218.8,32.71,0.823,,,,,,,,,-0.677,1.0,-32.19,70.39,72.69,,,,46.37,17.79,10.82,35.59,17.81,17.8,219.6,32.75,0.98,,,,,,,,,-0.668,1.0,-30.04,96.8,115.8,,,,46.35,17.77,10.48,35.58,17.78,17.77,218.0,32.67,0.691,,,,,,,,,-0.685,1.0,-34.85,58.44,59.57,,,,0.005,0.005,0.055,0.001,0.007,0.005,0.275,0.014,0.045,,,,,,,,,0.005,0.0,1.287,9.22,10.68
7/14/2026 07:51:07,2026-07-14 07:50:00,,,,46.33,17.76,10.67,35.59,17.77,17.76,218.5,32.74,0.763,,,,,,,,,-0.676,1.0,-31.72,76.39,81.0,,,,46.35,17.77,10.84,35.59,17.79,17.78,219.5,32.8,0.927,,,,,,,,,-0.667,1.0,-29.81,116.3,138.5,,,,46.32,17.74,10.45,35.58,17.76,17.75,217.3,32.68,0.66,,,,,,,,,-0.684,1.0,-34.45,39.6,40.15,,,,0.009,0.009,0.055,0.001,0.007,0.008,0.352,0.021,0.046,,,,,,,,,0.005,0.0,1.15,24.31,29.43
7/14/2026 07:49:10,2026-07-14 07:40:00,,,,46.31,17.73,10.67,35.59,17.74,17.73,218.1,32.77,0.775,,,,,,,,,-0.683,1.0,-32.44,39.53,40.43,,,,46.33,17.75,10.87,35.6,17.76,17.76,219.0,32.81,0.937,,,,,,,,,-0.678,1.0,-30.28,50.6,52.39,,,,46.29,17.7,10.47,35.58,17.73,17.71,217.4,32.72,0.664,,,,,,,,,-0.704,1.0,-35.61,33.42,34.08,,,,0.012,0.013,0.06,0.002,0.007,0.013,0.258,0.014,0.05,,,,,,,,,0.006,0.0,1.295,5.225,5.65
7/14/2026 07:30:10,2026-07-14 07:30:00,,,,46.29,17.71,10.67,35.59,17.74,17.72,217.9,32.78,0.729,,,,,,,,,-0.682,1.0,-32.19,43.1,44.38,,,,46.3,17.72,10.84,35.6,17.75,17.72,218.8,32.83,0.879,,,,,,,,,-0.678,1.0,-30.37,54.28,56.26,,,,46.28,17.7,10.52,35.59,17.73,17.71,217.1,32.74,0.651,,,,,,,,,-0.701,1.0,-33.95,27.85,28.5,,,,0.003,0.003,0.055,0.001,0.003,0.003,0.286,0.015,0.032,,,,,,,,,0.006,0.0,0.972,8.03,8.18
7/14/2026 07:20:13,2026-07-14 07:20:00,,,,46.29,17.71,10.67,35.59,17.74,17.72,217.6,32.8,0.701,,,,,,,,,-0.681,1.0,-32.29,28.92,29.77,,,,46.3,17.72,10.85,35.59,17.75,17.72,218.4,32.84,0.893,,,,,,,,,-0.678,1.0,-30.73,32.89,33.52,,,,46.28,17.7,10.51,35.59,17.73,17.71,216.9,32.76,0.62,,,,,,,,,-0.695,1.0,-34.5,24.03,24.62,,,,0.003,0.003,0.055,0.001,0.003,0.003,0.272,0.014,0.041,,,,,,,,,0.003,0.0,1.184,2.668,2.908
7/14/2026 07:10:19,2026-07-14 07:10:00,,,,46.29,17.71,10.67,35.59,17.74,17.72,217.5,32.81,0.678,,,,,,,,,-0.693,1.0,-33.13,30.76,31.83,,,,46.3,17.72,10.84,35.6,17.75,17.72,218.3,32.85,0.81,,,,,,,,,-0.679,1.0,-30.62,34.57,36.29,,,,46.28,17.7,10.5,35.58,17.73,17.71,216.6,32.76,0.597,,,,,,,,,-0.799,1.0,-42.5,20.66,21.85,,,,0.003,0.002,0.056,0.001,0.003,0.002,0.276,0.015,0.03,,,,,,,,,0.034,0.0,3.052,3.58,3.831
7/14/2026 07:03:34,2026-07-14 07:00:00,,,,46.29,17.71,10.67,35.59,17.74,17.72,217.3,32.82,0.666,,,,,,,,,-0.681,1.0,-32.19,16.27,17.16,,,,46.3,17.72,10.81,35.59,17.74,17.72,218.1,32.88,0.806,,,,,,,,,-0.678,1.0,-30.26,20.66,21.85,,,,46.28,17.7,10.39,35.58,17.73,17.7,216.3,32.78,0.591,,,,,,,,,-0.694,1.0,-34.02,12.3,13.49,,,,0.004,0.004,0.056,0.001,0.002,0.004,0.287,0.015,0.034,,,,,,,,,0.005,0.0,1.14,2.016,1.959
7/14/2026 06:51:42,2026-07-14 06:50:00,,,,46.29,17.71,10.67,35.59,17.73,17.71,217.1,32.83,0.639,,,,,,,,,-0.682,1.0,-32.19,14.98,16.19,,,,46.3,17.71,10.84,35.6,17.74,17.72,217.9,32.87,0.796,,,,,,,,,-0.677,1.0,-30.55,16.16,17.49,,,,46.28,17.7,10.49,35.58,17.73,17.71,216.3,32.79,0.576,,,,,,,,,-0.714,1.0,-34.58,12.9,14.14,,,,0.003,0.003,0.054,0.002,0.002,0.002,0.274,0.015,0.032,,,,,,,,,0.008,0.0,1.13,0.764,0.845
7/14/2026 06:43:25,2026-07-14 06:40:00,,,,46.29,17.71,10.67,35.59,17.73,17.71,217.0,32.83,0.625,,,,,,,,,-0.68,1.0,-32.2,11.17,12.07,,,,46.3,17.71,10.87,35.59,17.74,17.72,217.9,32.88,0.834,,,,,,,,,-0.678,1.0,-30.45,15.06,16.35,,,,46.28,17.7,10.51,35.58,17.73,17.71,216.2,32.79,0.528,,,,,,,,,-0.693,1.0,-34.7,8.44,10.11,,,,0.003,0.003,0.061,0.002,0.002,0.002,0.271,0.014,0.038,,,,,,,,,0.003,0.0,1.136,1.684,1.552
7/14/2026 06:30:13,2026-07-14 06:30:00,,,,46.29,17.71,10.67,35.59,17.73,17.71,217.0,32.84,0.605,,,,,,,,,-0.68,1.0,-32.2,9.16,9.86,,,,46.3,17.71,10.84,35.59,17.74,17.72,218.0,32.88,0.854,,,,,,,,,-0.678,1.0,-30.18,11.75,12.36,,,,46.28,17.7,10.46,35.58,17.73,17.71,216.2,32.79,0.51,,,,,,,,,-0.694,1.0,-36.06,5.592,6.79,,,,0.003,0.003,0.061,0.001,0.002,0.003,0.296,0.016,0.043,,,,,,,,,0.003,0.0,1.294,1.761,1.737
7/14/2026 06:20:54,2026-07-14 06:20:00,,,,46.29,17.7,10.67,35.59,17.73,17.71,217.4,32.81,0.705,,,,,,,,,-0.681,1.0,-32.13,5.868,6.764,,,,46.29,17.71,10.89,35.59,17.74,17.72,218.4,32.87,0.937,,,,,,,,,-0.677,1.0,-29.86,9.02,9.55,,,,46.28,17.69,10.46,35.58,17.72,17.7,216.4,32.77,0.591,,,,,,,,,-0.695,1.0,-34.44,3.478,4.602,,,,0.003,0.003,0.064,0.001,0.003,0.003,0.302,0.016,0.058,,,,,,,,,0.004,0.0,1.253,1.412,1.299
7/14/2026 06:10:33,2026-07-14 06:10:00,,,,46.28,17.7,10.67,35.59,17.73,17.7,217.8,32.8,0.775,,,,,,,,,-0.691,1.0,-32.8,2.187,2.924,,,,46.29,17.71,10.85,35.6,17.74,17.71,218.8,32.84,0.991,,,,,,,,,-0.678,1.0,-29.69,4.551,5.142,,,,46.27,17.69,10.48,35.58,17.72,17.69,217.0,32.75,0.658,,,,,,,,,-0.821,1.0,-42.77,0.467,1.307,,,,0.004,0.004,0.063,0.002,0.003,0.003,0.291,0.015,0.057,,,,,,,,,0.037,0.0,2.797,1.154,1.088
7/14/2026 06:10:16,2026-07-14 05:40:00,,,,46.3,17.72,10.67,35.59,17.76,17.73,217.3,32.81,0.744,,,,,,,,,-0.679,1.0,-32.19,0.871,1.313,,,,46.32,17.74,10.9,35.59,17.77,17.74,218.0,32.86,1.068,,,,,,,,,-0.676,1.0,-30.19,1.878,2.42,,,,46.21,17.71,10.5,35.51,17.75,17.72,216.4,32.77,0.634,,,,,,,,,-0.685,1.0,-35.0,0.453,0.327,,,,0.007,0.006,0.066,0.004,0.004,0.005,0.263,0.014,0.052,,,,,,,,,0.002,0.0,1.286,0.248,0.426
7/14/2026 06:06:10,2026-07-14 05:50:00,,,,46.29,17.71,10.67,35.59,17.75,17.72,217.4,32.81,0.736,,,,,,,,,-0.679,1.0,-31.89,0.826,1.4,,,,46.31,17.73,10.87,35.59,17.76,17.73,218.9,32.88,1.148,,,,,,,,,-0.676,1.0,-30.44,0.925,1.877,,,,46.28,17.7,10.48,35.58,17.74,17.71,216.2,32.73,0.63,,,,,,,,,-0.692,1.0,-34.59,0.46,0.779,,,,0.005,0.004,0.066,0.002,0.004,0.004,0.392,0.021,0.054,,,,,,,,,0.004,0.0,1.067,0.152,0.356
7/14/2026 06:03:22,2026-07-14 06:00:00,,,,46.28,17.7,10.67,35.59,17.74,17.71,218.1,32.78,0.764,,,,,,,,,-0.679,1.0,-32.03,0.886,1.357,,,,46.3,17.72,10.88,35.59,17.75,17.73,218.8,32.84,1.076,,,,,,,,,-0.677,1.0,-30.53,1.897,2.415,,,,46.27,17.68,10.48,35.58,17.73,17.69,217.1,32.74,0.668,,,,,,,,,-0.693,1.0,-33.97,0.452,0.324,,,,0.007,0.007,0.064,0.002,0.005,0.007,0.275,0.015,0.053,,,,,,,,,0.003,0.0,1.046,0.354,0.581
7/14/2026 05:30:18,2026-07-14 05:30:00,,,,46.31,17.73,10.66,35.59,17.77,17.74,217.3,32.81,0.74,,,,,,,,,-0.679,1.0,-32.15,0.938,1.455,,,,46.32,17.74,10.85,35.59,17.78,17.75,218.2,32.85,0.934,,,,,,,,,-0.676,1.0,-30.09,1.903,2.42,,,,46.29,17.72,10.45,35.58,17.76,17.72,216.6,32.76,0.659,,,,,,,,,-0.693,1.0,-34.9,0.452,0.787,,,,0.005,0.005,0.065,0.002,0.004,0.005,0.263,0.014,0.047,,,,,,,,,0.005,0.0,1.184,0.512,0.387
7/14/2026 05:21:11,2026-07-14 05:20:00,,,,46.32,17.74,10.66,35.59,17.78,17.75,217.2,32.81,0.733,,,,,,,,,-0.679,1.0,-32.43,0.864,1.504,,,,46.33,17.75,10.85,35.6,17.79,17.76,218.0,32.85,1.028,,,,,,,,,-0.675,1.0,-30.94,1.308,2.408,,,,46.3,17.73,10.49,35.58,17.77,17.74,216.5,32.77,0.624,,,,,,,,,-0.691,1.0,-34.34,0.46,0.774,,,,0.005,0.005,0.062,0.002,0.004,0.005,0.277,0.014,0.052,,,,,,,,,0.004,0.0,0.985,0.182,0.429
7/14/2026 05:11:51,2026-07-14 05:10:00,,,,46.33,17.75,10.66,35.59,17.79,17.76,217.6,32.79,0.789,,,,,,,,,-0.691,1.0,-32.86,0.803,1.317,,,,46.35,17.77,10.85,35.59,17.81,17.77,218.7,32.84,1.221,,,,,,,,,-0.675,1.0,-29.85,0.927,1.864,,,,46.31,17.73,10.49,35.57,17.78,17.74,216.5,32.72,0.65,,,,,,,,,-0.794,1.0,-41.26,0.46,0.774,,,,0.007,0.006,0.062,0.003,0.006,0.006,0.348,0.019,0.06,,,,,,,,,0.035,0.0,2.849,0.196,0.415
7/14/2026 05:07:01,2026-07-14 05:00:00,,,,46.35,17.77,10.66,35.58,17.81,17.78,218.5,32.73,0.919,,,,,,,,,-0.677,1.0,-31.84,0.892,1.308,,,,46.37,17.79,10.86,35.59,17.83,17.8,219.7,32.79,1.147,,,,,,,,,-0.675,1.0,-29.82,1.894,2.401,,,,46.33,17.75,10.45,35.57,17.8,17.76,217.4,32.67,0.789,,,,,,,,,-0.681,1.0,-33.54,0.461,0.317,,,,0.007,0.007,0.062,0.003,0.006,0.006,0.344,0.019,0.062,,,,,,,,,0.001,0.0,1.043,0.279,0.51
7/14/2026 04:50:20,2026-07-14 04:50:00,,,,46.37,17.79,10.66,35.58,17.82,17.8,218.7,32.71,0.998,,,,,,,,,-0.678,1.0,-31.98,0.87,1.41,,,,46.38,17.8,10.84,35.59,17.83,17.81,219.5,32.75,1.225,,,,,,,,,-0.674,1.0,-29.97,0.929,1.855,,,,46.34,17.77,10.46,35.57,17.81,17.77,217.9,32.67,0.856,,,,,,,,,-0.693,1.0,-35.02,0.468,0.777,,,,0.008,0.008,0.059,0.003,0.003,0.007,0.275,0.015,0.057,,,,,,,,,0.005,0.0,1.455,0.098,0.36
7/14/2026 04:40:14,2026-07-14 04:40:00,,,,46.38,17.8,10.66,35.58,17.83,17.8,218.5,32.72,0.987,,,,,,,,,-0.676,1.0,-32.06,0.897,1.284,,,,46.39,17.81,10.86,35.6,17.84,17.82,219.5,32.77,1.405,,,,,,,,,-0.673,1.0,-30.37,1.904,1.854,,,,46.36,17.79,10.5,35.57,17.82,17.79,217.5,32.67,0.842,,,,,,,,,-0.688,1.0,-34.63,0.46,0.801,,,,0.005,0.005,0.056,0.003,0.003,0.004,0.321,0.017,0.065,,,,,,,,,0.003,0.0,1.3,0.281,0.268
7/14/2026 04:32:12,2026-07-14 04:30:00,,,,46.38,17.8,10.65,35.58,17.83,17.81,218.1,32.74,0.891,,,,,,,,,-0.677,1.0,-31.95,0.849,1.433,,,,46.39,17.81,10.86,35.6,17.84,17.82,219.1,32.79,1.119,,,,,,,,,-0.673,1.0,-29.33,0.937,1.87,,,,46.36,17.79,10.47,35.57,17.82,17.8,217.1,32.69,0.76,,,,,,,,,-0.692,1.0,-35.01,0.456,0.321,,,,0.005,0.005,0.056,0.003,0.002,0.004,0.332,0.017,0.057,,,,,,,,,0.005,0.0,1.413,0.163,0.413
7/14/2026 04:23:18,2026-07-14 04:20:00,,,,46.38,17.8,10.65,35.58,17.83,17.81,217.7,32.75,0.842,,,,,,,,,-0.674,1.0,-31.61,1.018,1.618,,,,46.39,17.81,10.83,35.59,17.84,17.82,218.7,32.81,1.092,,,,,,,,,-0.673,1.0,-29.93,1.901,2.413,,,,46.37,17.79,10.49,35.57,17.82,17.8,216.7,32.7,0.732,,,,,,,,,-0.676,1.0,-34.03,0.458,0.319,,,,0.005,0.005,0.054,0.003,0.003,0.004,0.314,0.016,0.056,,,,,,,,,0.001,0.0,1.123,0.393,0.478
7/14/2026 04:11:58,2026-07-14 04:10:00,,,,46.38,17.8,10.65,35.58,17.82,17.81,218.3,32.73,0.926,,,,,,,,,-0.686,1.0,-32.49,0.772,1.2,,,,46.39,17.81,10.83,35.6,17.83,17.82,219.1,32.78,1.23,,,,,,,,,-0.673,1.0,-29.97,0.928,2.394,,,,46.36,17.78,10.5,35.57,17.81,17.79,217.4,32.68,0.79,,,,,,,,,-0.791,1.0,-41.65,0.456,0.319,,,,0.005,0.005,0.055,0.003,0.003,0.004,0.31,0.016,0.055,,,,,,,,,0.032,0.0,2.716,0.188,0.458
7/14/2026 04:02:48,2026-07-14 04:00:00,,,,46.37,17.79,10.65,35.59,17.81,17.8,218.9,32.7,1.006,,,,,,,,,-0.676,1.0,-31.67,0.939,1.581,,,,46.39,17.81,10.8,35.59,17.82,17.81,219.9,32.74,1.243,,,,,,,,,-0.673,1.0,-29.55,1.898,1.858,,,,46.35,17.78,10.51,35.58,17.8,17.79,218.1,32.64,0.893,,,,,,,,,-0.689,1.0,-33.2,0.451,0.32,,,,0.005,0.005,0.054,0.003,0.005,0.004,0.289,0.015,0.058,,,,,,,,,0.004,0.0,1.157,0.242,0.388
7/14/2026 03:50:45,2026-07-14 03:50:00,,,,46.35,17.77,10.65,35.59,17.78,17.78,218.8,32.71,0.955,,,,,,,,,-0.675,1.0,-31.74,0.896,1.387,,,,46.37,17.79,10.82,35.6,17.8,17.8,219.8,32.77,1.324,,,,,,,,,-0.672,1.0,-30.19,1.885,2.401,,,,46.12,17.75,10.49,35.39,17.77,17.76,217.9,32.65,0.826,,,,,,,,,-0.687,1.0,-34.28,0.451,0.317,,,,0.015,0.012,0.054,0.008,0.009,0.011,0.302,0.019,0.064,,,,,,,,,0.003,0.0,1.182,0.278,0.451
7/14/2026 03:50:34,2026-07-14 03:30:00,,,,46.31,17.73,10.66,35.59,17.76,17.73,218.1,32.77,0.784,,,,,,,,,-0.674,1.0,-31.81,1.611,2.268,,,,46.32,17.74,10.82,35.6,17.77,17.74,219.0,32.81,1.42,,,,,,,,,-0.671,1.0,-30.29,3.03,3.481,,,,46.29,17.71,10.45,35.58,17.75,17.72,217.3,32.72,0.684,,,,,,,,,-0.69,1.0,-33.72,0.903,1.294,,,,0.006,0.005,0.056,0.002,0.003,0.005,0.281,0.015,0.054,,,,,,,,,0.005,0.0,0.956,0.566,0.455
7/14/2026 03:42:27,2026-07-14 03:40:00,,,,46.32,17.74,10.65,35.59,17.76,17.75,218.0,32.77,0.808,,,,,,,,,-0.673,1.0,-31.61,1.255,1.651,,,,46.35,17.77,10.84,35.6,17.77,17.77,219.2,32.83,1.079,,,,,,,,,-0.672,1.0,-29.79,1.908,2.411,,,,46.3,17.72,10.47,35.58,17.75,17.73,217.0,32.7,0.7,,,,,,,,,-0.677,1.0,-33.37,0.84,1.293,,,,0.01,0.01,0.059,0.003,0.005,0.01,0.384,0.023,0.065,,,,,,,,,0.001,0.0,1.124,0.442,0.353
7/14/2026 03:23:30,2026-07-14 03:20:00,,,,46.31,17.73,10.66,35.59,17.76,17.74,218.2,32.76,0.821,,,,,,,,,-0.674,1.0,-31.9,0.82,1.258,,,,46.32,17.74,10.95,35.6,17.77,17.74,219.1,32.8,1.018,,,,,,,,,-0.671,1.0,-30.21,1.788,2.409,,,,46.3,17.72,10.49,35.58,17.75,17.72,217.4,32.71,0.72,,,,,,,,,-0.69,1.0,-33.8,0.452,0.313,,,,0.005,0.004,0.057,0.002,0.003,0.004,0.291,0.015,0.045,,,,,,,,,0.005,0.0,1.185,0.379,0.719
7/14/2026 03:11:48,2026-07-14 03:10:00,,,,46.32,17.74,10.65,35.59,17.77,17.74,217.8,32.78,0.731,,,,,,,,,-0.682,1.0,-32.55,0.943,1.691,,,,46.33,17.75,10.84,35.6,17.78,17.75,218.5,32.83,0.97,,,,,,,,,-0.67,1.0,-29.82,1.909,2.413,,,,46.3,17.73,10.49,35.58,17.76,17.73,216.8,32.74,0.64,,,,,,,,,-0.788,1.0,-40.7,0.459,0.786,,,,0.005,0.005,0.054,0.002,0.003,0.005,0.28,0.015,0.044,,,,,,,,,0.033,0.0,2.724,0.35,0.421
7/14/2026 03:07:03,2026-07-14 02:30:00,,,,46.32,17.74,10.66,35.59,17.76,17.75,217.6,32.79,0.684,,,,,,,,,-0.67,1.0,-31.53,0.733,1.102,,,,46.33,17.75,10.84,35.6,17.77,17.75,218.5,32.83,0.919,,,,,,,,,-0.668,1.0,-29.8,0.93,1.856,,,,46.31,17.73,10.48,35.58,17.75,17.73,216.8,32.74,0.615,,,,,,,,,-0.683,1.0,-34.42,0.455,0.316,,,,0.004,0.004,0.058,0.002,0.004,0.004,0.272,0.015,0.038,,,,,,,,,0.003,0.0,1.188,0.223,0.412
7/14/2026 03:03:37,2026-07-14 02:40:00,,,,46.32,17.74,10.66,35.59,17.77,17.75,217.6,32.79,0.689,,,,,,,,,-0.671,1.0,-31.83,1.017,1.619,,,,46.33,17.75,10.88,35.59,17.78,17.76,218.7,32.83,0.85,,,,,,,,,-0.668,1.0,-29.41,1.902,2.196,,,,46.31,17.73,10.48,35.58,17.76,17.74,216.9,32.73,0.62,,,,,,,,,-0.689,1.0,-35.58,0.454,0.764,,,,0.004,0.003,0.058,0.002,0.003,0.003,0.268,0.014,0.037,,,,,,,,,0.004,0.0,1.425,0.472,0.466
7/14/2026 03:03:27,2026-07-14 02:50:00,,,,46.32,17.74,10.66,35.59,17.77,17.75,217.6,32.79,0.685,,,,,,,,,-0.672,1.0,-31.38,0.926,1.359,,,,46.33,17.75,10.8,35.6,17.78,17.75,218.6,32.84,0.9,,,,,,,,,-0.669,1.0,-29.26,1.91,2.413,,,,46.31,17.73,10.49,35.58,17.76,17.74,216.6,32.73,0.614,,,,,,,,,-0.686,1.0,-33.89,0.456,0.319,,,,0.004,0.003,0.055,0.002,0.003,0.003,0.277,0.015,0.038,,,,,,,,,0.004,0.0,1.183,0.455,0.646
7/14/2026 03:02:53,2026-07-14 03:00:00,,,,46.32,17.74,10.66,35.59,17.77,17.75,217.6,32.79,0.692,,,,,,,,,-0.671,1.0,-31.63,1.013,1.594,,,,46.33,17.75,10.84,35.6,17.78,17.75,218.4,32.83,0.837,,,,,,,,,-0.669,1.0,-29.55,1.902,2.417,,,,46.31,17.73,10.5,35.58,17.76,17.74,216.8,32.75,0.616,,,,,,,,,-0.685,1.0,-33.19,0.467,0.778,,,,0.004,0.004,0.057,0.002,0.003,0.003,0.264,0.014,0.038,,,,,,,,,0.003,0.0,1.024,0.476,0.496
7/14/2026 02:20:10,2026-07-14 02:20:00,,,,46.31,17.73,10.67,35.59,17.76,17.74,217.6,32.79,0.697,,,,,,,,,-0.673,1.0,-31.57,1.399,2.039,,,,46.32,17.74,10.87,35.6,17.77,17.75,218.5,32.83,1.132,,,,,,,,,-0.667,1.0,-29.4,1.903,2.415,,,,46.3,17.72,10.5,35.58,17.75,17.73,216.8,32.74,0.61,,,,,,,,,-0.705,1.0,-35.6,0.912,1.292,,,,0.004,0.004,0.062,0.002,0.003,0.003,0.282,0.015,0.051,,,,,,,,,0.01,0.0,1.527,0.482,0.394
7/14/2026 02:11:06,2026-07-14 02:10:00,,,,46.31,17.73,10.67,35.59,17.75,17.73,217.9,32.78,0.779,,,,,,,,,-0.681,1.0,-32.48,0.947,1.511,,,,46.32,17.74,10.85,35.59,17.77,17.74,218.7,32.82,1.407,,,,,,,,,-0.666,1.0,-29.48,1.894,2.419,,,,46.3,17.72,10.46,35.58,17.75,17.73,217.0,32.74,0.676,,,,,,,,,-0.785,1.0,-41.29,0.798,1.048,,,,0.004,0.003,0.064,0.002,0.003,0.003,0.265,0.014,0.056,,,,,,,,,0.033,0.0,2.912,0.221,0.339
7/14/2026 02:02:10,2026-07-14 02:00:00,,,,46.31,17.73,10.67,35.59,17.75,17.73,217.8,32.78,0.757,,,,,,,,,-0.667,1.0,-31.35,0.8,1.322,,,,46.32,17.73,10.85,35.59,17.76,17.74,218.7,32.83,0.978,,,,,,,,,-0.664,1.0,-29.61,0.925,1.864,,,,46.3,17.72,10.51,35.58,17.75,17.73,217.0,32.74,0.67,,,,,,,,,-0.679,1.0,-33.85,0.452,0.32,,,,0.003,0.003,0.062,0.002,0.003,0.003,0.286,0.015,0.049,,,,,,,,,0.003,0.0,1.134,0.197,0.492
7/14/2026 01:50:14,2026-07-14 01:50:00,,,,46.31,17.73,10.67,35.59,17.75,17.73,217.7,32.79,0.716,,,,,,,,,-0.67,1.0,-31.49,0.938,1.47,,,,46.32,17.73,10.87,35.59,17.76,17.74,218.6,32.83,0.929,,,,,,,,,-0.666,1.0,-29.47,1.905,2.415,,,,46.3,17.72,10.49,35.58,17.74,17.72,217.0,32.74,0.624,,,,,,,,,-0.682,1.0,-34.85,0.463,0.32,,,,0.003,0.003,0.064,0.001,0.003,0.003,0.288,0.016,0.047,,,,,,,,,0.006,0.0,1.408,0.443,0.583
7/14/2026 01:45:59,2026-07-14 01:40:00,,,,46.3,17.72,10.67,35.59,17.75,17.72,217.7,32.8,0.722,,,,,,,,,-0.667,1.0,-31.01,0.918,1.443,,,,46.31,17.73,10.9,35.59,17.76,17.73,218.6,32.85,0.922,,,,,,,,,-0.665,1.0,-29.13,1.897,2.422,,,,46.29,17.71,10.48,35.58,17.74,17.71,216.7,32.74,0.629,,,,,,,,,-0.68,1.0,-32.75,0.463,0.775,,,,0.004,0.004,0.068,0.001,0.003,0.004,0.27,0.015,0.051,,,,,,,,,0.003,0.0,0.978,0.262,0.381
7/14/2026 01:30:17,2026-07-14 01:30:00,,,,46.3,17.72,10.67,35.59,17.75,17.73,217.9,32.78,0.753,,,,,,,,,-0.668,1.0,-31.27,0.801,1.289,,,,46.31,17.73,10.9,35.59,17.76,17.73,218.8,32.83,1.005,,,,,,,,,-0.665,1.0,-29.53,0.926,1.862,,,,46.29,17.71,10.49,35.58,17.74,17.72,217.0,32.74,0.664,,,,,,,,,-0.683,1.0,-33.88,0.453,0.317,,,,0.004,0.003,0.067,0.001,0.003,0.003,0.282,0.015,0.048,,,,,,,,,0.005,0.0,1.261,0.196,0.448
7/14/2026 01:27:09,2026-07-14 01:10:00,,,,46.31,17.73,10.67,35.59,17.76,17.73,218.1,32.77,0.78,,,,,,,,,-0.676,1.0,-31.8,0.883,1.312,,,,46.32,17.73,10.99,35.59,17.77,17.74,218.9,32.82,1.09,,,,,,,,,-0.664,1.0,-28.51,1.902,2.412,,,,46.3,17.71,10.45,35.58,17.75,17.72,217.1,32.73,0.696,,,,,,,,,-0.782,1.0,-38.95,0.455,0.315,,,,0.004,0.004,0.069,0.001,0.004,0.004,0.269,0.014,0.047,,,,,,,,,0.033,0.0,2.686,0.383,0.587
7/14/2026 01:26:11,2026-07-14 01:20:00,,,,46.3,17.72,10.67,35.59,17.75,17.73,218.1,32.77,0.764,,,,,,,,,-0.668,1.0,-31.2,0.954,1.64,,,,46.31,17.73,10.9,35.6,17.76,17.74,219.0,32.82,0.987,,,,,,,,,-0.664,1.0,-28.16,1.9,2.406,,,,46.3,17.71,10.49,35.58,17.75,17.72,217.2,32.72,0.687,,,,,,,,,-0.692,1.0,-33.4,0.466,0.647,,,,0.003,0.003,0.067,0.002,0.003,0.003,0.28,0.015,0.046,,,,,,,,,0.006,0.0,1.407,0.345,0.506
7/14/2026 01:04:19,2026-07-14 01:00:00,,,,46.32,17.74,10.66,35.59,17.77,17.74,218.2,32.76,0.816,,,,,,,,,-0.666,1.0,-30.94,0.78,1.18,,,,46.33,17.75,10.88,35.59,17.79,17.75,219.1,32.81,1.021,,,,,,,,,-0.664,1.0,-28.82,0.931,1.854,,,,46.3,17.72,10.45,35.58,17.76,17.73,217.3,32.71,0.715,,,,,,,,,-0.678,1.0,-32.7,0.456,0.317,,,,0.004,0.005,0.061,0.002,0.005,0.004,0.287,0.016,0.055,,,,,,,,,0.003,0.0,1.136,0.207,0.391
7/14/2026 00:53:16,2026-07-14 00:50:00,,,,46.33,17.75,10.66,35.59,17.79,17.75,218.0,32.76,0.851,,,,,,,,,-0.664,1.0,-31.1,0.925,1.482,,,,46.34,17.76,10.91,35.59,17.8,17.76,219.0,32.82,1.085,,,,,,,,,-0.663,1.0,-29.44,1.906,2.41,,,,46.31,17.73,10.47,35.58,17.78,17.74,217.0,32.71,0.758,,,,,,,,,-0.666,1.0,-33.38,0.455,0.324,,,,0.005,0.005,0.067,0.002,0.006,0.004,0.348,0.018,0.052,,,,,,,,,0.001,0.0,1.122,0.455,0.587
7/14/2026 00:44:07,2026-07-14 00:30:00,,,,46.38,17.8,10.67,35.58,17.83,17.81,219.5,32.66,1.073,,,,,,,,,-0.664,1.0,-31.24,1.018,1.547,,,,46.39,17.81,10.87,35.59,17.84,17.82,220.6,32.7,1.322,,,,,,,,,-0.662,1.0,-28.7,1.914,2.409,,,,46.37,17.79,10.51,35.57,17.82,17.8,218.8,32.6,0.97,,,,,,,,,-0.666,1.0,-34.46,0.463,0.783,,,,0.005,0.004,0.055,0.002,0.003,0.003,0.28,0.015,0.062,,,,,,,,,0.001,0.0,1.335,0.396,0.379
7/14/2026 00:43:44,2026-07-14 00:40:00,,,,46.35,17.77,10.67,35.59,17.82,17.78,218.8,32.71,0.949,,,,,,,,,-0.666,1.0,-31.38,0.758,1.203,,,,46.38,17.8,10.87,35.59,17.84,17.81,220.0,32.79,1.252,,,,,,,,,-0.662,1.0,-28.31,0.937,1.864,,,,46.33,17.75,10.49,35.58,17.8,17.76,217.4,32.64,0.785,,,,,,,,,-0.681,1.0,-34.0,0.453,0.318,,,,0.015,0.015,0.062,0.002,0.01,0.015,0.617,0.038,0.096,,,,,,,,,0.006,0.0,1.279,0.218,0.353
7/14/2026 00:20:58,2026-07-14 00:20:00,,,,46.39,17.81,10.66,35.58,17.83,17.81,219.6,32.65,1.083,,,,,,,,,-0.668,1.0,-31.55,0.756,1.124,,,,46.39,17.81,10.83,35.59,17.84,17.82,220.7,32.69,1.376,,,,,,,,,-0.663,1.0,-29.4,1.89,2.417,,,,46.37,17.8,10.47,35.57,17.83,17.81,218.9,32.6,0.969,,,,,,,,,-0.69,1.0,-34.62,0.446,0.314,,,,0.004,0.003,0.057,0.002,0.002,0.003,0.27,0.014,0.062,,,,,,,,,0.007,0.0,1.447,0.332,0.699
7/14/2026 00:10:11,2026-07-14 00:10:00,,,,46.39,17.81,10.66,35.59,17.83,17.81,219.6,32.66,1.105,,,,,,,,,-0.676,1.0,-31.87,0.857,1.366,,,,46.39,17.81,10.87,35.59,17.84,17.82,220.5,32.7,1.385,,,,,,,,,-0.662,1.0,-29.33,1.891,2.415,,,,46.37,17.8,10.45,35.58,17.81,17.81,218.7,32.61,0.987,,,,,,,,,-0.778,1.0,-41.06,0.451,0.319,,,,0.003,0.003,0.059,0.002,0.004,0.003,0.277,0.015,0.065,,,,,,,,,0.032,0.0,2.865,0.396,0.592
7/14/2026 00:01:18,2026-07-14 00:00:00,,,,46.38,17.8,10.67,35.59,17.81,17.8,219.5,32.66,1.079,,,,,,,,,-0.664,1.0,-31.13,0.801,1.236,,,,46.39,17.81,10.83,35.6,17.83,17.82,220.2,32.72,1.3,,,,,,,,,-0.661,1.0,-29.05,0.934,1.864,,,,46.36,17.78,10.47,35.58,17.8,17.79,218.5,32.62,0.972,,,,,,,,,-0.677,1.0,-32.76,0.451,0.319,,,,0.006,0.006,0.06,0.002,0.005,0.006,0.273,0.015,0.058,,,,,,,,,0.004,0.0,1.095,0.2,0.441
7/13/2026 23:51:42,2026-07-13 23:50:00,,,,46.35,17.77,10.67,35.59,17.79,17.78,218.9,32.71,0.957,,,,,,,,,-0.665,1.0,-30.94,1.211,1.773,,,,46.38,17.8,10.83,35.59,17.81,17.8,220.1,32.78,1.327,,,,,,,,,-0.662,1.0,-29.03,1.913,2.417,,,,46.32,17.74,10.52,35.58,17.77,17.75,217.7,32.64,0.759,,,,,,,,,-0.687,1.0,-33.13,0.463,0.768,,,,0.014,0.014,0.056,0.002,0.012,0.014,0.446,0.028,0.084,,,,,,,,,0.006,0.0,1.229,0.516,0.512
7/13/2026 23:49:00,2026-07-13 23:40:00,,,,46.33,17.75,10.67,35.59,17.77,17.75,218.1,32.76,0.805,,,,,,,,,-0.663,1.0,-30.96,0.737,1.129,,,,46.34,17.75,10.85,35.59,17.79,17.76,219.1,32.82,1.078,,,,,,,,,-0.66,1.0,-29.13,0.921,1.861,,,,46.32,17.73,10.48,35.58,17.77,17.74,216.9,32.71,0.708,,,,,,,,,-0.674,1.0,-34.08,0.456,0.317,,,,0.004,0.004,0.056,0.002,0.004,0.004,0.338,0.017,0.048,,,,,,,,,0.003,0.0,1.371,0.202,0.37
7/13/2026 23:30:16,2026-07-13 23:30:00,,,,46.32,17.74,10.67,35.59,17.77,17.75,218.5,32.74,0.848,,,,,,,,,-0.665,1.0,-30.91,0.859,1.447,,,,46.33,17.75,10.83,35.6,17.78,17.76,219.6,32.78,1.073,,,,,,,,,-0.661,1.0,-28.64,1.897,2.399,,,,46.31,17.73,10.51,35.58,17.77,17.74,217.7,32.68,0.759,,,,,,,,,-0.676,1.0,-32.67,0.445,0.312,,,,0.004,0.003,0.056,0.002,0.003,0.003,0.268,0.014,0.05,,,,,,,,,0.004,0.0,1.151,0.289,0.469
7/13/2026 23:20:17,2026-07-13 23:20:00,,,,46.32,17.74,10.67,35.59,17.77,17.75,218.1,32.76,0.81,,,,,,,,,-0.666,1.0,-30.96,1.26,1.963,,,,46.33,17.75,10.83,35.59,17.78,17.76,219.0,32.81,1.029,,,,,,,,,-0.661,1.0,-29.58,1.901,2.948,,,,46.31,17.73,10.49,35.58,17.77,17.73,217.2,32.72,0.687,,,,,,,,,-0.677,1.0,-32.01,0.907,1.287,,,,0.004,0.004,0.056,0.002,0.002,0.004,0.295,0.016,0.057,,,,,,,,,0.007,0.0,0.825,0.466,0.442
7/13/2026 23:10:59,2026-07-13 23:10:00,,,,46.33,17.75,10.67,35.59,17.79,17.76,218.1,32.76,0.748,,,,,,,,,-0.675,1.0,-31.89,0.934,1.555,,,,46.35,17.76,10.82,35.6,17.81,17.77,219.0,32.81,0.935,,,,,,,,,-0.66,1.0,-28.46,1.908,2.41,,,,46.31,17.73,10.41,35.58,17.77,17.74,217.2,32.71,0.655,,,,,,,,,-0.775,1.0,-41.15,0.459,0.773,,,,0.008,0.008,0.055,0.002,0.005,0.007,0.28,0.016,0.047,,,,,,,,,0.032,0.0,2.822,0.359,0.399
7/13/2026 23:01:22,2026-07-13 23:00:00,,,,46.35,17.77,10.67,35.59,17.8,17.78,218.2,32.75,0.79,,,,,,,,,-0.663,1.0,-30.72,0.689,1.129,,,,46.36,17.78,10.84,35.59,17.81,17.78,219.0,32.8,1.034,,,,,,,,,-0.659,1.0,-29.24,0.927,1.853,,,,46.34,17.76,10.51,35.58,17.79,17.77,217.2,32.7,0.704,,,,,,,,,-0.676,1.0,-33.54,0.455,0.315,,,,0.003,0.003,0.055,0.002,0.003,0.003,0.278,0.015,0.05,,,,,,,,,0.005,0.0,1.113,0.226,0.472
7/13/2026 22:55:18,2026-07-13 22:40:00,,,,46.34,17.76,10.67,35.59,17.79,17.77,217.9,32.76,0.742,,,,,,,,,-0.668,1.0,-31.1,0.706,1.05,,,,46.35,17.77,10.8,35.59,17.8,17.78,218.9,32.81,0.923,,,,,,,,,-0.659,1.0,-28.84,0.923,1.856,,,,46.33,17.75,10.51,35.58,17.78,17.76,217.0,32.71,0.672,,,,,,,,,-0.738,1.0,-34.81,0.45,0.314,,,,0.004,0.003,0.051,0.002,0.003,0.003,0.278,0.015,0.041,,,,,,,,,0.017,0.0,1.526,0.224,0.379
7/13/2026 22:52:40,2026-07-13 22:50:00,,,,46.35,17.77,10.67,35.59,17.79,17.77,218.0,32.76,0.769,,,,,,,,,-0.667,1.0,-31.26,0.799,1.307,,,,46.36,17.77,10.83,35.59,17.8,17.78,218.7,32.8,0.994,,,,,,,,,-0.659,1.0,-29.05,0.922,1.86,,,,46.34,17.76,10.49,35.58,17.79,17.77,217.2,32.72,0.687,,,,,,,,,-0.771,1.0,-38.17,0.453,0.776,,,,0.003,0.003,0.052,0.002,0.003,0.003,0.275,0.015,0.044,,,,,,,,,0.024,0.0,1.843,0.195,0.293
7/13/2026 22:30:19,2026-07-13 22:30:00,,,,46.34,17.76,10.67,35.59,17.79,17.77,217.9,32.76,0.757,,,,,,,,,-0.666,1.0,-31.04,0.85,1.37,,,,46.35,17.77,10.86,35.6,17.8,17.77,218.8,32.8,1.537,,,,,,,,,-0.659,1.0,-28.52,1.904,2.412,,,,46.32,17.75,10.49,35.58,17.78,17.76,217.2,32.72,0.681,,,,,,,,,-0.774,1.0,-37.8,0.454,0.319,,,,0.004,0.004,0.055,0.002,0.003,0.003,0.274,0.015,0.057,,,,,,,,,0.025,0.0,1.848,0.31,0.472
7/13/2026 22:20:49,2026-07-13 22:20:00,,,,46.34,17.76,10.67,35.59,17.79,17.76,218.0,32.76,0.753,,,,,,,,,-0.663,1.0,-31.01,1.2,1.816,,,,46.35,17.77,10.87,35.6,17.79,17.77,218.7,32.81,0.929,,,,,,,,,-0.658,1.0,-27.89,1.913,2.414,,,,46.33,17.75,10.51,35.58,17.78,17.75,217.2,32.72,0.672,,,,,,,,,-0.686,1.0,-33.04,0.457,0.853,,,,0.004,0.004,0.057,0.002,0.003,0.004,0.266,0.014,0.043,,,,,,,,,0.008,0.0,1.277,0.531,0.519
7/13/2026 22:14:57,2026-07-13 17:30:00,,,,46.47,17.9,10.68,35.58,17.92,17.9,218.6,32.67,0.943,,,,,,,,,-0.652,1.0,-30.04,0.904,1.678,,,,46.49,17.91,10.92,35.59,17.93,17.92,219.5,32.71,1.185,,,,,,,,,-0.65,1.0,-28.31,1.901,2.963,,,,46.43,17.87,10.51,35.54,17.91,17.88,217.9,32.63,0.851,,,,,,,,,-0.655,1.0,-32.42,0.445,0.779,,,,0.007,0.007,0.06,0.004,0.003,0.006,0.265,0.014,0.054,,,,,,,,,0.002,0.0,1.133,0.375,0.532
7/13/2026 22:10:18,2026-07-13 22:10:00,,,,46.34,17.76,10.68,35.59,17.78,17.76,218.1,32.76,0.742,,,,,,,,,-0.671,1.0,-31.27,1.084,1.758,,,,46.35,17.77,10.84,35.59,17.79,17.77,218.8,32.8,1.014,,,,,,,,,-0.658,1.0,-28.53,1.905,2.961,,,,46.33,17.75,10.52,35.58,17.78,17.75,217.3,32.72,0.665,,,,,,,,,-0.775,1.0,-38.79,0.443,0.319,,,,0.004,0.003,0.056,0.002,0.002,0.003,0.258,0.014,0.044,,,,,,,,,0.033,0.0,2.584,0.489,0.64
7/13/2026 22:09:44,2026-07-13 17:40:00,,,,46.46,17.88,10.68,35.58,17.91,17.88,218.7,32.67,0.929,,,,,,,,,-0.653,1.0,-29.92,0.836,1.126,,,,46.48,17.9,10.91,35.6,17.92,17.9,219.7,32.71,1.15,,,,,,,,,-0.65,1.0,-28.4,1.712,1.857,,,,46.43,17.86,10.5,35.57,17.9,17.86,217.8,32.62,0.83,,,,,,,,,-0.659,1.0,-31.96,0.454,0.32,,,,0.009,0.009,0.06,0.003,0.006,0.008,0.313,0.016,0.053,,,,,,,,,0.003,0.0,1.187,0.277,0.406
7/13/2026 22:05:51,2026-07-13 17:50:00,,,,46.45,17.87,10.68,35.58,17.9,17.88,218.8,32.67,0.932,,,,,,,,,-0.653,1.0,-30.07,0.714,1.053,,,,46.46,17.88,10.87,35.59,17.91,17.89,219.7,32.73,1.303,,,,,,,,,-0.65,1.0,-27.96,0.917,1.854,,,,46.43,17.86,10.54,35.57,17.89,17.87,217.7,32.62,0.831,,,,,,,,,-0.655,1.0,-32.19,0.45,0.32,,,,0.006,0.005,0.056,0.003,0.003,0.005,0.316,0.017,0.058,,,,,,,,,0.002,0.0,1.171,0.209,0.406
7/13/2026 22:02:14,2026-07-13 22:00:00,,,,46.34,17.76,10.68,35.59,17.79,17.76,218.0,32.76,0.731,,,,,,,,,-0.663,1.0,-31.17,0.867,1.464,,,,46.35,17.77,10.88,35.6,17.79,17.77,218.9,32.8,0.893,,,,,,,,,-0.657,1.0,-28.82,1.905,2.409,,,,46.32,17.74,10.53,35.58,17.78,17.75,217.1,32.71,0.656,,,,,,,,,-0.728,1.0,-37.28,0.454,0.774,,,,0.004,0.004,0.061,0.002,0.003,0.004,0.275,0.014,0.042,,,,,,,,,0.015,0.0,1.899,0.297,0.4
7/13/2026 21:54:28,2026-07-13 21:30:00,,,,46.33,17.75,10.68,35.59,17.78,17.75,218.7,32.73,0.917,,,,,,,,,-0.66,1.0,-30.51,0.982,1.496,,,,46.34,17.76,10.88,35.59,17.78,17.77,219.9,32.79,1.191,,,,,,,,,-0.656,1.0,-28.93,1.893,2.413,,,,46.29,17.73,10.51,35.56,17.77,17.74,217.6,32.66,0.804,,,,,,,,,-0.675,1.0,-32.97,0.462,0.78,,,,0.006,0.006,0.066,0.002,0.003,0.005,0.302,0.017,0.061,,,,,,,,,0.004,0.0,1.117,0.318,0.397
7/13/2026 21:54:15,2026-07-13 21:50:00,,,,46.34,17.76,10.68,35.59,17.78,17.77,218.1,32.76,0.747,,,,,,,,,-0.66,1.0,-30.54,0.763,1.091,,,,46.35,17.77,10.87,35.59,17.79,17.78,219.0,32.8,0.989,,,,,,,,,-0.657,1.0,-28.54,0.926,1.851,,,,46.28,17.75,10.49,35.54,17.78,17.76,217.3,32.71,0.661,,,,,,,,,-0.665,1.0,-32.52,0.445,0.32,,,,0.005,0.004,0.06,0.003,0.003,0.004,0.294,0.015,0.049,,,,,,,,,0.002,0.0,1.021,0.205,0.484
7/13/2026 21:49:11,2026-07-13 21:40:00,,,,46.34,17.76,10.68,35.59,17.78,17.76,218.5,32.73,0.875,,,,,,,,,-0.665,1.0,-31.0,0.76,1.156,,,,46.35,17.77,10.91,35.59,17.79,17.77,219.4,32.78,1.263,,,,,,,,,-0.656,1.0,-28.92,0.921,1.854,,,,46.33,17.75,10.49,35.58,17.77,17.75,217.6,32.69,0.72,,,,,,,,,-0.703,1.0,-33.85,0.442,0.324,,,,0.004,0.004,0.062,0.002,0.003,0.003,0.284,0.015,0.059,,,,,,,,,0.013,0.0,1.444,0.207,0.401
7/13/2026 21:28:14,2026-07-13 18:00:00,,,,46.45,17.87,10.68,35.58,17.89,17.88,218.9,32.66,0.93,,,,,,,,,-0.655,1.0,-30.42,0.915,1.531,,,,46.46,17.88,10.87,35.59,17.9,17.89,219.8,32.71,1.325,,,,,,,,,-0.65,1.0,-28.54,1.884,2.414,,,,46.43,17.86,10.53,35.57,17.89,17.86,218.1,32.62,0.826,,,,,,,,,-0.675,1.0,-32.35,0.462,0.781,,,,0.005,0.004,0.06,0.003,0.002,0.004,0.283,0.015,0.062,,,,,,,,,0.005,0.0,0.985,0.259,0.4
7/13/2026 21:22:32,2026-07-13 21:20:00,,,,46.33,17.75,10.68,35.59,17.78,17.76,218.8,32.72,0.93,,,,,,,,,-0.661,1.0,-30.69,0.911,1.491,,,,46.34,17.76,10.87,35.59,17.79,17.77,219.7,32.77,1.24,,,,,,,,,-0.657,1.0,-28.28,1.884,2.408,,,,46.32,17.74,10.52,35.58,17.77,17.74,217.9,32.67,0.817,,,,,,,,,-0.677,1.0,-32.41,0.459,1.278,,,,0.005,0.005,0.064,0.002,0.003,0.004,0.289,0.016,0.065,,,,,,,,,0.005,0.0,1.115,0.26,0.317
7/13/2026 21:17:41,2026-07-13 21:10:00,,,,46.33,17.75,10.68,35.59,17.78,17.76,219.0,32.71,0.927,,,,,,,,,-0.671,1.0,-31.6,0.801,1.353,,,,46.34,17.76,10.87,35.59,17.79,17.76,219.8,32.76,1.267,,,,,,,,,-0.656,1.0,-28.54,1.91,2.405,,,,46.32,17.74,10.51,35.58,17.77,17.75,218.1,32.67,0.832,,,,,,,,,-0.777,1.0,-39.84,0.433,0.315,,,,0.003,0.003,0.068,0.002,0.002,0.003,0.278,0.015,0.059,,,,,,,,,0.034,0.0,2.71,0.324,0.557
7/13/2026 21:01:44,2026-07-13 21:00:00,,,,46.33,17.75,10.68,35.59,17.78,17.76,219.1,32.71,0.925,,,,,,,,,-0.667,1.0,-30.97,0.936,1.41,,,,46.34,17.76,10.9,35.6,17.79,17.76,219.9,32.75,1.176,,,,,,,,,-0.657,1.0,-28.36,1.881,2.404,,,,46.32,17.74,10.5,35.58,17.77,17.75,218.3,32.67,0.825,,,,,,,,,-0.783,1.0,-38.67,0.453,0.771,,,,0.004,0.003,0.064,0.002,0.003,0.003,0.279,0.015,0.058,,,,,,,,,0.027,0.0,2.128,0.352,0.368
7/13/2026 20:54:08,2026-07-13 18:10:00,,,,46.45,17.87,10.68,35.58,17.89,17.88,218.9,32.66,0.916,,,,,,,,,-0.667,1.0,-31.11,0.939,1.67,,,,46.47,17.88,10.87,35.6,17.9,17.89,219.8,32.72,1.4,,,,,,,,,-0.653,1.0,-28.33,1.896,2.408,,,,46.43,17.85,10.49,35.57,17.89,17.86,217.9,32.61,0.825,,,,,,,,,-0.767,1.0,-38.35,0.464,0.32,,,,0.006,0.005,0.063,0.003,0.002,0.005,0.305,0.017,0.062,,,,,,,,,0.032,0.0,2.431,0.241,0.419
7/13/2026 20:53:39,2026-07-13 20:30:00,,,,46.33,17.75,10.68,35.59,17.78,17.76,218.6,32.73,0.833,,,,,,,,,-0.664,1.0,-31.05,0.737,1.043,,,,46.34,17.76,10.85,35.6,17.79,17.77,219.6,32.79,1.032,,,,,,,,,-0.655,1.0,-28.82,1.892,2.417,,,,46.32,17.74,10.49,35.58,17.77,17.75,217.5,32.68,0.732,,,,,,,,,-0.769,1.0,-38.61,0.453,0.319,,,,0.004,0.004,0.063,0.002,0.004,0.004,0.32,0.016,0.05,,,,,,,,,0.025,0.0,2.07,0.343,0.565
7/13/2026 20:52:55,2026-07-13 20:40:00,,,,46.33,17.75,10.68,35.59,17.78,17.75,218.8,32.72,0.874,,,,,,,,,-0.665,1.0,-31.32,0.92,1.515,,,,46.34,17.76,10.89,35.6,17.79,17.76,219.7,32.77,1.187,,,,,,,,,-0.656,1.0,-28.12,1.895,2.416,,,,46.32,17.74,10.49,35.58,17.77,17.74,217.9,32.67,0.779,,,,,,,,,-0.771,1.0,-38.47,0.455,0.775,,,,0.004,0.004,0.063,0.002,0.003,0.003,0.289,0.015,0.059,,,,,,,,,0.024,0.0,2.145,0.37,0.445
7/13/2026 20:52:40,2026-07-13 20:50:00,,,,46.33,17.75,10.68,35.59,17.78,17.76,219.0,32.71,0.91,,,,,,,,,-0.665,1.0,-31.04,0.995,1.558,,,,46.34,17.76,10.87,35.6,17.79,17.76,219.8,32.75,1.151,,,,,,,,,-0.656,1.0,-28.87,1.899,2.411,,,,46.32,17.74,10.5,35.58,17.77,17.75,218.2,32.67,0.815,,,,,,,,,-0.771,1.0,-38.37,0.454,0.316,,,,0.003,0.003,0.063,0.002,0.003,0.003,0.277,0.015,0.053,,,,,,,,,0.025,0.0,2.09,0.486,0.547
7/13/2026 20:26:27,2026-07-13 20:10:00,,,,46.36,17.78,10.68,35.59,17.83,17.78,219.0,32.7,0.965,,,,,,,,,-0.669,1.0,-31.25,0.825,1.332,,,,46.41,17.83,10.9,35.59,17.86,17.83,220.6,32.78,1.323,,,,,,,,,-0.655,1.0,-28.97,0.928,2.406,,,,46.33,17.75,10.5,35.57,17.8,17.75,217.8,32.6,0.796,,,,,,,,,-0.774,1.0,-39.64,0.454,0.774,,,,0.027,0.028,0.062,0.002,0.017,0.027,0.745,0.05,0.12,,,,,,,,,0.034,0.0,2.704,0.181,0.4
7/13/2026 20:25:26,2026-07-13 20:20:00,,,,46.34,17.76,10.68,35.59,17.8,17.76,218.4,32.74,0.862,,,,,,,,,-0.665,1.0,-30.62,0.987,1.631,,,,46.35,17.77,10.86,35.59,17.81,17.77,219.2,32.78,1.122,,,,,,,,,-0.655,1.0,-27.61,1.89,2.405,,,,45.97,17.74,10.49,35.27,17.78,17.75,217.6,32.7,0.749,,,,,,,,,-0.771,1.0,-38.21,0.46,1.302,,,,0.016,0.005,0.06,0.013,0.005,0.005,0.277,0.015,0.058,,,,,,,,,0.025,0.0,2.093,0.313,0.305
7/13/2026 20:09:57,2026-07-13 20:00:00,,,,46.4,17.82,10.68,35.59,17.86,17.83,219.8,32.64,1.134,,,,,,,,,-0.658,1.0,-30.41,0.854,1.316,,,,46.42,17.84,10.9,35.59,17.87,17.85,220.6,32.68,1.411,,,,,,,,,-0.654,1.0,-28.9,1.907,2.41,,,,46.39,17.81,10.49,35.57,17.85,17.82,218.9,32.6,0.957,,,,,,,,,-0.679,1.0,-32.67,0.452,0.318,,,,0.006,0.006,0.064,0.002,0.005,0.006,0.286,0.015,0.078,,,,,,,,,0.005,0.0,1.132,0.311,0.495
7/13/2026 20:00:07,2026-07-13 18:20:00,,,,46.45,17.87,10.67,35.58,17.89,17.88,218.9,32.66,0.902,,,,,,,,,-0.662,1.0,-30.53,0.896,1.476,,,,46.47,17.88,10.88,35.6,17.9,17.89,219.7,32.71,1.261,,,,,,,,,-0.654,1.0,-28.8,1.9,2.41,,,,46.44,17.86,10.49,35.57,17.89,17.86,218.1,32.62,0.8,,,,,,,,,-0.764,1.0,-38.19,0.453,0.778,,,,0.006,0.005,0.059,0.003,0.003,0.004,0.282,0.015,0.057,,,,,,,,,0.024,0.0,2.025,0.385,0.459
7/13/2026 19:59:41,2026-07-13 18:30:00,,,,46.46,17.88,10.68,35.58,17.9,17.88,219.1,32.65,0.881,,,,,,,,,-0.661,1.0,-30.82,0.887,1.395,,,,46.47,17.89,10.88,35.6,17.91,17.89,219.9,32.69,1.233,,,,,,,,,-0.652,1.0,-28.79,1.872,2.402,,,,46.44,17.86,10.52,35.57,17.89,17.87,218.3,32.61,0.776,,,,,,,,,-0.768,1.0,-37.98,0.451,0.316,,,,0.006,0.005,0.059,0.003,0.003,0.004,0.276,0.015,0.058,,,,,,,,,0.025,0.0,1.907,0.277,0.483
7/13/2026 19:55:33,2026-07-13 19:30:00,,,,46.43,17.85,10.68,35.58,17.87,17.85,219.2,32.66,1.027,,,,,,,,,-0.664,1.0,-30.7,0.949,1.581,,,,46.44,17.86,10.84,35.59,17.88,17.86,220.2,32.71,1.36,,,,,,,,,-0.655,1.0,-28.87,1.901,2.395,,,,46.41,17.83,10.52,35.57,17.87,17.84,218.2,32.61,0.901,,,,,,,,,-0.774,1.0,-37.7,0.461,0.773,,,,0.005,0.005,0.06,0.002,0.003,0.004,0.31,0.016,0.066,,,,,,,,,0.026,0.0,1.977,0.355,0.436
7/13/2026 19:53:03,2026-07-13 19:50:00,,,,46.42,17.84,10.68,35.58,17.87,17.85,219.4,32.65,1.044,,,,,,,,,-0.662,1.0,-30.68,0.901,1.342,,,,46.43,17.85,10.87,35.59,17.88,17.86,220.3,32.69,1.368,,,,,,,,,-0.653,1.0,-28.68,1.899,2.402,,,,46.41,17.83,10.53,35.58,17.86,17.83,218.5,32.6,0.932,,,,,,,,,-0.767,1.0,-36.46,0.455,0.312,,,,0.005,0.004,0.059,0.002,0.003,0.004,0.305,0.016,0.067,,,,,,,,,0.024,0.0,1.697,0.384,0.538
7/13/2026 19:48:06,2026-07-13 19:40:00,,,,46.42,17.84,10.68,35.58,17.87,17.85,219.3,32.66,1.036,,,,,,,,,-0.66,1.0,-30.66,0.834,1.258,,,,46.43,17.85,10.9,35.59,17.88,17.86,220.2,32.7,1.339,,,,,,,,,-0.655,1.0,-28.86,1.901,2.416,,,,46.41,17.83,10.45,35.57,17.86,17.84,218.4,32.61,0.918,,,,,,,,,-0.706,1.0,-32.8,0.454,0.316,,,,0.004,0.004,0.061,0.002,0.002,0.004,0.285,0.015,0.068,,,,,,,,,0.011,0.0,1.151,0.413,0.498
7/13/2026 19:28:57,2026-07-13 18:40:00,,,,46.44,17.87,10.68,35.58,17.89,17.87,219.0,32.66,0.877,,,,,,,,,-0.661,1.0,-30.6,0.791,1.243,,,,46.46,17.88,10.9,35.6,17.9,17.88,219.9,32.7,1.148,,,,,,,,,-0.654,1.0,-28.54,1.889,2.416,,,,46.43,17.85,10.5,35.57,17.89,17.86,218.3,32.61,0.766,,,,,,,,,-0.733,1.0,-35.88,0.448,0.316,,,,0.006,0.005,0.057,0.003,0.003,0.005,0.255,0.013,0.055,,,,,,,,,0.017,0.0,1.725,0.329,0.578
7/13/2026 19:26:53,2026-07-13 18:50:00,,,,46.44,17.86,10.68,35.58,17.89,17.87,219.0,32.66,0.921,,,,,,,,,-0.665,1.0,-30.86,0.825,1.328,,,,46.45,17.87,10.93,35.59,17.9,17.88,219.8,32.71,2.369,,,,,,,,,-0.653,1.0,-28.75,1.878,2.41,,,,46.43,17.85,10.49,35.57,17.88,17.86,218.1,32.62,0.818,,,,,,,,,-0.765,1.0,-37.54,0.451,0.315,,,,0.005,0.004,0.061,0.003,0.002,0.004,0.272,0.014,0.084,,,,,,,,,0.025,0.0,1.976,0.318,0.551
7/13/2026 19:24:47,2026-07-13 19:20:00,,,,46.43,17.85,10.68,35.58,17.88,17.86,219.0,32.67,0.994,,,,,,,,,-0.663,1.0,-30.84,0.807,1.198,,,,46.44,17.86,10.91,35.59,17.88,17.87,219.8,32.71,1.346,,,,,,,,,-0.654,1.0,-28.53,1.916,2.401,,,,46.42,17.84,10.51,35.58,17.87,17.85,218.2,32.62,0.869,,,,,,,,,-0.77,1.0,-38.09,0.456,0.312,,,,0.004,0.004,0.061,0.002,0.002,0.003,0.304,0.016,0.063,,,,,,,,,0.025,0.0,1.996,0.332,0.667
7/13/2026 19:10:26,2026-07-13 19:10:00,,,,46.43,17.85,10.68,35.58,17.88,17.86,218.9,32.67,0.955,,,,,,,,,-0.668,1.0,-31.01,0.694,1.07,,,,46.44,17.86,10.87,35.59,17.89,17.87,219.8,32.72,1.376,,,,,,,,,-0.654,1.0,-28.85,1.37,2.398,,,,46.41,17.84,10.5,35.58,17.87,17.85,218.0,32.63,0.841,,,,,,,,,-0.767,1.0,-39.61,0.455,0.312,,,,0.005,0.004,0.06,0.002,0.003,0.004,0.323,0.017,0.064,,,,,,,,,0.033,0.0,2.755,0.193,0.474
7/13/2026 19:05:35,2026-07-13 19:00:00,,,,46.43,17.86,10.68,35.58,17.88,17.86,218.9,32.67,0.927,,,,,,,,,-0.663,1.0,-30.54,0.916,1.712,,,,46.45,17.87,10.84,35.59,17.89,17.87,219.7,32.71,1.192,,,,,,,,,-0.654,1.0,-28.5,1.893,2.402,,,,46.37,17.84,10.48,35.53,17.88,17.85,218.1,32.63,0.825,,,,,,,,,-0.769,1.0,-38.79,0.46,0.776,,,,0.006,0.005,0.059,0.003,0.003,0.005,0.281,0.015,0.053,,,,,,,,,0.025,0.0,2.16,0.298,0.481
7/13/2026 17:25:51,2026-07-13 17:20:00,,,,46.48,17.91,10.68,35.58,17.93,17.91,218.7,32.66,0.96,,,,,,,,,-0.654,1.0,-30.21,0.777,1.258,,,,46.5,17.92,10.87,35.59,17.94,17.93,219.5,32.7,1.476,,,,,,,,,-0.649,1.0,-27.81,1.91,2.42,,,,46.46,17.88,10.48,35.57,17.92,17.89,218.0,32.62,0.859,,,,,,,,,-0.674,1.0,-34.48,0.45,0.778,,,,0.008,0.007,0.058,0.003,0.003,0.006,0.268,0.014,0.06,,,,,,,,,0.006,0.0,1.559,0.334,0.375
7/13/2026 17:11:32,2026-07-13 17:10:00,,,,46.49,17.91,10.68,35.58,17.93,17.92,218.9,32.65,0.966,,,,,,,,,-0.662,1.0,-30.81,0.982,1.73,,,,46.51,17.93,10.9,35.6,17.95,17.93,219.8,32.69,1.226,,,,,,,,,-0.649,1.0,-28.04,1.91,2.955,,,,46.47,17.89,10.5,35.57,17.93,17.9,218.1,32.6,0.87,,,,,,,,,-0.767,1.0,-39.4,0.562,0.786,,,,0.008,0.008,0.06,0.003,0.004,0.007,0.283,0.015,0.055,,,,,,,,,0.031,0.0,2.639,0.323,0.56
7/13/2026 17:02:35,2026-07-13 17:00:00,,,,46.5,17.92,10.68,35.58,17.95,17.93,219.0,32.64,0.956,,,,,,,,,-0.651,1.0,-29.87,1.043,1.598,,,,46.52,17.94,10.87,35.6,17.96,17.95,219.9,32.68,1.215,,,,,,,,,-0.647,1.0,-28.21,1.901,2.411,,,,46.48,17.9,10.48,35.57,17.93,17.91,218.1,32.59,0.835,,,,,,,,,-0.655,1.0,-31.81,0.447,0.776,,,,0.008,0.007,0.06,0.003,0.004,0.007,0.274,0.015,0.056,,,,,,,,,0.002,0.0,1.076,0.483,0.554
7/13/2026 16:54:25,2026-07-13 16:50:00,,,,46.52,17.94,10.68,35.58,17.96,17.94,219.1,32.62,0.931,,,,,,,,,-0.655,1.0,-30.23,0.997,1.477,,,,46.54,17.95,10.86,35.6,17.97,17.96,219.9,32.67,1.168,,,,,,,,,-0.646,1.0,-28.23,1.908,2.423,,,,46.48,17.91,10.51,35.56,17.95,17.92,218.3,32.58,0.815,,,,,,,,,-0.762,1.0,-37.61,0.456,0.322,,,,0.009,0.008,0.057,0.003,0.004,0.008,0.263,0.014,0.06,,,,,,,,,0.025,0.0,1.944,0.409,0.51
7/13/2026 16:41:14,2026-07-13 16:40:00,,,,46.53,17.94,10.68,35.58,17.97,17.95,219.2,32.62,0.904,,,,,,,,,-0.656,1.0,-30.22,1.35,2.103,,,,46.54,17.96,10.86,35.61,17.97,17.96,219.9,32.66,1.13,,,,,,,,,-0.647,1.0,-28.06,3.448,4.048,,,,46.5,17.92,10.49,35.57,17.96,17.93,218.3,32.57,0.802,,,,,,,,,-0.761,1.0,-37.16,0.898,1.297,,,,0.007,0.007,0.058,0.004,0.004,0.006,0.271,0.014,0.052,,,,,,,,,0.024,0.0,1.941,0.46,0.509
7/13/2026 16:30:18,2026-07-13 16:30:00,,,,46.53,17.95,10.68,35.58,17.98,17.96,219.1,32.62,0.887,,,,,,,,,-0.654,1.0,-30.25,3.411,4.254,,,,46.55,17.97,10.84,35.6,17.99,17.97,220.1,32.66,1.121,,,,,,,,,-0.646,1.0,-27.95,4.555,5.15,,,,46.47,17.93,10.53,35.54,17.97,17.94,218.3,32.57,0.794,,,,,,,,,-0.756,1.0,-37.01,1.883,2.41,,,,0.008,0.007,0.054,0.004,0.004,0.007,0.303,0.015,0.05,,,,,,,,,0.024,0.0,1.895,0.884,0.767
7/13/2026 16:28:02,2026-07-13 15:40:00,,,,46.58,18.0,10.67,35.58,18.02,18.01,218.2,32.65,0.889,,,,,,,,,-0.652,1.0,-29.96,49.85,54.36,,,,46.6,18.02,10.86,35.59,18.03,18.03,218.9,32.69,1.199,,,,,,,,,-0.643,1.0,-27.39,57.89,69.37,,,,46.56,17.98,10.51,35.57,18.01,17.99,217.4,32.6,0.79,,,,,,,,,-0.755,1.0,-36.54,43.38,45.73,,,,0.009,0.008,0.056,0.003,0.005,0.008,0.271,0.015,0.039,,,,,,,,,0.024,0.0,1.855,3.891,6.079
7/13/2026 16:24:42,2026-07-13 15:50:00,,,,46.58,18.0,10.67,35.58,18.01,18.0,218.2,32.65,0.916,,,,,,,,,-0.652,1.0,-30.0,36.08,38.32,,,,46.59,18.01,10.86,35.59,18.02,18.02,219.0,32.69,1.033,,,,,,,,,-0.643,1.0,-27.91,43.39,45.73,,,,46.56,17.98,10.51,35.57,18.01,17.99,217.4,32.61,0.834,,,,,,,,,-0.753,1.0,-36.79,28.61,30.43,,,,0.006,0.005,0.057,0.003,0.003,0.004,0.264,0.014,0.032,,,,,,,,,0.023,0.0,1.917,4.268,4.517
7/13/2026 16:22:56,2026-07-13 16:20:00,,,,46.55,17.97,10.67,35.58,17.99,17.97,218.7,32.63,0.885,,,,,,,,,-0.655,1.0,-30.1,5.022,5.981,,,,46.57,17.99,10.86,35.6,18.01,17.99,219.6,32.68,1.24,,,,,,,,,-0.645,1.0,-28.3,7.281,8.44,,,,46.52,17.94,10.52,35.57,17.98,17.95,217.8,32.59,0.793,,,,,,,,,-0.756,1.0,-36.86,1.894,3.49,,,,0.01,0.009,0.054,0.004,0.005,0.009,0.284,0.014,0.047,,,,,,,,,0.024,0.0,1.812,1.332,1.26
7/13/2026 16:12:42,2026-07-13 16:10:00,,,,46.56,17.98,10.67,35.58,18.01,17.99,218.6,32.63,0.911,,,,,,,,,-0.661,1.0,-30.92,13.41,14.68,,,,46.59,18.0,10.87,35.6,18.02,18.01,219.3,32.68,1.085,,,,,,,,,-0.644,1.0,-27.92,20.08,20.79,,,,46.54,17.96,10.51,35.57,17.99,17.97,217.6,32.6,0.818,,,,,,,,,-0.789,1.0,-40.2,7.272,8.44,,,,0.009,0.008,0.056,0.003,0.005,0.008,0.289,0.015,0.037,,,,,,,,,0.037,0.0,3.139,3.623,3.792
7/13/2026 16:02:46,2026-07-13 16:00:00,,,,46.58,18.0,10.67,35.58,18.01,18.0,218.3,32.64,0.925,,,,,,,,,-0.653,1.0,-29.93,24.36,25.81,,,,46.59,18.01,10.86,35.59,18.02,18.01,219.2,32.69,1.107,,,,,,,,,-0.644,1.0,-26.63,30.07,30.71,,,,46.55,17.98,10.52,35.57,18.01,17.99,217.4,32.59,0.843,,,,,,,,,-0.756,1.0,-36.84,20.08,20.79,,,,0.006,0.005,0.055,0.003,0.003,0.005,0.262,0.014,0.033,,,,,,,,,0.024,0.0,2.191,2.283,2.225
7/13/2026 15:30:15,2026-07-13 15:30:00,,,,46.6,18.02,10.67,35.58,18.03,18.02,218.2,32.64,0.85,,,,,,,,,-0.652,1.0,-29.77,60.82,66.23,,,,46.61,18.03,10.85,35.59,18.04,18.03,219.0,32.68,0.986,,,,,,,,,-0.642,1.0,-27.52,66.21,73.36,,,,46.58,18.0,10.52,35.57,18.03,18.01,217.3,32.6,0.774,,,,,,,,,-0.752,1.0,-36.28,53.38,58.84,,,,0.006,0.005,0.055,0.003,0.002,0.005,0.26,0.014,0.034,,,,,,,,,0.023,0.0,1.832,3.354,4.288
7/13/2026 15:20:48,2026-07-13 15:20:00,,,,46.6,18.02,10.67,35.58,18.03,18.02,218.1,32.64,0.81,,,,,,,,,-0.648,1.0,-29.74,73.62,78.69,,,,46.62,18.03,10.82,35.59,18.04,18.04,219.0,32.69,1.009,,,,,,,,,-0.642,1.0,-28.25,80.6,90.8,,,,46.58,18.0,10.52,35.57,18.03,18.01,217.4,32.59,0.734,,,,,,,,,-0.711,1.0,-33.01,64.48,68.84,,,,0.006,0.005,0.049,0.003,0.003,0.005,0.286,0.015,0.034,,,,,,,,,0.015,0.0,1.237,4.297,5.351
7/13/2026 15:10:09,2026-07-13 15:10:00,,,,46.6,18.02,10.67,35.58,18.03,18.03,217.9,32.65,0.745,,,,,,,,,-0.655,1.0,-30.2,84.3,101.7,,,,46.62,18.03,10.82,35.59,18.04,18.04,218.8,32.71,1.007,,,,,,,,,-0.636,1.0,-27.37,94.6,128.0,,,,46.59,18.01,10.48,35.58,18.02,18.02,216.8,32.6,0.652,,,,,,,,,-0.753,1.0,-38.68,69.86,82.4,,,,0.005,0.004,0.053,0.003,0.003,0.003,0.287,0.015,0.04,,,,,,,,,0.032,0.0,2.639,5.936,13.03
7/13/2026 15:00:56,2026-07-13 15:00:00,,,,46.6,18.02,10.67,35.58,18.02,18.02,218.1,32.64,0.711,,,,,,,,,-0.647,1.0,-29.39,85.6,126.1,,,,46.61,18.03,10.81,35.59,18.04,18.03,219.0,32.69,0.854,,,,,,,,,-0.633,1.0,-27.17,105.7,230.5,,,,46.57,18.0,10.52,35.57,18.01,18.01,217.2,32.6,0.613,,,,,,,,,-0.739,1.0,-35.78,75.15,100.2,,,,0.006,0.006,0.053,0.003,0.004,0.005,0.296,0.015,0.033,,,,,,,,,0.022,0.0,1.877,7.955,27.17
7/13/2026 14:51:57,2026-07-13 14:50:00,,,,46.59,18.01,10.67,35.58,18.02,18.01,218.5,32.63,0.637,,,,,,,,,-0.646,1.0,-29.48,88.7,134.5,,,,46.6,18.02,10.86,35.6,18.03,18.02,219.3,32.67,0.94,,,,,,,,,-0.632,1.0,-27.51,116.9,229.3,,,,46.56,18.0,10.51,35.56,18.01,18.0,217.7,32.59,0.492,,,,,,,,,-0.746,1.0,-35.41,74.21,81.8,,,,0.004,0.003,0.05,0.003,0.003,0.003,0.275,0.015,0.073,,,,,,,,,0.023,0.0,1.735,11.4,37.65
7/13/2026 14:46:44,2026-07-13 14:30:00,,,,46.58,18.0,10.67,35.58,18.02,18.0,218.6,32.62,0.478,,,,,,,,,-0.639,1.0,-29.1,103.7,224.3,,,,46.59,18.0,10.84,35.59,18.02,18.01,219.6,32.66,0.716,,,,,,,,,-0.63,1.0,-26.62,121.7,363.7,,,,46.57,17.99,10.49,35.58,18.01,18.0,217.9,32.57,0.39,,,,,,,,,-0.739,1.0,-37.27,85.9,122.5,,,,0.004,0.002,0.05,0.002,0.003,0.002,0.26,0.014,0.049,,,,,,,,,0.023,0.0,2.14,12.07,58.15
7/13/2026 14:43:27,2026-07-13 14:40:00,,,,46.58,18.0,10.67,35.58,18.01,18.01,218.6,32.63,0.548,,,,,,,,,-0.643,1.0,-29.28,87.0,192.7,,,,46.59,18.01,10.84,35.59,18.02,18.01,219.4,32.68,0.664,,,,,,,,,-0.626,1.0,-27.11,102.4,279.4,,,,46.56,17.99,10.53,35.57,18.01,18.0,217.6,32.59,0.471,,,,,,,,,-0.749,1.0,-35.42,69.84,114.1,,,,0.005,0.004,0.05,0.003,0.003,0.003,0.268,0.014,0.03,,,,,,,,,0.025,0.0,1.657,8.69,40.78
7/13/2026 14:21:44,2026-07-13 14:10:00,,,,46.59,18.01,10.66,35.58,18.02,18.01,218.7,32.61,0.47,,,,,,,,,-0.648,1.0,-29.57,133.7,236.3,,,,46.6,18.01,10.81,35.59,18.03,18.02,219.7,32.66,0.833,,,,,,,,,-0.631,1.0,-26.9,171.8,359.1,,,,46.57,17.99,10.51,35.57,18.01,18.0,217.9,32.57,0.339,,,,,,,,,-0.78,1.0,-39.65,101.9,126.9,,,,0.004,0.003,0.047,0.002,0.003,0.003,0.281,0.015,0.068,,,,,,,,,0.039,0.0,3.228,16.38,84.3
7/13/2026 14:21:35,2026-07-13 14:20:00,,,,46.58,18.0,10.67,35.58,18.02,18.01,218.7,32.62,0.445,,,,,,,,,-0.638,1.0,-28.79,119.3,252.4,,,,46.59,18.01,10.83,35.59,18.03,18.02,219.6,32.67,0.54,,,,,,,,,-0.63,1.0,-26.43,152.4,395.9,,,,46.57,17.99,10.54,35.57,18.01,18.0,217.9,32.57,0.36,,,,,,,,,-0.728,1.0,-34.63,87.7,159.6,,,,0.005,0.004,0.047,0.002,0.004,0.004,0.274,0.015,0.031,,,,,,,,,0.021,0.0,1.744,16.39,64.26
7/13/2026 14:01:11,2026-07-13 14:00:00,,,,46.59,18.01,10.67,35.59,18.02,18.02,218.8,32.61,0.398,,,,,,,,,-0.639,1.0,-29.08,96.0,290.8,,,,46.6,18.02,10.86,35.59,18.03,18.02,219.6,32.65,0.477,,,,,,,,,-0.631,1.0,-27.14,122.2,359.1,,,,46.58,18.0,10.52,35.58,18.02,18.01,218.1,32.57,0.344,,,,,,,,,-0.748,1.0,-36.04,79.54,205.3,,,,0.003,0.002,0.045,0.002,0.003,0.002,0.269,0.014,0.021,,,,,,,,,0.025,0.0,1.929,8.92,39.1
7/13/2026 13:53:44,2026-07-13 13:50:00,,,,46.59,18.01,10.67,35.58,18.02,18.01,218.8,32.61,0.39,,,,,,,,,-0.644,1.0,-29.44,90.2,303.8,,,,46.6,18.02,10.83,35.59,18.03,18.02,219.8,32.66,0.519,,,,,,,,,-0.62,1.0,-27.3,101.2,385.2,,,,46.58,18.0,10.53,35.58,18.02,18.01,217.8,32.56,0.345,,,,,,,,,-0.742,1.0,-35.04,68.76,249.3,,,,0.004,0.003,0.047,0.002,0.003,0.003,0.275,0.015,0.02,,,,,,,,,0.023,0.0,1.687,8.08,38.9
7/13/2026 13:40:11,2026-07-13 13:40:00,,,,46.59,18.01,10.67,35.59,18.02,18.02,218.7,32.61,0.359,,,,,,,,,-0.643,1.0,-29.62,71.78,350.6,,,,46.6,18.02,10.81,35.59,18.03,18.02,219.6,32.66,0.461,,,,,,,,,-0.631,1.0,-27.17,90.0,487.2,,,,46.58,18.0,10.54,35.58,18.01,18.01,217.8,32.56,0.306,,,,,,,,,-0.739,1.0,-36.34,58.87,261.0,,,,0.004,0.003,0.046,0.002,0.003,0.003,0.28,0.015,0.023,,,,,,,,,0.023,0.0,1.977,5.667,52.46
7/13/2026 13:32:01,2026-07-13 13:30:00,,,,46.59,18.01,10.67,35.59,18.02,18.01,218.7,32.61,0.338,,,,,,,,,-0.641,1.0,-29.09,66.27,403.4,,,,46.6,18.01,10.81,35.59,18.03,18.02,219.5,32.66,0.454,,,,,,,,,-0.628,1.0,-26.87,79.52,492.0,,,,46.58,18.0,10.54,35.58,18.01,18.0,217.9,32.57,0.296,,,,,,,,,-0.74,1.0,-36.18,56.63,204.2,,,,0.004,0.003,0.045,0.002,0.004,0.003,0.286,0.015,0.021,,,,,,,,,0.024,0.0,2.013,6.027,62.85
7/13/2026 13:20:59,2026-07-13 13:20:00,,,,46.58,18.0,10.67,35.58,18.01,18.0,218.5,32.63,0.328,,,,,,,,,-0.643,1.0,-29.23,75.97,383.5,,,,46.59,18.0,10.8,35.59,18.02,18.01,219.3,32.68,0.391,,,,,,,,,-0.63,1.0,-26.91,91.1,523.7,,,,46.56,17.98,10.49,35.58,18.0,17.99,217.6,32.59,0.289,,,,,,,,,-0.747,1.0,-36.82,57.83,174.2,,,,0.005,0.004,0.044,0.002,0.004,0.004,0.264,0.014,0.017,,,,,,,,,0.025,0.0,2.057,9.38,67.21
7/13/2026 13:15:03,2026-07-13 13:10:00,,,,46.57,17.99,10.67,35.58,18.0,18.0,218.5,32.64,0.324,,,,,,,,,-0.655,1.0,-30.2,69.26,408.0,,,,46.58,18.0,10.81,35.59,18.01,18.0,219.3,32.68,0.389,,,,,,,,,-0.636,1.0,-27.37,85.5,481.1,,,,46.56,17.98,10.55,35.58,18.0,17.98,217.6,32.59,0.28,,,,,,,,,-0.759,1.0,-38.0,57.85,119.1,,,,0.004,0.003,0.047,0.002,0.003,0.003,0.275,0.015,0.019,,,,,,,,,0.03,0.0,2.411,6.553,72.26
7/13/2026 13:00:24,2026-07-13 13:00:00,,,,46.57,17.99,10.67,35.58,18.0,17.99,218.4,32.64,0.298,,,,,,,,,-0.639,1.0,-28.92,61.96,404.5,,,,46.58,17.99,10.8,35.59,18.01,18.0,219.3,32.7,0.356,,,,,,,,,-0.633,1.0,-27.08,72.39,500.5,,,,46.55,17.97,10.53,35.58,17.99,17.98,217.3,32.59,0.262,,,,,,,,,-0.653,1.0,-32.14,51.09,204.7,,,,0.004,0.003,0.046,0.002,0.003,0.003,0.291,0.016,0.015,,,,,,,,,0.007,0.0,1.387,6.676,66.56
7/13/2026 12:50:15,2026-07-13 12:50:00,,,,46.57,17.99,10.67,35.58,18.0,17.99,218.2,32.65,0.282,,,,,,,,,-0.639,1.0,-28.82,58.84,420.1,,,,46.58,18.0,10.82,35.59,18.01,18.0,219.0,32.69,0.374,,,,,,,,,-0.634,1.0,-27.23,72.38,496.7,,,,46.56,17.97,10.51,35.58,17.99,17.98,217.4,32.6,0.241,,,,,,,,,-0.65,1.0,-31.13,49.97,350.0,,,,0.005,0.004,0.047,0.002,0.003,0.004,0.286,0.015,0.015,,,,,,,,,0.006,0.0,1.153,6.13,33.82
7/13/2026 12:40:59,2026-07-13 12:40:00,,,,46.56,17.98,10.67,35.58,17.99,17.99,218.0,32.66,0.264,,,,,,,,,-0.642,1.0,-29.02,62.18,438.2,,,,46.58,17.99,10.8,35.59,18.0,18.0,218.8,32.71,0.363,,,,,,,,,-0.634,1.0,-27.05,84.4,616.0,,,,46.55,17.97,10.51,35.58,17.98,17.98,217.1,32.62,0.231,,,,,,,,,-0.664,1.0,-30.59,52.75,373.1,,,,0.005,0.005,0.047,0.002,0.003,0.004,0.287,0.016,0.013,,,,,,,,,0.008,0.0,1.082,8.22,57.59
7/13/2026 12:37:34,2026-07-13 12:30:00,,,,46.56,17.98,10.67,35.58,17.99,17.98,218.0,32.67,0.258,,,,,,,,,-0.641,1.0,-29.07,75.58,468.6,,,,46.57,17.99,10.81,35.59,18.0,18.0,218.9,32.73,0.32,,,,,,,,,-0.636,1.0,-27.05,89.3,545.7,,,,46.54,17.96,10.54,35.57,17.98,17.97,216.8,32.61,0.217,,,,,,,,,-0.653,1.0,-31.27,59.09,386.9,,,,0.006,0.006,0.047,0.002,0.003,0.005,0.305,0.017,0.016,,,,,,,,,0.006,0.0,1.215,8.84,37.6
7/13/2026 12:20:11,2026-07-13 12:20:00,,,,46.55,17.97,10.67,35.58,17.98,17.98,218.0,32.67,0.26,,,,,,,,,-0.644,1.0,-29.28,86.9,480.2,,,,46.57,17.99,10.83,35.59,17.99,17.99,218.9,32.72,0.321,,,,,,,,,-0.636,1.0,-27.36,132.6,593.9,,,,46.52,17.94,10.53,35.57,17.96,17.95,217.1,32.62,0.224,,,,,,,,,-0.654,1.0,-31.96,68.72,414.1,,,,0.009,0.008,0.047,0.002,0.007,0.008,0.28,0.016,0.012,,,,,,,,,0.007,0.0,1.347,13.62,47.71
7/13/2026 12:10:52,2026-07-13 12:10:00,,,,46.52,17.94,10.67,35.58,17.96,17.95,218.0,32.68,0.331,,,,,,,,,-0.658,1.0,-30.3,129.6,393.2,,,,46.54,17.96,10.82,35.59,17.97,17.97,218.9,32.73,0.648,,,,,,,,,-0.637,1.0,-27.4,172.3,606.6,,,,46.51,17.93,10.53,35.57,17.96,17.94,217.2,32.63,0.238,,,,,,,,,-0.774,1.0,-39.57,97.3,126.9,,,,0.006,0.006,0.048,0.002,0.003,0.005,0.273,0.015,0.081,,,,,,,,,0.037,0.0,3.091,20.89,142.1
7/13/2026 12:05:16,2026-07-13 12:00:00,,,,46.53,17.95,10.67,35.58,17.97,17.96,217.9,32.68,0.337,,,,,,,,,-0.653,1.0,-30.19,140.5,270.0,,,,46.55,17.97,10.8,35.59,17.97,17.97,218.8,32.73,0.496,,,,,,,,,-0.64,1.0,-27.23,165.9,617.1,,,,46.5,17.93,10.53,35.57,17.96,17.94,217.2,32.64,0.228,,,,,,,,,-0.675,1.0,-33.14,120.1,126.9,,,,0.007,0.007,0.043,0.003,0.003,0.006,0.255,0.014,0.054,,,,,,,,,0.008,0.0,1.542,13.05,157.1
7/13/2026 11:57:24,2026-07-13 11:50:00,,,,46.53,17.95,10.68,35.58,17.96,17.96,217.9,32.68,0.274,,,,,,,,,-0.644,1.0,-29.03,151.4,478.5,,,,46.56,17.97,10.79,35.6,17.97,17.98,218.8,32.73,0.441,,,,,,,,,-0.637,1.0,-27.15,217.3,754.5,,,,46.5,17.93,10.55,35.57,17.95,17.94,217.1,32.64,0.221,,,,,,,,,-0.661,1.0,-31.03,111.2,139.2,,,,0.009,0.009,0.042,0.003,0.004,0.008,0.281,0.016,0.038,,,,,,,,,0.007,0.0,1.152,30.79,169.4
7/13/2026 11:40:20,2026-07-13 11:40:00,,,,46.52,17.95,10.68,35.58,17.96,17.95,217.7,32.7,0.286,,,,,,,,,-0.648,1.0,-29.56,129.3,385.3,,,,46.54,17.96,10.81,35.59,17.97,17.96,218.5,32.75,0.488,,,,,,,,,-0.639,1.0,-27.45,164.0,573.3,,,,46.51,17.93,10.52,35.57,17.95,17.94,216.7,32.65,0.207,,,,,,,,,-0.668,1.0,-31.55,112.8,137.7,,,,0.005,0.005,0.044,0.002,0.002,0.005,0.294,0.015,0.07,,,,,,,,,0.008,0.0,1.144,12.0,179.5
7/13/2026 11:30:12,2026-07-13 11:30:00,,,,46.53,17.95,10.68,35.58,17.96,17.95,217.3,32.71,0.232,,,,,,,,,-0.647,1.0,-29.44,162.7,441.5,,,,46.55,17.96,10.83,35.59,17.97,17.97,218.1,32.76,0.305,,,,,,,,,-0.64,1.0,-27.62,209.3,633.5,,,,46.51,17.93,10.53,35.57,17.94,17.94,216.6,32.67,0.195,,,,,,,,,-0.664,1.0,-32.2,113.7,164.9,,,,0.006,0.005,0.045,0.002,0.005,0.005,0.279,0.015,0.02,,,,,,,,,0.007,0.0,1.15,24.49,144.5
7/13/2026 11:20:13,2026-07-13 11:20:00,,,,46.51,17.93,10.68,35.58,17.94,17.94,217.1,32.74,0.22,,,,,,,,,-0.651,1.0,-29.97,141.8,479.9,,,,46.53,17.95,10.8,35.59,17.95,17.96,218.2,32.78,0.399,,,,,,,,,-0.641,1.0,-27.62,160.6,600.5,,,,46.48,17.91,10.54,35.57,17.93,17.92,216.4,32.68,0.192,,,,,,,,,-0.673,1.0,-32.64,120.1,164.9,,,,0.009,0.008,0.042,0.002,0.006,0.008,0.265,0.015,0.015,,,,,,,,,0.009,0.0,1.502,9.18,115.1
7/13/2026 11:10:21,2026-07-13 11:10:00,,,,46.49,17.91,10.68,35.58,17.93,17.92,216.9,32.75,0.231,,,,,,,,,-0.664,1.0,-31.12,122.4,385.4,,,,46.5,17.92,10.83,35.59,17.94,17.93,217.7,32.79,0.35,,,,,,,,,-0.644,1.0,-27.63,153.9,538.8,,,,46.47,17.9,10.52,35.57,17.92,17.91,216.2,32.71,0.193,,,,,,,,,-0.759,1.0,-42.66,89.4,154.2,,,,0.006,0.005,0.043,0.002,0.002,0.004,0.278,0.015,0.017,,,,,,,,,0.029,0.0,3.127,14.9,139.0
7/13/2026 11:00:54,2026-07-13 11:00:00,,,,46.49,17.91,10.69,35.58,17.93,17.92,217.2,32.74,0.227,,,,,,,,,-0.655,1.0,-30.11,96.5,441.8,,,,46.51,17.92,10.81,35.59,17.94,17.93,218.1,32.78,0.285,,,,,,,,,-0.646,1.0,-27.75,127.8,564.1,,,,46.47,17.89,10.59,35.57,17.92,17.9,216.4,32.69,0.198,,,,,,,,,-0.698,1.0,-33.31,81.1,285.1,,,,0.006,0.005,0.043,0.002,0.003,0.005,0.286,0.016,0.011,,,,,,,,,0.012,0.0,1.305,12.41,65.21
7/13/2026 10:54:03,2026-07-13 10:50:00,,,,46.49,17.91,10.69,35.58,17.92,17.92,217.3,32.73,0.238,,,,,,,,,-0.66,1.0,-30.75,90.1,442.0,,,,46.5,17.92,10.83,35.59,17.93,17.93,218.1,32.78,0.28,,,,,,,,,-0.648,1.0,-28.16,103.4,513.2,,,,46.47,17.89,10.57,35.57,17.91,17.9,216.4,32.68,0.209,,,,,,,,,-0.804,1.0,-40.34,78.93,382.5,,,,0.006,0.006,0.041,0.002,0.003,0.005,0.268,0.015,0.011,,,,,,,,,0.034,0.0,2.567,6.953,36.88
7/13/2026 10:41:09,2026-07-13 10:40:00,,,,46.47,17.9,10.69,35.58,17.91,17.91,217.4,32.73,0.252,,,,,,,,,-0.664,1.0,-30.51,101.0,425.6,,,,46.49,17.91,10.81,35.59,17.92,17.92,218.3,32.77,0.314,,,,,,,,,-0.649,1.0,-27.91,117.3,518.3,,,,46.46,17.88,10.55,35.57,17.9,17.89,216.7,32.68,0.213,,,,,,,,,-0.763,1.0,-37.19,83.9,243.7,,,,0.006,0.005,0.04,0.002,0.004,0.005,0.271,0.015,0.013,,,,,,,,,0.025,0.0,1.968,9.48,60.86
7/13/2026 10:30:18,2026-07-13 10:30:00,,,,46.46,17.89,10.69,35.58,17.9,17.89,217.6,32.73,0.262,,,,,,,,,-0.662,1.0,-30.99,97.7,434.2,,,,46.48,17.9,10.81,35.59,17.91,17.91,218.7,32.77,0.334,,,,,,,,,-0.652,1.0,-28.42,113.9,534.8,,,,46.45,17.87,10.57,35.57,17.89,17.88,216.7,32.67,0.229,,,,,,,,,-0.765,1.0,-37.87,84.4,369.3,,,,0.007,0.006,0.041,0.002,0.006,0.006,0.289,0.015,0.013,,,,,,,,,0.024,0.0,2.057,7.69,42.7
7/13/2026 10:23:52,2026-07-13 10:20:00,,,,46.44,17.87,10.69,35.58,17.88,17.87,217.7,32.73,0.269,,,,,,,,,-0.667,1.0,-31.27,95.4,399.0,,,,46.46,17.88,10.83,35.59,17.9,17.88,218.4,32.78,0.539,,,,,,,,,-0.654,1.0,-28.66,108.4,511.5,,,,46.42,17.85,10.56,35.57,17.87,17.86,216.9,32.69,0.227,,,,,,,,,-0.769,1.0,-37.71,83.3,332.9,,,,0.007,0.006,0.043,0.001,0.006,0.006,0.279,0.016,0.019,,,,,,,,,0.024,0.0,1.988,7.104,28.84
7/13/2026 10:10:12,2026-07-13 10:10:00,,,,46.42,17.85,10.69,35.58,17.87,17.85,217.1,32.77,0.267,,,,,,,,,-0.67,1.0,-31.64,96.9,450.0,,,,46.43,17.86,10.86,35.59,17.88,17.86,218.2,32.82,0.322,,,,,,,,,-0.656,1.0,-28.23,109.5,520.4,,,,46.41,17.84,10.53,35.57,17.86,17.84,216.2,32.71,0.226,,,,,,,,,-0.773,1.0,-40.15,84.9,398.5,,,,0.005,0.004,0.042,0.001,0.004,0.004,0.298,0.016,0.014,,,,,,,,,0.032,0.0,2.718,5.859,32.43
7/13/2026 10:00:20,2026-07-13 10:00:00,,,,46.41,17.83,10.69,35.58,17.86,17.84,217.2,32.77,0.299,,,,,,,,,-0.663,1.0,-31.31,109.3,399.2,,,,46.42,17.85,10.81,35.58,17.87,17.85,218.2,32.82,0.544,,,,,,,,,-0.657,1.0,-29.13,136.2,533.8,,,,46.4,17.83,10.55,35.57,17.85,17.83,216.2,32.71,0.257,,,,,,,,,-0.674,1.0,-33.18,91.1,156.4,,,,0.005,0.004,0.045,0.001,0.003,0.004,0.283,0.015,0.023,,,,,,,,,0.005,0.0,1.125,11.74,71.26
7/13/2026 09:50:51,2026-07-13 09:50:00,,,,46.4,17.83,10.69,35.58,17.85,17.83,217.3,32.77,0.315,,,,,,,,,-0.665,1.0,-31.43,120.9,336.9,,,,46.41,17.84,10.82,35.58,17.86,17.84,218.0,32.81,0.369,,,,,,,,,-0.66,1.0,-29.31,140.4,433.6,,,,46.39,17.82,10.55,35.57,17.84,17.83,216.5,32.73,0.279,,,,,,,,,-0.678,1.0,-35.21,102.9,156.4,,,,0.003,0.003,0.046,0.001,0.003,0.003,0.28,0.015,0.014,,,,,,,,,0.006,0.0,1.413,10.43,64.04
7/13/2026 09:40:17,2026-07-13 09:40:00,,,,46.39,17.82,10.69,35.58,17.84,17.83,217.0,32.78,0.321,,,,,,,,,-0.664,1.0,-31.23,113.7,389.3,,,,46.4,17.83,10.8,35.58,17.85,17.83,217.9,32.84,0.405,,,,,,,,,-0.659,1.0,-29.52,145.8,442.1,,,,46.38,17.81,10.55,35.58,17.83,17.82,216.1,32.74,0.286,,,,,,,,,-0.677,1.0,-33.99,97.3,279.3,,,,0.003,0.003,0.041,0.001,0.004,0.003,0.276,0.015,0.015,,,,,,,,,0.005,0.0,1.268,12.85,39.02
7/13/2026 09:32:26,2026-07-13 09:30:00,,,,46.38,17.81,10.69,35.58,17.82,17.82,217.2,32.78,0.336,,,,,,,,,-0.667,1.0,-31.39,89.7,373.3,,,,46.4,17.82,10.82,35.58,17.84,17.83,218.0,32.83,0.376,,,,,,,,,-0.663,1.0,-29.73,100.1,419.1,,,,46.37,17.8,10.56,35.58,17.81,17.8,216.4,32.74,0.299,,,,,,,,,-0.678,1.0,-34.37,72.41,309.3,,,,0.007,0.006,0.041,0.001,0.007,0.006,0.275,0.015,0.013,,,,,,,,,0.005,0.0,1.259,6.871,28.13
7/13/2026 09:20:12,2026-07-13 09:20:00,,,,46.36,17.79,10.69,35.58,17.8,17.8,217.5,32.78,0.357,,,,,,,,,-0.666,1.0,-31.1,79.42,341.6,,,,46.38,17.8,10.83,35.58,17.82,17.81,218.4,32.83,0.446,,,,,,,,,-0.665,1.0,-29.48,89.4,425.9,,,,46.34,17.77,10.58,35.58,17.78,17.78,216.6,32.73,0.31,,,,,,,,,-0.675,1.0,-33.34,70.91,308.7,,,,0.007,0.007,0.042,0.001,0.008,0.007,0.318,0.016,0.016,,,,,,,,,0.002,0.0,1.102,4.613,29.23
7/13/2026 09:10:12,2026-07-13 09:10:00,,,,46.34,17.76,10.69,35.58,17.77,17.77,217.7,32.77,0.37,,,,,,,,,-0.678,1.0,-31.66,76.14,353.1,,,,46.35,17.77,10.79,35.59,17.79,17.78,218.8,32.83,0.625,,,,,,,,,-0.665,1.0,-29.66,86.0,408.6,,,,46.32,17.75,10.55,35.58,17.76,17.76,216.7,32.72,0.329,,,,,,,,,-0.783,1.0,-40.58,68.23,316.0,,,,0.007,0.007,0.038,0.001,0.008,0.007,0.325,0.016,0.019,,,,,,,,,0.033,0.0,2.781,5.887,29.05
7/13/2026 09:02:32,2026-07-13 09:00:00,,,,46.31,17.74,10.69,35.58,17.75,17.74,218.6,32.74,0.401,,,,,,,,,-0.67,1.0,-31.27,76.32,321.6,,,,46.33,17.75,10.85,35.59,17.77,17.76,219.5,32.79,0.451,,,,,,,,,-0.665,1.0,-29.38,88.3,387.5,,,,46.29,17.72,10.57,35.58,17.73,17.72,217.6,32.69,0.349,,,,,,,,,-0.683,1.0,-33.57,65.56,248.2,,,,0.01,0.009,0.039,0.001,0.009,0.009,0.309,0.016,0.018,,,,,,,,,0.004,0.0,1.112,5.818,32.93
7/13/2026 08:50:09,2026-07-13 08:50:00,,,,46.28,17.7,10.69,35.58,17.72,17.71,218.7,32.75,0.406,,,,,,,,,-0.672,1.0,-31.55,75.83,277.4,,,,46.3,17.72,10.8,35.59,17.74,17.73,219.5,32.79,0.46,,,,,,,,,-0.668,1.0,-29.66,90.7,385.8,,,,46.26,17.69,10.59,35.58,17.71,17.69,217.7,32.7,0.357,,,,,,,,,-0.688,1.0,-33.5,65.57,227.0,,,,0.008,0.008,0.038,0.001,0.006,0.008,0.303,0.015,0.018,,,,,,,,,0.005,0.0,1.046,5.485,40.25
7/13/2026 08:40:56,2026-07-13 08:40:00,,,,46.26,17.69,10.69,35.58,17.71,17.69,219.0,32.74,0.403,,,,,,,,,-0.67,1.0,-31.49,71.79,311.8,,,,46.27,17.7,10.83,35.59,17.72,17.7,220.2,32.79,0.463,,,,,,,,,-0.667,1.0,-29.6,81.1,400.2,,,,46.25,17.67,10.57,35.58,17.71,17.68,218.1,32.67,0.36,,,,,,,,,-0.683,1.0,-34.15,63.35,237.7,,,,0.006,0.005,0.039,0.001,0.003,0.005,0.333,0.019,0.017,,,,,,,,,0.003,0.0,1.208,4.82,38.15
7/13/2026 08:32:20,2026-07-13 08:30:00,,,,46.27,17.69,10.7,35.58,17.71,17.7,219.0,32.74,0.432,,,,,,,,,-0.674,1.0,-31.72,61.69,266.4,,,,46.28,17.7,10.84,35.59,17.72,17.71,220.0,32.81,0.516,,,,,,,,,-0.67,1.0,-29.42,72.94,333.2,,,,46.26,17.68,10.57,35.58,17.69,17.69,217.7,32.68,0.373,,,,,,,,,-0.689,1.0,-34.63,51.67,184.2,,,,0.003,0.003,0.039,0.001,0.007,0.003,0.413,0.022,0.021,,,,,,,,,0.005,0.0,1.364,5.802,34.85
7/13/2026 08:21:43,2026-07-13 08:20:00,,,,46.24,17.67,10.7,35.58,17.67,17.68,217.5,32.82,0.433,,,,,,,,,-0.676,1.0,-32.11,59.39,224.4,,,,46.27,17.69,10.83,35.59,17.7,17.7,218.8,32.89,0.673,,,,,,,,,-0.672,1.0,-29.97,71.94,323.8,,,,46.21,17.64,10.56,35.57,17.65,17.65,216.4,32.75,0.381,,,,,,,,,-0.691,1.0,-36.15,51.65,133.6,,,,0.011,0.01,0.039,0.002,0.012,0.01,0.474,0.029,0.026,,,,,,,,,0.004,0.0,1.417,5.179,43.16
7/13/2026 08:10:12,2026-07-13 08:10:00,,,,46.2,17.63,10.7,35.58,17.63,17.64,216.7,32.89,0.44,,,,,,,,,-0.688,1.0,-33.11,61.47,154.6,,,,46.23,17.66,10.83,35.59,17.66,17.66,217.9,32.96,0.552,,,,,,,,,-0.674,1.0,-30.31,72.99,204.7,,,,46.17,17.6,10.59,35.57,17.6,17.6,215.6,32.81,0.381,,,,,,,,,-0.795,1.0,-43.62,53.9,107.4,,,,0.016,0.015,0.038,0.002,0.016,0.015,0.399,0.026,0.023,,,,,,,,,0.031,0.0,2.82,4.563,25.61
7/13/2026 08:00:23,2026-07-13 08:00:00,,,,46.13,17.55,10.69,35.58,17.58,17.56,217.9,32.86,0.461,,,,,,,,,-0.685,1.0,-33.07,73.4,116.1,,,,46.18,17.61,10.82,35.59,17.6,17.62,219.5,32.94,0.598,,,,,,,,,-0.67,1.0,-30.92,89.4,187.5,,,,46.09,17.52,10.58,35.57,17.57,17.53,215.8,32.78,0.373,,,,,,,,,-0.792,1.0,-39.51,63.4,82.5,,,,0.022,0.024,0.041,0.003,0.006,0.023,0.759,0.032,0.037,,,,,,,,,0.025,0.0,1.967,6.994,33.08
7/13/2026 07:50:16,2026-07-13 07:50:00,,,,46.12,17.54,10.69,35.59,17.6,17.55,218.9,32.81,0.552,,,,,,,,,-0.685,1.0,-32.64,85.5,96.3,,,,46.14,17.56,10.82,35.6,17.64,17.56,219.8,32.86,0.822,,,,,,,,,-0.673,1.0,-30.05,96.8,108.0,,,,46.1,17.52,10.56,35.58,17.58,17.53,218.0,32.75,0.466,,,,,,,,,-0.794,1.0,-40.89,69.34,79.02,,,,0.007,0.006,0.039,0.003,0.013,0.006,0.316,0.017,0.039,,,,,,,,,0.025,0.0,2.202,6.429,7.419
7/13/2026 07:41:42,2026-07-13 07:40:00,,,,46.18,17.6,10.69,35.59,17.69,17.61,218.9,32.78,0.576,,,,,,,,,-0.686,1.0,-32.92,62.8,77.12,,,,46.29,17.71,10.81,35.61,17.76,17.72,219.9,32.83,0.737,,,,,,,,,-0.676,1.0,-30.71,72.21,92.3,,,,46.12,17.54,10.56,35.55,17.63,17.55,217.8,32.73,0.482,,,,,,,,,-0.783,1.0,-40.44,43.38,65.66,,,,0.057,0.057,0.038,0.005,0.041,0.056,0.411,0.016,0.034,,,,,,,,,0.022,0.0,2.147,6.654,7.216
7/13/2026 07:31:17,2026-07-13 07:30:00,,,,46.29,17.71,10.69,35.59,17.79,17.72,218.2,32.77,0.547,,,,,,,,,-0.687,1.0,-32.92,45.36,75.16,,,,46.37,17.79,10.82,35.6,17.84,17.79,219.2,32.81,0.813,,,,,,,,,-0.677,1.0,-30.43,53.91,136.6,,,,46.25,17.67,10.56,35.57,17.75,17.68,217.3,32.72,0.468,,,,,,,,,-0.798,1.0,-39.9,37.34,40.15,,,,0.031,0.031,0.043,0.003,0.027,0.031,0.316,0.015,0.029,,,,,,,,,0.026,0.0,2.003,4.157,23.58
7/13/2026 07:20:55,2026-07-13 07:20:00,,,,46.38,17.8,10.69,35.58,17.85,17.81,217.8,32.75,0.552,,,,,,,,,-0.688,1.0,-32.85,40.39,73.54,,,,46.42,17.84,10.88,35.6,17.88,17.84,218.7,32.79,0.713,,,,,,,,,-0.679,1.0,-30.41,47.27,101.3,,,,45.94,17.77,10.55,35.22,17.83,17.77,217.0,32.71,0.49,,,,,,,,,-0.801,1.0,-39.34,33.41,48.55,,,,0.028,0.015,0.046,0.02,0.013,0.015,0.283,0.014,0.03,,,,,,,,,0.026,0.0,1.794,4.537,14.47
7/13/2026 07:10:58,2026-07-13 07:10:00,,,,46.43,17.85,10.69,35.58,17.89,17.86,217.5,32.75,0.607,,,,,,,,,-0.693,1.0,-33.06,31.3,50.3,,,,46.46,17.88,10.81,35.6,17.91,17.88,218.3,32.8,0.863,,,,,,,,,-0.68,1.0,-30.55,35.17,75.16,,,,46.39,17.81,10.57,35.57,17.87,17.82,216.7,32.7,0.533,,,,,,,,,-0.801,1.0,-42.62,27.55,32.38,,,,0.015,0.015,0.043,0.004,0.01,0.014,0.298,0.015,0.034,,,,,,,,,0.034,0.0,2.919,2.668,12.08
7/13/2026 07:00:21,2026-07-13 07:00:00,,,,46.47,17.89,10.69,35.58,17.92,17.89,217.3,32.74,0.68,,,,,,,,,-0.683,1.0,-32.17,26.73,32.05,,,,46.49,17.91,10.84,35.6,17.93,17.92,218.2,32.78,0.887,,,,,,,,,-0.681,1.0,-30.72,30.76,43.51,,,,46.44,17.86,10.58,35.57,17.9,17.87,216.6,32.7,0.598,,,,,,,,,-0.692,1.0,-34.87,22.96,25.18,,,,0.011,0.011,0.044,0.004,0.006,0.01,0.267,0.014,0.038,,,,,,,,,0.002,0.0,1.121,1.932,4.304
7/13/2026 06:50:15,2026-07-13 06:50:00,,,,46.49,17.91,10.69,35.58,17.93,17.91,217.3,32.73,0.736,,,,,,,,,-0.687,1.0,-32.97,20.95,22.58,,,,46.51,17.92,10.83,35.6,17.94,17.93,218.2,32.78,0.868,,,,,,,,,-0.68,1.0,-31.13,24.02,27.38,,,,46.46,17.89,10.52,35.57,17.92,17.9,216.6,32.68,0.658,,,,,,,,,-0.69,1.0,-35.21,16.7,18.06,,,,0.007,0.007,0.043,0.004,0.003,0.006,0.266,0.014,0.034,,,,,,,,,0.003,0.0,1.235,2.07,2.343
7/13/2026 06:41:20,2026-07-13 06:30:00,,,,46.5,17.92,10.69,35.58,17.94,17.93,216.8,32.75,0.748,,,,,,,,,-0.689,1.0,-32.78,5.911,7.106,,,,46.51,17.93,10.85,35.6,17.94,17.94,217.8,32.8,0.983,,,,,,,,,-0.686,1.0,-31.21,9.02,9.54,,,,46.47,17.9,10.58,35.56,17.93,17.91,216.0,32.71,0.652,,,,,,,,,-0.703,1.0,-34.92,4.536,5.153,,,,0.008,0.007,0.043,0.004,0.003,0.006,0.327,0.017,0.043,,,,,,,,,0.004,0.0,1.143,1.414,1.131
7/13/2026 06:41:00,2026-07-13 06:40:00,,,,46.49,17.91,10.69,35.58,17.93,17.92,217.2,32.73,0.756,,,,,,,,,-0.689,1.0,-32.83,12.34,13.47,,,,46.51,17.93,10.82,35.6,17.94,17.93,218.1,32.77,1.131,,,,,,,,,-0.684,1.0,-30.92,17.89,19.69,,,,46.47,17.89,10.52,35.57,17.93,17.9,216.5,32.69,0.678,,,,,,,,,-0.701,1.0,-34.5,7.541,9.54,,,,0.007,0.006,0.043,0.004,0.002,0.006,0.268,0.014,0.042,,,,,,,,,0.004,0.0,0.969,3.203,3.392
7/13/2026 06:22:35,2026-07-13 06:20:00,,,,46.49,17.91,10.69,35.58,17.92,17.92,216.3,32.78,0.736,,,,,,,,,-0.687,1.0,-32.88,2.81,3.659,,,,46.51,17.93,10.83,35.6,17.93,17.94,217.3,32.84,1.065,,,,,,,,,-0.686,1.0,-31.15,4.537,5.153,,,,46.46,17.89,10.56,35.57,17.91,17.89,215.4,32.73,0.652,,,,,,,,,-0.689,1.0,-35.0,1.891,2.414,,,,0.011,0.01,0.043,0.004,0.007,0.01,0.324,0.019,0.048,,,,,,,,,0.001,0.0,1.092,0.828,0.761
7/13/2026 06:12:40,2026-07-13 06:10:00,,,,46.47,17.89,10.7,35.58,17.91,17.89,216.8,32.77,0.737,,,,,,,,,-0.698,1.0,-33.64,1.93,2.713,,,,46.48,17.9,10.84,35.6,17.92,17.91,217.5,32.81,1.002,,,,,,,,,-0.687,1.0,-30.0,3.458,4.047,,,,46.44,17.87,10.57,35.57,17.9,17.88,216.0,32.73,0.636,,,,,,,,,-0.806,1.0,-43.69,0.914,1.306,,,,0.008,0.007,0.041,0.004,0.003,0.006,0.267,0.014,0.051,,,,,,,,,0.033,0.0,3.107,1.074,0.967
7/13/2026 06:01:16,2026-07-13 06:00:00,,,,46.46,17.88,10.7,35.58,17.9,17.89,216.8,32.77,0.698,,,,,,,,,-0.687,1.0,-32.54,0.882,1.602,,,,46.48,17.9,10.85,35.6,17.91,17.9,217.6,32.82,0.925,,,,,,,,,-0.686,1.0,-30.69,1.064,1.862,,,,46.44,17.86,10.58,35.57,17.9,17.87,215.9,32.73,0.621,,,,,,,,,-0.691,1.0,-34.54,0.456,0.659,,,,0.007,0.006,0.043,0.004,0.003,0.006,0.27,0.014,0.041,,,,,,,,,0.001,0.0,1.049,0.145,0.389
7/13/2026 05:53:57,2026-07-13 05:50:00,,,,46.46,17.88,10.69,35.58,17.9,17.89,216.7,32.78,0.699,,,,,,,,,-0.688,1.0,-32.88,0.92,1.573,,,,46.47,17.89,10.86,35.59,17.91,17.9,217.5,32.82,0.878,,,,,,,,,-0.685,1.0,-30.72,1.906,2.216,,,,46.44,17.86,10.56,35.56,17.89,17.87,216.0,32.73,0.618,,,,,,,,,-0.703,1.0,-35.34,0.464,0.733,,,,0.007,0.007,0.041,0.004,0.003,0.006,0.279,0.015,0.038,,,,,,,,,0.004,0.0,1.289,0.263,0.381
7/13/2026 05:49:11,2026-07-13 05:40:00,,,,46.45,17.87,10.69,35.58,17.9,17.88,216.8,32.78,0.693,,,,,,,,,-0.687,1.0,-32.89,0.947,1.562,,,,46.47,17.89,10.81,35.6,17.91,17.89,217.7,32.81,0.93,,,,,,,,,-0.685,1.0,-31.33,1.906,2.045,,,,46.42,17.85,10.59,35.57,17.89,17.86,216.1,32.73,0.623,,,,,,,,,-0.701,1.0,-35.07,0.463,0.776,,,,0.008,0.007,0.041,0.004,0.004,0.006,0.254,0.014,0.039,,,,,,,,,0.003,0.0,1.18,0.316,0.409
7/13/2026 05:30:19,2026-07-13 05:30:00,,,,46.46,17.89,10.69,35.58,17.92,17.89,216.7,32.77,0.708,,,,,,,,,-0.688,1.0,-32.52,0.855,1.393,,,,46.48,17.9,10.85,35.59,17.93,17.91,217.4,32.82,0.899,,,,,,,,,-0.684,1.0,-30.7,1.897,2.403,,,,46.43,17.86,10.57,35.57,17.91,17.86,215.9,32.73,0.637,,,,,,,,,-0.711,1.0,-34.82,0.456,0.317,,,,0.009,0.009,0.044,0.003,0.005,0.008,0.264,0.014,0.042,,,,,,,,,0.006,0.0,1.076,0.308,0.45
7/13/2026 05:20:48,2026-07-13 05:20:00,,,,46.48,17.9,10.69,35.58,17.93,17.91,216.7,32.77,0.719,,,,,,,,,-0.687,1.0,-32.59,0.852,1.217,,,,46.49,17.91,10.87,35.59,17.94,17.92,217.6,32.81,0.893,,,,,,,,,-0.684,1.0,-30.91,1.891,2.052,,,,46.46,17.88,10.55,35.57,17.92,17.89,215.9,32.72,0.645,,,,,,,,,-0.7,1.0,-35.29,0.454,0.317,,,,0.006,0.006,0.047,0.003,0.003,0.005,0.269,0.014,0.04,,,,,,,,,0.003,0.0,1.174,0.308,0.349
7/13/2026 05:10:55,2026-07-13 05:10:00,,,,46.49,17.91,10.69,35.58,17.94,17.92,216.5,32.77,0.731,,,,,,,,,-0.696,1.0,-33.35,0.734,1.054,,,,46.51,17.93,10.82,35.6,17.95,17.93,217.5,32.82,0.917,,,,,,,,,-0.684,1.0,-30.78,0.927,1.867,,,,46.46,17.89,10.56,35.56,17.93,17.9,215.5,32.73,0.66,,,,,,,,,-0.804,1.0,-46.84,0.455,0.317,,,,0.007,0.007,0.045,0.004,0.004,0.006,0.32,0.017,0.039,,,,,,,,,0.032,0.0,3.504,0.224,0.411
7/13/2026 05:01:26,2026-07-13 05:00:00,,,,46.5,17.93,10.69,35.58,17.95,17.93,216.4,32.77,0.739,,,,,,,,,-0.691,1.0,-33.29,0.828,1.325,,,,46.52,17.94,10.81,35.6,17.96,17.95,217.2,32.82,0.951,,,,,,,,,-0.683,1.0,-30.35,1.898,2.023,,,,46.47,17.9,10.55,35.57,17.94,17.91,215.5,32.73,0.663,,,,,,,,,-0.804,1.0,-40.17,0.455,0.321,,,,0.008,0.008,0.043,0.003,0.004,0.007,0.298,0.016,0.042,,,,,,,,,0.026,0.0,2.062,0.408,0.439
7/13/2026 04:50:09,2026-07-13 04:50:00,,,,46.52,17.94,10.69,35.58,17.95,17.94,216.6,32.76,0.742,,,,,,,,,-0.692,1.0,-33.15,0.988,1.542,,,,46.53,17.95,10.83,35.6,17.96,17.96,217.6,32.81,0.925,,,,,,,,,-0.684,1.0,-31.29,1.902,2.405,,,,46.49,17.92,10.5,35.56,17.95,17.92,215.8,32.71,0.658,,,,,,,,,-0.802,1.0,-40.94,0.456,0.351,,,,0.008,0.007,0.046,0.004,0.003,0.006,0.294,0.017,0.04,,,,,,,,,0.026,0.0,2.097,0.32,0.414
7/13/2026 04:41:12,2026-07-13 04:40:00,,,,46.52,17.94,10.68,35.58,17.95,17.94,216.9,32.74,0.746,,,,,,,,,-0.687,1.0,-32.83,0.936,1.578,,,,46.53,17.95,10.82,35.6,17.96,17.96,217.6,32.79,0.96,,,,,,,,,-0.682,1.0,-31.12,1.888,2.404,,,,46.5,17.92,10.56,35.57,17.95,17.93,216.1,32.7,0.661,,,,,,,,,-0.733,1.0,-35.46,0.457,1.294,,,,0.007,0.007,0.045,0.004,0.003,0.006,0.275,0.014,0.043,,,,,,,,,0.011,0.0,1.291,0.24,0.327
7/13/2026 04:39:14,2026-07-13 04:30:00,,,,46.51,17.93,10.68,35.58,17.95,17.94,217.1,32.73,0.746,,,,,,,,,-0.691,1.0,-32.95,1.034,1.644,,,,46.53,17.95,10.81,35.6,17.95,17.95,217.9,32.78,0.99,,,,,,,,,-0.682,1.0,-30.33,1.892,2.418,,,,46.49,17.91,10.47,35.57,17.94,17.92,216.3,32.69,0.67,,,,,,,,,-0.798,1.0,-41.48,0.455,0.32,,,,0.007,0.007,0.042,0.003,0.003,0.006,0.275,0.015,0.042,,,,,,,,,0.025,0.0,2.254,0.372,0.459
7/13/2026 04:20:12,2026-07-13 04:20:00,,,,46.51,17.93,10.68,35.58,17.94,17.93,217.2,32.73,0.755,,,,,,,,,-0.69,1.0,-32.92,0.849,1.348,,,,46.52,17.94,10.81,35.6,17.95,17.95,218.0,32.77,0.916,,,,,,,,,-0.682,1.0,-30.6,1.901,1.862,,,,46.48,17.9,10.56,35.57,17.94,17.91,216.4,32.69,0.674,,,,,,,,,-0.8,1.0,-40.75,0.449,0.322,,,,0.007,0.007,0.043,0.003,0.003,0.006,0.275,0.015,0.044,,,,,,,,,0.025,0.0,2.181,0.309,0.356
7/13/2026 04:10:09,2026-07-13 04:10:00,,,,46.5,17.93,10.69,35.58,17.94,17.93,217.3,32.73,0.751,,,,,,,,,-0.695,1.0,-33.47,0.898,1.481,,,,46.52,17.94,10.84,35.6,17.95,17.94,218.2,32.77,0.896,,,,,,,,,-0.681,1.0,-30.95,1.893,1.875,,,,46.48,17.91,10.56,35.57,17.93,17.92,216.5,32.68,0.675,,,,,,,,,-0.802,1.0,-42.16,0.456,0.322,,,,0.007,0.006,0.044,0.003,0.002,0.005,0.27,0.014,0.038,,,,,,,,,0.034,0.0,2.769,0.28,0.377
7/13/2026 04:01:10,2026-07-13 04:00:00,,,,46.5,17.92,10.69,35.58,17.94,17.93,217.3,32.72,0.752,,,,,,,,,-0.683,1.0,-32.56,0.789,1.388,,,,46.52,17.94,10.82,35.6,17.95,17.94,218.1,32.77,1.032,,,,,,,,,-0.68,1.0,-30.78,0.922,1.866,,,,46.48,17.9,10.56,35.57,17.94,17.91,216.5,32.68,0.674,,,,,,,,,-0.687,1.0,-34.97,0.456,0.782,,,,0.007,0.007,0.045,0.004,0.002,0.006,0.27,0.014,0.042,,,,,,,,,0.002,0.0,1.178,0.185,0.333
7/13/2026 03:53:14,2026-07-13 03:50:00,,,,46.51,17.93,10.69,35.58,17.94,17.93,217.2,32.73,0.765,,,,,,,,,-0.683,1.0,-32.42,0.941,1.565,,,,46.52,17.94,10.84,35.6,17.95,17.94,218.0,32.77,0.956,,,,,,,,,-0.68,1.0,-30.92,1.899,2.422,,,,46.48,17.91,10.55,35.57,17.94,17.92,216.4,32.69,0.673,,,,,,,,,-0.689,1.0,-35.09,0.455,0.326,,,,0.007,0.007,0.045,0.003,0.003,0.006,0.287,0.015,0.045,,,,,,,,,0.002,0.0,1.082,0.355,0.46
7/13/2026 03:47:48,2026-07-13 03:40:00,,,,46.51,17.93,10.69,35.58,17.94,17.93,216.8,32.75,0.748,,,,,,,,,-0.683,1.0,-32.44,0.827,1.393,,,,46.52,17.94,10.83,35.6,17.95,17.94,217.7,32.81,0.962,,,,,,,,,-0.68,1.0,-30.41,1.895,2.968,,,,46.48,17.9,10.55,35.57,17.93,17.91,215.8,32.71,0.674,,,,,,,,,-0.701,1.0,-35.2,0.455,0.779,,,,0.007,0.006,0.044,0.003,0.003,0.006,0.291,0.016,0.041,,,,,,,,,0.004,0.0,1.416,0.32,0.495
7/13/2026 03:31:11,2026-07-13 03:30:00,,,,46.5,17.92,10.69,35.58,17.92,17.92,216.4,32.78,0.74,,,,,,,,,-0.682,1.0,-32.29,0.891,1.636,,,,46.51,17.93,10.81,35.6,17.94,17.94,217.3,32.83,0.932,,,,,,,,,-0.679,1.0,-30.93,1.597,2.402,,,,46.47,17.89,10.56,35.57,17.91,17.9,215.6,32.73,0.659,,,,,,,,,-0.686,1.0,-33.97,0.46,1.293,,,,0.008,0.007,0.043,0.004,0.006,0.007,0.294,0.017,0.042,,,,,,,,,0.002,0.0,0.972,0.229,0.322
7/13/2026 03:20:19,2026-07-13 03:20:00,,,,46.47,17.89,10.69,35.58,17.9,17.9,216.5,32.78,0.744,,,,,,,,,-0.683,1.0,-32.44,0.781,1.337,,,,46.5,17.92,10.8,35.59,17.92,17.92,217.6,32.84,1.046,,,,,,,,,-0.68,1.0,-30.93,0.927,1.858,,,,46.44,17.86,10.57,35.57,17.89,17.87,215.4,32.73,0.657,,,,,,,,,-0.7,1.0,-34.5,0.452,0.463,,,,0.014,0.013,0.043,0.003,0.009,0.013,0.307,0.015,0.042,,,,,,,,,0.005,0.0,1.13,0.192,0.318
7/13/2026 03:10:57,2026-07-13 03:10:00,,,,46.44,17.87,10.69,35.58,17.89,17.87,217.0,32.76,0.75,,,,,,,,,-0.693,1.0,-33.37,0.754,1.168,,,,46.46,17.88,10.85,35.6,17.9,17.88,217.9,32.8,0.943,,,,,,,,,-0.68,1.0,-30.62,0.927,1.864,,,,46.42,17.85,10.55,35.57,17.88,17.86,216.4,32.72,0.673,,,,,,,,,-0.799,1.0,-41.18,0.453,0.32,,,,0.006,0.006,0.045,0.004,0.002,0.005,0.277,0.015,0.043,,,,,,,,,0.033,0.0,2.621,0.216,0.467
7/13/2026 03:02:22,2026-07-13 03:00:00,,,,46.45,17.87,10.69,35.58,17.88,17.87,217.0,32.77,0.746,,,,,,,,,-0.681,1.0,-32.3,0.688,1.16,,,,46.46,17.88,10.82,35.6,17.9,17.89,217.8,32.81,1.058,,,,,,,,,-0.679,1.0,-30.77,0.924,1.87,,,,46.42,17.85,10.56,35.57,17.87,17.86,216.2,32.73,0.678,,,,,,,,,-0.684,1.0,-34.58,0.439,0.322,,,,0.007,0.006,0.042,0.003,0.004,0.006,0.254,0.014,0.044,,,,,,,,,0.001,0.0,1.053,0.225,0.438
7/13/2026 02:50:53,2026-07-13 02:50:00,,,,46.43,17.85,10.69,35.58,17.87,17.86,216.9,32.78,0.736,,,,,,,,,-0.681,1.0,-32.22,0.733,1.126,,,,46.45,17.87,10.81,35.6,17.88,17.87,217.8,32.82,1.016,,,,,,,,,-0.679,1.0,-29.94,0.919,1.865,,,,46.41,17.83,10.55,35.57,17.86,17.84,216.0,32.73,0.662,,,,,,,,,-0.687,1.0,-33.88,0.447,0.32,,,,0.008,0.007,0.042,0.003,0.004,0.007,0.276,0.015,0.044,,,,,,,,,0.002,0.0,1.12,0.21,0.421
7/13/2026 02:40:19,2026-07-13 02:40:00,,,,46.42,17.85,10.69,35.58,17.86,17.85,217.0,32.78,0.725,,,,,,,,,-0.684,1.0,-32.4,0.927,1.374,,,,46.44,17.86,10.81,35.6,17.87,17.86,217.8,32.82,0.91,,,,,,,,,-0.678,1.0,-30.96,1.89,1.865,,,,46.4,17.82,10.57,35.57,17.86,17.83,216.2,32.73,0.66,,,,,,,,,-0.718,1.0,-35.58,0.448,0.318,,,,0.007,0.006,0.044,0.004,0.003,0.005,0.274,0.015,0.041,,,,,,,,,0.011,0.0,1.117,0.357,0.397
7/13/2026 02:30:13,2026-07-13 02:30:00,,,,46.42,17.84,10.69,35.58,17.85,17.84,217.2,32.77,0.725,,,,,,,,,-0.68,1.0,-32.04,0.959,1.559,,,,46.44,17.86,10.81,35.6,17.87,17.86,218.3,32.83,1.308,,,,,,,,,-0.677,1.0,-29.51,1.887,1.871,,,,46.39,17.81,10.54,35.57,17.83,17.82,216.0,32.72,0.657,,,,,,,,,-0.695,1.0,-34.34,0.901,1.3,,,,0.01,0.009,0.046,0.004,0.008,0.009,0.309,0.016,0.045,,,,,,,,,0.004,0.0,1.199,0.213,0.274
7/13/2026 02:20:51,2026-07-13 02:20:00,,,,46.38,17.8,10.69,35.58,17.82,17.81,217.7,32.76,0.732,,,,,,,,,-0.681,1.0,-32.23,0.742,1.166,,,,46.41,17.83,10.82,35.6,17.84,17.84,218.5,32.81,1.0,,,,,,,,,-0.678,1.0,-30.63,0.919,1.863,,,,46.26,17.77,10.57,35.47,17.81,17.78,216.7,32.72,0.657,,,,,,,,,-0.693,1.0,-34.13,0.449,0.321,,,,0.015,0.014,0.042,0.006,0.006,0.014,0.329,0.015,0.043,,,,,,,,,0.003,0.0,1.122,0.2,0.562
7/13/2026 02:10:12,2026-07-13 02:10:00,,,,46.37,17.79,10.7,35.58,17.82,17.8,218.1,32.74,0.713,,,,,,,,,-0.689,1.0,-32.59,0.931,1.496,,,,46.39,17.81,10.82,35.6,17.83,17.81,219.0,32.79,0.897,,,,,,,,,-0.678,1.0,-30.2,1.873,2.408,,,,46.34,17.77,10.59,35.57,17.81,17.78,217.2,32.7,0.635,,,,,,,,,-0.798,1.0,-44.42,0.454,0.785,,,,0.008,0.007,0.044,0.004,0.003,0.007,0.266,0.014,0.04,,,,,,,,,0.032,0.0,3.165,0.239,0.346
7/13/2026 02:01:03,2026-07-13 02:00:00,,,,46.36,17.79,10.69,35.58,17.8,17.79,218.3,32.74,0.711,,,,,,,,,-0.687,1.0,-32.89,0.886,1.645,,,,46.4,17.82,10.85,35.6,17.82,17.82,219.8,32.78,1.13,,,,,,,,,-0.678,1.0,-30.55,1.884,2.421,,,,46.01,17.72,10.56,35.28,17.78,17.73,217.4,32.67,0.611,,,,,,,,,-0.795,1.0,-40.29,0.45,0.319,,,,0.028,0.024,0.043,0.013,0.012,0.023,0.415,0.016,0.054,,,,,,,,,0.027,0.0,2.141,0.37,0.547
7/13/2026 01:53:21,2026-07-13 01:50:00,,,,46.34,17.76,10.7,35.59,17.81,17.77,219.2,32.69,0.802,,,,,,,,,-0.685,1.0,-32.46,0.965,1.628,,,,46.37,17.79,10.84,35.6,17.82,17.79,220.1,32.75,1.03,,,,,,,,,-0.678,1.0,-30.42,1.896,2.416,,,,46.31,17.73,10.55,35.57,17.79,17.74,218.2,32.64,0.716,,,,,,,,,-0.794,1.0,-39.92,0.449,0.786,,,,0.015,0.014,0.049,0.004,0.01,0.014,0.312,0.02,0.042,,,,,,,,,0.025,0.0,2.002,0.428,0.43
7/13/2026 01:44:03,2026-07-13 01:30:00,,,,46.39,17.81,10.7,35.59,17.84,17.81,219.1,32.68,0.773,,,,,,,,,-0.685,1.0,-32.52,1.027,1.624,,,,46.4,17.82,10.84,35.6,17.85,17.83,220.1,32.73,0.936,,,,,,,,,-0.677,1.0,-30.03,1.888,2.42,,,,46.36,17.79,10.54,35.57,17.83,17.79,218.3,32.63,0.698,,,,,,,,,-0.794,1.0,-40.28,0.441,0.319,,,,0.008,0.007,0.047,0.004,0.003,0.006,0.267,0.014,0.041,,,,,,,,,0.025,0.0,2.238,0.456,0.614
7/13/2026 01:42:07,2026-07-13 01:40:00,,,,46.37,17.79,10.7,35.59,17.83,17.8,219.2,32.68,0.804,,,,,,,,,-0.687,1.0,-32.98,0.813,1.269,,,,46.39,17.81,10.84,35.6,17.84,17.81,220.1,32.73,1.199,,,,,,,,,-0.676,1.0,-30.79,1.874,2.419,,,,46.34,17.77,10.56,35.57,17.82,17.78,218.3,32.64,0.714,,,,,,,,,-0.795,1.0,-40.96,0.443,0.314,,,,0.009,0.009,0.046,0.003,0.005,0.008,0.284,0.015,0.051,,,,,,,,,0.026,0.0,2.159,0.318,0.524
7/13/2026 01:20:21,2026-07-13 01:20:00,,,,46.39,17.81,10.7,35.59,17.85,17.82,219.0,32.68,0.781,,,,,,,,,-0.684,1.0,-32.23,0.815,1.429,,,,46.41,17.83,10.84,35.6,17.86,17.83,219.9,32.72,1.001,,,,,,,,,-0.676,1.0,-30.28,0.916,1.868,,,,46.38,17.8,10.57,35.57,17.84,17.81,218.2,32.64,0.689,,,,,,,,,-0.794,1.0,-39.52,0.446,0.33,,,,0.006,0.006,0.048,0.004,0.003,0.005,0.275,0.015,0.047,,,,,,,,,0.025,0.0,1.905,0.175,0.392
7/13/2026 01:15:37,2026-07-13 01:10:00,,,,46.4,17.82,10.7,35.58,17.85,17.83,218.8,32.69,0.806,,,,,,,,,-0.689,1.0,-33.12,0.859,1.357,,,,46.42,17.84,10.85,35.6,17.86,17.84,219.6,32.73,1.162,,,,,,,,,-0.676,1.0,-30.42,1.88,1.876,,,,46.38,17.8,10.54,35.57,17.85,17.81,218.0,32.65,0.728,,,,,,,,,-0.795,1.0,-41.68,0.436,0.316,,,,0.008,0.007,0.05,0.004,0.003,0.006,0.28,0.015,0.049,,,,,,,,,0.033,0.0,2.788,0.291,0.367
7/13/2026 01:00:57,2026-07-13 01:00:00,,,,46.41,17.83,10.7,35.58,17.86,17.84,218.6,32.7,0.799,,,,,,,,,-0.678,1.0,-32.32,0.791,1.301,,,,46.42,17.84,10.84,35.6,17.87,17.85,219.4,32.76,2.01,,,,,,,,,-0.676,1.0,-30.25,0.915,1.866,,,,46.39,17.81,10.55,35.57,17.85,17.82,217.4,32.66,0.72,,,,,,,,,-0.693,1.0,-34.84,0.45,0.768,,,,0.007,0.006,0.048,0.004,0.003,0.006,0.279,0.015,0.065,,,,,,,,,0.004,0.0,1.147,0.193,0.297
7/13/2026 00:51:01,2026-07-13 00:50:00,,,,46.41,17.83,10.7,35.58,17.85,17.83,218.4,32.71,0.815,,,,,,,,,-0.678,1.0,-31.98,0.649,0.843,,,,46.42,17.84,10.87,35.6,17.86,17.85,219.3,32.75,1.184,,,,,,,,,-0.675,1.0,-29.94,0.919,1.304,,,,46.38,17.8,10.54,35.57,17.85,17.81,217.7,32.66,0.718,,,,,,,,,-0.692,1.0,-34.18,0.442,0.31,,,,0.007,0.006,0.049,0.004,0.002,0.005,0.279,0.015,0.05,,,,,,,,,0.004,0.0,1.168,0.22,0.381
7/13/2026 00:40:12,2026-07-13 00:40:00,,,,46.41,17.83,10.7,35.58,17.85,17.84,218.2,32.72,0.804,,,,,,,,,-0.677,1.0,-32.3,0.831,1.309,,,,46.42,17.84,10.85,35.6,17.86,17.85,219.2,32.76,1.399,,,,,,,,,-0.675,1.0,-30.18,1.883,1.861,,,,46.38,17.8,10.54,35.56,17.85,17.82,217.5,32.66,0.714,,,,,,,,,-0.692,1.0,-35.59,0.443,0.32,,,,0.007,0.006,0.052,0.004,0.002,0.005,0.263,0.014,0.055,,,,,,,,,0.004,0.0,1.341,0.311,0.466
7/13/2026 00:32:09,2026-07-13 00:30:00,,,,46.41,17.83,10.7,35.58,17.86,17.84,217.9,32.73,0.788,,,,,,,,,-0.677,1.0,-31.98,0.959,1.532,,,,46.42,17.84,10.88,35.6,17.87,17.85,218.9,32.78,0.97,,,,,,,,,-0.674,1.0,-30.12,1.903,2.408,,,,46.38,17.81,10.56,35.57,17.85,17.82,216.9,32.68,0.669,,,,,,,,,-0.693,1.0,-33.61,0.45,0.314,,,,0.008,0.007,0.051,0.004,0.003,0.007,0.309,0.016,0.05,,,,,,,,,0.004,0.0,0.993,0.427,0.519
7/13/2026 00:20:20,2026-07-13 00:20:00,,,,46.41,17.83,10.7,35.58,17.86,17.84,217.4,32.76,0.788,,,,,,,,,-0.675,1.0,-31.81,1.0,1.776,,,,46.42,17.84,10.85,35.6,17.87,17.85,218.4,32.81,1.014,,,,,,,,,-0.673,1.0,-29.96,1.89,2.414,,,,46.38,17.81,10.56,35.57,17.85,17.82,216.6,32.71,0.671,,,,,,,,,-0.679,1.0,-33.41,0.894,1.294,,,,0.008,0.007,0.05,0.004,0.002,0.006,0.297,0.016,0.053,,,,,,,,,0.002,0.0,0.971,0.294,0.362
7/13/2026 00:11:39,2026-07-13 00:10:00,,,,46.41,17.83,10.7,35.58,17.86,17.84,216.9,32.79,0.72,,,,,,,,,-0.687,1.0,-32.48,0.757,1.309,,,,46.42,17.84,10.87,35.59,17.87,17.85,217.8,32.84,0.946,,,,,,,,,-0.674,1.0,-29.57,0.918,1.87,,,,46.38,17.81,10.52,35.56,17.85,17.82,216.0,32.74,0.623,,,,,,,,,-0.796,1.0,-41.61,0.445,0.32,,,,0.007,0.006,0.054,0.003,0.003,0.005,0.324,0.017,0.052,,,,,,,,,0.033,0.0,2.814,0.206,0.478
7/13/2026 00:03:04,2026-07-12 23:40:00,,,,46.41,17.84,10.71,35.58,17.86,17.85,215.8,32.84,0.587,,,,,,,,,-0.675,1.0,-31.52,0.837,1.364,,,,46.43,17.85,10.93,35.6,17.87,17.86,216.7,32.9,0.881,,,,,,,,,-0.672,1.0,-29.31,0.917,1.861,,,,46.32,17.82,10.53,35.5,17.86,17.83,214.7,32.8,0.505,,,,,,,,,-0.688,1.0,-33.71,0.451,0.319,,,,0.009,0.007,0.057,0.005,0.003,0.006,0.296,0.016,0.043,,,,,,,,,0.003,0.0,1.075,0.16,0.402
7/13/2026 00:01:35,2026-07-13 00:00:00,,,,46.41,17.84,10.71,35.58,17.86,17.84,216.6,32.8,0.677,,,,,,,,,-0.679,1.0,-32.01,0.73,1.233,,,,46.43,17.85,10.87,35.59,17.87,17.85,217.4,32.85,0.87,,,,,,,,,-0.673,1.0,-29.77,0.913,1.866,,,,46.39,17.82,10.55,35.57,17.86,17.83,215.7,32.76,0.577,,,,,,,,,-0.697,1.0,-34.92,0.438,0.322,,,,0.006,0.006,0.051,0.003,0.003,0.005,0.265,0.014,0.047,,,,,,,,,0.007,0.0,1.323,0.216,0.41
7/12/2026 23:53:01,2026-07-12 23:50:00,,,,46.41,17.84,10.71,35.58,17.86,17.85,216.3,32.82,0.644,,,,,,,,,-0.675,1.0,-31.84,1.206,1.726,,,,46.43,17.85,10.9,35.59,17.87,17.86,217.2,32.87,0.821,,,,,,,,,-0.672,1.0,-30.4,1.895,2.418,,,,46.39,17.82,10.57,35.57,17.86,17.82,215.3,32.77,0.526,,,,,,,,,-0.689,1.0,-33.61,0.444,0.319,,,,0.007,0.006,0.057,0.003,0.003,0.006,0.336,0.018,0.049,,,,,,,,,0.003,0.0,0.863,0.519,0.582
7/12/2026 23:30:07,2026-07-12 23:30:00,,,,46.42,17.84,10.71,35.58,17.86,17.85,216.0,32.83,0.593,,,,,,,,,-0.674,1.0,-31.75,0.917,1.637,,,,46.43,17.85,10.89,35.59,17.87,17.86,216.9,32.89,1.439,,,,,,,,,-0.671,1.0,-30.02,1.63,1.877,,,,46.39,17.82,10.53,35.57,17.86,17.83,214.9,32.78,0.515,,,,,,,,,-0.687,1.0,-33.64,0.461,0.782,,,,0.007,0.006,0.056,0.004,0.003,0.006,0.316,0.017,0.051,,,,,,,,,0.004,0.0,1.131,0.19,0.318
7/12/2026 23:20:51,2026-07-12 23:20:00,,,,46.42,17.84,10.7,35.58,17.86,17.85,216.2,32.82,0.632,,,,,,,,,-0.674,1.0,-31.72,0.91,1.493,,,,46.43,17.85,10.85,35.6,17.87,17.86,217.1,32.87,0.894,,,,,,,,,-0.671,1.0,-29.24,1.891,2.412,,,,46.39,17.82,10.53,35.57,17.86,17.83,215.3,32.77,0.54,,,,,,,,,-0.69,1.0,-33.65,0.446,0.731,,,,0.008,0.007,0.054,0.004,0.003,0.006,0.372,0.02,0.052,,,,,,,,,0.005,0.0,1.114,0.368,0.493
7/12/2026 23:10:56,2026-07-12 23:10:00,,,,46.42,17.84,10.7,35.58,17.86,17.85,216.6,32.8,0.657,,,,,,,,,-0.682,1.0,-32.4,1.094,1.611,,,,46.43,17.85,10.85,35.6,17.88,17.86,217.6,32.84,0.828,,,,,,,,,-0.67,1.0,-29.32,1.891,2.424,,,,46.39,17.82,10.55,35.57,17.86,17.83,215.9,32.75,0.518,,,,,,,,,-0.788,1.0,-42.09,0.441,0.774,,,,0.008,0.007,0.051,0.004,0.003,0.006,0.289,0.015,0.046,,,,,,,,,0.031,0.0,2.86,0.48,0.534
7/12/2026 23:01:13,2026-07-12 23:00:00,,,,46.42,17.84,10.7,35.58,17.87,17.85,217.2,32.77,0.748,,,,,,,,,-0.677,1.0,-31.95,0.926,1.292,,,,46.43,17.86,10.85,35.6,17.88,17.86,218.2,32.83,1.041,,,,,,,,,-0.671,1.0,-29.5,1.68,2.413,,,,46.4,17.82,10.58,35.57,17.86,17.83,216.1,32.72,0.609,,,,,,,,,-0.785,1.0,-40.72,0.445,0.31,,,,0.006,0.006,0.049,0.004,0.003,0.005,0.371,0.02,0.059,,,,,,,,,0.025,0.0,2.3,0.243,0.483
7/12/2026 22:50:28,2026-07-12 22:50:00,,,,46.42,17.84,10.71,35.58,17.86,17.85,217.8,32.73,0.784,,,,,,,,,-0.677,1.0,-32.14,0.836,1.358,,,,46.43,17.86,10.84,35.6,17.87,17.86,218.7,32.78,1.067,,,,,,,,,-0.668,1.0,-30.02,0.92,1.85,,,,46.39,17.82,10.54,35.57,17.86,17.83,217.1,32.69,0.664,,,,,,,,,-0.785,1.0,-38.71,0.443,0.314,,,,0.008,0.008,0.048,0.003,0.003,0.007,0.28,0.015,0.057,,,,,,,,,0.025,0.0,1.961,0.162,0.272
7/12/2026 22:40:15,2026-07-12 22:40:00,,,,46.42,17.84,10.71,35.58,17.86,17.84,218.1,32.72,0.802,,,,,,,,,-0.676,1.0,-32.28,0.877,1.451,,,,46.43,17.85,10.88,35.6,17.87,17.86,219.1,32.76,0.967,,,,,,,,,-0.669,1.0,-29.82,0.916,1.865,,,,46.39,17.81,10.55,35.57,17.86,17.82,217.4,32.67,0.714,,,,,,,,,-0.783,1.0,-38.95,0.443,0.314,,,,0.007,0.007,0.049,0.003,0.003,0.006,0.265,0.014,0.047,,,,,,,,,0.025,0.0,2.0,0.1,0.405
7/12/2026 22:39:05,2026-07-12 22:30:00,,,,46.42,17.84,10.71,35.58,17.86,17.84,218.3,32.71,0.813,,,,,,,,,-0.677,1.0,-32.14,0.729,1.135,,,,46.43,17.85,10.83,35.6,17.87,17.86,219.3,32.76,1.047,,,,,,,,,-0.668,1.0,-29.98,0.914,1.853,,,,46.39,17.82,10.57,35.57,17.86,17.83,217.5,32.66,0.723,,,,,,,,,-0.782,1.0,-38.7,0.441,0.308,,,,0.007,0.007,0.047,0.003,0.003,0.006,0.285,0.015,0.049,,,,,,,,,0.025,0.0,1.889,0.213,0.546
7/12/2026 22:21:03,2026-07-12 22:20:00,,,,46.41,17.84,10.71,35.58,17.86,17.84,218.6,32.7,0.82,,,,,,,,,-0.675,1.0,-31.79,0.873,1.427,,,,46.43,17.85,10.87,35.6,17.87,17.86,219.3,32.73,1.031,,,,,,,,,-0.667,1.0,-29.35,1.31,2.398,,,,46.39,17.81,10.55,35.57,17.85,17.82,217.9,32.66,0.732,,,,,,,,,-0.782,1.0,-40.16,0.442,0.778,,,,0.007,0.007,0.05,0.003,0.003,0.006,0.266,0.014,0.048,,,,,,,,,0.025,0.0,2.328,0.168,0.331
7/12/2026 22:10:57,2026-07-12 22:10:00,,,,46.41,17.83,10.71,35.58,17.85,17.83,218.6,32.7,0.814,,,,,,,,,-0.679,1.0,-32.42,0.811,1.34,,,,46.42,17.84,10.84,35.6,17.86,17.85,219.8,32.75,1.162,,,,,,,,,-0.667,1.0,-28.39,0.905,1.866,,,,46.38,17.81,10.53,35.57,17.84,17.81,217.8,32.64,0.734,,,,,,,,,-0.783,1.0,-40.32,0.444,0.775,,,,0.008,0.008,0.049,0.004,0.003,0.007,0.279,0.015,0.048,,,,,,,,,0.033,0.0,2.892,0.178,0.357
7/12/2026 22:00:32,2026-07-12 22:00:00,,,,46.4,17.82,10.71,35.58,17.85,17.83,218.7,32.69,0.817,,,,,,,,,-0.67,1.0,-31.67,0.851,1.331,,,,46.42,17.84,10.87,35.6,17.85,17.84,219.6,32.73,1.035,,,,,,,,,-0.666,1.0,-29.45,0.907,1.854,,,,46.38,17.8,10.57,35.57,17.84,17.81,217.9,32.65,0.74,,,,,,,,,-0.715,1.0,-34.24,0.449,1.0,,,,0.007,0.007,0.049,0.004,0.003,0.006,0.262,0.014,0.046,,,,,,,,,0.01,0.0,1.395,0.134,0.192
7/12/2026 21:50:17,2026-07-12 21:50:00,,,,46.39,17.82,10.71,35.58,17.84,17.82,218.9,32.69,0.82,,,,,,,,,-0.673,1.0,-31.79,0.79,1.3,,,,46.41,17.83,10.92,35.6,17.85,17.84,219.8,32.74,1.071,,,,,,,,,-0.665,1.0,-29.61,0.913,1.851,,,,46.32,17.8,10.57,35.52,17.83,17.8,218.0,32.64,0.731,,,,,,,,,-0.78,1.0,-39.65,0.445,0.78,,,,0.009,0.007,0.05,0.005,0.003,0.007,0.277,0.014,0.049,,,,,,,,,0.025,0.0,2.113,0.193,0.28
7/12/2026 21:42:21,2026-07-12 21:30:00,,,,46.38,17.8,10.71,35.58,17.83,17.81,219.3,32.67,0.836,,,,,,,,,-0.672,1.0,-32.03,0.92,1.556,,,,46.4,17.82,10.84,35.6,17.84,17.82,220.0,32.73,1.059,,,,,,,,,-0.665,1.0,-29.53,1.893,2.419,,,,46.35,17.78,10.57,35.57,17.82,17.79,218.3,32.63,0.75,,,,,,,,,-0.78,1.0,-38.76,0.448,0.712,,,,0.008,0.007,0.048,0.004,0.002,0.006,0.263,0.014,0.049,,,,,,,,,0.025,0.0,2.069,0.362,0.444
7/12/2026 21:41:48,2026-07-12 21:40:00,,,,46.39,17.81,10.71,35.58,17.83,17.82,219.1,32.68,0.824,,,,,,,,,-0.672,1.0,-31.75,0.847,1.401,,,,46.41,17.83,10.87,35.6,17.84,17.83,219.9,32.74,1.044,,,,,,,,,-0.664,1.0,-29.4,0.917,1.868,,,,46.36,17.78,10.54,35.57,17.83,17.79,218.0,32.64,0.744,,,,,,,,,-0.78,1.0,-38.53,0.446,0.317,,,,0.008,0.008,0.051,0.004,0.003,0.007,0.289,0.015,0.044,,,,,,,,,0.025,0.0,1.913,0.142,0.442
7/12/2026 21:20:12,2026-07-12 21:20:00,,,,46.38,17.8,10.71,35.58,17.83,17.81,219.5,32.67,0.833,,,,,,,,,-0.673,1.0,-31.88,0.907,1.59,,,,46.39,17.81,10.9,35.6,17.84,17.82,220.1,32.72,1.021,,,,,,,,,-0.664,1.0,-29.15,1.873,2.415,,,,46.35,17.78,10.58,35.57,17.82,17.79,218.4,32.63,0.745,,,,,,,,,-0.778,1.0,-37.53,0.444,0.322,,,,0.007,0.006,0.047,0.004,0.003,0.005,0.273,0.014,0.045,,,,,,,,,0.024,0.0,1.892,0.26,0.462
7/12/2026 21:10:57,2026-07-12 21:10:00,,,,46.38,17.8,10.71,35.58,17.83,17.81,219.5,32.66,0.836,,,,,,,,,-0.677,1.0,-31.96,0.855,1.475,,,,46.4,17.82,10.87,35.6,17.84,17.82,220.3,32.71,1.487,,,,,,,,,-0.665,1.0,-29.58,0.909,1.864,,,,46.36,17.78,10.53,35.57,17.82,17.79,218.6,32.62,0.75,,,,,,,,,-0.779,1.0,-40.92,0.46,1.299,,,,0.008,0.007,0.049,0.004,0.003,0.006,0.28,0.015,0.062,,,,,,,,,0.033,0.0,2.639,0.126,0.249
7/12/2026 21:00:29,2026-07-12 21:00:00,,,,46.38,17.81,10.71,35.58,17.83,17.81,219.6,32.66,0.826,,,,,,,,,-0.67,1.0,-31.76,0.833,1.397,,,,46.4,17.82,10.86,35.6,17.84,17.82,220.6,32.7,1.187,,,,,,,,,-0.662,1.0,-28.94,0.913,1.863,,,,46.36,17.79,10.56,35.57,17.83,17.79,218.7,32.6,0.747,,,,,,,,,-0.776,1.0,-39.46,0.447,0.779,,,,0.007,0.007,0.051,0.004,0.003,0.006,0.27,0.014,0.048,,,,,,,,,0.024,0.0,2.304,0.16,0.392
7/12/2026 20:52:25,2026-07-12 20:50:00,,,,46.39,17.81,10.71,35.58,17.84,17.82,219.6,32.65,0.835,,,,,,,,,-0.671,1.0,-31.65,1.007,1.613,,,,46.4,17.82,10.88,35.6,17.84,17.83,220.5,32.69,1.108,,,,,,,,,-0.662,1.0,-29.25,1.896,2.413,,,,46.37,17.79,10.57,35.57,17.83,17.8,218.9,32.61,0.753,,,,,,,,,-0.778,1.0,-38.75,0.45,0.777,,,,0.007,0.006,0.049,0.004,0.002,0.006,0.267,0.014,0.046,,,,,,,,,0.025,0.0,2.004,0.392,0.43
7/12/2026 20:44:13,2026-07-12 20:40:00,,,,46.39,17.81,10.71,35.58,17.84,17.81,219.6,32.65,0.873,,,,,,,,,-0.669,1.0,-31.82,0.816,1.322,,,,46.4,17.82,10.84,35.6,17.85,17.83,220.4,32.71,1.184,,,,,,,,,-0.662,1.0,-29.27,1.882,1.873,,,,46.36,17.79,10.55,35.56,17.83,17.8,218.6,32.61,0.773,,,,,,,,,-0.777,1.0,-38.49,0.453,0.329,,,,0.008,0.007,0.048,0.004,0.003,0.007,0.276,0.015,0.051,,,,,,,,,0.025,0.0,2.046,0.315,0.443
7/12/2026 20:30:10,2026-07-12 20:30:00,,,,46.39,17.81,10.71,35.58,17.84,17.82,219.5,32.66,0.906,,,,,,,,,-0.67,1.0,-31.63,0.886,1.45,,,,46.41,17.83,10.88,35.6,17.85,17.83,220.4,32.7,1.161,,,,,,,,,-0.661,1.0,-29.2,1.891,1.867,,,,46.37,17.79,10.54,35.57,17.84,17.8,218.7,32.61,0.816,,,,,,,,,-0.776,1.0,-39.12,0.446,0.313,,,,0.007,0.006,0.05,0.004,0.003,0.006,0.283,0.015,0.055,,,,,,,,,0.025,0.0,2.053,0.282,0.407
7/12/2026 20:24:33,2026-07-12 20:20:00,,,,46.4,17.82,10.71,35.58,17.85,17.83,219.3,32.66,0.912,,,,,,,,,-0.669,1.0,-31.93,0.835,1.256,,,,46.41,17.83,10.87,35.6,17.85,17.84,220.5,32.7,1.168,,,,,,,,,-0.662,1.0,-29.66,0.918,1.852,,,,46.37,17.8,10.56,35.57,17.84,17.81,218.5,32.61,0.824,,,,,,,,,-0.775,1.0,-39.3,0.438,0.327,,,,0.007,0.007,0.048,0.004,0.002,0.006,0.279,0.015,0.051,,,,,,,,,0.024,0.0,2.179,0.161,0.32
7/12/2026 20:10:54,2026-07-12 20:10:00,,,,46.4,17.82,10.71,35.58,17.85,17.82,219.0,32.68,0.89,,,,,,,,,-0.674,1.0,-32.04,0.892,1.316,,,,46.41,17.83,10.86,35.6,17.86,17.84,219.9,32.73,1.182,,,,,,,,,-0.662,1.0,-29.32,1.899,2.41,,,,46.37,17.8,10.57,35.56,17.84,17.81,218.1,32.64,0.783,,,,,,,,,-0.778,1.0,-40.91,0.452,0.32,,,,0.007,0.006,0.049,0.004,0.003,0.005,0.293,0.016,0.051,,,,,,,,,0.033,0.0,2.805,0.281,0.407
7/12/2026 20:00:31,2026-07-12 20:00:00,,,,46.41,17.83,10.71,35.58,17.86,17.83,218.5,32.71,0.803,,,,,,,,,-0.668,1.0,-31.74,0.894,1.502,,,,46.42,17.84,10.84,35.6,17.87,17.85,219.3,32.75,1.06,,,,,,,,,-0.659,1.0,-29.67,1.884,2.418,,,,46.38,17.81,10.53,35.57,17.85,17.81,217.7,32.66,0.72,,,,,,,,,-0.775,1.0,-39.44,0.452,0.326,,,,0.008,0.007,0.048,0.004,0.003,0.007,0.295,0.015,0.051,,,,,,,,,0.025,0.0,2.134,0.273,0.427
7/12/2026 19:50:15,2026-07-12 19:50:00,,,,46.41,17.84,10.71,35.58,17.86,17.84,218.0,32.73,0.762,,,,,,,,,-0.668,1.0,-31.53,0.915,1.43,,,,46.43,17.85,10.91,35.6,17.87,17.85,219.1,32.77,1.017,,,,,,,,,-0.66,1.0,-29.66,1.902,1.874,,,,46.39,17.82,10.52,35.57,17.86,17.83,217.1,32.67,0.664,,,,,,,,,-0.773,1.0,-39.16,0.456,0.326,,,,0.008,0.007,0.047,0.004,0.003,0.006,0.302,0.015,0.052,,,,,,,,,0.024,0.0,2.009,0.372,0.395
7/12/2026 19:43:41,2026-07-12 19:30:00,,,,46.41,17.84,10.71,35.58,17.86,17.84,217.5,32.75,0.754,,,,,,,,,-0.666,1.0,-31.15,0.896,1.482,,,,46.43,17.85,10.87,35.59,17.87,17.86,218.3,32.8,0.949,,,,,,,,,-0.66,1.0,-29.0,1.889,2.404,,,,46.38,17.81,10.54,35.56,17.85,17.82,216.5,32.71,0.665,,,,,,,,,-0.733,1.0,-34.81,0.455,0.778,,,,0.007,0.006,0.047,0.004,0.003,0.006,0.273,0.015,0.044,,,,,,,,,0.015,0.0,1.291,0.273,0.385
7/12/2026 19:43:18,2026-07-12 19:40:00,,,,46.41,17.84,10.71,35.58,17.86,17.85,217.8,32.74,0.759,,,,,,,,,-0.668,1.0,-31.71,0.8,1.392,,,,46.43,17.85,10.89,35.6,17.87,17.86,218.7,32.78,0.964,,,,,,,,,-0.66,1.0,-29.67,0.926,1.864,,,,46.39,17.82,10.56,35.56,17.86,17.83,216.9,32.69,0.671,,,,,,,,,-0.779,1.0,-39.36,0.448,0.326,,,,0.008,0.007,0.049,0.004,0.002,0.006,0.277,0.015,0.044,,,,,,,,,0.026,0.0,2.048,0.187,0.414
7/12/2026 19:20:14,2026-07-12 19:20:00,,,,46.41,17.83,10.71,35.58,17.86,17.84,217.3,32.77,0.772,,,,,,,,,-0.669,1.0,-31.51,0.888,1.395,,,,46.42,17.85,10.85,35.59,17.86,17.85,218.1,32.81,0.98,,,,,,,,,-0.659,1.0,-29.45,1.893,1.866,,,,46.38,17.81,10.59,35.56,17.85,17.82,216.5,32.73,0.69,,,,,,,,,-0.773,1.0,-39.4,0.449,0.324,,,,0.008,0.007,0.048,0.004,0.002,0.006,0.261,0.014,0.048,,,,,,,,,0.024,0.0,2.093,0.28,0.381
7/12/2026 19:15:56,2026-07-12 18:40:00,,,,46.42,17.85,10.71,35.58,17.86,17.85,217.3,32.76,0.653,,,,,,,,,-0.666,1.0,-31.38,0.809,1.334,,,,46.44,17.87,10.85,35.59,17.87,17.87,218.5,32.82,0.858,,,,,,,,,-0.658,1.0,-29.12,0.91,1.867,,,,46.4,17.83,10.57,35.56,17.84,17.83,216.2,32.69,0.588,,,,,,,,,-0.772,1.0,-38.85,0.448,0.319,,,,0.008,0.007,0.047,0.004,0.006,0.007,0.415,0.023,0.037,,,,,,,,,0.024,0.0,2.047,0.181,0.493
7/12/2026 19:15:45,2026-07-12 18:50:00,,,,46.41,17.84,10.71,35.58,17.86,17.85,216.7,32.79,0.643,,,,,,,,,-0.666,1.0,-31.16,0.795,1.399,,,,46.43,17.86,10.86,35.59,17.87,17.86,217.6,32.84,0.944,,,,,,,,,-0.658,1.0,-29.05,0.919,1.875,,,,46.38,17.82,10.56,35.56,17.86,17.83,215.8,32.75,0.562,,,,,,,,,-0.772,1.0,-38.02,0.452,0.779,,,,0.008,0.007,0.05,0.004,0.002,0.006,0.305,0.016,0.044,,,,,,,,,0.024,0.0,1.887,0.195,0.428
7/12/2026 19:12:02,2026-07-12 19:10:00,,,,46.4,17.83,10.71,35.58,17.86,17.83,217.1,32.78,0.791,,,,,,,,,-0.673,1.0,-31.88,0.817,1.257,,,,46.42,17.84,10.89,35.59,17.86,17.85,217.9,32.83,0.98,,,,,,,,,-0.659,1.0,-28.68,1.903,1.861,,,,46.37,17.81,10.48,35.56,17.85,17.81,216.2,32.74,0.69,,,,,,,,,-0.789,1.0,-41.01,0.448,0.319,,,,0.007,0.006,0.049,0.004,0.002,0.005,0.263,0.014,0.05,,,,,,,,,0.035,0.0,3.041,0.341,0.445
7/12/2026 19:07:45,2026-07-12 19:00:00,,,,46.41,17.83,10.71,35.58,17.86,17.84,216.9,32.79,0.724,,,,,,,,,-0.661,1.0,-30.78,1.084,1.809,,,,46.42,17.85,10.87,35.59,17.87,17.85,217.7,32.83,1.127,,,,,,,,,-0.659,1.0,-28.68,1.9,2.427,,,,46.38,17.81,10.57,35.56,17.85,17.82,216.0,32.75,0.627,,,,,,,,,-0.67,1.0,-32.71,0.445,0.326,,,,0.008,0.007,0.048,0.005,0.003,0.007,0.272,0.014,0.059,,,,,,,,,0.003,0.0,1.008,0.417,0.504
7/12/2026 18:30:10,2026-07-12 18:30:00,,,,46.39,17.81,10.71,35.58,17.82,17.82,218.0,32.74,0.712,,,,,,,,,-0.667,1.0,-31.26,0.835,1.394,,,,46.44,17.86,10.9,35.6,17.85,17.87,219.0,32.79,0.938,,,,,,,,,-0.658,1.0,-29.22,0.919,1.871,,,,46.34,17.77,10.52,35.56,17.8,17.78,217.3,32.68,0.629,,,,,,,,,-0.771,1.0,-39.06,0.448,0.791,,,,0.025,0.024,0.05,0.004,0.011,0.024,0.291,0.02,0.044,,,,,,,,,0.025,0.0,2.118,0.161,0.352
7/12/2026 18:22:16,2026-07-12 18:20:00,,,,46.35,17.78,10.71,35.58,17.81,17.79,217.8,32.76,0.756,,,,,,,,,-0.665,1.0,-31.39,0.99,1.579,,,,46.38,17.8,10.91,35.59,17.82,17.81,218.6,32.84,1.073,,,,,,,,,-0.658,1.0,-29.24,1.895,2.393,,,,46.31,17.74,10.59,35.56,17.8,17.75,216.4,32.72,0.668,,,,,,,,,-0.772,1.0,-38.32,0.452,0.542,,,,0.012,0.011,0.05,0.004,0.005,0.01,0.317,0.018,0.052,,,,,,,,,0.024,0.0,1.923,0.411,0.466
7/12/2026 18:10:49,2026-07-12 18:10:00,,,,46.36,17.79,10.71,35.58,17.81,17.79,217.9,32.75,0.737,,,,,,,,,-0.671,1.0,-31.88,0.795,1.344,,,,46.38,17.81,10.9,35.6,17.82,17.81,218.6,32.79,0.972,,,,,,,,,-0.658,1.0,-29.32,0.926,1.861,,,,46.33,17.77,10.6,35.56,17.81,17.77,217.2,32.72,0.639,,,,,,,,,-0.774,1.0,-39.76,0.45,0.318,,,,0.008,0.007,0.048,0.004,0.003,0.006,0.249,0.013,0.043,,,,,,,,,0.033,0.0,2.619,0.197,0.507
7/12/2026 18:10:29,2026-07-12 17:30:00,,,,46.37,17.79,10.71,35.58,17.82,17.8,218.0,32.75,0.777,,,,,,,,,-0.664,1.0,-31.03,1.014,1.624,,,,46.39,17.81,10.86,35.6,17.83,17.82,219.0,32.78,1.023,,,,,,,,,-0.657,1.0,-28.83,1.896,2.416,,,,46.34,17.77,10.53,35.56,17.81,17.78,217.3,32.69,0.688,,,,,,,,,-0.774,1.0,-37.4,0.455,0.322,,,,0.009,0.008,0.048,0.004,0.003,0.007,0.276,0.015,0.047,,,,,,,,,0.025,0.0,1.891,0.393,0.536
7/12/2026 18:06:51,2026-07-12 17:40:00,,,,46.36,17.79,10.71,35.58,17.82,17.79,218.1,32.75,0.785,,,,,,,,,-0.662,1.0,-30.82,0.964,1.609,,,,46.38,17.8,10.88,35.6,17.83,17.81,219.0,32.79,0.989,,,,,,,,,-0.657,1.0,-28.57,1.896,2.408,,,,46.34,17.77,10.56,35.56,17.81,17.77,217.2,32.69,0.701,,,,,,,,,-0.702,1.0,-33.74,0.461,0.78,,,,0.007,0.006,0.048,0.004,0.003,0.006,0.277,0.015,0.046,,,,,,,,,0.01,0.0,1.192,0.336,0.405
7/12/2026 18:05:01,2026-07-12 17:50:00,,,,46.36,17.78,10.71,35.58,17.81,17.79,218.0,32.75,0.784,,,,,,,,,-0.665,1.0,-31.2,0.898,1.354,,,,46.37,17.8,10.87,35.59,17.83,17.8,219.0,32.79,0.995,,,,,,,,,-0.658,1.0,-29.26,1.891,2.101,,,,46.33,17.76,10.58,35.57,17.81,17.77,217.3,32.7,0.689,,,,,,,,,-0.772,1.0,-38.44,0.455,0.321,,,,0.008,0.007,0.05,0.004,0.003,0.006,0.271,0.015,0.047,,,,,,,,,0.024,0.0,1.965,0.378,0.434
7/12/2026 18:03:33,2026-07-12 18:00:00,,,,46.36,17.78,10.71,35.58,17.81,17.79,217.9,32.75,0.763,,,,,,,,,-0.666,1.0,-31.13,0.857,1.387,,,,46.38,17.8,10.86,35.59,17.82,17.81,218.9,32.8,0.967,,,,,,,,,-0.658,1.0,-29.04,0.928,2.066,,,,46.33,17.76,10.58,35.57,17.81,17.77,217.0,32.7,0.682,,,,,,,,,-0.77,1.0,-38.52,0.456,0.786,,,,0.008,0.008,0.049,0.003,0.003,0.007,0.283,0.015,0.049,,,,,,,,,0.024,0.0,2.029,0.134,0.314
7/12/2026 17:20:11,2026-07-12 17:20:00,,,,46.36,17.79,10.71,35.58,17.83,17.8,218.0,32.75,0.78,,,,,,,,,-0.664,1.0,-31.16,0.85,1.346,,,,46.38,17.8,10.84,35.6,17.84,17.81,219.0,32.81,1.035,,,,,,,,,-0.657,1.0,-28.77,1.264,1.863,,,,46.33,17.77,10.56,35.56,17.81,17.77,216.9,32.7,0.705,,,,,,,,,-0.778,1.0,-39.62,0.464,0.777,,,,0.008,0.007,0.049,0.004,0.004,0.006,0.276,0.015,0.044,,,,,,,,,0.026,0.0,2.372,0.189,0.32
7/12/2026 17:11:00,2026-07-12 17:10:00,,,,46.37,17.8,10.71,35.58,17.84,17.81,218.0,32.74,0.756,,,,,,,,,-0.669,1.0,-31.93,0.925,1.451,,,,46.4,17.82,10.85,35.59,17.86,17.83,218.7,32.78,0.896,,,,,,,,,-0.657,1.0,-28.68,1.899,2.411,,,,46.35,17.78,10.53,35.56,17.83,17.79,217.2,32.7,0.674,,,,,,,,,-0.771,1.0,-39.44,0.461,0.788,,,,0.009,0.008,0.051,0.004,0.007,0.008,0.274,0.015,0.04,,,,,,,,,0.033,0.0,2.954,0.287,0.338
7/12/2026 17:00:59,2026-07-12 17:00:00,,,,46.4,17.82,10.7,35.58,17.87,17.83,218.1,32.73,0.734,,,,,,,,,-0.663,1.0,-31.13,0.893,1.619,,,,46.44,17.86,10.88,35.6,17.9,17.87,219.3,32.77,1.532,,,,,,,,,-0.655,1.0,-29.11,1.535,2.411,,,,46.36,17.79,10.55,35.56,17.85,17.8,217.3,32.66,0.618,,,,,,,,,-0.771,1.0,-38.6,0.443,0.54,,,,0.014,0.013,0.047,0.004,0.013,0.013,0.315,0.018,0.052,,,,,,,,,0.025,0.0,2.152,0.198,0.395
7/12/2026 16:50:07,2026-07-12 16:50:00,,,,46.45,17.88,10.7,35.58,17.9,17.88,217.5,32.74,0.63,,,,,,,,,-0.663,1.0,-31.1,0.911,1.59,,,,46.47,17.89,10.84,35.59,17.91,17.9,218.5,32.78,0.825,,,,,,,,,-0.657,1.0,-29.14,1.89,1.871,,,,46.42,17.85,10.53,35.56,17.89,17.86,216.6,32.69,0.553,,,,,,,,,-0.768,1.0,-37.96,0.449,0.322,,,,0.009,0.008,0.049,0.004,0.003,0.008,0.342,0.017,0.042,,,,,,,,,0.024,0.0,1.986,0.262,0.424
7/12/2026 16:40:14,2026-07-12 16:40:00,,,,46.45,17.87,10.7,35.58,17.89,17.88,216.9,32.77,0.596,,,,,,,,,-0.662,1.0,-31.13,1.327,1.968,,,,46.46,17.89,10.85,35.59,17.9,17.89,217.7,32.81,0.785,,,,,,,,,-0.655,1.0,-29.14,1.897,2.956,,,,46.42,17.86,10.57,35.57,17.89,17.86,216.1,32.73,0.519,,,,,,,,,-0.757,1.0,-36.71,0.455,0.783,,,,0.008,0.007,0.048,0.004,0.002,0.006,0.289,0.016,0.035,,,,,,,,,0.022,0.0,1.712,0.52,0.615
7/12/2026 16:30:21,2026-07-12 16:30:00,,,,46.45,17.87,10.7,35.58,17.89,17.88,217.1,32.76,0.631,,,,,,,,,-0.662,1.0,-30.65,2.803,3.521,,,,46.48,17.9,10.86,35.6,17.9,17.9,217.8,32.81,0.814,,,,,,,,,-0.655,1.0,-28.31,4.538,5.127,,,,46.41,17.84,10.55,35.56,17.88,17.85,216.1,32.72,0.543,,,,,,,,,-0.766,1.0,-36.62,0.919,2.395,,,,0.013,0.012,0.049,0.004,0.005,0.012,0.268,0.014,0.051,,,,,,,,,0.024,0.0,1.642,0.997,0.866
7/12/2026 16:23:08,2026-07-12 16:20:00,,,,46.44,17.86,10.7,35.58,17.89,17.87,217.3,32.75,0.708,,,,,,,,,-0.662,1.0,-31.21,5.649,6.576,,,,46.46,17.89,10.92,35.59,17.91,17.89,218.3,32.79,1.012,,,,,,,,,-0.654,1.0,-28.76,8.55,9.87,,,,46.41,17.83,10.57,35.56,17.89,17.84,216.5,32.7,0.622,,,,,,,,,-0.768,1.0,-38.42,3.432,4.716,,,,0.009,0.008,0.049,0.004,0.005,0.008,0.287,0.016,0.043,,,,,,,,,0.024,0.0,1.928,1.27,1.376
7/12/2026 16:12:43,2026-07-12 16:10:00,,,,46.45,17.88,10.7,35.58,17.9,17.88,217.5,32.73,0.719,,,,,,,,,-0.666,1.0,-31.53,11.17,12.18,,,,46.47,17.89,10.87,35.59,17.91,17.9,218.3,32.78,0.851,,,,,,,,,-0.654,1.0,-29.23,15.06,16.37,,,,46.42,17.85,10.55,35.56,17.9,17.86,216.7,32.7,0.635,,,,,,,,,-0.767,1.0,-42.91,8.42,9.0,,,,0.008,0.007,0.05,0.004,0.003,0.006,0.278,0.015,0.032,,,,,,,,,0.033,0.0,3.258,2.016,2.221
7/12/2026 16:00:31,2026-07-12 16:00:00,,,,46.46,17.89,10.7,35.58,17.91,17.89,217.8,32.72,0.709,,,,,,,,,-0.656,1.0,-30.59,17.92,23.33,,,,46.48,17.9,10.88,35.59,17.92,17.91,218.7,32.76,0.953,,,,,,,,,-0.652,1.0,-28.29,22.44,37.85,,,,46.44,17.87,10.48,35.57,17.9,17.88,217.1,32.67,0.623,,,,,,,,,-0.669,1.0,-32.93,14.51,15.78,,,,0.008,0.007,0.054,0.004,0.002,0.006,0.266,0.014,0.033,,,,,,,,,0.004,0.0,1.299,2.164,6.32
7/12/2026 15:50:08,2026-07-12 15:50:00,,,,46.46,17.88,10.7,35.58,17.9,17.89,218.1,32.7,0.715,,,,,,,,,-0.66,1.0,-30.93,24.17,40.88,,,,46.48,17.9,10.86,35.6,17.91,17.91,218.9,32.75,0.98,,,,,,,,,-0.651,1.0,-28.6,29.47,87.4,,,,46.43,17.86,10.56,35.57,17.9,17.87,217.2,32.66,0.629,,,,,,,,,-0.77,1.0,-38.48,17.59,22.4,,,,0.008,0.007,0.048,0.004,0.003,0.006,0.293,0.015,0.033,,,,,,,,,0.026,0.0,2.124,3.54,17.01
7/12/2026 15:44:57,2026-07-12 15:30:00,,,,46.46,17.88,10.7,35.58,17.9,17.89,219.0,32.66,0.739,,,,,,,,,-0.654,1.0,-30.52,34.44,84.7,,,,46.47,17.89,10.87,35.59,17.91,17.9,220.0,32.71,1.016,,,,,,,,,-0.645,1.0,-28.31,39.58,167.0,,,,46.44,17.87,10.57,35.57,17.9,17.87,218.0,32.6,0.651,,,,,,,,,-0.72,1.0,-34.15,30.65,41.26,,,,0.006,0.005,0.053,0.004,0.003,0.004,0.363,0.019,0.037,,,,,,,,,0.015,0.0,1.701,2.378,33.44
7/12/2026 15:44:37,2026-07-12 15:40:00,,,,46.46,17.88,10.7,35.58,17.9,17.89,218.5,32.68,0.714,,,,,,,,,-0.657,1.0,-30.67,30.51,75.1,,,,46.48,17.9,10.88,35.59,17.91,17.9,219.4,32.73,0.929,,,,,,,,,-0.644,1.0,-28.71,37.35,114.1,,,,46.44,17.87,10.55,35.57,17.9,17.87,217.5,32.63,0.646,,,,,,,,,-0.763,1.0,-38.5,23.51,26.27,,,,0.007,0.006,0.05,0.004,0.003,0.005,0.288,0.015,0.033,,,,,,,,,0.024,0.0,2.089,2.901,21.0
7/12/2026 15:22:54,2026-07-12 15:20:00,,,,46.46,17.88,10.7,35.58,17.9,17.89,219.6,32.63,0.746,,,,,,,,,-0.652,1.0,-30.16,36.37,114.0,,,,46.47,17.89,10.83,35.59,17.91,17.9,220.4,32.67,1.011,,,,,,,,,-0.637,1.0,-26.84,46.69,162.0,,,,46.19,17.86,10.51,35.35,17.89,17.87,218.7,32.58,0.672,,,,,,,,,-0.76,1.0,-38.22,30.65,56.8,,,,0.013,0.005,0.052,0.01,0.003,0.005,0.281,0.015,0.032,,,,,,,,,0.025,0.0,2.191,3.126,28.2
7/12/2026 15:13:50,2026-07-12 15:10:00,,,,46.45,17.87,10.7,35.58,17.89,17.88,219.9,32.61,0.715,,,,,,,,,-0.658,1.0,-30.57,51.58,131.7,,,,46.47,17.89,10.86,35.59,17.9,17.89,220.9,32.66,0.878,,,,,,,,,-0.636,1.0,-26.29,60.58,227.7,,,,46.44,17.86,10.57,35.57,17.88,17.87,219.0,32.56,0.614,,,,,,,,,-0.752,1.0,-39.25,44.22,62.35,,,,0.006,0.005,0.051,0.003,0.003,0.005,0.281,0.015,0.049,,,,,,,,,0.03,0.0,2.707,4.746,44.17
7/12/2026 15:01:38,2026-07-12 15:00:00,,,,46.45,17.87,10.7,35.58,17.88,17.87,220.1,32.6,0.671,,,,,,,,,-0.649,1.0,-29.98,61.01,159.3,,,,46.46,17.88,10.85,35.6,17.89,17.89,220.9,32.65,0.846,,,,,,,,,-0.639,1.0,-27.81,77.29,279.8,,,,46.43,17.85,10.53,35.57,17.86,17.86,219.2,32.56,0.509,,,,,,,,,-0.748,1.0,-36.16,40.12,81.3,,,,0.006,0.005,0.05,0.002,0.007,0.005,0.28,0.014,0.052,,,,,,,,,0.023,0.0,1.894,11.81,58.36
7/12/2026 14:50:13,2026-07-12 14:50:00,,,,46.42,17.84,10.7,35.58,17.84,17.85,220.2,32.61,0.594,,,,,,,,,-0.65,1.0,-30.13,79.24,196.7,,,,46.44,17.86,10.87,35.59,17.87,17.87,220.9,32.67,0.739,,,,,,,,,-0.64,1.0,-28.35,99.5,326.8,,,,46.36,17.81,10.53,35.56,17.82,17.81,219.3,32.57,0.485,,,,,,,,,-0.761,1.0,-36.91,57.89,68.86,,,,0.015,0.015,0.05,0.002,0.013,0.015,0.282,0.017,0.049,,,,,,,,,0.026,0.0,1.877,11.7,72.66
7/12/2026 14:43:34,2026-07-12 14:40:00,,,,46.36,17.79,10.7,35.58,17.81,17.8,219.1,32.69,0.449,,,,,,,,,-0.647,1.0,-29.86,48.94,204.5,,,,46.39,17.81,10.86,35.59,17.83,17.82,220.6,32.78,0.684,,,,,,,,,-0.638,1.0,-27.64,59.76,268.7,,,,46.34,17.77,10.56,35.57,17.8,17.77,217.5,32.6,0.326,,,,,,,,,-0.748,1.0,-36.21,39.56,76.82,,,,0.012,0.01,0.047,0.002,0.006,0.01,0.809,0.046,0.077,,,,,,,,,0.023,0.0,1.834,6.085,46.5
7/12/2026 14:30:05,2026-07-12 14:30:00,,,,46.35,17.77,10.7,35.58,17.8,17.78,218.1,32.75,0.351,,,,,,,,,-0.647,1.0,-29.79,48.93,232.7,,,,46.36,17.78,10.82,35.58,17.81,17.79,218.9,32.79,0.431,,,,,,,,,-0.638,1.0,-26.83,61.71,295.6,,,,46.33,17.77,10.56,35.57,17.8,17.77,217.3,32.7,0.303,,,,,,,,,-0.746,1.0,-36.61,38.34,85.7,,,,0.004,0.003,0.051,0.002,0.003,0.003,0.267,0.014,0.023,,,,,,,,,0.023,0.0,2.139,6.037,49.59
7/12/2026 14:24:18,2026-07-12 14:20:00,,,,46.34,17.77,10.7,35.58,17.8,17.78,218.0,32.76,0.337,,,,,,,,,-0.645,1.0,-30.07,52.52,225.4,,,,46.35,17.78,10.85,35.59,17.81,17.78,218.7,32.8,0.478,,,,,,,,,-0.636,1.0,-27.57,60.57,317.1,,,,46.32,17.75,10.54,35.57,17.79,17.76,217.1,32.72,0.278,,,,,,,,,-0.746,1.0,-36.84,45.02,87.2,,,,0.004,0.004,0.051,0.002,0.003,0.003,0.278,0.015,0.025,,,,,,,,,0.024,0.0,2.124,4.522,70.67
7/12/2026 14:10:18,2026-07-12 14:10:00,,,,46.34,17.77,10.7,35.58,17.81,17.77,218.0,32.76,0.313,,,,,,,,,-0.633,1.0,-28.78,64.4,239.3,,,,46.35,17.78,10.88,35.58,17.82,17.78,219.0,32.8,0.526,,,,,,,,,-0.573,1.0,-22.97,78.38,339.8,,,,46.33,17.76,10.57,35.57,17.8,17.77,217.3,32.71,0.251,,,,,,,,,-0.643,1.0,-32.06,51.65,104.1,,,,0.004,0.003,0.049,0.002,0.005,0.003,0.283,0.015,0.026,,,,,,,,,0.019,0.0,2.044,6.355,69.71
7/12/2026 14:00:47,2026-07-12 14:00:00,,,,46.36,17.79,10.7,35.58,17.83,17.79,219.1,32.69,0.341,,,,,,,,,-0.486,1.0,-17.46,60.85,261.9,,,,46.4,17.82,10.84,35.59,17.85,17.82,220.3,32.78,0.423,,,,,,,,,-0.459,1.0,-13.74,71.4,363.2,,,,46.33,17.76,10.54,35.57,17.81,17.77,217.6,32.62,0.279,,,,,,,,,-0.745,1.0,-35.86,49.5,84.6,,,,0.018,0.016,0.05,0.002,0.011,0.016,0.536,0.034,0.025,,,,,,,,,0.071,0.0,5.452,6.432,75.75
7/12/2026 13:55:12,2026-07-12 13:50:00,,,,46.4,17.82,10.7,35.58,17.86,17.83,219.7,32.64,0.36,,,,,,,,,-0.403,1.0,-11.48,54.54,309.4,,,,46.41,17.83,10.87,35.59,17.87,17.84,220.5,32.69,0.444,,,,,,,,,-0.278,1.0,-0.045,63.33,365.4,,,,46.38,17.8,10.55,35.58,17.84,17.81,218.9,32.6,0.315,,,,,,,,,-0.636,1.0,-30.21,49.99,209.2,,,,0.007,0.007,0.053,0.001,0.006,0.007,0.272,0.015,0.019,,,,,,,,,0.126,0.0,9.57,3.728,33.54
7/12/2026 12:48:14,2026-07-12 12:30:00,,,,46.46,17.88,10.71,35.58,17.91,17.89,217.5,32.73,0.3,,,,,,,,,-0.656,1.0,-30.57,116.5,243.4,,,,46.48,17.9,10.87,35.59,17.92,17.91,218.6,32.78,0.493,,,,,,,,,-0.646,1.0,-27.79,151.9,521.7,,,,46.44,17.87,10.54,35.57,17.9,17.87,216.7,32.67,0.233,,,,,,,,,-0.762,1.0,-37.21,80.0,125.2,,,,0.009,0.009,0.052,0.002,0.005,0.008,0.274,0.015,0.035,,,,,,,,,0.024,0.0,1.974,20.47,124.7
7/12/2026 12:20:55,2026-07-12 12:20:00,,,,46.47,17.9,10.71,35.58,17.92,17.91,217.4,32.73,0.243,,,,,,,,,-0.654,1.0,-30.61,96.7,438.8,,,,46.5,17.92,10.86,35.59,17.92,17.92,218.4,32.78,0.323,,,,,,,,,-0.645,1.0,-28.13,136.1,548.1,,,,46.45,17.88,10.56,35.57,17.91,17.89,216.4,32.68,0.21,,,,,,,,,-0.759,1.0,-37.95,71.39,176.4,,,,0.006,0.005,0.056,0.002,0.003,0.005,0.31,0.017,0.014,,,,,,,,,0.024,0.0,2.002,18.64,94.9
7/12/2026 12:12:05,2026-07-12 12:10:00,,,,46.47,17.89,10.71,35.58,17.91,17.9,216.9,32.76,0.224,,,,,,,,,-0.66,1.0,-31.15,78.14,440.6,,,,46.49,17.91,10.91,35.59,17.92,17.92,217.9,32.81,0.281,,,,,,,,,-0.647,1.0,-27.9,111.2,536.9,,,,46.45,17.88,10.56,35.57,17.9,17.89,215.9,32.71,0.185,,,,,,,,,-0.764,1.0,-39.9,63.86,237.7,,,,0.007,0.007,0.056,0.002,0.004,0.006,0.315,0.017,0.015,,,,,,,,,0.033,0.0,2.712,10.59,55.47
7/12/2026 12:01:52,2026-07-12 12:00:00,,,,46.46,17.89,10.71,35.58,17.9,17.89,216.5,32.79,0.211,,,,,,,,,-0.658,1.0,-30.68,104.4,383.5,,,,46.47,17.9,10.91,35.59,17.91,17.9,217.2,32.84,0.27,,,,,,,,,-0.648,1.0,-28.17,129.5,554.8,,,,46.44,17.87,10.57,35.57,17.89,17.88,215.6,32.75,0.174,,,,,,,,,-0.76,1.0,-37.26,89.9,129.1,,,,0.007,0.006,0.055,0.002,0.003,0.006,0.289,0.016,0.018,,,,,,,,,0.024,0.0,1.93,8.74,145.7
7/12/2026 11:51:40,2026-07-12 11:50:00,,,,46.45,17.88,10.71,35.58,17.89,17.89,216.4,32.79,0.203,,,,,,,,,-0.659,1.0,-30.85,120.9,437.4,,,,46.46,17.89,10.91,35.58,17.9,17.9,217.4,32.85,0.482,,,,,,,,,-0.65,1.0,-28.66,160.7,594.4,,,,46.44,17.87,10.57,35.57,17.88,17.88,215.4,32.74,0.166,,,,,,,,,-0.763,1.0,-38.25,78.33,163.1,,,,0.005,0.005,0.055,0.002,0.004,0.004,0.281,0.015,0.018,,,,,,,,,0.024,0.0,2.205,18.86,123.9
7/12/2026 11:49:56,2026-07-12 11:30:00,,,,46.39,17.82,10.71,35.58,17.84,17.82,217.6,32.76,0.269,,,,,,,,,-0.661,1.0,-30.75,79.3,427.2,,,,46.41,17.84,10.88,35.59,17.85,17.84,218.4,32.81,0.343,,,,,,,,,-0.652,1.0,-28.73,110.7,573.9,,,,46.37,17.8,10.51,35.58,17.83,17.81,216.7,32.71,0.22,,,,,,,,,-0.768,1.0,-37.76,63.67,118.0,,,,0.007,0.006,0.057,0.002,0.003,0.006,0.281,0.016,0.02,,,,,,,,,0.025,0.0,1.888,12.69,132.2
7/12/2026 11:47:47,2026-07-12 11:40:00,,,,46.44,17.87,10.71,35.58,17.87,17.87,217.0,32.77,0.219,,,,,,,,,-0.66,1.0,-31.23,79.19,450.6,,,,46.46,17.88,10.9,35.59,17.89,17.89,218.3,32.82,0.287,,,,,,,,,-0.652,1.0,-28.51,105.3,571.5,,,,46.41,17.83,10.57,35.57,17.84,17.84,216.0,32.71,0.181,,,,,,,,,-0.764,1.0,-39.5,60.52,165.9,,,,0.008,0.008,0.052,0.002,0.012,0.007,0.35,0.017,0.013,,,,,,,,,0.024,0.0,2.42,10.99,81.8
7/12/2026 11:20:06,2026-07-12 11:20:00,,,,46.38,17.81,10.72,35.58,17.84,17.82,217.2,32.78,0.252,,,,,,,,,-0.665,1.0,-31.53,114.2,389.5,,,,46.4,17.82,10.94,35.59,17.84,17.83,218.2,32.85,0.363,,,,,,,,,-0.654,1.0,-28.84,173.5,626.0,,,,46.36,17.79,10.57,35.57,17.83,17.8,216.0,32.73,0.211,,,,,,,,,-0.773,1.0,-37.95,69.25,125.8,,,,0.007,0.007,0.056,0.002,0.003,0.007,0.294,0.016,0.026,,,,,,,,,0.025,0.0,2.005,23.96,156.5
7/12/2026 11:12:25,2026-07-12 11:10:00,,,,46.38,17.81,10.72,35.58,17.83,17.81,217.0,32.79,0.239,,,,,,,,,-0.67,1.0,-31.49,115.4,494.2,,,,46.4,17.82,10.91,35.59,17.84,17.83,217.8,32.84,0.316,,,,,,,,,-0.653,1.0,-28.76,143.0,586.0,,,,46.36,17.79,10.56,35.57,17.83,17.8,216.2,32.75,0.202,,,,,,,,,-0.776,1.0,-39.89,84.4,296.6,,,,0.007,0.006,0.058,0.002,0.003,0.006,0.264,0.015,0.013,,,,,,,,,0.034,0.0,2.771,17.74,65.9
7/12/2026 11:10:36,2026-07-12 10:30:00,,,,46.39,17.82,10.71,35.58,17.86,17.82,217.3,32.78,0.261,,,,,,,,,-0.669,1.0,-31.63,89.5,469.8,,,,46.43,17.85,10.86,35.58,17.88,17.86,218.6,32.85,0.315,,,,,,,,,-0.661,1.0,-29.19,193.4,668.1,,,,46.36,17.79,10.52,35.57,17.84,17.8,215.7,32.71,0.201,,,,,,,,,-0.777,1.0,-38.59,69.77,383.0,,,,0.019,0.019,0.053,0.002,0.012,0.019,0.417,0.018,0.021,,,,,,,,,0.025,0.0,2.037,21.06,40.35
7/12/2026 11:07:59,2026-07-12 10:40:00,,,,46.36,17.79,10.72,35.58,17.83,17.8,217.2,32.79,0.262,,,,,,,,,-0.671,1.0,-31.69,102.8,477.5,,,,46.38,17.8,10.91,35.59,17.85,17.81,218.2,32.84,0.33,,,,,,,,,-0.663,1.0,-29.38,139.3,813.0,,,,46.35,17.78,10.56,35.58,17.82,17.78,216.4,32.73,0.227,,,,,,,,,-0.775,1.0,-38.15,75.07,197.0,,,,0.005,0.005,0.058,0.002,0.006,0.004,0.301,0.017,0.014,,,,,,,,,0.024,0.0,1.908,16.88,115.9
7/12/2026 11:03:16,2026-07-12 10:50:00,,,,46.37,17.8,10.72,35.58,17.83,17.8,217.0,32.8,0.243,,,,,,,,,-0.668,1.0,-31.4,123.0,493.5,,,,46.38,17.81,10.88,35.59,17.83,17.82,217.8,32.84,0.273,,,,,,,,,-0.659,1.0,-28.89,179.5,813.0,,,,46.36,17.79,10.55,35.57,17.82,17.79,216.3,32.75,0.207,,,,,,,,,-0.756,1.0,-37.22,91.7,250.2,,,,0.006,0.005,0.057,0.002,0.003,0.005,0.269,0.015,0.011,,,,,,,,,0.021,0.0,1.894,23.73,86.0
7/12/2026 11:02:39,2026-07-12 11:00:00,,,,46.38,17.8,10.72,35.58,17.83,17.81,217.0,32.79,0.242,,,,,,,,,-0.664,1.0,-31.3,88.0,496.3,,,,46.39,17.81,10.9,35.59,17.84,17.82,217.8,32.83,0.567,,,,,,,,,-0.658,1.0,-28.73,121.9,550.9,,,,46.35,17.79,10.53,35.57,17.82,17.79,216.3,32.75,0.207,,,,,,,,,-0.711,1.0,-34.41,69.76,359.3,,,,0.006,0.005,0.057,0.002,0.003,0.005,0.27,0.015,0.019,,,,,,,,,0.011,0.0,1.323,15.61,43.91
7/12/2026 10:21:32,2026-07-12 10:20:00,,,,46.43,17.85,10.71,35.58,17.88,17.86,216.3,32.81,0.217,,,,,,,,,-0.673,1.0,-32.27,117.1,482.4,,,,46.44,17.86,10.88,35.58,17.89,17.87,217.2,32.86,0.251,,,,,,,,,-0.66,1.0,-29.19,193.4,668.1,,,,46.41,17.84,10.57,35.57,17.87,17.85,215.3,32.77,0.185,,,,,,,,,-0.782,1.0,-40.03,64.42,282.9,,,,0.005,0.005,0.056,0.001,0.003,0.004,0.322,0.017,0.012,,,,,,,,,0.026,0.0,2.643,30.86,85.8
7/12/2026 10:11:43,2026-07-12 10:10:00,,,,46.43,17.86,10.72,35.58,17.88,17.86,215.8,32.84,0.212,,,,,,,,,-0.681,1.0,-32.16,96.7,421.7,,,,46.44,17.86,10.89,35.58,17.89,17.87,216.7,32.88,0.265,,,,,,,,,-0.667,1.0,-29.32,146.9,637.3,,,,46.42,17.85,10.52,35.57,17.87,17.86,215.0,32.79,0.182,,,,,,,,,-0.791,1.0,-41.33,68.72,150.9,,,,0.003,0.003,0.059,0.001,0.003,0.002,0.274,0.015,0.013,,,,,,,,,0.034,0.0,2.714,21.98,124.5
7/12/2026 10:04:03,2026-07-12 09:30:00,,,,46.4,17.83,10.72,35.58,17.85,17.84,216.5,32.81,0.266,,,,,,,,,-0.675,1.0,-32.02,111.5,438.8,,,,46.41,17.84,10.9,35.58,17.86,17.84,217.4,32.86,0.341,,,,,,,,,-0.672,1.0,-30.28,155.2,576.1,,,,46.4,17.83,10.54,35.58,17.84,17.83,215.6,32.76,0.231,,,,,,,,,-0.687,1.0,-34.08,76.7,149.1,,,,0.002,0.002,0.059,0.001,0.003,0.002,0.268,0.014,0.013,,,,,,,,,0.004,0.0,1.183,21.91,83.4
7/12/2026 10:03:30,2026-07-12 10:00:00,,,,46.43,17.86,10.72,35.58,17.88,17.86,216.2,32.82,0.232,,,,,,,,,-0.67,1.0,-31.54,111.3,425.6,,,,46.44,17.86,10.93,35.58,17.89,17.87,217.1,32.87,0.294,,,,,,,,,-0.665,1.0,-30.04,157.9,612.7,,,,46.42,17.85,10.52,35.57,17.87,17.86,215.1,32.76,0.19,,,,,,,,,-0.68,1.0,-33.44,61.67,177.5,,,,0.003,0.002,0.058,0.001,0.003,0.002,0.329,0.018,0.015,,,,,,,,,0.003,0.0,0.966,28.34,119.0
7/12/2026 09:57:41,2026-07-12 09:40:00,,,,46.41,17.84,10.72,35.58,17.86,17.84,216.6,32.8,0.266,,,,,,,,,-0.673,1.0,-31.68,80.5,408.2,,,,46.43,17.85,10.94,35.58,17.87,17.86,217.6,32.84,0.529,,,,,,,,,-0.671,1.0,-29.94,107.3,536.6,,,,46.4,17.83,10.53,35.58,17.85,17.84,215.8,32.75,0.226,,,,,,,,,-0.678,1.0,-34.02,63.32,209.6,,,,0.004,0.004,0.059,0.001,0.003,0.004,0.273,0.015,0.018,,,,,,,,,0.002,0.0,1.073,14.18,75.15
7/12/2026 09:57:32,2026-07-12 09:50:00,,,,46.43,17.85,10.72,35.58,17.87,17.86,216.6,32.8,0.263,,,,,,,,,-0.673,1.0,-32.14,66.92,418.6,,,,46.43,17.86,10.92,35.59,17.88,17.87,217.6,32.84,0.306,,,,,,,,,-0.67,1.0,-30.23,80.5,514.6,,,,46.42,17.85,10.54,35.57,17.86,17.85,215.7,32.74,0.234,,,,,,,,,-0.684,1.0,-34.92,57.83,345.4,,,,0.003,0.002,0.06,0.001,0.004,0.002,0.299,0.016,0.012,,,,,,,,,0.003,0.0,1.324,6.128,43.32
7/12/2026 09:20:22,2026-07-12 09:20:00,,,,46.4,17.82,10.72,35.58,17.84,17.83,216.6,32.81,0.293,,,,,,,,,-0.676,1.0,-31.7,150.5,329.1,,,,46.41,17.83,10.9,35.58,17.85,17.84,217.5,32.86,0.382,,,,,,,,,-0.673,1.0,-30.1,180.1,534.3,,,,46.39,17.81,10.57,35.57,17.83,17.82,215.7,32.76,0.248,,,,,,,,,-0.689,1.0,-34.6,136.2,153.6,,,,0.005,0.004,0.061,0.002,0.005,0.005,0.304,0.016,0.025,,,,,,,,,0.003,0.0,1.132,12.28,130.4
7/12/2026 09:11:01,2026-07-12 09:10:00,,,,46.38,17.81,10.72,35.58,17.82,17.81,216.8,32.8,0.379,,,,,,,,,-0.692,1.0,-33.06,86.9,220.2,,,,46.39,17.82,10.9,35.59,17.84,17.83,217.6,32.85,0.523,,,,,,,,,-0.675,1.0,-30.49,137.8,494.6,,,,46.36,17.79,10.51,35.57,17.81,17.79,216.1,32.76,0.255,,,,,,,,,-0.812,1.0,-41.82,62.33,74.04,,,,0.008,0.007,0.059,0.002,0.005,0.007,0.292,0.015,0.076,,,,,,,,,0.038,0.0,2.871,18.37,144.3
7/12/2026 09:01:44,2026-07-12 09:00:00,,,,46.37,17.79,10.72,35.58,17.81,17.8,217.1,32.79,0.405,,,,,,,,,-0.681,1.0,-32.57,85.2,161.8,,,,46.38,17.8,10.91,35.59,17.82,17.81,218.2,32.83,0.517,,,,,,,,,-0.675,1.0,-31.22,107.4,543.7,,,,46.36,17.78,10.53,35.57,17.8,17.79,216.4,32.74,0.294,,,,,,,,,-0.693,1.0,-35.66,67.31,70.38,,,,0.004,0.003,0.058,0.002,0.005,0.003,0.294,0.015,0.061,,,,,,,,,0.004,0.0,1.285,11.74,126.5
7/12/2026 08:52:32,2026-07-12 08:50:00,,,,46.35,17.77,10.72,35.58,17.78,17.78,217.5,32.78,0.332,,,,,,,,,-0.679,1.0,-32.33,106.3,299.6,,,,46.36,17.79,10.89,35.59,17.8,17.8,218.3,32.82,0.426,,,,,,,,,-0.675,1.0,-30.14,132.3,443.6,,,,46.33,17.76,10.56,35.58,17.77,17.76,216.6,32.74,0.285,,,,,,,,,-0.686,1.0,-35.54,75.14,152.0,,,,0.009,0.008,0.055,0.001,0.009,0.008,0.264,0.014,0.022,,,,,,,,,0.002,0.0,1.113,14.04,88.3
7/12/2026 08:43:53,2026-07-12 08:40:00,,,,46.32,17.75,10.72,35.58,17.75,17.75,217.7,32.78,0.391,,,,,,,,,-0.682,1.0,-32.45,69.63,239.7,,,,46.34,17.76,10.9,35.59,17.77,17.77,218.5,32.82,0.546,,,,,,,,,-0.676,1.0,-30.06,95.6,614.5,,,,46.29,17.72,10.54,35.57,17.73,17.73,216.9,32.74,0.313,,,,,,,,,-0.711,1.0,-34.54,53.52,77.92,,,,0.009,0.008,0.056,0.002,0.01,0.008,0.271,0.014,0.056,,,,,,,,,0.007,0.0,1.28,9.04,132.3
7/12/2026 08:31:15,2026-07-12 08:30:00,,,,46.28,17.71,10.72,35.58,17.72,17.71,217.7,32.8,0.342,,,,,,,,,-0.68,1.0,-32.25,64.57,286.6,,,,46.31,17.73,10.89,35.59,17.74,17.74,218.7,32.87,0.534,,,,,,,,,-0.677,1.0,-30.54,85.0,422.8,,,,46.24,17.67,10.54,35.57,17.7,17.68,216.6,32.74,0.304,,,,,,,,,-0.696,1.0,-33.89,52.79,215.5,,,,0.019,0.018,0.058,0.002,0.012,0.018,0.371,0.026,0.016,,,,,,,,,0.004,0.0,0.971,7.314,42.88
7/12/2026 08:24:53,2026-07-12 08:20:00,,,,46.24,17.67,10.72,35.58,17.7,17.68,217.5,32.82,0.382,,,,,,,,,-0.683,1.0,-32.88,72.44,218.1,,,,46.25,17.68,10.87,35.59,17.71,17.69,218.3,32.87,0.481,,,,,,,,,-0.678,1.0,-30.42,88.9,313.8,,,,46.23,17.66,10.55,35.57,17.69,17.67,216.6,32.78,0.334,,,,,,,,,-0.697,1.0,-35.88,58.91,95.7,,,,0.005,0.005,0.057,0.002,0.003,0.005,0.273,0.015,0.029,,,,,,,,,0.005,0.0,1.425,8.25,67.22
7/12/2026 08:11:00,2026-07-12 08:10:00,,,,46.24,17.67,10.72,35.58,17.7,17.68,217.4,32.83,0.368,,,,,,,,,-0.691,1.0,-33.28,83.0,198.1,,,,46.25,17.68,10.89,35.59,17.71,17.69,218.4,32.88,0.44,,,,,,,,,-0.677,1.0,-30.58,104.0,347.6,,,,46.23,17.66,10.54,35.57,17.69,17.67,216.5,32.78,0.318,,,,,,,,,-0.8,1.0,-43.29,60.61,77.93,,,,0.004,0.004,0.057,0.002,0.003,0.003,0.29,0.015,0.021,,,,,,,,,0.032,0.0,2.808,11.8,77.26
7/12/2026 08:09:57,2026-07-12 07:30:00,,,,46.26,17.69,10.72,35.58,17.71,17.7,217.3,32.83,0.468,,,,,,,,,-0.566,1.0,-23.98,65.36,123.2,,,,46.27,17.7,10.89,35.59,17.72,17.7,218.2,32.87,0.618,,,,,,,,,-0.478,1.0,-15.61,78.41,220.6,,,,46.24,17.67,10.54,35.56,17.7,17.68,216.6,32.78,0.411,,,,,,,,,-0.68,1.0,-34.87,53.93,64.57,,,,0.005,0.005,0.059,0.003,0.003,0.004,0.278,0.015,0.028,,,,,,,,,0.093,0.0,7.157,6.336,49.79
7/12/2026 08:08:42,2026-07-12 07:40:00,,,,46.25,17.68,10.72,35.58,17.71,17.69,217.3,32.83,0.468,,,,,,,,,-0.684,1.0,-33.13,69.83,101.9,,,,46.26,17.69,10.9,35.59,17.72,17.7,218.0,32.87,0.6,,,,,,,,,-0.671,1.0,-29.89,82.3,184.2,,,,46.23,17.67,10.57,35.57,17.71,17.67,216.5,32.79,0.395,,,,,,,,,-0.786,1.0,-40.5,52.24,66.22,,,,0.005,0.004,0.059,0.003,0.003,0.004,0.265,0.014,0.027,,,,,,,,,0.024,0.0,2.362,8.54,30.65
7/12/2026 08:08:28,2026-07-12 07:50:00,,,,46.25,17.68,10.72,35.58,17.71,17.69,217.4,32.83,0.447,,,,,,,,,-0.687,1.0,-32.72,75.18,125.3,,,,46.26,17.69,10.91,35.59,17.72,17.7,218.2,32.87,0.679,,,,,,,,,-0.674,1.0,-30.34,87.8,239.9,,,,46.23,17.67,10.55,35.57,17.7,17.68,216.6,32.78,0.362,,,,,,,,,-0.798,1.0,-40.55,60.61,75.17,,,,0.005,0.004,0.06,0.003,0.003,0.004,0.27,0.014,0.032,,,,,,,,,0.026,0.0,2.078,8.08,47.19
7/12/2026 08:07:44,2026-07-12 08:00:00,,,,46.25,17.68,10.72,35.58,17.71,17.68,217.5,32.82,0.429,,,,,,,,,-0.687,1.0,-32.98,89.0,140.0,,,,46.26,17.68,10.87,35.59,17.72,17.69,218.3,32.86,0.529,,,,,,,,,-0.675,1.0,-30.22,109.0,292.7,,,,46.23,17.66,10.54,35.57,17.7,17.67,216.7,32.78,0.34,,,,,,,,,-0.797,1.0,-39.4,63.39,90.0,,,,0.005,0.004,0.059,0.002,0.003,0.004,0.27,0.014,0.031,,,,,,,,,0.026,0.0,1.981,12.43,54.68
7/11/2026 09:51:46,2026-07-11 09:40:00,,,,46.34,17.76,10.72,35.59,17.79,17.77,217.1,32.81,0.253,,,,,,,,,-0.515,1.0,-20.06,49.91,368.1,,,,46.35,17.77,10.87,35.59,17.8,17.77,217.9,32.86,0.331,,,,,,,,,-0.506,1.0,-18.14,58.87,441.4,,,,46.33,17.75,10.58,35.58,17.78,17.76,216.1,32.77,0.217,,,,,,,,,-0.625,1.0,-28.49,44.46,322.7,,,,0.003,0.003,0.053,0.001,0.003,0.003,0.277,0.015,0.013,,,,,,,,,0.026,0.0,2.256,3.436,32.33
7/11/2026 09:51:31,2026-07-11 09:50:00,,,,46.35,17.77,10.72,35.59,17.79,17.78,217.0,32.81,0.246,,,,,,,,,-0.514,1.0,-19.98,51.42,407.8,,,,46.36,17.78,10.87,35.59,17.8,17.78,217.7,32.85,0.321,,,,,,,,,-0.505,1.0,-18.11,55.48,443.1,,,,46.34,17.76,10.51,35.58,17.78,17.77,216.2,32.77,0.208,,,,,,,,,-0.623,1.0,-26.17,46.09,339.2,,,,0.003,0.003,0.054,0.001,0.004,0.003,0.267,0.014,0.013,,,,,,,,,0.025,0.0,1.742,2.457,27.85
7/11/2026 09:30:08,2026-07-11 09:30:00,,,,46.34,17.76,10.72,35.59,17.8,17.76,217.1,32.81,0.256,,,,,,,,,-0.513,1.0,-19.94,51.61,367.5,,,,46.35,17.77,10.91,35.59,17.81,17.78,217.9,32.86,0.314,,,,,,,,,-0.503,1.0,-17.55,58.86,448.0,,,,46.32,17.75,10.57,35.58,17.79,17.75,216.2,32.76,0.226,,,,,,,,,-0.621,1.0,-26.15,47.22,259.9,,,,0.004,0.004,0.056,0.001,0.005,0.004,0.28,0.015,0.013,,,,,,,,,0.025,0.0,1.878,3.289,45.83
7/11/2026 09:20:22,2026-07-11 09:20:00,,,,46.35,17.77,10.72,35.59,17.81,17.78,217.0,32.81,0.258,,,,,,,,,-0.514,1.0,-20.09,52.3,377.2,,,,46.36,17.78,10.89,35.59,17.83,17.79,218.0,32.86,0.373,,,,,,,,,-0.503,1.0,-17.4,59.43,476.1,,,,46.34,17.76,10.56,35.58,17.8,17.77,216.1,32.76,0.226,,,,,,,,,-0.628,1.0,-28.24,45.53,300.5,,,,0.005,0.005,0.054,0.002,0.006,0.005,0.303,0.015,0.013,,,,,,,,,0.026,0.0,2.277,4.587,50.05
7/11/2026 09:10:12,2026-07-11 09:10:00,,,,46.37,17.79,10.72,35.58,17.84,17.8,217.2,32.79,0.263,,,,,,,,,-0.522,1.0,-20.28,54.39,368.7,,,,46.39,17.81,10.89,35.59,17.86,17.82,217.8,32.83,0.312,,,,,,,,,-0.506,1.0,-17.29,74.52,477.0,,,,46.35,17.77,10.57,35.58,17.82,17.77,216.4,32.75,0.233,,,,,,,,,-0.63,1.0,-28.53,44.49,259.9,,,,0.011,0.011,0.053,0.002,0.01,0.011,0.267,0.015,0.012,,,,,,,,,0.035,0.0,2.959,6.289,57.92
7/11/2026 09:00:30,2026-07-11 09:00:00,,,,46.4,17.83,10.73,35.58,17.87,17.83,217.0,32.79,0.271,,,,,,,,,-0.519,1.0,-20.43,57.07,346.8,,,,46.42,17.84,10.87,35.59,17.89,17.85,217.7,32.84,0.376,,,,,,,,,-0.505,1.0,-18.03,81.1,500.1,,,,46.38,17.81,10.54,35.58,17.85,17.81,215.9,32.75,0.233,,,,,,,,,-0.631,1.0,-27.55,50.01,256.6,,,,0.007,0.007,0.057,0.002,0.007,0.007,0.272,0.014,0.014,,,,,,,,,0.026,0.0,1.99,6.62,56.23
7/11/2026 08:52:31,2026-07-11 08:40:00,,,,46.48,17.9,10.73,35.58,17.93,17.9,217.0,32.76,0.283,,,,,,,,,-0.522,1.0,-20.45,64.46,280.6,,,,46.5,17.92,10.92,35.59,17.95,17.93,217.8,32.81,0.447,,,,,,,,,-0.512,1.0,-18.48,77.24,350.8,,,,46.44,17.87,10.56,35.57,17.91,17.87,216.1,32.71,0.247,,,,,,,,,-0.631,1.0,-27.88,53.89,176.8,,,,0.014,0.014,0.058,0.002,0.008,0.014,0.288,0.016,0.016,,,,,,,,,0.026,0.0,2.107,6.248,44.84
7/11/2026 08:52:22,2026-07-11 08:50:00,,,,46.43,17.85,10.73,35.58,17.9,17.86,216.9,32.78,0.278,,,,,,,,,-0.521,1.0,-20.14,63.78,324.1,,,,46.45,17.87,10.92,35.59,17.92,17.88,217.8,32.82,0.425,,,,,,,,,-0.507,1.0,-18.01,81.1,459.0,,,,46.41,17.83,10.55,35.57,17.88,17.84,216.1,32.72,0.248,,,,,,,,,-0.633,1.0,-27.73,51.62,233.8,,,,0.011,0.01,0.06,0.002,0.011,0.01,0.276,0.016,0.015,,,,,,,,,0.027,0.0,2.113,8.5,53.66
7/11/2026 08:32:20,2026-07-11 08:30:00,,,,46.51,17.93,10.73,35.58,17.95,17.93,216.7,32.76,0.291,,,,,,,,,-0.522,1.0,-20.65,72.93,282.1,,,,46.52,17.94,10.91,35.59,17.96,17.95,217.4,32.81,0.393,,,,,,,,,-0.505,1.0,-18.53,81.1,351.3,,,,46.48,17.91,10.56,35.57,17.94,17.91,215.7,32.72,0.253,,,,,,,,,-0.613,1.0,-26.38,62.3,184.8,,,,0.008,0.008,0.056,0.003,0.004,0.008,0.285,0.015,0.013,,,,,,,,,0.023,0.0,2.107,5.164,41.69
7/11/2026 08:22:26,2026-07-11 07:30:00,,,,46.53,17.96,10.73,35.58,17.97,17.96,215.6,32.8,0.396,,,,,,,,,-0.521,1.0,-20.34,58.85,66.2,,,,46.54,17.97,10.98,35.59,17.99,17.97,216.4,32.86,0.543,,,,,,,,,-0.501,1.0,-16.64,63.39,80.7,,,,46.51,17.93,10.57,35.56,17.96,17.94,214.6,32.76,0.354,,,,,,,,,-0.635,1.0,-28.4,54.95,59.0,,,,0.007,0.006,0.06,0.004,0.006,0.005,0.279,0.015,0.018,,,,,,,,,0.027,0.0,2.379,2.003,6.012
7/11/2026 08:21:48,2026-07-11 08:20:00,,,,46.51,17.94,10.73,35.58,17.96,17.94,216.3,32.77,0.276,,,,,,,,,-0.52,1.0,-20.37,77.1,251.9,,,,46.53,17.95,10.9,35.59,17.97,17.95,217.2,32.82,0.385,,,,,,,,,-0.506,1.0,-17.75,89.4,333.0,,,,46.5,17.92,10.57,35.57,17.95,17.93,215.4,32.73,0.238,,,,,,,,,-0.628,1.0,-27.33,65.58,145.9,,,,0.005,0.005,0.059,0.003,0.004,0.005,0.281,0.015,0.015,,,,,,,,,0.025,0.0,2.178,6.192,48.81
7/11/2026 08:19:50,2026-07-11 08:10:00,,,,46.52,17.94,10.73,35.58,17.96,17.95,216.1,32.78,0.298,,,,,,,,,-0.521,1.0,-20.38,69.12,173.1,,,,46.54,17.96,10.92,35.59,17.97,17.96,216.9,32.83,0.364,,,,,,,,,-0.504,1.0,-17.03,79.55,229.9,,,,46.5,17.93,10.57,35.57,17.95,17.94,215.2,32.74,0.255,,,,,,,,,-0.625,1.0,-28.25,57.88,114.6,,,,0.006,0.006,0.057,0.003,0.004,0.005,0.268,0.014,0.016,,,,,,,,,0.034,0.0,2.756,5.619,37.99
7/11/2026 08:02:13,2026-07-11 08:00:00,,,,46.53,17.95,10.73,35.58,17.97,17.96,216.0,32.79,0.331,,,,,,,,,-0.517,1.0,-19.97,73.23,113.5,,,,46.54,17.96,10.87,35.59,17.98,17.97,216.9,32.84,0.416,,,,,,,,,-0.503,1.0,-17.73,87.8,177.5,,,,46.51,17.93,10.54,35.57,17.96,17.94,215.0,32.74,0.287,,,,,,,,,-0.629,1.0,-27.06,60.6,74.6,,,,0.006,0.006,0.055,0.003,0.004,0.005,0.286,0.015,0.018,,,,,,,,,0.026,0.0,1.975,8.27,26.62
7/11/2026 07:50:21,2026-07-11 07:50:00,,,,46.53,17.95,10.73,35.58,17.97,17.96,215.8,32.79,0.332,,,,,,,,,-0.516,1.0,-19.79,87.5,117.3,,,,46.55,17.97,10.94,35.59,17.98,17.97,216.8,32.84,0.467,,,,,,,,,-0.502,1.0,-16.73,97.4,209.0,,,,46.51,17.93,10.53,35.56,17.96,17.94,214.9,32.75,0.279,,,,,,,,,-0.635,1.0,-28.69,81.7,84.1,,,,0.006,0.006,0.06,0.003,0.004,0.005,0.27,0.014,0.023,,,,,,,,,0.028,0.0,2.415,3.698,39.8
7/11/2026 07:49:46,2026-07-11 07:40:00,,,,46.53,17.95,10.73,35.58,17.97,17.96,215.6,32.8,0.365,,,,,,,,,-0.518,1.0,-20.39,74.86,79.68,,,,46.54,17.97,10.89,35.6,17.99,17.97,216.5,32.85,0.523,,,,,,,,,-0.503,1.0,-17.23,90.0,95.2,,,,46.5,17.93,10.57,35.56,17.96,17.94,214.8,32.76,0.311,,,,,,,,,-0.654,1.0,-28.89,58.96,60.68,,,,0.007,0.006,0.057,0.004,0.004,0.005,0.273,0.015,0.02,,,,,,,,,0.032,0.0,2.431,8.16,8.43
7/11/2026 07:21:46,2026-07-11 07:20:00,,,,46.53,17.95,10.73,35.58,17.97,17.96,215.8,32.79,0.434,,,,,,,,,-0.518,1.0,-20.11,53.97,60.21,,,,46.54,17.97,10.91,35.59,17.99,17.97,216.8,32.84,0.584,,,,,,,,,-0.499,1.0,-17.44,63.39,80.7,,,,46.5,17.93,10.56,35.56,17.96,17.94,215.0,32.74,0.367,,,,,,,,,-0.561,1.0,-24.01,43.37,44.62,,,,0.007,0.007,0.056,0.004,0.006,0.006,0.281,0.015,0.028,,,,,,,,,0.011,0.0,1.704,4.532,7.458
7/11/2026 07:11:41,2026-07-11 07:10:00,,,,46.53,17.95,10.73,35.58,17.97,17.96,215.9,32.79,0.471,,,,,,,,,-0.528,1.0,-21.18,43.03,45.86,,,,46.54,17.97,10.94,35.59,17.98,17.97,216.9,32.84,0.556,,,,,,,,,-0.513,1.0,-17.65,49.53,54.04,,,,46.51,17.93,10.57,35.56,17.95,17.94,215.0,32.74,0.4,,,,,,,,,-0.655,1.0,-30.01,37.88,39.04,,,,0.007,0.007,0.063,0.004,0.007,0.006,0.279,0.015,0.024,,,,,,,,,0.038,0.0,2.872,3.043,3.554
7/11/2026 07:08:42,2026-07-11 06:50:00,,,,46.52,17.95,10.73,35.58,17.97,17.96,216.0,32.79,0.526,,,,,,,,,-0.338,1.0,-6.714,32.07,33.93,,,,46.54,17.96,10.93,35.59,17.98,17.97,216.7,32.83,0.809,,,,,,,,,-0.306,1.0,-2.703,39.0,43.49,,,,46.5,17.93,10.59,35.57,17.95,17.94,215.1,32.75,0.468,,,,,,,,,-0.531,1.0,-22.33,17.28,19.13,,,,0.007,0.007,0.063,0.003,0.006,0.006,0.285,0.015,0.03,,,,,,,,,0.065,0.0,5.158,5.305,6.224
7/11/2026 07:08:06,2026-07-11 07:00:00,,,,46.52,17.95,10.74,35.58,17.97,17.95,216.0,32.79,0.511,,,,,,,,,-0.514,1.0,-19.73,35.38,36.63,,,,46.54,17.97,10.97,35.6,17.98,17.97,216.8,32.83,0.661,,,,,,,,,-0.51,1.0,-17.88,40.67,43.49,,,,46.49,17.92,10.53,35.56,17.95,17.93,215.2,32.74,0.459,,,,,,,,,-0.532,1.0,-21.4,31.22,31.82,,,,0.008,0.008,0.065,0.004,0.006,0.007,0.279,0.015,0.029,,,,,,,,,0.005,0.0,1.12,3.029,3.266
7/10/2026 10:23:57,2026-07-10 09:30:00,,,,46.54,17.96,10.72,35.58,17.97,17.97,216.4,32.76,0.324,,,,,,,,,-0.524,1.0,-20.62,197.0,197.6,,,,46.55,17.98,10.88,35.59,17.98,17.98,217.2,32.8,0.396,,,,,,,,,-0.516,1.0,-18.01,203.6,203.6,,,,46.51,17.94,10.55,35.57,17.95,17.95,215.6,32.72,0.28,,,,,,,,,-0.635,1.0,-29.16,190.8,191.9,,,,0.007,0.007,0.057,0.003,0.005,0.006,0.269,0.014,0.015,,,,,,,,,0.026,0.0,2.364,3.389,3.245
7/10/2026 10:21:30,2026-07-10 10:20:00,,,,46.58,18.0,10.72,35.58,18.02,18.01,215.3,32.8,0.253,,,,,,,,,-0.518,1.0,-20.42,200.7,213.0,,,,46.59,18.01,10.9,35.59,18.02,18.02,216.0,32.85,0.488,,,,,,,,,-0.51,1.0,-18.03,222.9,339.8,,,,46.56,17.98,10.58,35.57,18.01,17.99,214.5,32.76,0.201,,,,,,,,,-0.63,1.0,-27.99,179.6,183.6,,,,0.006,0.005,0.059,0.003,0.003,0.005,0.265,0.014,0.017,,,,,,,,,0.026,0.0,2.167,12.69,31.39
7/10/2026 10:18:10,2026-07-10 09:40:00,,,,46.55,17.98,10.72,35.58,17.98,17.98,216.2,32.76,0.319,,,,,,,,,-0.523,1.0,-20.71,191.7,192.8,,,,46.57,17.99,10.95,35.59,17.99,18.0,217.1,32.81,0.473,,,,,,,,,-0.512,1.0,-18.25,206.7,206.7,,,,46.21,17.96,10.49,35.3,17.97,17.97,215.4,32.73,0.279,,,,,,,,,-0.613,1.0,-26.47,174.0,175.3,,,,0.016,0.006,0.066,0.012,0.005,0.006,0.278,0.014,0.015,,,,,,,,,0.022,0.0,1.832,9.21,9.41
7/10/2026 10:15:48,2026-07-10 10:10:00,,,,46.58,18.0,10.72,35.58,18.01,18.01,215.4,32.79,0.274,,,,,,,,,-0.526,1.0,-20.92,196.6,199.0,,,,46.59,18.01,10.9,35.59,18.02,18.02,216.4,32.85,0.391,,,,,,,,,-0.51,1.0,-18.22,231.2,229.1,,,,46.56,17.98,10.56,35.57,18.01,17.99,214.4,32.74,0.229,,,,,,,,,-0.649,1.0,-31.41,161.3,165.3,,,,0.006,0.006,0.06,0.003,0.003,0.005,0.3,0.016,0.02,,,,,,,,,0.038,0.0,3.26,21.67,19.79
7/10/2026 10:02:44,2026-07-10 10:00:00,,,,46.57,18.0,10.72,35.58,18.01,18.0,215.6,32.78,0.313,,,,,,,,,-0.526,1.0,-20.84,155.7,156.6,,,,46.59,18.01,10.9,35.59,18.02,18.02,216.4,32.83,0.456,,,,,,,,,-0.513,1.0,-19.02,162.4,165.3,,,,46.55,17.98,10.49,35.57,18.0,17.99,214.7,32.74,0.271,,,,,,,,,-0.634,1.0,-28.38,144.7,145.3,,,,0.006,0.006,0.064,0.003,0.004,0.005,0.313,0.016,0.019,,,,,,,,,0.025,0.0,2.135,5.406,5.484
7/10/2026 09:59:01,2026-07-10 09:50:00,,,,46.56,17.99,10.72,35.58,17.99,17.99,216.1,32.77,0.338,,,,,,,,,-0.526,1.0,-20.92,154.6,157.4,,,,46.58,18.0,10.89,35.59,18.01,18.01,217.0,32.8,0.393,,,,,,,,,-0.512,1.0,-17.94,181.3,182.5,,,,46.54,17.97,10.55,35.57,17.98,17.98,215.4,32.72,0.296,,,,,,,,,-0.635,1.0,-28.27,138.9,140.1,,,,0.007,0.007,0.057,0.003,0.004,0.006,0.299,0.015,0.015,,,,,,,,,0.027,0.0,2.186,12.32,12.75
7/10/2026 09:22:46,2026-07-10 09:20:00,,,,46.52,17.94,10.72,35.58,17.95,17.95,216.6,32.75,0.341,,,,,,,,,-0.525,1.0,-20.96,192.8,193.6,,,,46.54,17.96,11.07,35.59,17.96,17.97,217.6,32.8,0.58,,,,,,,,,-0.516,1.0,-18.37,198.5,199.7,,,,46.5,17.92,10.49,35.57,17.93,17.93,215.8,32.71,0.3,,,,,,,,,-0.633,1.0,-28.41,182.9,183.1,,,,0.009,0.009,0.065,0.003,0.007,0.008,0.296,0.015,0.018,,,,,,,,,0.025,0.0,2.207,3.49,3.41
7/10/2026 09:13:35,2026-07-10 09:10:00,,,,46.5,17.92,10.72,35.58,17.92,17.93,216.8,32.75,0.353,,,,,,,,,-0.53,1.0,-21.37,196.5,197.6,,,,46.52,17.94,10.94,35.6,17.94,17.94,217.7,32.8,0.426,,,,,,,,,-0.514,1.0,-18.34,216.6,217.2,,,,46.48,17.9,10.48,35.57,17.91,17.91,216.0,32.71,0.319,,,,,,,,,-0.637,1.0,-30.46,182.9,183.1,,,,0.009,0.009,0.063,0.003,0.008,0.008,0.278,0.014,0.015,,,,,,,,,0.034,0.0,2.957,8.09,7.962
7/10/2026 09:03:46,2026-07-10 09:00:00,,,,46.47,17.89,10.72,35.58,17.89,17.9,217.0,32.76,0.339,,,,,,,,,-0.525,1.0,-20.76,224.7,233.5,,,,46.49,17.91,10.91,35.59,17.91,17.92,218.0,32.8,0.688,,,,,,,,,-0.515,1.0,-17.77,254.5,287.2,,,,46.45,17.87,10.55,35.57,17.87,17.88,216.1,32.71,0.294,,,,,,,,,-0.637,1.0,-29.38,194.7,196.9,,,,0.01,0.01,0.063,0.002,0.01,0.01,0.288,0.015,0.021,,,,,,,,,0.026,0.0,2.321,13.87,20.33
7/10/2026 08:50:15,2026-07-10 08:50:00,,,,46.43,17.85,10.72,35.59,17.85,17.85,216.7,32.79,0.324,,,,,,,,,-0.525,1.0,-21.12,230.7,264.1,,,,46.47,17.89,10.92,35.61,17.88,17.89,218.0,32.88,0.395,,,,,,,,,-0.516,1.0,-19.0,257.3,287.2,,,,46.38,17.8,10.52,35.58,17.83,17.8,215.4,32.72,0.282,,,,,,,,,-0.634,1.0,-27.75,215.8,245.4,,,,0.03,0.03,0.061,0.003,0.016,0.03,0.503,0.038,0.017,,,,,,,,,0.025,0.0,1.966,10.91,11.96
7/10/2026 08:48:10,2026-07-10 08:40:00,,,,46.38,17.8,10.72,35.59,17.83,17.81,216.2,32.84,0.316,,,,,,,,,-0.521,1.0,-20.9,215.5,275.0,,,,46.39,17.81,10.87,35.6,17.84,17.82,217.3,32.89,0.438,,,,,,,,,-0.512,1.0,-18.64,236.7,347.6,,,,46.36,17.78,10.51,35.58,17.82,17.79,215.2,32.78,0.283,,,,,,,,,-0.633,1.0,-27.54,186.9,217.7,,,,0.006,0.006,0.057,0.002,0.004,0.005,0.281,0.014,0.015,,,,,,,,,0.026,0.0,2.037,12.14,28.22
7/10/2026 08:31:19,2026-07-10 08:30:00,,,,46.37,17.79,10.72,35.59,17.82,17.8,216.3,32.83,0.358,,,,,,,,,-0.519,1.0,-20.74,169.9,195.3,,,,46.39,17.81,10.87,35.6,17.83,17.81,217.2,32.88,0.573,,,,,,,,,-0.507,1.0,-18.52,199.0,244.2,,,,46.36,17.78,10.54,35.58,17.81,17.78,215.6,32.78,0.324,,,,,,,,,-0.631,1.0,-28.22,138.9,170.8,,,,0.006,0.006,0.056,0.002,0.004,0.006,0.284,0.015,0.018,,,,,,,,,0.026,0.0,2.188,14.95,17.74
7/10/2026 08:23:29,2026-07-10 08:20:00,,,,46.37,17.79,10.72,35.59,17.82,17.8,216.1,32.85,0.34,,,,,,,,,-0.518,1.0,-20.23,144.3,216.1,,,,46.38,17.8,10.87,35.6,17.83,17.81,216.9,32.9,0.433,,,,,,,,,-0.508,1.0,-17.73,158.5,369.2,,,,46.36,17.78,10.49,35.58,17.81,17.79,215.2,32.81,0.287,,,,,,,,,-0.632,1.0,-27.69,111.3,120.6,,,,0.005,0.005,0.055,0.002,0.004,0.005,0.287,0.015,0.023,,,,,,,,,0.026,0.0,2.013,10.62,76.52
7/10/2026 08:11:46,2026-07-10 08:10:00,,,,46.37,17.79,10.71,35.59,17.83,17.8,216.0,32.85,0.409,,,,,,,,,-0.523,1.0,-20.78,94.0,98.4,,,,46.39,17.81,10.84,35.6,17.84,17.81,216.9,32.9,0.517,,,,,,,,,-0.506,1.0,-17.64,115.2,120.6,,,,46.34,17.77,10.54,35.58,17.82,17.78,215.2,32.8,0.351,,,,,,,,,-0.634,1.0,-29.61,74.06,75.68,,,,0.007,0.007,0.056,0.003,0.005,0.006,0.281,0.015,0.021,,,,,,,,,0.035,0.0,2.938,11.29,12.5
7/10/2026 08:00:31,2026-07-10 08:00:00,,,,46.39,17.81,10.71,35.59,17.84,17.81,216.3,32.83,0.435,,,,,,,,,-0.518,1.0,-20.09,99.1,99.7,,,,46.4,17.83,10.91,35.6,17.86,17.83,217.2,32.89,0.56,,,,,,,,,-0.507,1.0,-17.57,105.1,105.2,,,,46.35,17.77,10.55,35.57,17.83,17.78,215.3,32.78,0.388,,,,,,,,,-0.63,1.0,-27.03,91.8,91.8,,,,0.012,0.012,0.054,0.003,0.006,0.012,0.286,0.016,0.019,,,,,,,,,0.026,0.0,2.039,3.301,3.186
7/10/2026 07:51:57,2026-07-10 07:50:00,,,,46.4,17.82,10.71,35.58,17.86,17.83,216.2,32.83,0.462,,,,,,,,,-0.525,1.0,-20.53,79.08,80.2,,,,46.42,17.84,10.95,35.6,17.87,17.84,217.0,32.88,0.528,,,,,,,,,-0.508,1.0,-18.04,94.6,94.6,,,,46.38,17.8,10.5,35.58,17.84,17.81,215.3,32.78,0.409,,,,,,,,,-0.643,1.0,-29.17,61.19,61.77,,,,0.006,0.006,0.055,0.003,0.005,0.005,0.28,0.015,0.02,,,,,,,,,0.031,0.0,2.618,9.38,8.92
7/10/2026 07:45:03,2026-07-10 07:30:00,,,,46.41,17.83,10.71,35.58,17.86,17.84,216.1,32.83,0.479,,,,,,,,,-0.526,1.0,-20.77,60.44,62.03,,,,46.42,17.84,10.87,35.6,17.88,17.85,217.0,32.87,0.664,,,,,,,,,-0.509,1.0,-17.86,75.17,78.43,,,,46.39,17.81,10.55,35.57,17.85,17.82,215.4,32.78,0.428,,,,,,,,,-0.643,1.0,-30.02,41.74,44.61,,,,0.007,0.006,0.055,0.004,0.006,0.006,0.283,0.015,0.024,,,,,,,,,0.027,0.0,2.504,10.37,10.75
7/10/2026 07:44:41,2026-07-10 07:40:00,,,,46.41,17.83,10.71,35.58,17.86,17.84,216.2,32.83,0.477,,,,,,,,,-0.53,1.0,-21.32,59.19,61.01,,,,46.42,17.84,10.88,35.6,17.87,17.85,217.1,32.87,0.615,,,,,,,,,-0.52,1.0,-19.04,72.49,75.16,,,,46.39,17.81,10.56,35.57,17.85,17.82,215.3,32.78,0.434,,,,,,,,,-0.639,1.0,-28.94,55.02,57.9,,,,0.007,0.006,0.051,0.003,0.006,0.006,0.289,0.015,0.021,,,,,,,,,0.026,0.0,2.15,2.63,2.63
7/10/2026 07:20:13,2026-07-10 07:20:00,,,,46.41,17.84,10.71,35.58,17.87,17.84,216.1,32.83,0.518,,,,,,,,,-0.529,1.0,-21.34,33.01,34.3,,,,46.43,17.85,10.87,35.6,17.88,17.86,216.9,32.87,0.8,,,,,,,,,-0.52,1.0,-18.73,44.53,45.65,,,,46.39,17.82,10.5,35.57,17.85,17.82,215.2,32.78,0.453,,,,,,,,,-0.645,1.0,-28.51,20.65,21.84,,,,0.007,0.006,0.056,0.003,0.006,0.006,0.298,0.016,0.029,,,,,,,,,0.027,0.0,2.162,7.208,7.649
7/10/2026 07:12:43,2026-07-10 07:10:00,,,,46.42,17.84,10.71,35.58,17.87,17.85,216.0,32.83,0.539,,,,,,,,,-0.535,1.0,-21.64,15.3,16.2,,,,46.43,17.85,10.88,35.6,17.88,17.86,216.9,32.88,0.676,,,,,,,,,-0.519,1.0,-18.47,20.66,22.13,,,,46.39,17.81,10.56,35.57,17.86,17.82,215.2,32.79,0.482,,,,,,,,,-0.649,1.0,-29.54,11.17,11.8,,,,0.007,0.007,0.054,0.004,0.006,0.006,0.298,0.016,0.024,,,,,,,,,0.036,0.0,2.706,2.967,3.045
7/10/2026 07:00:20,2026-07-10 07:00:00,,,,46.42,17.84,10.71,35.58,17.87,17.85,215.9,32.84,0.547,,,,,,,,,-0.527,1.0,-21.17,9.39,10.14,,,,46.44,17.86,10.84,35.6,17.89,17.87,216.8,32.89,0.686,,,,,,,,,-0.519,1.0,-18.05,11.74,12.34,,,,46.4,17.82,10.57,35.57,17.86,17.83,214.9,32.78,0.488,,,,,,,,,-0.641,1.0,-28.88,7.261,7.864,,,,0.008,0.007,0.05,0.004,0.006,0.007,0.298,0.016,0.027,,,,,,,,,0.026,0.0,2.334,1.38,1.375
7/10/2026 06:53:34,2026-07-10 05:30:00,,,,46.36,17.78,10.71,35.59,17.81,17.79,215.9,32.86,0.562,,,,,,,,,-0.526,1.0,-21.31,1.054,1.646,,,,46.38,17.8,10.9,35.6,17.83,17.8,216.9,32.91,0.763,,,,,,,,,-0.516,1.0,-18.65,1.906,2.408,,,,46.34,17.76,10.54,35.57,17.79,17.77,215.1,32.81,0.49,,,,,,,,,-0.641,1.0,-28.33,0.455,0.312,,,,0.008,0.008,0.058,0.004,0.007,0.007,0.283,0.016,0.039,,,,,,,,,0.026,0.0,2.037,0.501,0.712
7/10/2026 06:53:07,2026-07-10 06:50:00,,,,46.42,17.85,10.71,35.58,17.87,17.85,215.8,32.84,0.551,,,,,,,,,-0.528,1.0,-21.19,7.488,8.31,,,,46.44,17.86,10.85,35.6,17.89,17.87,216.7,32.88,0.714,,,,,,,,,-0.517,1.0,-19.27,8.46,8.99,,,,46.4,17.83,10.55,35.57,17.86,17.84,215.0,32.79,0.489,,,,,,,,,-0.641,1.0,-28.57,7.273,7.853,,,,0.007,0.006,0.052,0.003,0.006,0.006,0.27,0.014,0.03,,,,,,,,,0.026,0.0,1.989,0.419,0.371
7/10/2026 06:49:31,2026-07-10 05:40:00,,,,46.37,17.8,10.71,35.59,17.82,17.8,216.1,32.85,0.574,,,,,,,,,-0.526,1.0,-20.94,1.465,2.029,,,,46.4,17.82,10.89,35.6,17.84,17.83,216.8,32.89,1.564,,,,,,,,,-0.518,1.0,-19.16,1.92,2.945,,,,46.34,17.77,10.54,35.57,17.8,17.77,215.3,32.81,0.495,,,,,,,,,-0.641,1.0,-28.89,0.457,0.575,,,,0.012,0.012,0.058,0.004,0.009,0.011,0.286,0.017,0.055,,,,,,,,,0.026,0.0,1.988,0.553,0.658
7/10/2026 06:46:40,2026-07-10 05:50:00,,,,46.39,17.81,10.71,35.58,17.84,17.82,216.1,32.84,0.578,,,,,,,,,-0.527,1.0,-21.36,1.07,1.685,,,,46.41,17.83,10.86,35.6,17.85,17.84,216.9,32.88,0.747,,,,,,,,,-0.518,1.0,-19.28,1.915,2.407,,,,46.37,17.79,10.54,35.57,17.82,17.8,215.1,32.8,0.51,,,,,,,,,-0.64,1.0,-29.0,0.916,1.292,,,,0.008,0.008,0.056,0.004,0.007,0.007,0.275,0.014,0.041,,,,,,,,,0.026,0.0,2.111,0.351,0.353
7/10/2026 06:45:40,2026-07-10 06:00:00,,,,46.4,17.82,10.71,35.58,17.85,17.83,216.1,32.83,0.573,,,,,,,,,-0.526,1.0,-21.01,1.114,1.742,,,,46.42,17.84,10.91,35.6,17.86,17.85,217.0,32.88,0.777,,,,,,,,,-0.519,1.0,-19.15,1.908,2.408,,,,46.37,17.8,10.53,35.57,17.83,17.81,215.2,32.79,0.503,,,,,,,,,-0.6,1.0,-25.19,0.908,1.298,,,,0.008,0.008,0.061,0.004,0.007,0.007,0.288,0.015,0.042,,,,,,,,,0.017,0.0,1.499,0.394,0.374
7/10/2026 06:45:24,2026-07-10 06:10:00,,,,46.41,17.83,10.71,35.58,17.86,17.84,215.9,32.84,0.575,,,,,,,,,-0.533,1.0,-21.63,0.993,1.664,,,,46.43,17.85,10.89,35.6,17.87,17.85,216.9,32.88,0.932,,,,,,,,,-0.519,1.0,-18.73,1.907,2.41,,,,46.38,17.81,10.55,35.56,17.84,17.82,215.1,32.79,0.498,,,,,,,,,-0.646,1.0,-30.82,0.459,0.784,,,,0.008,0.007,0.058,0.004,0.007,0.006,0.291,0.015,0.046,,,,,,,,,0.036,0.0,2.927,0.414,0.466
7/10/2026 06:44:56,2026-07-10 06:20:00,,,,46.42,17.84,10.71,35.58,17.86,17.85,215.9,32.84,0.564,,,,,,,,,-0.527,1.0,-20.89,1.52,2.184,,,,46.43,17.86,10.87,35.6,17.88,17.86,216.7,32.88,0.823,,,,,,,,,-0.519,1.0,-18.2,1.916,2.954,,,,46.39,17.81,10.5,35.56,17.85,17.83,215.1,32.8,0.481,,,,,,,,,-0.643,1.0,-29.02,0.459,0.311,,,,0.008,0.007,0.058,0.004,0.006,0.007,0.284,0.015,0.041,,,,,,,,,0.027,0.0,2.161,0.498,0.566
7/10/2026 06:44:31,2026-07-10 06:30:00,,,,46.42,17.84,10.71,35.58,17.87,17.85,215.7,32.85,0.551,,,,,,,,,-0.529,1.0,-21.35,2.391,3.233,,,,46.44,17.86,10.87,35.6,17.88,17.86,216.6,32.89,0.722,,,,,,,,,-0.519,1.0,-19.0,3.46,4.043,,,,46.4,17.83,10.54,35.57,17.86,17.84,214.9,32.8,0.485,,,,,,,,,-0.597,1.0,-26.53,1.887,2.406,,,,0.007,0.006,0.055,0.003,0.006,0.006,0.274,0.015,0.038,,,,,,,,,0.018,0.0,1.913,0.703,0.629
7/10/2026 06:43:56,2026-07-10 06:40:00,,,,46.42,17.85,10.71,35.58,17.87,17.85,215.8,32.84,0.545,,,,,,,,,-0.53,1.0,-21.16,4.464,5.505,,,,46.44,17.86,10.9,35.6,17.89,17.87,216.6,32.88,0.71,,,,,,,,,-0.52,1.0,-18.04,7.283,8.43,,,,46.4,17.83,10.56,35.57,17.86,17.83,215.0,32.8,0.473,,,,,,,,,-0.646,1.0,-29.83,1.895,3.825,,,,0.007,0.007,0.056,0.003,0.006,0.006,0.273,0.015,0.033,,,,,,,,,0.027,0.0,2.307,1.185,1.254
7/10/2026 05:26:43,2026-07-10 05:20:00,,,,46.35,17.77,10.71,35.59,17.8,17.78,215.9,32.87,0.552,,,,,,,,,-0.523,1.0,-20.77,0.72,1.025,,,,46.37,17.79,10.89,35.6,17.82,17.79,216.9,32.92,0.697,,,,,,,,,-0.516,1.0,-19.21,1.138,2.403,,,,46.33,17.75,10.54,35.57,17.79,17.76,215.0,32.81,0.478,,,,,,,,,-0.603,1.0,-24.97,0.458,0.311,,,,0.007,0.007,0.059,0.003,0.007,0.006,0.295,0.016,0.035,,,,,,,,,0.019,0.0,1.564,0.235,0.53
7/10/2026 05:14:10,2026-07-10 04:30:00,,,,46.33,17.76,10.71,35.58,17.79,17.77,216.3,32.85,0.564,,,,,,,,,-0.525,1.0,-21.1,1.152,1.657,,,,46.36,17.78,10.87,35.59,17.8,17.78,217.3,32.89,0.711,,,,,,,,,-0.512,1.0,-19.06,1.907,2.411,,,,46.29,17.73,10.55,35.55,17.78,17.74,215.5,32.8,0.496,,,,,,,,,-0.637,1.0,-28.35,0.454,0.779,,,,0.012,0.007,0.056,0.006,0.007,0.007,0.303,0.016,0.038,,,,,,,,,0.026,0.0,2.027,0.502,0.483
7/10/2026 05:13:57,2026-07-10 05:10:00,,,,46.35,17.77,10.71,35.59,17.8,17.78,215.9,32.87,0.537,,,,,,,,,-0.532,1.0,-21.07,1.291,2.128,,,,46.37,17.79,10.89,35.6,17.82,17.79,216.8,32.91,0.809,,,,,,,,,-0.516,1.0,-18.24,1.907,2.957,,,,46.33,17.75,10.52,35.57,17.79,17.76,215.0,32.82,0.459,,,,,,,,,-0.645,1.0,-29.97,0.462,1.078,,,,0.007,0.006,0.059,0.003,0.006,0.006,0.277,0.015,0.04,,,,,,,,,0.035,0.0,2.921,0.507,0.556
7/10/2026 05:08:26,2026-07-10 04:40:00,,,,46.35,17.77,10.71,35.58,17.79,17.77,216.2,32.86,0.547,,,,,,,,,-0.526,1.0,-21.11,0.923,1.318,,,,46.36,17.78,10.87,35.6,17.81,17.79,216.9,32.89,0.935,,,,,,,,,-0.514,1.0,-18.83,1.899,2.411,,,,46.31,17.74,10.52,35.57,17.78,17.75,215.5,32.82,0.479,,,,,,,,,-0.639,1.0,-27.81,0.453,0.313,,,,0.01,0.008,0.059,0.004,0.007,0.007,0.269,0.014,0.039,,,,,,,,,0.026,0.0,1.982,0.453,0.602
7/10/2026 05:07:41,2026-07-10 04:50:00,,,,46.35,17.77,10.71,35.59,17.8,17.78,216.1,32.86,0.537,,,,,,,,,-0.527,1.0,-21.35,0.919,1.412,,,,46.37,17.78,10.88,35.6,17.81,17.79,216.9,32.9,0.864,,,,,,,,,-0.517,1.0,-19.12,1.894,2.408,,,,46.32,17.75,10.51,35.57,17.78,17.75,215.3,32.81,0.466,,,,,,,,,-0.636,1.0,-28.36,0.449,0.319,,,,0.008,0.007,0.06,0.004,0.007,0.007,0.262,0.014,0.037,,,,,,,,,0.026,0.0,2.08,0.341,0.557
7/10/2026 05:01:36,2026-07-10 05:00:00,,,,46.35,17.77,10.71,35.59,17.8,17.78,216.0,32.86,0.529,,,,,,,,,-0.526,1.0,-20.78,0.966,1.613,,,,46.37,17.79,10.88,35.6,17.82,17.79,216.9,32.92,0.742,,,,,,,,,-0.516,1.0,-18.28,1.892,2.417,,,,46.33,17.76,10.52,35.57,17.79,17.76,215.0,32.81,0.464,,,,,,,,,-0.638,1.0,-28.49,0.46,0.314,,,,0.007,0.006,0.063,0.003,0.007,0.006,0.281,0.015,0.036,,,,,,,,,0.026,0.0,2.129,0.337,0.465
7/10/2026 04:28:51,2026-07-10 03:40:00,,,,46.36,17.78,10.71,35.59,17.81,17.78,216.5,32.83,0.529,,,,,,,,,-0.526,1.0,-21.53,1.14,1.748,,,,46.37,17.79,10.86,35.6,17.83,17.8,217.4,32.88,0.901,,,,,,,,,-0.51,1.0,-18.19,1.896,2.947,,,,46.33,17.75,10.54,35.57,17.8,17.76,215.6,32.79,0.448,,,,,,,,,-0.641,1.0,-29.18,0.452,0.77,,,,0.008,0.007,0.058,0.004,0.006,0.006,0.286,0.015,0.044,,,,,,,,,0.027,0.0,2.433,0.555,0.584
7/10/2026 04:28:28,2026-07-10 03:50:00,,,,46.35,17.77,10.71,35.59,17.81,17.78,216.6,32.83,0.597,,,,,,,,,-0.521,1.0,-20.05,1.237,1.786,,,,46.37,17.79,10.92,35.6,17.82,17.8,217.5,32.88,0.824,,,,,,,,,-0.511,1.0,-17.93,1.9,2.406,,,,46.33,17.76,10.53,35.57,17.79,17.76,215.5,32.78,0.421,,,,,,,,,-0.559,1.0,-22.82,0.453,0.772,,,,0.008,0.007,0.061,0.004,0.006,0.006,0.335,0.017,0.069,,,,,,,,,0.011,0.0,1.348,0.504,0.476
7/10/2026 04:21:19,2026-07-10 04:00:00,,,,46.34,17.76,10.71,35.59,17.8,17.77,216.6,32.84,0.61,,,,,,,,,-0.525,1.0,-20.89,0.975,1.629,,,,46.36,17.78,10.91,35.6,17.82,17.79,217.4,32.89,0.789,,,,,,,,,-0.511,1.0,-18.69,1.906,2.402,,,,46.31,17.74,10.51,35.57,17.78,17.75,215.5,32.79,0.516,,,,,,,,,-0.642,1.0,-28.45,0.467,0.776,,,,0.008,0.007,0.057,0.004,0.007,0.006,0.307,0.017,0.045,,,,,,,,,0.027,0.0,2.005,0.327,0.433
7/10/2026 04:21:08,2026-07-10 04:20:00,,,,46.33,17.76,10.71,35.58,17.79,17.76,216.5,32.84,0.584,,,,,,,,,-0.525,1.0,-21.18,1.26,1.949,,,,46.35,17.77,10.86,35.59,17.8,17.78,217.3,32.89,0.733,,,,,,,,,-0.513,1.0,-18.53,1.913,2.621,,,,46.29,17.74,10.55,35.55,17.78,17.75,215.7,32.8,0.506,,,,,,,,,-0.638,1.0,-29.74,0.459,0.921,,,,0.012,0.007,0.055,0.006,0.006,0.006,0.275,0.015,0.039,,,,,,,,,0.026,0.0,2.324,0.534,0.453
7/10/2026 04:13:13,2026-07-10 04:10:00,,,,46.33,17.75,10.71,35.58,17.79,17.76,216.5,32.84,0.584,,,,,,,,,-0.532,1.0,-21.92,0.915,1.412,,,,46.35,17.77,10.89,35.59,17.81,17.77,217.4,32.89,0.823,,,,,,,,,-0.513,1.0,-18.45,1.895,2.416,,,,46.28,17.74,10.52,35.54,17.78,17.75,215.6,32.8,0.509,,,,,,,,,-0.643,1.0,-31.37,0.458,0.778,,,,0.011,0.007,0.06,0.007,0.006,0.006,0.265,0.014,0.04,,,,,,,,,0.036,0.0,3.037,0.367,0.464
7/10/2026 03:30:24,2026-07-10 03:30:00,,,,46.36,17.78,10.71,35.59,17.82,17.78,216.5,32.83,0.511,,,,,,,,,-0.525,1.0,-20.87,1.079,1.743,,,,46.38,17.79,10.88,35.6,17.85,17.8,217.4,32.88,0.708,,,,,,,,,-0.509,1.0,-18.66,1.899,2.947,,,,46.33,17.76,10.55,35.57,17.81,17.76,215.6,32.78,0.422,,,,,,,,,-0.644,1.0,-28.41,0.444,0.314,,,,0.008,0.007,0.057,0.004,0.008,0.007,0.287,0.015,0.037,,,,,,,,,0.028,0.0,2.172,0.419,0.551
7/10/2026 03:22:08,2026-07-10 03:20:00,,,,46.39,17.81,10.71,35.59,17.87,17.82,216.9,32.79,0.583,,,,,,,,,-0.522,1.0,-21.15,0.795,1.248,,,,46.46,17.88,10.87,35.6,17.91,17.89,217.9,32.85,0.955,,,,,,,,,-0.511,1.0,-18.08,0.918,1.844,,,,46.34,17.76,10.54,35.56,17.83,17.77,216.1,32.72,0.485,,,,,,,,,-0.634,1.0,-28.08,0.446,0.768,,,,0.039,0.04,0.055,0.004,0.023,0.039,0.349,0.031,0.053,,,,,,,,,0.026,0.0,2.219,0.195,0.333
7/10/2026 03:10:10,2026-07-10 03:10:00,,,,46.45,17.87,10.71,35.58,17.9,17.88,217.0,32.77,0.624,,,,,,,,,-0.528,1.0,-21.17,0.791,1.224,,,,46.47,17.89,10.87,35.6,17.92,17.89,217.8,32.82,0.797,,,,,,,,,-0.512,1.0,-18.33,0.917,1.853,,,,46.43,17.85,10.52,35.56,17.89,17.86,215.9,32.72,0.55,,,,,,,,,-0.638,1.0,-30.59,0.45,0.769,,,,0.007,0.006,0.057,0.004,0.006,0.006,0.305,0.016,0.038,,,,,,,,,0.035,0.0,2.97,0.195,0.351
7/10/2026 03:09:25,2026-07-10 02:30:00,,,,46.47,17.89,10.71,35.58,17.91,17.9,216.7,32.77,0.627,,,,,,,,,-0.523,1.0,-21.09,1.047,1.797,,,,46.49,17.91,10.86,35.59,17.93,17.92,217.6,32.81,0.952,,,,,,,,,-0.509,1.0,-17.63,1.885,2.399,,,,46.45,17.87,10.53,35.57,17.9,17.88,215.9,32.73,0.549,,,,,,,,,-0.645,1.0,-29.27,0.449,0.941,,,,0.009,0.008,0.056,0.004,0.006,0.007,0.268,0.014,0.042,,,,,,,,,0.028,0.0,2.396,0.419,0.379
7/10/2026 03:01:58,2026-07-10 03:00:00,,,,46.46,17.88,10.71,35.58,17.91,17.89,216.6,32.78,0.607,,,,,,,,,-0.522,1.0,-21.05,1.327,1.966,,,,46.48,17.9,10.9,35.6,17.92,17.91,217.4,32.83,0.864,,,,,,,,,-0.508,1.0,-18.52,1.903,2.416,,,,46.44,17.86,10.53,35.57,17.9,17.87,215.7,32.74,0.526,,,,,,,,,-0.641,1.0,-29.47,0.46,0.782,,,,0.008,0.007,0.059,0.004,0.006,0.006,0.293,0.015,0.042,,,,,,,,,0.028,0.0,2.388,0.515,0.444
7/10/2026 02:52:54,2026-07-10 02:40:00,,,,46.47,17.9,10.71,35.58,17.92,17.9,216.8,32.77,0.625,,,,,,,,,-0.52,1.0,-20.99,0.891,1.36,,,,46.49,17.91,10.88,35.61,17.93,17.92,217.5,32.81,0.836,,,,,,,,,-0.506,1.0,-17.79,1.887,2.402,,,,46.44,17.87,10.52,35.56,17.9,17.88,215.9,32.73,0.558,,,,,,,,,-0.634,1.0,-29.38,0.448,0.769,,,,0.008,0.007,0.058,0.004,0.005,0.006,0.257,0.014,0.042,,,,,,,,,0.027,0.0,2.403,0.382,0.48
7/10/2026 02:51:12,2026-07-10 02:50:00,,,,46.47,17.89,10.71,35.58,17.91,17.9,216.7,32.77,0.608,,,,,,,,,-0.522,1.0,-20.92,0.893,1.501,,,,46.49,17.91,10.9,35.6,17.92,17.92,217.5,32.82,0.954,,,,,,,,,-0.508,1.0,-18.08,1.884,2.409,,,,46.44,17.87,10.51,35.56,17.9,17.88,215.9,32.73,0.535,,,,,,,,,-0.637,1.0,-27.93,0.449,0.773,,,,0.008,0.008,0.059,0.004,0.005,0.007,0.267,0.014,0.038,,,,,,,,,0.027,0.0,2.094,0.359,0.458
7/10/2026 02:20:14,2026-07-10 02:20:00,,,,46.47,17.89,10.71,35.58,17.91,17.9,216.5,32.78,0.608,,,,,,,,,-0.522,1.0,-20.77,1.01,1.591,,,,46.49,17.91,10.85,35.6,17.93,17.91,217.4,32.82,0.765,,,,,,,,,-0.508,1.0,-17.76,1.9,2.406,,,,46.44,17.87,10.51,35.56,17.9,17.88,215.7,32.74,0.527,,,,,,,,,-0.639,1.0,-28.48,0.439,0.78,,,,0.008,0.007,0.054,0.004,0.006,0.006,0.279,0.015,0.039,,,,,,,,,0.027,0.0,2.39,0.396,0.42
7/10/2026 02:14:54,2026-07-10 01:30:00,,,,46.49,17.91,10.71,35.58,17.93,17.92,216.9,32.75,0.704,,,,,,,,,-0.517,1.0,-20.17,1.355,1.898,,,,46.51,17.93,10.89,35.6,17.94,17.93,217.8,32.8,0.92,,,,,,,,,-0.504,1.0,-18.07,1.898,2.597,,,,46.47,17.89,10.54,35.57,17.92,17.9,216.0,32.7,0.618,,,,,,,,,-0.566,1.0,-23.09,0.455,0.77,,,,0.008,0.007,0.057,0.004,0.005,0.007,0.271,0.014,0.045,,,,,,,,,0.012,0.0,1.45,0.518,0.53
7/10/2026 02:14:23,2026-07-10 01:40:00,,,,46.5,17.92,10.71,35.58,17.93,17.92,216.8,32.76,0.682,,,,,,,,,-0.521,1.0,-20.75,1.302,1.91,,,,46.51,17.93,10.9,35.6,17.95,17.94,217.7,32.81,0.947,,,,,,,,,-0.506,1.0,-18.02,1.895,2.959,,,,46.39,17.89,10.54,35.5,17.92,17.9,215.8,32.71,0.606,,,,,,,,,-0.668,1.0,-30.17,0.444,0.314,,,,0.009,0.008,0.06,0.006,0.004,0.007,0.281,0.015,0.047,,,,,,,,,0.034,0.0,2.546,0.542,0.636
7/10/2026 02:10:48,2026-07-10 02:10:00,,,,46.47,17.89,10.71,35.58,17.92,17.9,216.5,32.78,0.618,,,,,,,,,-0.527,1.0,-20.69,0.651,1.06,,,,46.49,17.91,10.88,35.6,17.93,17.91,217.4,32.82,1.095,,,,,,,,,-0.507,1.0,-17.8,0.926,2.401,,,,46.44,17.87,10.55,35.57,17.9,17.88,215.8,32.74,0.539,,,,,,,,,-0.64,1.0,-29.98,0.445,0.315,,,,0.008,0.008,0.054,0.004,0.006,0.007,0.271,0.015,0.048,,,,,,,,,0.037,0.0,3.015,0.222,0.536
7/10/2026 02:02:05,2026-07-10 02:00:00,,,,46.48,17.9,10.71,35.58,17.93,17.91,216.6,32.77,0.641,,,,,,,,,-0.521,1.0,-20.53,1.01,1.475,,,,46.5,17.92,10.91,35.6,17.94,17.93,217.6,32.82,1.081,,,,,,,,,-0.507,1.0,-18.03,1.892,2.402,,,,46.45,17.87,10.54,35.57,17.91,17.88,215.8,32.72,0.554,,,,,,,,,-0.631,1.0,-28.2,0.446,0.316,,,,0.01,0.009,0.06,0.004,0.005,0.009,0.279,0.015,0.047,,,,,,,,,0.026,0.0,2.011,0.473,0.555
7/10/2026 02:00:06,2026-07-10 01:50:00,,,,46.49,17.91,10.71,35.58,17.93,17.92,216.7,32.76,0.671,,,,,,,,,-0.52,1.0,-20.54,1.049,1.687,,,,46.51,17.93,10.88,35.6,17.95,17.94,217.6,32.81,0.921,,,,,,,,,-0.508,1.0,-17.33,1.882,2.405,,,,46.45,17.88,10.47,35.57,17.92,17.89,216.0,32.72,0.589,,,,,,,,,-0.628,1.0,-27.84,0.895,0.778,,,,0.009,0.009,0.059,0.004,0.005,0.008,0.271,0.015,0.048,,,,,,,,,0.025,0.0,2.23,0.349,0.388
7/10/2026 01:24:50,2026-07-10 01:20:00,,,,46.5,17.92,10.71,35.59,17.93,17.92,215.0,32.85,0.572,,,,,,,,,-0.521,1.0,-20.63,0.878,1.574,,,,46.52,17.93,10.87,35.6,17.95,17.94,217.5,32.92,0.812,,,,,,,,,-0.505,1.0,-17.97,1.87,2.125,,,,46.42,17.89,10.55,35.52,17.92,17.9,213.8,32.72,0.478,,,,,,,,,-0.627,1.0,-27.69,0.572,0.82,,,,0.01,0.008,0.058,0.005,0.005,0.007,0.753,0.039,0.065,,,,,,,,,0.026,0.0,2.313,0.075,0.307
7/10/2026 01:10:17,2026-07-10 01:10:00,,,,46.49,17.91,10.71,35.59,17.93,17.92,215.3,32.84,0.56,,,,,,,,,-0.526,1.0,-20.71,0.753,1.051,,,,46.51,17.93,10.88,35.6,17.94,17.93,216.5,32.9,0.704,,,,,,,,,-0.506,1.0,-17.5,1.87,2.125,,,,46.47,17.89,10.53,35.57,17.91,17.89,214.1,32.78,0.481,,,,,,,,,-0.647,1.0,-32.72,0.447,0.307,,,,0.008,0.008,0.058,0.004,0.004,0.007,0.374,0.019,0.041,,,,,,,,,0.037,0.0,3.377,0.338,0.416
7/10/2026 01:00:58,2026-07-10 01:00:00,,,,46.48,17.9,10.71,35.58,17.92,17.91,216.6,32.78,0.633,,,,,,,,,-0.521,1.0,-20.65,0.698,1.113,,,,46.5,17.92,10.92,35.59,17.94,17.92,217.4,32.84,0.789,,,,,,,,,-0.505,1.0,-17.9,0.914,1.856,,,,46.45,17.87,10.52,35.57,17.91,17.88,215.5,32.73,0.539,,,,,,,,,-0.617,1.0,-26.51,0.444,0.312,,,,0.008,0.008,0.055,0.004,0.004,0.007,0.318,0.018,0.046,,,,,,,,,0.026,0.0,2.092,0.224,0.569
7/10/2026 00:50:58,2026-07-10 00:30:00,,,,46.49,17.92,10.71,35.58,17.93,17.92,215.8,32.81,0.569,,,,,,,,,-0.517,1.0,-20.14,0.721,1.067,,,,46.51,17.94,10.91,35.6,17.95,17.94,216.5,32.85,0.75,,,,,,,,,-0.508,1.0,-17.76,0.91,1.859,,,,46.46,17.89,10.55,35.56,17.92,17.9,215.1,32.77,0.487,,,,,,,,,-0.629,1.0,-27.05,0.446,0.303,,,,0.009,0.009,0.055,0.004,0.004,0.008,0.274,0.014,0.04,,,,,,,,,0.026,0.0,2.093,0.221,0.409
7/10/2026 00:50:43,2026-07-10 00:50:00,,,,46.49,17.91,10.71,35.58,17.93,17.92,216.7,32.77,0.649,,,,,,,,,-0.518,1.0,-20.74,0.984,1.729,,,,46.5,17.93,10.88,35.6,17.94,17.93,217.6,32.81,0.953,,,,,,,,,-0.506,1.0,-18.5,1.879,2.397,,,,46.46,17.89,10.55,35.56,17.92,17.9,215.9,32.72,0.567,,,,,,,,,-0.628,1.0,-26.6,0.448,0.314,,,,0.008,0.007,0.059,0.004,0.004,0.006,0.28,0.015,0.047,,,,,,,,,0.025,0.0,1.88,0.333,0.43
7/10/2026 00:48:42,2026-07-10 00:40:00,,,,46.49,17.92,10.71,35.58,17.94,17.92,216.2,32.79,0.619,,,,,,,,,-0.52,1.0,-20.34,0.961,1.447,,,,46.51,17.93,10.87,35.59,17.94,17.94,217.4,32.85,0.906,,,,,,,,,-0.507,1.0,-17.18,1.885,2.413,,,,46.47,17.9,10.55,35.56,17.92,17.91,215.1,32.73,0.519,,,,,,,,,-0.636,1.0,-28.57,0.451,0.322,,,,0.008,0.007,0.061,0.004,0.004,0.006,0.36,0.019,0.048,,,,,,,,,0.027,0.0,2.302,0.425,0.53
7/10/2026 00:20:22,2026-07-10 00:20:00,,,,46.49,17.92,10.71,35.58,17.93,17.92,215.6,32.82,0.545,,,,,,,,,-0.518,1.0,-20.56,0.895,1.218,,,,46.51,17.93,10.88,35.6,17.94,17.94,216.4,32.86,0.745,,,,,,,,,-0.508,1.0,-18.27,1.89,2.13,,,,46.47,17.89,10.53,35.56,17.93,17.9,214.8,32.78,0.468,,,,,,,,,-0.632,1.0,-28.28,0.445,0.768,,,,0.008,0.008,0.053,0.004,0.003,0.007,0.278,0.015,0.04,,,,,,,,,0.026,0.0,2.307,0.463,0.445
7/10/2026 00:12:08,2026-07-10 00:10:00,,,,46.5,17.92,10.71,35.58,17.93,17.92,215.5,32.82,0.546,,,,,,,,,-0.529,1.0,-21.32,0.798,1.281,,,,46.51,17.93,10.84,35.6,17.94,17.94,216.3,32.87,0.736,,,,,,,,,-0.508,1.0,-17.99,1.89,1.851,,,,46.47,17.9,10.56,35.57,17.92,17.91,214.7,32.78,0.471,,,,,,,,,-0.692,1.0,-34.07,0.448,0.306,,,,0.008,0.008,0.052,0.004,0.004,0.007,0.267,0.014,0.041,,,,,,,,,0.052,0.0,4.251,0.199,0.482
7/10/2026 00:01:56,2026-07-10 00:00:00,,,,46.49,17.91,10.71,35.58,17.93,17.92,215.7,32.82,0.575,,,,,,,,,-0.523,1.0,-20.72,0.844,1.389,,,,46.51,17.93,10.85,35.6,17.94,17.93,216.6,32.86,0.731,,,,,,,,,-0.513,1.0,-18.02,1.894,2.403,,,,46.46,17.89,10.53,35.55,17.92,17.9,214.9,32.77,0.499,,,,,,,,,-0.633,1.0,-28.55,0.446,0.758,,,,0.009,0.008,0.054,0.004,0.003,0.007,0.273,0.015,0.04,,,,,,,,,0.026,0.0,2.201,0.318,0.465
7/9/2026 23:54:24,2026-07-09 23:30:00,,,,46.48,17.89,10.71,35.59,17.91,17.9,215.3,32.85,0.571,,,,,,,,,-0.516,1.0,-20.16,0.87,1.556,,,,46.49,17.91,10.88,35.6,17.92,17.92,216.4,32.89,0.793,,,,,,,,,-0.514,1.0,-18.01,1.898,2.403,,,,46.45,17.87,10.54,35.57,17.91,17.88,214.5,32.8,0.49,,,,,,,,,-0.518,1.0,-22.13,0.462,0.768,,,,0.009,0.008,0.059,0.004,0.003,0.007,0.286,0.015,0.038,,,,,,,,,0.001,0.0,1.185,0.295,0.421
7/9/2026 23:54:15,2026-07-09 23:40:00,,,,46.48,17.89,10.71,35.59,17.91,17.9,215.8,32.82,0.617,,,,,,,,,-0.522,1.0,-20.91,1.04,1.696,,,,46.49,17.91,10.9,35.6,17.92,17.92,216.7,32.87,0.801,,,,,,,,,-0.514,1.0,-18.66,1.899,2.407,,,,46.41,17.87,10.56,35.53,17.91,17.88,214.9,32.78,0.524,,,,,,,,,-0.632,1.0,-29.02,0.443,0.31,,,,0.009,0.008,0.052,0.005,0.003,0.007,0.342,0.019,0.044,,,,,,,,,0.025,0.0,2.19,0.455,0.63
7/9/2026 23:53:41,2026-07-09 23:50:00,,,,46.49,17.91,10.71,35.58,17.92,17.92,215.8,32.81,0.597,,,,,,,,,-0.523,1.0,-20.82,1.518,2.345,,,,46.51,17.92,10.86,35.6,17.93,17.93,216.7,32.85,0.794,,,,,,,,,-0.513,1.0,-18.21,1.908,2.962,,,,46.46,17.88,10.56,35.57,17.91,17.89,215.1,32.76,0.516,,,,,,,,,-0.635,1.0,-28.6,0.902,1.843,,,,0.009,0.008,0.053,0.004,0.005,0.007,0.279,0.015,0.042,,,,,,,,,0.026,0.0,2.07,0.443,0.339
7/9/2026 23:20:10,2026-07-09 23:20:00,,,,46.48,17.89,10.71,35.59,17.91,17.9,215.3,32.85,0.571,,,,,,,,,-0.525,1.0,-20.97,0.779,1.184,,,,46.49,17.91,10.88,35.6,17.92,17.92,216.1,32.9,0.716,,,,,,,,,-0.514,1.0,-18.2,1.893,2.403,,,,46.45,17.87,10.54,35.57,17.91,17.88,214.3,32.8,0.498,,,,,,,,,-0.636,1.0,-29.54,0.449,0.313,,,,0.009,0.008,0.055,0.004,0.003,0.007,0.269,0.015,0.041,,,,,,,,,0.026,0.0,2.333,0.336,0.593
7/9/2026 23:12:07,2026-07-09 23:10:00,,,,46.47,17.89,10.71,35.59,17.91,17.9,215.3,32.85,0.567,,,,,,,,,-0.53,1.0,-21.35,1.076,1.803,,,,46.49,17.91,10.89,35.6,17.92,17.91,216.2,32.9,0.763,,,,,,,,,-0.513,1.0,-18.29,1.897,2.946,,,,46.45,17.87,10.56,35.57,17.9,17.88,214.4,32.8,0.489,,,,,,,,,-0.637,1.0,-30.43,0.45,0.967,,,,0.008,0.007,0.052,0.004,0.003,0.007,0.27,0.014,0.042,,,,,,,,,0.035,0.0,2.879,0.423,0.552
7/9/2026 23:02:15,2026-07-09 22:20:00,,,,46.46,17.88,10.71,35.59,17.9,17.89,215.0,32.87,0.551,,,,,,,,,-0.526,1.0,-21.08,0.976,1.525,,,,46.48,17.89,10.9,35.6,17.91,17.9,215.8,32.91,0.722,,,,,,,,,-0.517,1.0,-18.84,1.89,2.397,,,,46.43,17.85,10.53,35.57,17.89,17.86,214.2,32.82,0.474,,,,,,,,,-0.637,1.0,-28.87,0.445,0.305,,,,0.008,0.008,0.058,0.004,0.003,0.007,0.262,0.014,0.039,,,,,,,,,0.026,0.0,2.306,0.391,0.489
7/9/2026 23:01:38,2026-07-09 23:00:00,,,,46.47,17.89,10.71,35.59,17.91,17.89,215.4,32.84,0.583,,,,,,,,,-0.527,1.0,-20.96,0.941,1.507,,,,46.49,17.9,10.85,35.6,17.92,17.91,216.2,32.89,0.785,,,,,,,,,-0.515,1.0,-18.52,1.895,2.405,,,,46.44,17.86,10.53,35.55,17.9,17.87,214.6,32.8,0.516,,,,,,,,,-0.638,1.0,-27.89,0.447,0.308,,,,0.009,0.008,0.056,0.004,0.003,0.007,0.275,0.015,0.038,,,,,,,,,0.027,0.0,2.089,0.407,0.671
7/9/2026 22:59:04,2026-07-09 22:30:00,,,,46.46,17.88,10.71,35.59,17.9,17.88,215.2,32.86,0.581,,,,,,,,,-0.525,1.0,-21.08,0.776,1.137,,,,46.47,17.89,10.89,35.6,17.91,17.9,216.3,32.91,0.86,,,,,,,,,-0.518,1.0,-19.21,0.926,1.851,,,,46.42,17.85,10.56,35.57,17.89,17.86,214.5,32.81,0.502,,,,,,,,,-0.635,1.0,-26.98,0.451,0.311,,,,0.009,0.008,0.057,0.004,0.003,0.007,0.275,0.015,0.041,,,,,,,,,0.025,0.0,1.88,0.209,0.372
7/9/2026 22:56:55,2026-07-09 22:50:00,,,,46.47,17.88,10.71,35.59,17.9,17.89,215.5,32.84,0.6,,,,,,,,,-0.525,1.0,-21.14,1.19,1.75,,,,46.48,17.9,10.93,35.6,17.91,17.9,216.2,32.89,0.789,,,,,,,,,-0.517,1.0,-18.64,1.909,2.405,,,,46.43,17.85,10.54,35.57,17.9,17.86,214.5,32.8,0.522,,,,,,,,,-0.634,1.0,-29.24,0.454,0.308,,,,0.008,0.007,0.057,0.004,0.003,0.007,0.288,0.015,0.043,,,,,,,,,0.025,0.0,2.233,0.541,0.638
7/9/2026 22:50:22,2026-07-09 22:40:00,,,,46.46,17.88,10.71,35.59,17.9,17.89,215.5,32.84,0.606,,,,,,,,,-0.526,1.0,-21.14,1.186,1.795,,,,46.48,17.9,10.9,35.6,17.91,17.9,216.6,32.88,0.776,,,,,,,,,-0.517,1.0,-18.55,1.903,2.398,,,,46.43,17.85,10.54,35.57,17.89,17.86,214.7,32.78,0.53,,,,,,,,,-0.634,1.0,-29.04,0.451,0.307,,,,0.008,0.008,0.055,0.004,0.003,0.007,0.299,0.016,0.043,,,,,,,,,0.025,0.0,2.299,0.477,0.53
7/9/2026 22:10:12,2026-07-09 22:10:00,,,,46.46,17.88,10.71,35.59,17.9,17.89,214.9,32.87,0.562,,,,,,,,,-0.531,1.0,-21.29,0.819,1.212,,,,46.48,17.9,10.87,35.6,17.91,17.9,215.6,32.91,0.756,,,,,,,,,-0.516,1.0,-18.47,1.717,2.407,,,,46.43,17.85,10.57,35.57,17.9,17.86,214.2,32.84,0.487,,,,,,,,,-0.654,1.0,-31.01,0.447,0.307,,,,0.008,0.008,0.049,0.004,0.003,0.007,0.253,0.014,0.042,,,,,,,,,0.038,0.0,3.13,0.297,0.671
7/9/2026 22:00:25,2026-07-09 22:00:00,,,,46.46,17.88,10.71,35.59,17.9,17.88,214.8,32.88,0.547,,,,,,,,,-0.528,1.0,-21.1,1.095,1.676,,,,46.48,17.89,10.85,35.6,17.91,17.9,215.6,32.93,0.712,,,,,,,,,-0.516,1.0,-18.94,1.904,2.947,,,,46.42,17.85,10.55,35.57,17.89,17.86,214.0,32.84,0.47,,,,,,,,,-0.651,1.0,-30.19,0.448,0.31,,,,0.009,0.008,0.048,0.004,0.002,0.007,0.273,0.015,0.041,,,,,,,,,0.029,0.0,2.348,0.614,0.922
7/9/2026 21:59:50,2026-07-09 20:40:00,,,,46.47,17.89,10.71,35.59,17.91,17.9,215.7,32.82,0.684,,,,,,,,,-0.517,1.0,-20.53,1.137,1.739,,,,46.49,17.91,10.95,35.6,17.92,17.91,216.7,32.87,0.956,,,,,,,,,-0.508,1.0,-17.32,1.906,2.397,,,,46.45,17.87,10.54,35.57,17.91,17.88,214.9,32.77,0.586,,,,,,,,,-0.63,1.0,-27.32,0.453,0.311,,,,0.008,0.007,0.056,0.004,0.003,0.007,0.28,0.015,0.053,,,,,,,,,0.026,0.0,2.068,0.449,0.494
7/9/2026 21:54:09,2026-07-09 21:30:00,,,,46.46,17.88,10.71,35.59,17.9,17.88,214.8,32.88,0.553,,,,,,,,,-0.521,1.0,-20.68,1.453,2.099,,,,46.47,17.89,10.91,35.6,17.91,17.9,215.9,32.93,0.713,,,,,,,,,-0.511,1.0,-18.11,1.907,2.938,,,,46.42,17.84,10.55,35.57,17.89,17.86,213.9,32.83,0.474,,,,,,,,,-0.635,1.0,-27.24,0.444,0.308,,,,0.01,0.008,0.051,0.005,0.002,0.007,0.314,0.017,0.042,,,,,,,,,0.027,0.0,1.979,0.552,0.596
7/9/2026 21:53:43,2026-07-09 21:50:00,,,,46.46,17.88,10.71,35.59,17.9,17.89,214.7,32.89,0.544,,,,,,,,,-0.533,1.0,-21.36,0.68,1.098,,,,46.48,17.89,10.86,35.6,17.91,17.9,215.5,32.94,0.725,,,,,,,,,-0.518,1.0,-18.95,1.884,2.949,,,,46.43,17.85,10.58,35.57,17.89,17.86,213.6,32.85,0.475,,,,,,,,,-0.585,1.0,-24.2,0.439,0.304,,,,0.01,0.009,0.048,0.005,0.003,0.008,0.28,0.015,0.039,,,,,,,,,0.014,0.0,1.54,0.349,0.639
7/9/2026 21:49:06,2026-07-09 21:40:00,,,,46.46,17.88,10.71,35.59,17.9,17.89,214.6,32.89,0.535,,,,,,,,,-0.525,1.0,-21.18,0.708,1.111,,,,46.48,17.89,10.87,35.6,17.91,17.9,215.5,32.93,0.739,,,,,,,,,-0.514,1.0,-17.88,0.913,1.841,,,,46.43,17.85,10.53,35.57,17.89,17.86,213.8,32.85,0.45,,,,,,,,,-0.634,1.0,-29.38,0.448,0.308,,,,0.009,0.009,0.05,0.005,0.002,0.008,0.271,0.014,0.04,,,,,,,,,0.026,0.0,2.34,0.22,0.42
7/9/2026 21:28:34,2026-07-09 21:20:00,,,,46.45,17.87,10.71,35.59,17.89,17.88,215.0,32.87,0.567,,,,,,,,,-0.524,1.0,-20.86,1.397,2.179,,,,46.47,17.89,10.86,35.6,17.9,17.89,216.0,32.91,0.778,,,,,,,,,-0.512,1.0,-18.48,1.901,2.956,,,,46.42,17.84,10.53,35.57,17.89,17.85,214.3,32.82,0.481,,,,,,,,,-0.637,1.0,-29.4,0.896,1.3,,,,0.008,0.007,0.057,0.004,0.003,0.006,0.293,0.015,0.042,,,,,,,,,0.027,0.0,2.424,0.489,0.474
7/9/2026 21:20:27,2026-07-09 20:50:00,,,,46.46,17.88,10.71,35.59,17.9,17.88,215.6,32.84,0.636,,,,,,,,,-0.518,1.0,-20.83,1.455,2.237,,,,46.48,17.9,10.87,35.6,17.92,17.91,216.5,32.9,0.973,,,,,,,,,-0.508,1.0,-17.81,3.452,3.471,,,,46.43,17.85,10.56,35.57,17.89,17.86,214.4,32.78,0.52,,,,,,,,,-0.633,1.0,-31.4,0.454,0.314,,,,0.01,0.009,0.058,0.004,0.005,0.008,0.334,0.019,0.054,,,,,,,,,0.027,0.0,3.233,0.699,0.742
7/9/2026 21:12:14,2026-07-09 21:10:00,,,,46.45,17.87,10.71,35.59,17.89,17.87,215.2,32.86,0.595,,,,,,,,,-0.528,1.0,-21.43,1.674,2.375,,,,46.47,17.88,10.9,35.6,17.9,17.89,216.0,32.91,0.782,,,,,,,,,-0.513,1.0,-18.49,3.445,4.033,,,,46.42,17.84,10.55,35.57,17.88,17.84,214.5,32.82,0.52,,,,,,,,,-0.641,1.0,-31.75,0.891,1.283,,,,0.009,0.008,0.062,0.004,0.002,0.008,0.276,0.014,0.041,,,,,,,,,0.036,0.0,3.205,0.603,0.628
7/9/2026 21:10:12,2026-07-09 21:00:00,,,,46.45,17.87,10.71,35.59,17.9,17.87,215.6,32.84,0.649,,,,,,,,,-0.52,1.0,-20.77,1.08,1.741,,,,46.48,17.89,10.87,35.6,17.91,17.89,216.4,32.88,0.834,,,,,,,,,-0.511,1.0,-17.59,1.898,2.955,,,,46.42,17.84,10.53,35.56,17.89,17.85,214.8,32.8,0.543,,,,,,,,,-0.634,1.0,-28.12,0.446,0.308,,,,0.01,0.009,0.061,0.005,0.003,0.009,0.266,0.015,0.047,,,,,,,,,0.026,0.0,2.331,0.49,0.691
7/9/2026 20:31:16,2026-07-09 20:30:00,,,,46.48,17.9,10.71,35.59,17.92,17.9,215.7,32.82,0.672,,,,,,,,,-0.516,1.0,-20.28,0.919,1.524,,,,46.5,17.91,10.88,35.6,17.92,17.91,216.7,32.87,0.913,,,,,,,,,-0.507,1.0,-18.49,1.891,2.394,,,,46.45,17.87,10.55,35.57,17.91,17.88,214.9,32.77,0.584,,,,,,,,,-0.626,1.0,-28.09,0.453,0.763,,,,0.008,0.007,0.052,0.004,0.002,0.007,0.277,0.015,0.049,,,,,,,,,0.025,0.0,2.058,0.369,0.493
7/9/2026 20:21:25,2026-07-09 20:20:00,,,,46.48,17.9,10.71,35.59,17.92,17.9,216.0,32.81,0.691,,,,,,,,,-0.516,1.0,-20.1,1.311,2.127,,,,46.5,17.91,10.87,35.6,17.93,17.92,216.8,32.86,0.926,,,,,,,,,-0.507,1.0,-17.9,3.449,3.463,,,,46.45,17.87,10.54,35.57,17.91,17.88,215.1,32.76,0.598,,,,,,,,,-0.626,1.0,-28.7,0.897,1.288,,,,0.008,0.008,0.054,0.004,0.003,0.007,0.304,0.017,0.05,,,,,,,,,0.025,0.0,2.286,0.648,0.558
7/9/2026 20:18:01,2026-07-09 20:10:00,,,,46.48,17.9,10.71,35.59,17.92,17.91,216.0,32.8,0.7,,,,,,,,,-0.523,1.0,-20.74,1.15,1.707,,,,46.5,17.91,10.87,35.6,17.93,17.92,216.9,32.85,1.297,,,,,,,,,-0.507,1.0,-17.55,1.898,2.959,,,,46.46,17.88,10.55,35.57,17.92,17.89,215.1,32.76,0.613,,,,,,,,,-0.633,1.0,-29.47,0.454,0.312,,,,0.008,0.007,0.049,0.004,0.002,0.006,0.276,0.015,0.052,,,,,,,,,0.035,0.0,3.098,0.495,0.556
7/9/2026 20:02:40,2026-07-09 20:00:00,,,,46.49,17.91,10.71,35.59,17.93,17.91,215.9,32.81,0.68,,,,,,,,,-0.517,1.0,-20.25,1.348,2.0,,,,46.51,17.92,10.88,35.6,17.93,17.93,216.9,32.86,0.844,,,,,,,,,-0.507,1.0,-18.01,1.901,2.959,,,,46.46,17.88,10.55,35.56,17.92,17.89,215.0,32.76,0.594,,,,,,,,,-0.627,1.0,-26.99,0.893,1.287,,,,0.008,0.007,0.053,0.005,0.003,0.007,0.276,0.015,0.044,,,,,,,,,0.025,0.0,1.927,0.487,0.354
7/9/2026 19:50:20,2026-07-09 19:50:00,,,,46.49,17.91,10.71,35.59,17.93,17.92,215.7,32.82,0.653,,,,,,,,,-0.518,1.0,-20.46,0.839,1.45,,,,46.51,17.92,10.86,35.6,17.94,17.93,216.5,32.87,0.861,,,,,,,,,-0.508,1.0,-18.03,0.919,2.298,,,,46.46,17.88,10.56,35.57,17.92,17.89,214.7,32.78,0.584,,,,,,,,,-0.624,1.0,-28.43,0.448,0.767,,,,0.009,0.009,0.048,0.004,0.003,0.008,0.285,0.015,0.043,,,,,,,,,0.024,0.0,2.2,0.162,0.314
7/9/2026 19:46:34,2026-07-09 19:40:00,,,,46.5,17.92,10.71,35.59,17.93,17.92,215.8,32.81,0.665,,,,,,,,,-0.519,1.0,-20.49,0.923,1.466,,,,46.51,17.93,10.87,35.6,17.94,17.93,217.1,32.86,0.889,,,,,,,,,-0.509,1.0,-17.38,1.891,2.404,,,,46.47,17.89,10.57,35.57,17.92,17.9,214.9,32.74,0.578,,,,,,,,,-0.622,1.0,-26.92,0.444,0.319,,,,0.008,0.007,0.05,0.005,0.003,0.006,0.317,0.017,0.046,,,,,,,,,0.024,0.0,2.084,0.363,0.582
7/9/2026 19:32:11,2026-07-09 19:30:00,,,,46.5,17.91,10.71,35.59,17.93,17.92,216.1,32.8,0.69,,,,,,,,,-0.519,1.0,-20.52,0.785,1.294,,,,46.51,17.93,10.85,35.6,17.94,17.93,216.8,32.84,0.929,,,,,,,,,-0.51,1.0,-18.14,1.887,1.865,,,,46.47,17.88,10.53,35.57,17.92,17.89,215.3,32.76,0.595,,,,,,,,,-0.629,1.0,-28.05,0.45,0.342,,,,0.009,0.008,0.049,0.004,0.002,0.007,0.272,0.014,0.051,,,,,,,,,0.025,0.0,2.086,0.328,0.477
7/9/2026 19:20:10,2026-07-09 19:20:00,,,,46.49,17.91,10.71,35.59,17.93,17.92,215.8,32.81,0.654,,,,,,,,,-0.519,1.0,-20.69,0.866,1.47,,,,46.51,17.93,10.82,35.61,17.94,17.93,216.8,32.87,0.845,,,,,,,,,-0.508,1.0,-18.32,1.89,2.405,,,,46.47,17.89,10.54,35.57,17.92,17.89,214.8,32.76,0.548,,,,,,,,,-0.627,1.0,-27.79,0.444,0.317,,,,0.009,0.008,0.044,0.005,0.002,0.007,0.308,0.016,0.048,,,,,,,,,0.025,0.0,2.029,0.297,0.469
7/9/2026 19:10:18,2026-07-09 19:10:00,,,,46.5,17.91,10.71,35.59,17.93,17.92,215.8,32.81,0.662,,,,,,,,,-0.524,1.0,-20.95,0.688,1.089,,,,46.51,17.93,10.88,35.61,17.94,17.93,216.6,32.85,0.906,,,,,,,,,-0.51,1.0,-18.17,1.866,1.85,,,,46.47,17.89,10.58,35.57,17.92,17.9,215.0,32.77,0.575,,,,,,,,,-0.629,1.0,-30.11,0.444,0.314,,,,0.009,0.008,0.045,0.004,0.002,0.007,0.282,0.015,0.044,,,,,,,,,0.033,0.0,2.846,0.34,0.411
7/9/2026 19:02:47,2026-07-09 19:00:00,,,,46.5,17.91,10.71,35.59,17.93,17.92,215.6,32.82,0.659,,,,,,,,,-0.519,1.0,-20.5,0.787,1.373,,,,46.51,17.93,10.84,35.6,17.94,17.93,216.5,32.87,0.878,,,,,,,,,-0.51,1.0,-18.24,0.918,2.404,,,,46.47,17.89,10.55,35.57,17.92,17.9,214.7,32.77,0.567,,,,,,,,,-0.629,1.0,-27.3,0.437,0.316,,,,0.008,0.007,0.048,0.004,0.003,0.006,0.281,0.015,0.05,,,,,,,,,0.025,0.0,1.949,0.198,0.483
7/9/2026 18:53:31,2026-07-09 18:50:00,,,,46.49,17.91,10.7,35.59,17.92,17.91,215.8,32.82,0.689,,,,,,,,,-0.52,1.0,-20.46,0.918,1.362,,,,46.51,17.92,10.87,35.61,17.93,17.93,216.7,32.88,0.923,,,,,,,,,-0.51,1.0,-18.37,1.897,2.403,,,,46.46,17.88,10.55,35.57,17.91,17.89,214.7,32.77,0.602,,,,,,,,,-0.626,1.0,-27.22,0.446,0.316,,,,0.009,0.008,0.048,0.005,0.003,0.007,0.285,0.015,0.049,,,,,,,,,0.024,0.0,2.012,0.355,0.44
7/9/2026 18:40:12,2026-07-09 18:40:00,,,,46.48,17.9,10.7,35.59,17.91,17.91,215.9,32.81,0.705,,,,,,,,,-0.519,1.0,-20.97,0.694,1.069,,,,46.5,17.92,10.86,35.61,17.92,17.92,216.7,32.85,0.903,,,,,,,,,-0.509,1.0,-17.7,0.91,1.85,,,,46.45,17.87,10.57,35.57,17.91,17.88,215.1,32.77,0.621,,,,,,,,,-0.633,1.0,-29.55,0.44,0.308,,,,0.01,0.01,0.047,0.005,0.004,0.009,0.281,0.015,0.043,,,,,,,,,0.026,0.0,2.584,0.225,0.416
7/9/2026 18:30:20,2026-07-09 18:30:00,,,,46.47,17.89,10.7,35.59,17.91,17.89,215.9,32.82,0.699,,,,,,,,,-0.518,1.0,-20.73,0.791,1.363,,,,46.49,17.91,10.88,35.6,17.92,17.91,216.5,32.86,0.88,,,,,,,,,-0.507,1.0,-18.1,0.913,1.858,,,,46.44,17.86,10.54,35.57,17.9,17.87,215.0,32.78,0.616,,,,,,,,,-0.627,1.0,-27.73,0.432,0.303,,,,0.009,0.008,0.049,0.005,0.003,0.007,0.275,0.015,0.046,,,,,,,,,0.025,0.0,2.035,0.169,0.461
7/9/2026 18:28:56,2026-07-09 18:20:00,,,,46.46,17.88,10.7,35.59,17.9,17.89,215.5,32.84,0.652,,,,,,,,,-0.517,1.0,-20.23,0.737,1.098,,,,46.48,17.9,10.8,35.6,17.91,17.9,216.5,32.9,0.831,,,,,,,,,-0.507,1.0,-17.09,0.906,1.856,,,,46.43,17.86,10.57,35.56,17.89,17.86,214.4,32.79,0.533,,,,,,,,,-0.629,1.0,-27.21,0.43,0.308,,,,0.009,0.009,0.043,0.004,0.003,0.008,0.364,0.02,0.052,,,,,,,,,0.026,0.0,2.099,0.216,0.438
7/9/2026 18:10:11,2026-07-09 18:10:00,,,,46.46,17.88,10.7,35.59,17.9,17.88,214.8,32.88,0.584,,,,,,,,,-0.523,1.0,-21.31,0.859,1.331,,,,46.48,17.9,10.86,35.6,17.91,17.9,215.9,32.92,0.778,,,,,,,,,-0.508,1.0,-18.36,1.882,2.284,,,,46.42,17.84,10.54,35.57,17.89,17.85,214.0,32.82,0.502,,,,,,,,,-0.633,1.0,-30.9,0.443,0.603,,,,0.01,0.01,0.049,0.005,0.003,0.009,0.301,0.016,0.041,,,,,,,,,0.035,0.0,3.103,0.395,0.384
7/9/2026 18:01:52,2026-07-09 18:00:00,,,,46.46,17.88,10.7,35.59,17.9,17.89,214.9,32.87,0.59,,,,,,,,,-0.516,1.0,-19.99,0.83,1.351,,,,46.49,17.9,10.83,35.61,17.91,17.91,215.9,32.93,0.769,,,,,,,,,-0.507,1.0,-17.55,0.913,1.844,,,,46.43,17.86,10.54,35.57,17.9,17.86,213.7,32.82,0.495,,,,,,,,,-0.627,1.0,-28.33,0.444,0.303,,,,0.01,0.009,0.048,0.005,0.003,0.008,0.287,0.015,0.042,,,,,,,,,0.025,0.0,2.264,0.162,0.388
7/9/2026 17:51:56,2026-07-09 17:50:00,,,,46.47,17.88,10.7,35.59,17.9,17.89,215.1,32.86,0.592,,,,,,,,,-0.517,1.0,-20.55,0.874,1.663,,,,46.48,17.9,10.84,35.61,17.91,17.91,215.9,32.93,0.802,,,,,,,,,-0.509,1.0,-17.46,1.874,2.413,,,,46.42,17.86,10.56,35.55,17.9,17.87,214.0,32.82,0.514,,,,,,,,,-0.627,1.0,-27.07,0.43,0.762,,,,0.01,0.008,0.048,0.005,0.003,0.007,0.287,0.015,0.04,,,,,,,,,0.025,0.0,2.116,0.272,0.43
7/9/2026 17:45:36,2026-07-09 17:40:00,,,,46.47,17.88,10.7,35.59,17.91,17.89,215.0,32.87,0.576,,,,,,,,,-0.516,1.0,-19.87,0.797,1.299,,,,46.49,17.9,10.84,35.61,17.91,17.91,215.7,32.91,0.761,,,,,,,,,-0.507,1.0,-17.38,0.908,1.847,,,,46.43,17.86,10.51,35.57,17.9,17.86,214.2,32.83,0.488,,,,,,,,,-0.629,1.0,-28.23,0.439,0.307,,,,0.01,0.009,0.049,0.005,0.003,0.008,0.277,0.015,0.041,,,,,,,,,0.026,0.0,2.165,0.176,0.407
7/9/2026 17:30:12,2026-07-09 17:30:00,,,,46.47,17.88,10.7,35.59,17.9,17.89,215.1,32.86,0.586,,,,,,,,,-0.514,1.0,-19.93,0.965,1.516,,,,46.49,17.9,10.86,35.61,17.91,17.9,215.8,32.9,0.816,,,,,,,,,-0.507,1.0,-17.8,1.89,2.391,,,,46.43,17.86,10.57,35.57,17.9,17.86,214.4,32.82,0.497,,,,,,,,,-0.561,1.0,-21.85,0.45,0.769,,,,0.009,0.008,0.047,0.005,0.003,0.007,0.257,0.014,0.042,,,,,,,,,0.014,0.0,1.22,0.375,0.399
7/9/2026 17:20:10,2026-07-09 17:20:00,,,,46.46,17.88,10.7,35.59,17.91,17.89,215.2,32.86,0.583,,,,,,,,,-0.516,1.0,-20.17,0.836,1.352,,,,46.49,17.9,10.86,35.6,17.91,17.9,216.0,32.91,0.867,,,,,,,,,-0.505,1.0,-17.35,0.91,1.845,,,,46.43,17.86,10.55,35.57,17.9,17.86,214.2,32.82,0.486,,,,,,,,,-0.628,1.0,-27.45,0.442,0.768,,,,0.01,0.009,0.049,0.005,0.003,0.008,0.272,0.015,0.04,,,,,,,,,0.027,0.0,2.277,0.123,0.29
7/9/2026 17:11:28,2026-07-09 17:10:00,,,,46.47,17.89,10.7,35.59,17.91,17.89,215.0,32.86,0.565,,,,,,,,,-0.52,1.0,-20.22,0.708,1.224,,,,46.49,17.9,10.84,35.6,17.91,17.91,215.9,32.91,0.779,,,,,,,,,-0.505,1.0,-16.93,0.914,1.842,,,,46.43,17.85,10.54,35.56,17.9,17.86,214.1,32.82,0.47,,,,,,,,,-0.627,1.0,-28.35,0.441,0.305,,,,0.01,0.01,0.05,0.005,0.003,0.009,0.298,0.016,0.042,,,,,,,,,0.033,0.0,2.719,0.219,0.422
7/9/2026 17:08:45,2026-07-09 16:10:00,,,,46.47,17.89,10.71,35.59,17.91,17.89,215.2,32.85,0.634,,,,,,,,,-0.643,1.0,-30.04,6.392,7.311,,,,46.49,17.9,10.87,35.61,17.92,17.91,216.3,32.9,0.809,,,,,,,,,-0.506,1.0,-18.52,9.0,9.54,,,,46.42,17.85,10.56,35.57,17.9,17.86,214.2,32.8,0.533,,,,,,,,,-0.805,1.0,-42.87,4.515,5.124,,,,0.009,0.008,0.054,0.005,0.002,0.007,0.296,0.016,0.04,,,,,,,,,0.094,0.0,7.241,1.433,1.264
7/9/2026 17:08:28,2026-07-09 16:20:00,,,,46.47,17.89,10.71,35.59,17.91,17.89,215.3,32.85,0.61,,,,,,,,,-0.514,1.0,-19.99,3.267,4.099,,,,46.49,17.9,10.9,35.6,17.92,17.91,216.0,32.9,0.815,,,,,,,,,-0.504,1.0,-17.8,4.536,5.664,,,,46.42,17.84,10.53,35.56,17.9,17.86,214.4,32.81,0.498,,,,,,,,,-0.625,1.0,-28.03,1.872,2.234,,,,0.011,0.01,0.058,0.005,0.003,0.009,0.27,0.015,0.045,,,,,,,,,0.026,0.0,2.299,0.902,0.799
7/9/2026 17:01:06,2026-07-09 16:30:00,,,,46.47,17.88,10.71,35.59,17.91,17.89,215.3,32.85,0.59,,,,,,,,,-0.515,1.0,-20.07,1.25,1.921,,,,46.49,17.9,10.88,35.6,17.92,17.91,216.1,32.9,0.727,,,,,,,,,-0.505,1.0,-17.57,1.888,2.957,,,,46.43,17.85,10.54,35.56,17.9,17.86,214.4,32.8,0.5,,,,,,,,,-0.627,1.0,-28.08,0.895,1.276,,,,0.01,0.009,0.054,0.006,0.003,0.008,0.299,0.016,0.04,,,,,,,,,0.026,0.0,2.127,0.438,0.496
7/9/2026 17:00:26,2026-07-09 17:00:00,,,,46.47,17.88,10.7,35.59,17.91,17.89,215.1,32.86,0.58,0.0,0.0,0.0,0.0,0.0,0.0,0.0,0.0,-0.486,0.957,-15.92,0.783,1.412,,,,46.48,17.9,10.82,35.6,17.92,17.91,215.9,32.9,0.735,0.0,0.0,0.0,0.0,0.0,0.0,0.0,0.0,0.0,1.0,0.0,0.898,1.846,,,,46.44,17.86,10.57,35.57,17.9,17.87,214.3,32.83,0.512,0.0,0.0,0.0,0.0,0.0,0.0,0.0,0.0,-0.513,0.0,-19.04,0.0,0.0,,,,0.01,0.009,0.053,0.004,0.003,0.008,0.283,0.015,0.041,0.0,0.0,0.0,0.0,0.0,0.0,0.0,0.0,0.103,0.203,4.397,0.231,0.497
7/9/2026 16:59:53,2026-07-09 16:40:00,,,,46.47,17.89,10.71,35.59,17.91,17.89,215.1,32.86,0.574,,,,,,,,,-0.515,1.0,-20.44,0.796,1.255,,,,46.49,17.9,10.88,35.61,17.92,17.91,216.1,32.91,0.765,,,,,,,,,-0.506,1.0,-17.84,1.876,2.397,,,,46.43,17.85,10.56,35.56,17.9,17.86,214.3,32.82,0.488,,,,,,,,,-0.629,1.0,-27.87,0.44,0.308,,,,0.01,0.009,0.051,0.005,0.003,0.008,0.288,0.015,0.044,,,,,,,,,0.026,0.0,2.058,0.328,0.602
7/9/2026 16:57:04,2026-07-09 16:50:00,,,,46.47,17.89,10.7,35.59,17.91,17.89,214.9,32.87,0.56,,,,,,,,,-0.515,1.0,-20.02,0.967,1.704,,,,46.49,17.9,10.85,35.61,17.92,17.91,215.7,32.91,0.794,,,,,,,,,-0.505,1.0,-17.63,1.879,2.688,,,,46.43,17.85,10.56,35.56,17.9,17.86,214.0,32.83,0.458,,,,,,,,,-0.625,1.0,-27.18,0.452,0.762,,,,0.01,0.009,0.049,0.005,0.002,0.008,0.278,0.015,0.046,,,,,,,,,0.025,0.0,2.124,0.319,0.414
7/9/2026 16:02:04,2026-07-09 16:00:00,,,,46.47,17.89,10.71,35.59,17.91,17.89,215.3,32.85,0.659,,,,,,,,,-0.509,1.0,-19.61,11.35,12.34,,,,46.49,17.9,10.86,35.6,17.92,17.91,216.3,32.89,1.012,,,,,,,,,-0.505,1.0,-17.59,14.01,15.19,,,,46.43,17.85,10.56,35.56,17.9,17.86,214.5,32.8,0.56,,,,,,,,,-0.532,1.0,-22.24,8.4,9.54,,,,0.011,0.01,0.052,0.005,0.003,0.009,0.3,0.016,0.041,,,,,,,,,0.006,0.0,1.25,1.475,1.498
7/9/2026 15:53:07,2026-07-09 15:40:00,,,,46.47,17.89,10.71,35.59,17.91,17.9,215.2,32.85,0.596,,,,,,,,,-0.512,1.0,-20.08,39.54,67.59,,,,46.49,17.9,10.88,35.6,17.92,17.91,216.0,32.9,1.009,,,,,,,,,-0.503,1.0,-17.57,50.36,135.3,,,,46.45,17.87,10.56,35.57,17.91,17.88,214.2,32.81,0.522,,,,,,,,,-0.623,1.0,-28.04,28.39,36.27,,,,0.009,0.008,0.06,0.004,0.002,0.007,0.264,0.014,0.035,,,,,,,,,0.026,0.0,2.326,6.293,25.36
7/9/2026 15:52:35,2026-07-09 15:50:00,,,,46.47,17.89,10.71,35.59,17.91,17.89,215.2,32.86,0.645,,,,,,,,,-0.513,1.0,-20.46,17.87,19.85,,,,46.49,17.9,10.86,35.6,17.92,17.91,216.0,32.9,0.788,,,,,,,,,-0.503,1.0,-17.94,28.39,36.29,,,,46.43,17.85,10.55,35.57,17.9,17.86,214.4,32.81,0.548,,,,,,,,,-0.617,1.0,-29.12,13.47,14.6,,,,0.009,0.009,0.054,0.004,0.003,0.008,0.297,0.016,0.033,,,,,,,,,0.024,0.0,2.246,3.879,4.77
7/9/2026 15:30:06,2026-07-09 15:30:00,,,,46.47,17.89,10.71,35.59,17.91,17.9,215.3,32.85,0.62,,,,,,,,,-0.511,1.0,-19.88,45.98,53.64,,,,46.49,17.91,10.9,35.6,17.92,17.91,216.1,32.9,0.799,,,,,,,,,-0.501,1.0,-17.71,62.34,67.78,,,,46.45,17.87,10.55,35.57,17.91,17.88,214.3,32.8,0.54,,,,,,,,,-0.621,1.0,-28.45,34.54,39.1,,,,0.008,0.007,0.056,0.004,0.002,0.006,0.279,0.015,0.032,,,,,,,,,0.025,0.0,2.288,8.11,8.41
7/9/2026 15:20:18,2026-07-09 15:20:00,,,,46.47,17.89,10.71,35.59,17.91,17.9,215.3,32.85,0.578,,,,,,,,,-0.509,1.0,-20.05,61.78,74.76,,,,46.49,17.91,10.86,35.6,17.92,17.91,216.1,32.89,0.676,,,,,,,,,-0.491,1.0,-17.21,109.6,154.3,,,,46.45,17.87,10.56,35.57,17.91,17.88,214.5,32.8,0.471,,,,,,,,,-0.61,1.0,-26.96,44.54,49.64,,,,0.008,0.007,0.054,0.004,0.002,0.007,0.282,0.015,0.035,,,,,,,,,0.024,0.0,2.17,20.48,28.52
7/9/2026 15:11:14,2026-07-09 15:10:00,,,,46.47,17.89,10.7,35.59,17.91,17.9,215.3,32.85,0.551,,,,,,,,,-0.514,1.0,-20.51,63.8,76.2,,,,46.49,17.91,10.85,35.6,17.92,17.91,216.2,32.9,0.664,,,,,,,,,-0.49,1.0,-17.84,112.9,184.7,,,,46.44,17.87,10.57,35.56,17.91,17.88,214.3,32.8,0.438,,,,,,,,,-0.622,1.0,-31.28,41.18,42.95,,,,0.009,0.008,0.046,0.005,0.003,0.007,0.289,0.015,0.038,,,,,,,,,0.035,0.0,3.486,21.2,36.99
7/9/2026 15:00:57,2026-07-09 15:00:00,,,,46.48,17.9,10.7,35.59,17.92,17.9,215.1,32.85,0.515,,,,,,,,,-0.506,1.0,-19.72,71.19,77.9,,,,46.49,17.91,10.82,35.61,17.92,17.91,216.1,32.9,0.635,,,,,,,,,-0.491,1.0,-16.29,96.8,98.5,,,,46.45,17.87,10.51,35.57,17.91,17.88,214.2,32.8,0.445,,,,,,,,,-0.617,1.0,-27.12,49.02,51.74,,,,0.008,0.007,0.046,0.004,0.002,0.006,0.306,0.016,0.034,,,,,,,,,0.026,0.0,2.37,15.46,13.74
7/9/2026 14:50:08,2026-07-09 14:50:00,,,,46.48,17.9,10.7,35.59,17.92,17.91,215.2,32.85,0.428,,,,,,,,,-0.501,1.0,-19.12,132.2,146.5,,,,46.49,17.91,10.84,35.6,17.93,17.91,216.1,32.9,0.58,,,,,,,,,-0.49,1.0,-16.6,171.9,200.8,,,,46.46,17.88,10.55,35.58,17.91,17.89,214.3,32.8,0.349,,,,,,,,,-0.608,1.0,-25.15,85.0,90.5,,,,0.006,0.005,0.042,0.003,0.002,0.005,0.285,0.015,0.038,,,,,,,,,0.025,0.0,1.978,28.9,34.44
7/9/2026 14:47:45,2026-07-09 14:20:00,,,,46.48,17.89,10.71,35.59,17.92,17.9,215.4,32.84,0.383,,,,,,,,,-0.503,1.0,-19.09,56.62,154.1,,,,46.49,17.91,10.86,35.6,17.92,17.91,216.2,32.89,0.479,,,,,,,,,-0.492,1.0,-16.31,62.68,243.7,,,,46.45,17.87,10.55,35.56,17.91,17.88,214.5,32.79,0.321,,,,,,,,,-0.608,1.0,-26.21,47.25,86.3,,,,0.007,0.007,0.049,0.004,0.003,0.006,0.286,0.015,0.025,,,,,,,,,0.024,0.0,1.991,4.222,46.69
7/9/2026 14:47:36,2026-07-09 14:30:00,,,,46.48,17.89,10.71,35.59,17.91,17.9,215.2,32.85,0.345,,,,,,,,,-0.5,1.0,-19.16,67.36,237.8,,,,46.49,17.91,10.87,35.6,17.92,17.91,216.0,32.9,0.405,,,,,,,,,-0.491,1.0,-16.86,77.25,303.2,,,,46.45,17.87,10.59,35.57,17.91,17.88,214.3,32.81,0.298,,,,,,,,,-0.612,1.0,-26.35,53.91,144.3,,,,0.007,0.006,0.046,0.003,0.002,0.005,0.306,0.016,0.019,,,,,,,,,0.026,0.0,2.213,6.44,46.31
7/9/2026 14:47:10,2026-07-09 14:40:00,,,,46.48,17.9,10.71,35.59,17.92,17.91,215.2,32.85,0.334,,,,,,,,,-0.498,1.0,-19.01,108.7,271.9,,,,46.49,17.91,10.84,35.6,17.93,17.91,216.0,32.89,0.397,,,,,,,,,-0.488,1.0,-16.97,132.3,362.1,,,,46.46,17.88,10.57,35.58,17.91,17.89,214.5,32.8,0.3,,,,,,,,,-0.607,1.0,-25.69,73.49,190.9,,,,0.005,0.005,0.045,0.003,0.003,0.004,0.272,0.015,0.014,,,,,,,,,0.025,0.0,1.843,16.7,48.82
7/9/2026 14:14:02,2026-07-09 14:10:00,,,,46.48,17.9,10.71,35.59,17.92,17.9,215.3,32.84,0.326,,,,,,,,,-0.506,1.0,-19.51,63.58,276.9,,,,46.49,17.91,10.87,35.6,17.92,17.91,216.0,32.89,0.413,,,,,,,,,-0.491,1.0,-16.63,80.6,352.3,,,,46.46,17.88,10.57,35.58,17.91,17.89,214.4,32.81,0.288,,,,,,,,,-0.618,1.0,-28.39,52.76,162.5,,,,0.005,0.005,0.051,0.002,0.003,0.004,0.281,0.015,0.016,,,,,,,,,0.035,0.0,2.773,6.927,49.78
7/9/2026 14:01:48,2026-07-09 14:00:00,,,,46.47,17.89,10.71,35.59,17.91,17.9,215.2,32.85,0.406,,,,,,,,,-0.504,1.0,-19.68,84.6,162.3,,,,46.49,17.91,10.87,35.6,17.92,17.91,216.0,32.9,0.534,,,,,,,,,-0.491,1.0,-16.85,97.4,352.3,,,,46.45,17.87,10.55,35.57,17.91,17.88,214.4,32.81,0.295,,,,,,,,,-0.61,1.0,-26.76,72.93,90.2,,,,0.007,0.007,0.053,0.004,0.002,0.006,0.265,0.014,0.054,,,,,,,,,0.025,0.0,2.091,7.991,81.6
7/9/2026 13:50:13,2026-07-09 13:50:00,,,,46.47,17.9,10.71,35.58,17.92,17.9,215.1,32.86,0.415,,,,,,,,,-0.504,1.0,-19.42,125.3,130.8,,,,46.49,17.91,10.86,35.6,17.92,17.91,216.0,32.9,0.517,,,,,,,,,-0.493,1.0,-17.14,203.0,227.8,,,,46.45,17.88,10.56,35.57,17.91,17.88,214.3,32.81,0.333,,,,,,,,,-0.608,1.0,-26.06,97.4,103.5,,,,0.007,0.006,0.048,0.004,0.003,0.005,0.291,0.015,0.034,,,,,,,,,0.024,0.0,2.016,23.47,27.11
7/9/2026 13:46:41,2026-07-09 13:40:00,,,,46.48,17.9,10.71,35.59,17.92,17.9,215.0,32.86,0.357,,,,,,,,,-0.504,1.0,-19.33,169.6,193.6,,,,46.49,17.91,10.87,35.6,17.92,17.91,216.2,32.91,0.433,,,,,,,,,-0.493,1.0,-17.28,203.0,250.4,,,,46.45,17.88,10.58,35.57,17.91,17.88,214.1,32.8,0.306,,,,,,,,,-0.621,1.0,-27.25,128.5,143.2,,,,0.007,0.006,0.044,0.004,0.003,0.005,0.295,0.016,0.019,,,,,,,,,0.027,0.0,2.138,23.13,28.6
7/9/2026 13:30:09,2026-07-09 13:30:00,,,,46.48,17.9,10.71,35.58,17.92,17.9,215.1,32.85,0.414,,,,,,,,,-0.506,1.0,-19.48,133.6,137.1,,,,46.49,17.91,10.84,35.59,17.92,17.91,215.9,32.9,0.488,,,,,,,,,-0.496,1.0,-16.76,141.6,147.5,,,,46.45,17.88,10.56,35.57,17.91,17.89,214.3,32.81,0.357,,,,,,,,,-0.618,1.0,-28.12,125.0,127.4,,,,0.006,0.005,0.047,0.003,0.003,0.005,0.281,0.015,0.017,,,,,,,,,0.026,0.0,2.408,4.843,5.611
7/9/2026 13:20:05,2026-07-09 13:20:00,,,,46.48,17.9,10.71,35.59,17.92,17.9,215.1,32.86,0.35,,,,,,,,,-0.498,1.0,-19.06,201.5,229.1,,,,46.49,17.91,10.88,35.6,17.93,17.91,215.9,32.9,0.457,,,,,,,,,-0.492,1.0,-16.78,242.9,338.1,,,,46.46,17.88,10.55,35.57,17.91,17.89,214.3,32.81,0.287,,,,,,,,,-0.507,1.0,-21.25,129.0,130.8,,,,0.005,0.005,0.046,0.003,0.003,0.004,0.281,0.015,0.029,,,,,,,,,0.004,0.0,1.292,34.49,57.37
7/9/2026 13:10:19,2026-07-09 13:10:00,,,,46.48,17.9,10.71,35.59,17.92,17.9,215.1,32.86,0.323,,,,,,,,,-0.507,1.0,-19.59,222.0,284.0,,,,46.49,17.91,10.84,35.59,17.92,17.91,216.0,32.9,0.476,,,,,,,,,-0.491,1.0,-16.88,238.9,418.5,,,,46.46,17.88,10.56,35.57,17.91,17.89,214.3,32.81,0.272,,,,,,,,,-0.61,1.0,-27.91,174.2,206.3,,,,0.005,0.004,0.042,0.002,0.003,0.004,0.282,0.015,0.023,,,,,,,,,0.032,0.0,2.834,12.91,61.54
7/9/2026 13:02:22,2026-07-09 13:00:00,,,,46.47,17.89,10.71,35.59,17.91,17.9,215.1,32.86,0.387,,,,,,,,,-0.502,1.0,-19.13,148.8,156.9,,,,46.48,17.9,10.85,35.6,17.92,17.91,216.0,32.91,0.516,,,,,,,,,-0.495,1.0,-17.25,176.9,207.4,,,,46.45,17.87,10.59,35.57,17.91,17.88,214.2,32.81,0.319,,,,,,,,,-0.516,1.0,-22.0,115.2,128.6,,,,0.006,0.006,0.045,0.003,0.003,0.005,0.29,0.015,0.025,,,,,,,,,0.006,0.0,1.259,16.79,20.51
7/9/2026 12:52:12,2026-07-09 12:50:00,,,,46.47,17.89,10.71,35.59,17.91,17.9,215.2,32.85,0.402,,,,,,,,,-0.5,1.0,-18.85,136.5,156.0,,,,46.49,17.9,10.85,35.59,17.92,17.91,216.1,32.89,0.486,,,,,,,,,-0.495,1.0,-17.11,150.8,209.0,,,,46.46,17.88,10.59,35.57,17.91,17.89,214.5,32.8,0.328,,,,,,,,,-0.514,1.0,-20.91,115.2,129.7,,,,0.006,0.005,0.045,0.003,0.003,0.004,0.29,0.016,0.023,,,,,,,,,0.004,0.0,1.222,11.14,21.31
7/9/2026 12:46:33,2026-07-09 12:40:00,,,,46.47,17.89,10.71,35.59,17.91,17.9,215.2,32.85,0.412,,,,,,,,,-0.501,1.0,-19.57,138.7,141.3,,,,46.48,17.9,10.84,35.6,17.92,17.91,216.0,32.9,0.525,,,,,,,,,-0.497,1.0,-16.49,158.0,163.0,,,,46.45,17.87,10.58,35.57,17.91,17.88,214.3,32.81,0.351,,,,,,,,,-0.517,1.0,-23.57,125.6,127.4,,,,0.006,0.006,0.044,0.004,0.002,0.005,0.272,0.015,0.025,,,,,,,,,0.005,0.0,1.719,10.44,12.24
7/9/2026 12:30:05,2026-07-09 12:30:00,,,,46.47,17.89,10.71,35.59,17.91,17.9,215.2,32.85,0.436,,,,,,,,,-0.5,1.0,-18.83,125.9,127.0,,,,46.48,17.9,10.85,35.6,17.92,17.91,216.1,32.9,0.523,,,,,,,,,-0.495,1.0,-17.0,133.5,135.2,,,,46.45,17.87,10.56,35.58,17.91,17.88,214.4,32.81,0.378,,,,,,,,,-0.519,1.0,-20.8,117.3,117.4,,,,0.006,0.006,0.041,0.003,0.003,0.005,0.269,0.014,0.023,,,,,,,,,0.005,0.0,1.33,5.212,5.559
7/9/2026 12:20:14,2026-07-09 12:20:00,,,,46.47,17.89,10.71,35.59,17.91,17.9,215.2,32.85,0.442,,,,,,,,,-0.502,1.0,-19.23,119.7,120.7,,,,46.48,17.9,10.85,35.6,17.92,17.91,216.2,32.9,0.972,,,,,,,,,-0.496,1.0,-16.54,126.2,127.4,,,,46.45,17.87,10.55,35.57,17.91,17.88,214.4,32.8,0.392,,,,,,,,,-0.512,1.0,-21.79,115.2,115.8,,,,0.007,0.006,0.042,0.004,0.003,0.005,0.301,0.016,0.031,,,,,,,,,0.005,0.0,1.871,3.277,3.238
7/9/2026 12:10:40,2026-07-09 12:10:00,,,,46.47,17.89,10.72,35.59,17.91,17.9,215.2,32.85,0.449,,,,,,,,,-0.513,1.0,-20.18,112.2,112.7,,,,46.48,17.9,10.86,35.6,17.92,17.91,216.3,32.9,0.79,,,,,,,,,-0.495,1.0,-16.35,129.0,129.7,,,,46.46,17.88,10.57,35.57,17.91,17.89,214.4,32.8,0.392,,,,,,,,,-0.615,1.0,-28.45,99.0,99.0,,,,0.005,0.005,0.045,0.003,0.002,0.004,0.294,0.016,0.032,,,,,,,,,0.033,0.0,2.876,7.933,8.03
7/9/2026 12:01:38,2026-07-09 12:00:00,,,,46.47,17.89,10.72,35.59,17.91,17.9,215.2,32.85,0.369,,,,,,,,,-0.498,1.0,-18.97,167.5,171.3,,,,46.48,17.9,10.86,35.59,17.92,17.91,216.0,32.9,0.589,,,,,,,,,-0.492,1.0,-17.16,209.3,212.7,,,,46.46,17.88,10.56,35.57,17.91,17.89,214.4,32.81,0.309,,,,,,,,,-0.507,1.0,-21.75,129.0,129.7,,,,0.005,0.004,0.041,0.003,0.002,0.004,0.275,0.015,0.033,,,,,,,,,0.006,0.0,1.376,22.33,21.53
7/9/2026 11:52:47,2026-07-09 11:50:00,,,,46.48,17.9,10.72,35.59,17.9,17.9,215.3,32.85,0.315,,,,,,,,,-0.495,1.0,-18.26,244.0,253.2,,,,46.48,17.9,10.82,35.59,17.92,17.91,216.1,32.89,0.418,,,,,,,,,-0.487,1.0,-16.02,266.8,452.3,,,,46.46,17.89,10.59,35.58,17.89,17.89,214.5,32.8,0.268,,,,,,,,,-0.515,1.0,-21.66,209.3,212.7,,,,0.004,0.003,0.04,0.002,0.005,0.003,0.28,0.015,0.016,,,,,,,,,0.007,0.0,1.443,15.69,21.34
7/9/2026 11:40:04,2026-07-09 11:40:00,,,,46.47,17.89,10.72,35.59,17.88,17.9,215.2,32.85,0.311,,,,,,,,,-0.49,1.0,-17.98,236.4,276.4,,,,46.48,17.9,10.83,35.6,17.9,17.91,215.9,32.91,0.418,,,,,,,,,-0.482,1.0,-15.53,280.0,471.1,,,,46.45,17.88,10.6,35.57,17.87,17.88,214.3,32.81,0.249,,,,,,,,,-0.5,1.0,-22.51,182.4,185.3,,,,0.004,0.004,0.038,0.002,0.008,0.004,0.27,0.015,0.022,,,,,,,,,0.006,0.0,1.776,30.16,85.3
7/9/2026 11:30:14,2026-07-09 11:30:00,,,,46.19,17.78,10.65,35.37,17.76,17.79,213.8,32.65,0.333,0.0,0.0,0.0,0.0,0.0,0.0,0.0,0.0,-0.605,0.965,-26.21,131.3,134.0,,,,46.48,17.9,10.85,35.59,17.88,17.9,215.8,32.89,0.388,0.0,0.0,0.0,0.0,0.0,0.0,0.0,0.0,0.0,1.0,0.0,185.2,186.9,,,,0.0,0.0,0.0,0.0,0.0,0.0,0.0,0.0,-0.011,0.0,0.0,0.0,0.0,0.0,0.0,0.0,0.0,-0.678,0.0,-32.6,-0.002,-0.003,,,,3.636,1.4,0.84,2.784,1.398,1.401,16.83,2.571,0.051,0.0,0.0,0.0,0.0,0.0,0.0,0.0,0.0,0.132,0.184,7.144,69.34,70.66
7/8/2026 23:09:31,2026-07-08 17:20:00,,,,46.54,17.96,10.76,35.58,17.98,17.97,216.6,32.75,0.668,,,,,,,,,-0.523,1.0,-21.04,0.922,1.586,,,,46.56,17.98,10.99,35.61,17.98,17.99,217.7,32.81,0.989,,,,,,,,,-0.514,1.0,-18.63,1.878,2.4,,,,46.49,17.92,10.61,35.56,17.97,17.93,215.6,32.69,0.544,,,,,,,,,-0.634,1.0,-28.16,0.451,0.76,,,,0.013,0.012,0.063,0.006,0.003,0.011,0.376,0.021,0.05,,,,,,,,,0.026,0.0,2.192,0.242,0.363
7/8/2026 20:31:04,2026-07-08 17:30:00,,,,46.55,17.96,10.76,35.59,17.98,17.97,216.8,32.74,0.715,,,,,,,,,-0.524,1.0,-20.55,1.185,1.841,,,,46.57,17.99,11.02,35.61,17.98,17.99,217.6,32.79,0.94,,,,,,,,,-0.515,1.0,-18.46,1.886,2.411,,,,46.5,17.92,10.58,35.56,17.97,17.93,215.8,32.7,0.625,,,,,,,,,-0.633,1.0,-28.68,0.445,0.768,,,,0.013,0.013,0.064,0.005,0.003,0.012,0.297,0.015,0.046,,,,,,,,,0.025,0.0,2.172,0.519,0.461
7/8/2026 20:26:27,2026-07-08 17:40:00,,,,46.54,17.96,10.77,35.59,17.98,17.97,216.5,32.76,0.661,,,,,,,,,-0.523,1.0,-20.72,1.296,1.788,,,,46.57,17.99,10.98,35.61,17.99,17.99,217.4,32.81,0.853,,,,,,,,,-0.515,1.0,-17.88,3.446,4.036,,,,46.51,17.93,10.61,35.55,17.97,17.94,215.4,32.71,0.567,,,,,,,,,-0.634,1.0,-29.0,0.44,0.302,,,,0.013,0.013,0.066,0.005,0.003,0.012,0.31,0.016,0.049,,,,,,,,,0.026,0.0,2.416,0.781,1.034
7/8/2026 20:17:07,2026-07-08 17:50:00,,,,46.55,17.97,10.77,35.59,17.98,17.98,216.5,32.75,0.685,,,,,,,,,-0.524,1.0,-20.97,1.344,1.885,,,,46.58,17.99,10.96,35.61,17.99,17.99,217.5,32.8,0.89,,,,,,,,,-0.517,1.0,-18.46,3.446,4.036,,,,46.51,17.94,10.6,35.56,17.97,17.95,215.4,32.7,0.552,,,,,,,,,-0.633,1.0,-27.45,0.449,0.303,,,,0.012,0.011,0.066,0.006,0.003,0.01,0.316,0.017,0.053,,,,,,,,,0.025,0.0,1.978,0.535,0.801
7/8/2026 20:15:31,2026-07-08 18:00:00,,,,46.56,17.98,10.77,35.59,17.99,17.98,216.6,32.74,0.702,,,,,,,,,-0.524,1.0,-21.17,0.899,1.352,,,,46.58,18.0,10.95,35.6,17.99,18.0,217.3,32.79,0.937,,,,,,,,,-0.516,1.0,-18.17,1.892,2.397,,,,46.52,17.94,10.59,35.56,17.98,17.95,215.6,32.69,0.577,,,,,,,,,-0.636,1.0,-28.0,0.45,0.755,,,,0.011,0.01,0.059,0.006,0.003,0.009,0.335,0.018,0.051,,,,,,,,,0.026,0.0,2.094,0.356,0.415
7/8/2026 15:15:52,2026-07-08 15:10:00,,,,46.57,17.98,10.75,35.59,17.96,17.99,217.7,32.68,0.69,,,,,,,,,-0.586,1.0,-24.79,38.93,59.19,,,,46.59,18.0,10.89,35.6,17.97,18.0,218.4,32.72,0.806,,,,,,,,,-0.371,1.0,-10.33,48.43,94.0,,,,46.54,17.96,10.54,35.56,17.95,17.97,216.9,32.64,0.622,,,,,,,,,-0.769,1.0,-39.57,-0.002,-0.001,,,,0.011,0.009,0.053,0.006,0.003,0.008,0.295,0.015,0.027,,,,,,,,,0.109,0.0,8.11,12.95,21.84
7/8/2026 15:08:17,2026-07-08 15:00:00,,,,,,,,,,,,,,,,,,,,,-0.54,0.827,-22.19,-0.001,-0.001,,,,,,,,,,,,,,,,,,,,,0.0,1.0,0.0,0.0,0.0,,,,,,,,,,,,,,,,,,,,,-0.656,0.0,-30.23,-0.002,-0.001,,,,,,,,,,,,,,,,,,,,,0.247,0.378,10.74,0.001,0.0
7/4/2026 07:20:28,2026-07-04 07:20:00,5.86,3.548,0.079,46.8,18.23,10.6,35.57,18.25,18.24,214.9,32.73,0.543,122.6,7.536,15.67,67.84,1014.0,80.0,0.0,1.7,-0.704,1.0,-34.58,34.56,38.45,10.44,8.08,2.14,46.83,18.26,10.8,35.59,18.26,18.27,216.0,32.8,0.699,166.0,9.6,15.7,71.4,1014.0,80.0,0.0,1.7,-0.697,1.0,-32.98,42.27,43.47,1.37,-2.09,-2.4,46.76,18.19,10.43,35.55,18.24,18.2,213.5,32.67,0.479,88.0,5.3,15.6,66.5,1014.0,80.0,0.0,1.7,-0.713,1.0,-36.87,28.39,32.37,1.289,1.718,0.523,0.013,0.013,0.063,0.005,0.004,0.012,0.367,0.02,0.027,14.43,0.718,0.046,1.493,0.127,0.0,0.0,0.0,0.004,0.0,1.184,2.156,2.507
7/4/2026 07:18:48,2026-07-04 07:10:00,5.219,3.586,0.064,46.81,18.24,10.6,35.57,18.26,18.25,214.8,32.73,0.564,118.9,6.829,15.63,66.54,1014.0,80.0,0.0,1.7,-0.713,1.0,-35.35,32.22,34.67,9.7,7.65,2.16,46.83,18.26,10.77,35.59,18.27,18.27,215.9,32.79,0.744,144.0,9.2,15.7,68.0,1014.0,80.0,0.0,1.7,-0.702,1.0,-32.53,42.27,45.16,1.1,0.12,-2.12,46.77,18.21,10.43,35.55,18.25,18.22,213.5,32.67,0.501,89.0,4.5,15.6,64.0,1014.0,80.0,0.0,1.7,-0.823,1.0,-43.3,20.08,20.76,1.269,1.264,0.453,0.01,0.01,0.06,0.004,0.004,0.009,0.342,0.018,0.029,10.99,0.97,0.046,1.028,0.119,0.0,0.0,0.0,0.025,0.0,2.35,7.548,8.44
7/4/2026 07:07:27,2026-07-04 06:20:00,0.159,-1.812,0.119,46.84,18.27,10.6,35.57,18.28,18.28,214.3,32.74,0.547,211.1,4.945,15.6,67.86,1013.0,80.0,0.0,1.7,-0.703,1.0,-34.96,2.329,2.963,7.0,6.46,1.75,46.86,18.29,10.74,35.59,18.29,18.3,215.4,32.8,0.705,314.0,7.0,15.7,71.8,1014.0,80.0,0.0,1.7,-0.701,1.0,-32.35,3.457,4.597,-6.35,-8.98,-1.49,46.81,18.24,10.41,35.55,18.27,18.25,213.3,32.68,0.481,66.0,2.9,15.5,65.2,1013.0,80.0,0.0,1.7,-0.709,1.0,-38.37,0.913,1.873,3.08,3.796,0.361,0.011,0.01,0.051,0.005,0.003,0.009,0.335,0.018,0.04,75.1,0.687,0.062,1.989,0.137,0.0,0.0,0.0,0.002,0.0,1.708,0.767,0.727
7/4/2026 07:03:14,2026-07-04 07:00:00,4.682,4.745,0.065,46.82,18.25,10.6,35.57,18.26,18.25,214.8,32.72,0.572,109.1,7.206,15.68,65.99,1014.0,80.0,0.0,1.7,-0.708,1.0,-35.45,14.99,16.56,8.78,9.05,1.92,46.84,18.27,10.79,35.6,18.27,18.27,215.9,32.77,0.703,131.0,9.1,15.7,68.6,1014.0,80.0,0.0,1.7,-0.702,1.0,-32.69,21.23,22.94,0.72,0.81,-2.37,46.78,18.21,10.42,35.55,18.26,18.23,213.8,32.67,0.513,79.0,5.2,15.6,64.3,1014.0,80.0,0.0,1.7,-0.72,1.0,-38.03,11.61,12.91,1.254,1.182,0.495,0.01,0.01,0.059,0.005,0.004,0.009,0.33,0.017,0.028,10.19,0.815,0.038,1.129,0.135,0.0,0.0,0.0,0.006,0.0,1.698,2.803,3.097
7/4/2026 06:53:16,2026-07-04 06:30:00,4.403,3.137,0.037,46.83,18.26,10.6,35.57,18.28,18.27,214.4,32.74,0.554,118.9,5.863,15.66,64.73,1014.0,80.0,0.0,1.7,-0.705,1.0,-34.98,3.761,4.619,8.04,7.05,1.72,46.86,18.29,10.76,35.59,18.29,18.29,215.3,32.79,0.727,143.0,7.9,15.7,66.8,1014.0,80.0,0.0,1.7,-0.701,1.0,-33.2,4.554,5.679,0.71,-0.38,-1.38,46.79,18.23,10.42,35.55,18.27,18.24,213.5,32.69,0.476,77.0,4.2,15.6,60.0,1013.0,80.0,0.0,1.7,-0.716,1.0,-37.73,1.885,2.958,1.091,1.106,0.38,0.012,0.012,0.055,0.006,0.003,0.01,0.316,0.017,0.038,11.61,0.752,0.049,1.906,0.12,0.0,0.0,0.0,0.004,0.0,1.285,0.804,0.657
7/4/2026 06:51:02,2026-07-04 06:40:00,4.355,3.814,0.027,46.83,18.26,10.6,35.57,18.27,18.27,214.5,32.73,0.562,112.0,6.201,15.73,66.38,1014.0,80.0,0.0,1.7,-0.704,1.0,-34.85,6.864,8.68,8.37,7.44,1.68,46.85,18.28,10.78,35.59,18.28,18.28,215.6,32.78,0.786,140.0,8.4,15.8,70.0,1014.0,80.0,0.0,1.7,-0.697,1.0,-31.97,12.63,21.84,-0.01,0.23,-1.9,46.8,18.23,10.45,35.54,18.27,18.24,213.7,32.67,0.491,74.0,3.9,15.6,63.2,1014.0,80.0,0.0,1.7,-0.711,1.0,-38.57,4.534,5.129,1.308,1.127,0.419,0.01,0.009,0.053,0.005,0.003,0.008,0.31,0.017,0.038,12.78,0.789,0.09,2.421,0.097,0.0,0.0,0.0,0.003,0.0,1.596,1.777,3.442
7/4/2026 06:50:53,2026-07-04 06:50:00,4.546,4.444,0.06,46.82,18.25,10.6,35.57,18.27,18.26,214.7,32.72,0.566,110.2,6.911,15.75,67.73,1014.0,80.0,0.0,1.7,-0.705,1.0,-34.68,10.8,14.22,9.37,8.6,2.21,46.84,18.27,10.8,35.59,18.28,18.28,215.8,32.78,0.764,153.0,9.4,15.8,70.1,1014.0,80.0,0.0,1.7,-0.703,1.0,-32.66,13.35,23.47,0.06,-1.48,-1.94,46.79,18.23,10.42,35.55,18.26,18.24,213.6,32.67,0.496,80.0,5.2,15.7,64.3,1014.0,80.0,0.0,1.7,-0.711,1.0,-40.15,7.272,8.23,1.372,1.387,0.482,0.01,0.009,0.055,0.005,0.003,0.008,0.304,0.016,0.033,13.23,0.718,0.05,1.69,0.153,0.0,0.0,0.0,0.003,0.0,1.763,1.691,4.054
7/4/2026 06:10:12,2026-07-04 06:10:00,-1.064,-2.214,0.118,46.83,18.26,10.6,35.57,18.28,18.27,214.5,32.73,0.551,226.8,5.234,15.6,71.65,1014.0,80.0,0.0,1.7,-0.707,1.0,-35.01,0.919,1.405,7.18,7.05,1.27,46.86,18.29,10.75,35.59,18.28,18.29,215.5,32.79,0.737,358.0,8.0,15.7,72.7,1014.0,80.0,0.0,1.7,-0.697,1.0,-31.88,1.893,2.978,-7.44,-7.78,-1.26,46.8,18.23,10.45,35.55,18.27,18.24,213.5,32.67,0.484,0.0,3.1,15.6,69.3,1013.0,80.0,0.0,1.7,-0.81,1.0,-41.12,0.454,0.321,3.068,3.371,0.338,0.011,0.01,0.045,0.005,0.003,0.009,0.326,0.017,0.039,90.6,0.888,0.012,1.1,0.12,0.0,0.0,0.0,0.023,0.0,2.17,0.391,0.597
7/4/2026 06:00:28,2026-07-04 06:00:00,-1.216,-0.961,0.06,46.84,18.27,10.6,35.57,18.28,18.27,214.5,32.73,0.552,232.7,3.593,15.48,71.22,1014.0,80.0,0.0,1.7,-0.703,1.0,-34.57,0.736,1.139,5.56,5.7,1.24,46.85,18.28,10.74,35.59,18.29,18.29,215.5,32.8,0.733,355.0,6.1,15.7,74.9,1014.0,80.0,0.0,1.7,-0.699,1.0,-32.3,1.646,2.415,-6.43,-6.03,-1.27,46.8,18.23,10.47,35.54,18.27,18.24,213.2,32.68,0.48,0.0,1.0,15.2,68.4,1014.0,80.0,0.0,1.7,-0.71,1.0,-36.85,0.454,0.323,2.283,2.506,0.274,0.01,0.009,0.046,0.005,0.003,0.008,0.322,0.018,0.037,101.6,1.175,0.132,1.388,0.149,0.0,0.0,0.0,0.003,0.0,1.352,0.286,0.504
7/4/2026 05:50:17,2026-07-04 05:50:00,-1.333,-0.577,0.043,46.83,18.26,10.6,35.57,18.27,18.27,214.7,32.72,0.568,247.6,3.217,15.27,73.13,1014.0,80.0,0.0,1.7,-0.701,1.0,-34.58,1.016,1.638,6.28,4.39,1.17,46.85,18.28,10.75,35.59,18.28,18.29,215.5,32.79,0.846,358.0,5.4,15.4,79.1,1014.0,80.0,0.0,1.7,-0.697,1.0,-31.68,1.904,2.415,-5.81,-5.93,-0.88,46.8,18.23,10.47,35.55,18.27,18.24,213.4,32.68,0.495,0.0,0.7,15.2,67.4,1014.0,80.0,0.0,1.7,-0.708,1.0,-38.86,0.462,1.304,2.152,1.861,0.251,0.011,0.011,0.047,0.005,0.003,0.009,0.337,0.018,0.042,110.1,0.949,0.078,3.747,0.147,0.0,0.0,0.0,0.003,0.0,1.768,0.351,0.366
7/4/2026 05:41:08,2026-07-04 05:40:00,-1.253,-0.173,0.057,46.83,18.26,10.6,35.57,18.27,18.26,214.8,32.72,0.574,206.9,3.641,15.25,78.24,1014.0,80.0,0.0,1.7,-0.702,1.0,-34.29,0.776,1.19,5.77,5.35,1.09,46.85,18.28,10.73,35.59,18.28,18.28,216.0,32.78,0.762,358.0,5.9,15.3,79.1,1014.0,80.0,0.0,1.7,-0.697,1.0,-32.44,1.898,1.86,-6.37,-6.31,-1.06,46.77,18.21,10.44,35.54,18.26,18.22,213.7,32.65,0.506,0.0,1.3,15.1,76.6,1014.0,80.0,0.0,1.7,-0.725,1.0,-36.3,0.446,0.341,2.401,2.159,0.272,0.013,0.012,0.049,0.006,0.005,0.011,0.324,0.017,0.038,131.2,0.819,0.053,0.652,0.095,0.0,0.0,0.0,0.006,0.0,1.423,0.335,0.429
7/4/2026 05:30:32,2026-07-04 05:30:00,-0.618,0.456,0.027,46.82,18.25,10.6,35.57,18.26,18.25,214.8,32.72,0.58,170.8,3.322,15.07,78.51,1014.0,80.0,0.0,1.7,-0.701,1.0,-34.31,0.859,1.281,6.05,6.93,0.94,46.84,18.27,10.74,35.59,18.27,18.27,216.1,32.78,0.744,358.0,6.1,15.1,79.2,1014.0,80.0,0.0,1.7,-0.694,1.0,-31.87,0.923,1.855,-4.06,-5.71,-1.16,46.78,18.21,10.47,35.54,18.25,18.22,213.8,32.65,0.506,0.0,1.6,15.0,77.6,1014.0,80.0,0.0,1.7,-0.716,1.0,-36.45,0.44,0.319,2.092,2.517,0.245,0.012,0.011,0.045,0.006,0.004,0.01,0.329,0.018,0.038,125.5,0.986,0.046,0.42,0.142,0.0,0.0,0.0,0.006,0.0,1.384,0.137,0.399
7/4/2026 05:27:40,2026-07-04 05:20:00,-0.768,0.351,0.035,46.81,18.25,10.6,35.57,18.26,18.25,214.9,32.72,0.598,169.6,3.207,15.04,79.14,1014.0,80.0,0.0,1.7,-0.699,1.0,-34.64,0.632,0.961,6.19,5.4,1.35,46.84,18.27,10.76,35.6,18.27,18.27,215.9,32.77,0.827,357.0,5.7,15.1,80.8,1014.0,80.0,0.0,1.7,-0.693,1.0,-32.04,0.924,1.854,-5.23,-6.29,-0.94,46.68,18.2,10.45,35.46,18.25,18.22,214.0,32.66,0.524,0.0,1.5,14.9,77.6,1014.0,80.0,0.0,1.7,-0.703,1.0,-37.97,0.44,0.308,2.049,2.268,0.243,0.015,0.013,0.046,0.008,0.003,0.012,0.337,0.018,0.041,128.8,0.822,0.082,1.105,0.16,0.0,0.0,0.0,0.002,0.0,1.623,0.223,0.423
7/4/2026 05:12:01,2026-07-04 05:10:00,-0.698,0.363,0.023,46.81,18.24,10.6,35.57,18.25,18.25,214.9,32.72,0.606,159.2,2.97,14.86,78.64,1014.0,80.0,0.0,1.7,-0.703,1.0,-34.96,0.844,1.284,5.12,5.4,1.36,46.84,18.27,10.75,35.59,18.26,18.27,216.0,32.78,1.087,358.0,5.5,14.9,79.2,1014.0,80.0,0.0,1.7,-0.695,1.0,-31.35,0.914,1.854,-4.16,-6.92,-1.06,46.76,18.19,10.46,35.54,18.24,18.2,214.0,32.66,0.53,0.0,1.3,14.8,77.6,1014.0,80.0,0.0,1.7,-0.804,1.0,-41.64,0.449,0.775,1.741,2.286,0.236,0.014,0.013,0.048,0.006,0.004,0.012,0.337,0.018,0.045,126.3,0.795,0.049,0.512,0.178,0.0,0.0,0.0,0.022,0.0,2.055,0.137,0.308
7/4/2026 05:01:03,2026-07-04 05:00:00,-0.168,0.337,0.025,46.8,18.23,10.6,35.57,18.25,18.24,214.8,32.73,0.608,191.3,3.081,14.73,79.12,1014.0,80.0,0.0,1.7,-0.698,1.0,-34.47,0.794,1.206,6.17,5.14,1.02,46.84,18.27,10.71,35.6,18.26,18.27,216.1,32.79,0.796,358.0,5.7,14.8,81.0,1014.0,80.0,0.0,1.7,-0.693,1.0,-32.53,0.92,1.857,-5.34,-5.89,-0.96,46.74,18.18,10.46,35.55,18.24,18.19,213.8,32.66,0.54,0.0,1.0,14.6,77.9,1014.0,80.0,0.0,1.7,-0.707,1.0,-36.9,0.443,0.312,2.369,2.021,0.245,0.018,0.018,0.044,0.006,0.004,0.016,0.335,0.018,0.04,124.3,1.018,0.063,0.884,0.117,0.0,0.0,0.0,0.003,0.0,1.25,0.198,0.451
7/4/2026 04:59:09,2026-07-04 04:30:00,-1.107,0.474,0.036,46.81,18.25,10.6,35.57,18.26,18.25,214.9,32.72,0.603,178.8,3.456,14.6,80.3,1014.0,80.0,0.0,1.7,-0.695,1.0,-34.1,0.62,0.954,5.9,5.63,1.18,46.84,18.27,10.74,35.6,18.27,18.28,216.1,32.8,0.936,358.0,5.8,14.7,82.6,1014.0,80.0,0.0,1.7,-0.69,1.0,-31.05,0.924,1.85,-5.3,-6.83,-1.4,46.76,18.2,10.46,35.54,18.25,18.21,213.3,32.66,0.533,0.0,1.5,14.5,79.1,1013.0,80.0,0.0,1.7,-0.702,1.0,-36.85,0.45,0.312,2.164,2.148,0.258,0.015,0.014,0.048,0.006,0.003,0.013,0.395,0.021,0.042,140.3,0.816,0.077,0.998,0.161,0.0,0.0,0.0,0.003,0.0,1.484,0.216,0.415
7/4/2026 04:58:22,2026-07-04 04:40:00,-1.404,0.757,0.036,46.81,18.24,10.6,35.57,18.26,18.25,214.8,32.72,0.607,149.9,3.169,14.54,79.29,1014.0,80.0,0.0,1.7,-0.696,1.0,-34.45,0.768,1.241,4.45,4.78,1.37,46.84,18.27,10.74,35.59,18.27,18.28,216.1,32.79,0.802,358.0,5.2,14.6,80.2,1014.0,80.0,0.0,1.7,-0.69,1.0,-32.5,0.926,1.862,-6.22,-5.53,-1.28,46.75,18.19,10.47,35.54,18.25,18.2,213.7,32.66,0.526,0.0,1.1,14.5,78.2,1013.0,80.0,0.0,1.7,-0.706,1.0,-36.32,0.448,0.319,1.742,2.021,0.241,0.017,0.016,0.045,0.006,0.003,0.015,0.37,0.02,0.042,137.3,0.687,0.049,0.653,0.142,0.0,0.0,0.0,0.004,0.0,1.272,0.197,0.471
7/4/2026 04:57:52,2026-07-04 04:50:00,-0.908,0.243,0.041,46.8,18.23,10.6,35.57,18.25,18.24,214.9,32.72,0.605,198.8,2.76,14.6,79.18,1014.0,80.0,0.0,1.7,-0.695,1.0,-33.83,0.911,1.501,5.2,5.58,1.19,46.83,18.26,10.73,35.59,18.26,18.26,216.0,32.78,0.809,358.0,5.5,14.7,81.3,1014.0,80.0,0.0,1.7,-0.647,1.0,-28.0,1.888,2.412,-4.51,-5.74,-1.1,46.47,18.2,10.45,35.31,18.24,18.21,213.9,32.66,0.528,0.0,0.7,14.5,78.1,1013.0,80.0,0.0,1.7,-0.706,1.0,-36.09,0.447,0.317,1.715,1.996,0.241,0.021,0.012,0.051,0.015,0.003,0.011,0.36,0.019,0.041,138.5,0.918,0.077,1.136,0.178,0.0,0.0,0.0,0.012,0.0,1.678,0.263,0.453
7/4/2026 04:23:25,2026-07-04 04:20:00,-0.631,0.495,0.026,46.81,18.24,10.6,35.57,18.25,18.25,214.8,32.72,0.585,162.6,2.562,14.44,79.46,1014.0,80.0,0.0,1.7,-0.695,1.0,-34.17,0.805,1.325,4.99,4.99,0.82,46.84,18.27,10.8,35.62,18.27,18.27,215.9,32.78,0.852,358.0,4.9,14.6,81.0,1014.0,80.0,0.0,1.7,-0.688,1.0,-31.72,1.893,2.391,-4.65,-5.14,-0.94,46.75,18.19,10.4,35.54,18.25,18.2,213.9,32.66,0.492,0.0,0.8,14.3,78.0,1014.0,80.0,0.0,1.7,-0.704,1.0,-36.89,0.449,0.314,1.799,1.857,0.224,0.015,0.013,0.047,0.007,0.004,0.012,0.348,0.019,0.044,136.0,0.926,0.1,0.865,0.118,0.0,0.0,0.0,0.004,0.0,1.304,0.329,0.615
7/4/2026 04:13:28,2026-07-04 04:10:00,-0.207,0.378,0.013,46.81,18.24,10.6,35.57,18.25,18.24,214.8,32.73,0.548,170.9,2.142,14.34,78.85,1014.0,80.0,0.0,1.7,-0.699,1.0,-34.81,1.062,1.749,4.51,4.47,0.79,46.84,18.27,10.77,35.6,18.26,18.27,216.3,32.81,0.764,358.0,4.3,14.4,79.7,1014.0,80.0,0.0,1.7,-0.692,1.0,-31.85,1.896,2.966,-3.91,-4.8,-0.78,46.76,18.2,10.46,35.54,18.24,18.21,213.4,32.65,0.472,0.0,0.6,14.3,78.1,1014.0,80.0,0.0,1.7,-0.804,1.0,-40.23,0.667,1.297,1.468,1.609,0.211,0.014,0.013,0.048,0.006,0.003,0.012,0.379,0.02,0.04,123.3,0.697,0.049,0.603,0.155,0.0,0.0,0.0,0.023,0.0,1.876,0.359,0.472
7/4/2026 04:00:26,2026-07-04 04:00:00,-0.272,0.209,0.022,46.8,18.24,10.6,35.57,18.25,18.24,214.9,32.72,0.554,158.6,2.105,14.36,78.67,1014.0,80.0,0.0,1.7,-0.691,1.0,-33.71,0.966,1.468,4.64,4.42,0.96,46.83,18.26,10.75,35.59,18.26,18.27,216.0,32.78,0.98,357.0,4.2,14.4,80.6,1014.0,80.0,0.0,1.7,-0.689,1.0,-31.63,1.899,1.857,-3.89,-5.5,-0.78,46.74,18.18,10.46,35.54,18.24,18.19,213.7,32.66,0.468,0.0,0.4,14.3,77.2,1014.0,80.0,0.0,1.7,-0.696,1.0,-36.69,0.46,0.32,1.554,1.462,0.208,0.017,0.016,0.049,0.007,0.003,0.014,0.367,0.02,0.042,119.9,0.634,0.049,0.992,0.049,0.0,0.0,0.0,0.002,0.0,1.616,0.338,0.375
7/4/2026 03:50:11,2026-07-04 03:50:00,-0.244,0.798,0.023,46.8,18.23,10.6,35.57,18.25,18.24,215.0,32.72,0.571,126.7,2.272,14.37,78.67,1014.0,80.0,0.0,1.7,-0.693,1.0,-33.93,0.981,1.556,4.49,4.7,0.89,46.83,18.26,10.76,35.6,18.26,18.26,216.3,32.77,0.829,358.0,3.9,14.5,80.9,1014.0,80.0,0.0,1.7,-0.688,1.0,-31.96,1.897,2.405,-5.47,-4.29,-0.83,46.74,18.18,10.44,35.54,18.24,18.19,213.9,32.65,0.491,0.0,0.6,14.3,77.4,1014.0,80.0,0.0,1.7,-0.701,1.0,-39.74,0.451,0.768,1.544,1.531,0.219,0.016,0.015,0.048,0.007,0.003,0.013,0.371,0.02,0.043,118.7,0.678,0.09,1.043,0.132,0.0,0.0,0.0,0.003,0.0,1.717,0.462,0.426
7/4/2026 03:40:12,2026-07-04 03:40:00,-0.405,0.304,0.008,46.8,18.23,10.61,35.57,18.25,18.24,215.0,32.72,0.561,193.6,1.735,14.34,78.27,1014.0,80.0,0.0,1.7,-0.69,1.0,-33.93,1.279,1.88,3.76,3.62,0.95,46.83,18.26,10.8,35.6,18.26,18.26,216.1,32.78,0.722,358.0,3.3,14.5,80.7,1015.0,80.0,0.0,1.7,-0.689,1.0,-31.02,1.908,2.41,-3.55,-4.0,-0.93,46.74,18.18,10.44,35.54,18.24,18.19,213.9,32.66,0.47,0.0,0.6,14.2,76.0,1014.0,80.0,0.0,1.7,-0.694,1.0,-37.86,0.458,0.31,1.232,1.27,0.213,0.016,0.015,0.05,0.007,0.003,0.014,0.378,0.021,0.04,129.0,0.558,0.104,1.487,0.131,0.0,0.0,0.0,0.001,0.0,1.689,0.512,0.549
7/4/2026 03:32:17,2026-07-04 03:20:00,-0.396,-0.058,0.025,46.81,18.25,10.61,35.57,18.27,18.25,214.9,32.72,0.567,216.4,1.866,14.27,78.44,1015.0,80.0,0.0,1.7,-0.689,1.0,-33.72,0.972,1.707,3.92,4.55,0.82,46.84,18.28,10.79,35.59,18.28,18.28,216.1,32.79,0.829,358.0,4.4,14.4,80.6,1015.0,80.0,0.0,1.7,-0.682,1.0,-31.14,1.889,2.398,-3.7,-3.74,-0.8,46.76,18.21,10.43,35.54,18.25,18.21,213.6,32.65,0.473,0.0,0.6,14.2,76.8,1014.0,80.0,0.0,1.7,-0.702,1.0,-36.09,0.46,0.772,1.374,1.294,0.22,0.014,0.013,0.049,0.006,0.005,0.012,0.359,0.019,0.042,125.8,0.63,0.064,1.156,0.119,0.0,0.0,0.0,0.004,0.0,1.497,0.323,0.381
7/4/2026 03:30:44,2026-07-04 03:30:00,-0.054,-0.133,0.018,46.81,18.24,10.61,35.57,18.26,18.24,214.9,32.72,0.566,208.9,1.362,14.37,79.36,1015.0,80.0,0.0,1.7,-0.692,1.0,-33.84,1.093,1.707,4.08,3.37,1.01,46.84,18.27,10.77,35.61,18.27,18.27,216.3,32.78,0.929,354.0,3.8,14.5,80.8,1015.0,80.0,0.0,1.7,-0.687,1.0,-31.67,1.897,2.404,-2.77,-4.33,-0.72,46.72,18.15,10.46,35.54,18.25,18.17,213.8,32.65,0.467,0.0,0.3,14.2,77.7,1015.0,80.0,0.0,1.7,-0.711,1.0,-35.79,0.56,0.779,1.074,1.108,0.207,0.019,0.018,0.049,0.007,0.004,0.017,0.361,0.02,0.043,114.7,0.587,0.089,0.998,0.08,0.0,0.0,0.0,0.005,0.0,1.281,0.362,0.418
7/4/2026 03:12:34,2026-07-04 02:20:00,1.296,0.978,0.002,46.83,18.26,10.61,35.57,18.28,18.27,214.7,32.72,0.557,121.1,2.68,14.13,79.23,1015.0,80.0,0.0,1.7,-0.685,1.0,-33.15,1.233,2.035,5.72,4.6,0.97,46.85,18.28,10.78,35.59,18.28,18.29,216.0,32.77,0.75,346.0,5.2,14.3,80.8,1015.0,80.0,0.0,1.7,-0.678,1.0,-31.35,1.899,2.95,-3.09,-4.58,-1.21,46.79,18.23,10.45,35.55,18.27,18.24,213.7,32.66,0.479,13.0,0.8,14.1,78.2,1014.0,80.0,0.0,1.7,-0.699,1.0,-35.84,0.454,0.773,1.574,1.586,0.226,0.011,0.01,0.052,0.006,0.003,0.009,0.358,0.019,0.044,62.54,0.739,0.05,0.767,0.147,0.0,0.0,0.0,0.006,0.0,1.306,0.473,0.494
7/4/2026 03:12:24,2026-07-04 03:10:00,-0.039,0.476,0.012,46.82,18.26,10.61,35.57,18.27,18.26,214.8,32.72,0.558,131.1,1.614,14.2,79.26,1015.0,80.0,0.0,1.7,-0.695,1.0,-34.29,0.835,1.417,5.12,3.11,0.86,46.85,18.28,10.78,35.59,18.28,18.28,216.1,32.77,0.763,358.0,3.8,14.3,80.5,1015.0,80.0,0.0,1.7,-0.683,1.0,-32.16,0.913,1.851,-3.58,-3.93,-0.7,46.78,18.22,10.45,35.55,18.26,18.23,213.8,32.66,0.485,0.0,0.5,14.1,78.3,1014.0,80.0,0.0,1.7,-0.793,1.0,-41.87,0.449,0.694,1.217,1.205,0.21,0.012,0.011,0.05,0.006,0.003,0.01,0.353,0.019,0.04,115.4,0.613,0.064,0.763,0.091,0.0,0.0,0.0,0.022,0.0,2.117,0.16,0.335
7/4/2026 03:00:52,2026-07-04 03:00:00,-0.261,0.066,0.016,46.83,18.26,10.61,35.57,18.27,18.26,214.8,32.72,0.563,207.5,2.126,14.19,79.31,1014.0,80.0,0.0,1.7,-0.689,1.0,-33.72,0.907,1.269,4.22,4.32,0.94,46.85,18.28,10.77,35.59,18.28,18.28,215.8,32.78,0.79,358.0,4.2,14.3,81.3,1015.0,80.0,0.0,1.7,-0.684,1.0,-31.53,1.894,1.851,-3.44,-4.84,-1.03,46.79,18.22,10.46,35.54,18.27,18.23,213.8,32.66,0.49,0.0,0.6,14.1,78.4,1014.0,80.0,0.0,1.7,-0.725,1.0,-38.13,0.443,0.315,1.579,1.522,0.221,0.011,0.01,0.051,0.006,0.003,0.009,0.364,0.02,0.044,116.6,0.718,0.069,0.967,0.104,0.0,0.0,0.0,0.009,0.0,1.627,0.265,0.367
7/4/2026 02:55:05,2026-07-04 02:30:00,1.131,1.282,-0.001,46.83,18.26,10.61,35.57,18.28,18.27,214.7,32.72,0.556,111.8,2.651,14.21,78.7,1015.0,80.0,0.0,1.7,-0.684,1.0,-33.55,0.9,1.591,4.74,4.64,1.11,46.85,18.28,10.74,35.59,18.28,18.29,215.9,32.79,0.747,357.0,4.5,14.4,81.5,1015.0,80.0,0.0,1.7,-0.678,1.0,-30.69,1.885,2.949,-3.05,-6.04,-0.9,46.78,18.22,10.48,35.54,18.27,18.23,213.3,32.66,0.479,0.0,0.7,14.1,77.3,1015.0,80.0,0.0,1.7,-0.69,1.0,-37.26,0.449,0.308,1.396,1.633,0.233,0.012,0.011,0.047,0.006,0.002,0.01,0.377,0.02,0.042,61.34,0.862,0.079,1.216,0.118,0.0,0.0,0.0,0.003,0.0,1.909,0.377,0.642
7/4/2026 02:54:07,2026-07-04 02:40:00,0.423,0.862,0.018,46.83,18.26,10.61,35.57,18.28,18.27,214.7,32.72,0.551,122.6,2.371,14.25,79.82,1015.0,80.0,0.0,1.7,-0.686,1.0,-33.22,0.921,1.622,4.37,5.8,0.96,46.85,18.28,10.77,35.59,18.28,18.29,216.0,32.78,0.743,358.0,4.2,14.4,80.9,1015.0,80.0,0.0,1.7,-0.682,1.0,-31.42,1.521,2.405,-4.46,-4.75,-0.97,46.79,18.22,10.46,35.54,18.27,18.24,213.5,32.65,0.476,0.0,1.0,14.2,78.6,1015.0,80.0,0.0,1.7,-0.702,1.0,-35.74,0.454,0.761,1.612,1.544,0.224,0.012,0.011,0.05,0.006,0.003,0.01,0.372,0.02,0.037,87.9,0.627,0.053,0.602,0.18,0.0,0.0,0.0,0.004,0.0,1.264,0.17,0.365
7/4/2026 02:52:43,2026-07-04 02:50:00,0.126,0.953,-0.006,46.83,18.26,10.61,35.57,18.28,18.27,214.7,32.72,0.551,123.2,2.092,14.18,79.52,1015.0,80.0,0.0,1.7,-0.688,1.0,-33.27,0.87,1.454,4.75,5.14,1.04,46.85,18.28,10.78,35.59,18.29,18.29,216.0,32.79,1.009,357.0,4.4,14.3,81.2,1015.0,80.0,0.0,1.7,-0.68,1.0,-30.65,1.886,2.095,-3.1,-3.79,-1.06,46.79,18.22,10.45,35.54,18.27,18.23,213.5,32.66,0.481,0.0,0.4,14.0,78.2,1015.0,80.0,0.0,1.7,-0.706,1.0,-37.24,0.446,0.379,1.345,1.459,0.216,0.012,0.011,0.05,0.006,0.003,0.01,0.361,0.02,0.043,104.2,0.675,0.087,1.026,0.141,0.0,0.0,0.0,0.006,0.0,1.431,0.394,0.47
7/4/2026 02:11:28,2026-07-04 02:10:00,0.622,2.494,0.012,46.83,18.26,10.61,35.57,18.28,18.27,214.7,32.72,0.566,92.3,3.218,14.31,80.3,1015.0,80.0,0.0,1.7,-0.688,1.0,-33.51,1.054,1.792,4.61,5.59,0.95,46.85,18.28,10.77,35.59,18.28,18.29,215.9,32.79,0.726,352.0,4.9,14.4,82.2,1015.0,80.0,0.0,1.7,-0.68,1.0,-31.33,1.898,2.4,-4.69,-2.98,-1.19,46.78,18.22,10.45,35.55,18.27,18.23,213.4,32.66,0.495,4.0,1.6,14.2,79.4,1015.0,80.0,0.0,1.7,-0.789,1.0,-38.57,0.892,1.282,1.51,1.175,0.264,0.011,0.01,0.051,0.006,0.003,0.009,0.371,0.02,0.041,59.55,0.626,0.083,0.989,0.092,0.0,0.0,0.0,0.022,0.0,1.649,0.354,0.345
7/4/2026 02:00:37,2026-07-04 02:00:00,1.301,1.559,0.021,46.83,18.27,10.61,35.57,18.28,18.27,214.7,32.72,0.561,124.7,3.728,14.38,80.6,1015.0,80.0,0.0,1.7,-0.682,1.0,-33.34,0.957,1.461,6.63,5.98,1.11,46.85,18.28,10.77,35.59,18.28,18.29,215.8,32.77,0.74,352.0,5.8,14.5,82.0,1015.0,80.0,0.0,1.7,-0.675,1.0,-31.41,1.897,2.388,-5.81,-6.22,-0.97,46.8,18.24,10.45,35.55,18.27,18.25,213.6,32.67,0.493,0.0,1.8,14.3,78.6,1015.0,80.0,0.0,1.7,-0.692,1.0,-38.05,0.458,0.761,2.118,2.395,0.283,0.01,0.009,0.053,0.006,0.003,0.008,0.356,0.019,0.041,78.23,0.902,0.06,0.957,0.091,0.0,0.0,0.0,0.004,0.0,1.501,0.336,0.389
7/4/2026 01:53:47,2026-07-04 01:30:00,1.114,1.912,0.007,46.81,18.24,10.61,35.57,18.25,18.25,214.9,32.72,0.565,120.1,3.795,14.39,78.09,1015.0,80.0,0.0,1.7,-0.68,1.0,-33.14,1.13,1.923,5.11,6.27,1.24,46.84,18.27,10.79,35.6,18.27,18.27,216.0,32.77,0.786,352.0,6.9,14.5,79.9,1015.0,80.0,0.0,1.7,-0.677,1.0,-31.18,1.895,2.942,-6.1,-6.48,-1.06,46.78,18.21,10.47,35.54,18.25,18.22,213.9,32.66,0.482,1.0,2.2,14.3,76.5,1014.0,80.0,0.0,1.7,-0.686,1.0,-36.16,0.451,0.773,2.147,2.214,0.284,0.012,0.011,0.053,0.006,0.004,0.009,0.346,0.019,0.041,76.26,0.688,0.082,0.968,0.153,0.0,0.0,0.0,0.003,0.0,1.554,0.449,0.466
7/4/2026 01:51:17,2026-07-04 01:50:00,1.088,1.527,0.015,46.83,18.26,10.61,35.57,18.27,18.27,214.7,32.72,0.557,117.4,3.491,14.46,79.29,1015.0,80.0,0.0,1.7,-0.681,1.0,-33.33,0.856,1.477,7.1,6.37,1.1,46.85,18.28,10.77,35.59,18.28,18.28,216.0,32.78,1.013,353.0,5.8,14.5,80.3,1015.0,80.0,0.0,1.7,-0.675,1.0,-30.84,0.914,1.85,-4.33,-5.37,-1.13,46.79,18.23,10.42,35.55,18.26,18.24,213.6,32.66,0.467,1.0,1.7,14.3,77.8,1015.0,80.0,0.0,1.7,-0.687,1.0,-37.06,0.45,0.778,2.057,2.107,0.278,0.01,0.009,0.054,0.005,0.004,0.008,0.354,0.019,0.044,74.85,0.807,0.063,0.747,0.12,0.0,0.0,0.0,0.003,0.0,1.852,0.134,0.3
7/4/2026 01:50:40,2026-07-04 01:40:00,2.189,2.081,-0.001,46.82,18.25,10.61,35.57,18.26,18.26,214.9,32.72,0.573,106.3,3.618,14.46,78.81,1015.0,80.0,0.0,1.7,-0.681,1.0,-32.97,1.035,1.708,7.0,5.6,1.07,46.84,18.27,10.78,35.58,18.27,18.28,216.2,32.78,1.035,196.0,5.9,14.5,80.6,1015.0,80.0,0.0,1.7,-0.677,1.0,-30.88,1.894,2.401,-1.85,-3.58,-1.18,46.77,18.21,10.45,35.55,18.25,18.22,213.5,32.65,0.493,17.0,1.4,14.4,77.8,1014.0,80.0,0.0,1.7,-0.698,1.0,-35.2,0.446,0.763,1.482,1.47,0.288,0.011,0.011,0.057,0.005,0.003,0.009,0.35,0.019,0.045,31.47,0.849,0.049,0.957,0.14,0.0,0.0,0.0,0.005,0.0,1.4,0.455,0.513
7/4/2026 01:24:50,2026-07-04 00:10:00,5.179,1.27,0.029,46.76,18.2,10.62,35.57,18.21,18.2,215.0,32.73,0.56,140.2,5.741,14.48,84.5,1016.0,80.0,0.0,1.7,-0.683,1.0,-33.33,1.086,1.815,8.18,4.79,1.35,46.79,18.22,10.79,35.59,18.22,18.22,216.1,32.79,0.79,170.0,7.7,14.6,87.0,1016.0,80.0,0.0,1.7,-0.666,1.0,-30.48,1.9,2.623,2.15,-2.52,-1.86,46.72,18.16,10.49,35.55,18.2,18.17,214.0,32.67,0.475,106.0,3.7,14.4,83.1,1015.0,80.0,0.0,1.7,-0.817,1.0,-42.94,0.453,1.288,0.918,1.049,0.364,0.011,0.01,0.057,0.005,0.003,0.009,0.356,0.019,0.044,9.39,0.665,0.075,1.242,0.149,0.0,0.0,0.0,0.032,0.0,2.62,0.439,0.352
7/4/2026 01:24:09,2026-07-04 01:20:00,1.891,1.317,-0.002,46.81,18.24,10.61,35.57,18.25,18.24,215.0,32.72,0.579,127.5,3.851,14.41,79.18,1015.0,80.0,0.0,1.7,-0.68,1.0,-33.15,1.276,1.954,6.93,5.9,1.14,46.83,18.26,10.79,35.59,18.26,18.26,216.1,32.8,0.944,353.0,6.0,14.5,81.0,1015.0,80.0,0.0,1.7,-0.676,1.0,-30.75,1.897,2.411,-4.03,-5.53,-1.55,46.77,18.21,10.46,35.54,18.24,18.22,213.5,32.66,0.509,0.0,1.6,14.3,78.1,1015.0,80.0,0.0,1.7,-0.688,1.0,-35.94,0.451,0.767,2.015,2.172,0.289,0.01,0.009,0.053,0.005,0.003,0.008,0.381,0.02,0.043,66.96,0.764,0.07,0.938,0.155,0.0,0.0,0.0,0.003,0.0,1.478,0.509,0.415
7/4/2026 01:17:50,2026-07-04 00:20:00,4.897,0.558,0.004,46.77,18.2,10.62,35.57,18.21,18.2,215.1,32.73,0.562,146.5,5.307,14.36,83.8,1016.0,80.0,0.0,1.7,-0.674,1.0,-32.67,1.145,1.695,7.89,3.94,1.44,46.79,18.22,10.81,35.59,18.22,18.22,216.3,32.8,0.775,176.0,7.1,14.5,85.8,1016.0,80.0,0.0,1.7,-0.668,1.0,-31.09,1.91,2.408,1.74,-2.84,-1.6,46.52,18.17,10.49,35.37,18.2,18.17,213.8,32.67,0.485,114.0,3.0,14.3,82.0,1015.0,80.0,0.0,1.7,-0.681,1.0,-34.32,0.454,0.313,0.996,1.034,0.35,0.015,0.01,0.057,0.009,0.003,0.009,0.345,0.018,0.042,10.47,0.767,0.068,1.168,0.134,0.0,0.0,0.0,0.003,0.0,1.051,0.522,0.601
7/4/2026 01:15:20,2026-07-04 00:30:00,4.388,1.252,0.017,46.78,18.21,10.62,35.57,18.22,18.21,215.2,32.72,0.585,137.8,5.005,14.36,81.9,1015.0,80.0,0.0,1.7,-0.676,1.0,-32.65,1.261,1.904,7.11,4.61,1.55,46.8,18.23,10.8,35.58,18.23,18.23,216.4,32.78,0.808,164.0,6.7,14.4,83.7,1016.0,80.0,0.0,1.7,-0.673,1.0,-30.68,1.909,2.401,1.93,-2.68,-1.46,46.74,18.18,10.41,35.55,18.21,18.19,214.0,32.65,0.489,110.0,3.8,14.3,80.4,1015.0,80.0,0.0,1.7,-0.681,1.0,-34.37,0.449,0.773,0.82,1.177,0.339,0.01,0.009,0.061,0.004,0.003,0.008,0.354,0.019,0.043,11.32,0.513,0.049,1.012,0.12,0.0,0.0,0.0,0.003,0.0,1.171,0.533,0.483
7/4/2026 01:11:37,2026-07-04 01:10:00,2.956,2.652,0.0,46.8,18.23,10.62,35.57,18.24,18.23,215.2,32.71,0.595,112.9,4.224,14.4,79.25,1015.0,80.0,0.0,1.7,-0.681,1.0,-32.94,0.7,1.045,5.74,6.02,1.42,46.82,18.25,10.83,35.59,18.25,18.26,216.2,32.77,0.802,136.0,6.1,14.4,79.9,1015.0,80.0,0.0,1.7,-0.62,1.0,-30.0,0.916,1.857,-1.13,-0.12,-1.4,46.76,18.2,10.45,35.55,18.23,18.2,214.1,32.66,0.521,74.0,2.6,14.4,77.8,1015.0,80.0,0.0,1.7,-0.783,1.0,-38.82,0.437,0.315,0.887,0.918,0.303,0.012,0.011,0.053,0.006,0.003,0.01,0.354,0.019,0.042,11.0,0.636,0.0,0.55,0.097,0.0,0.0,0.0,0.026,0.0,2.069,0.229,0.582
7/4/2026 01:10:15,2026-07-04 00:40:00,3.155,0.7,0.025,46.78,18.22,10.62,35.57,18.23,18.22,215.2,32.72,0.589,150.0,4.852,14.41,81.5,1015.0,80.0,0.0,1.7,-0.675,1.0,-32.8,1.163,1.902,6.72,5.62,1.45,46.8,18.23,10.77,35.58,18.23,18.24,216.2,32.77,0.75,356.0,6.8,14.5,83.7,1016.0,80.0,0.0,1.7,-0.672,1.0,-30.53,1.91,2.957,-4.38,-6.35,-1.54,46.75,18.18,10.44,35.54,18.22,18.19,214.2,32.66,0.511,18.0,2.9,14.4,80.3,1015.0,80.0,0.0,1.7,-0.683,1.0,-35.58,0.46,1.287,2.199,2.464,0.332,0.009,0.009,0.055,0.005,0.003,0.008,0.339,0.018,0.038,55.93,0.645,0.03,0.677,0.18,0.0,0.0,0.0,0.003,0.0,1.526,0.501,0.425
7/4/2026 01:02:14,2026-07-04 01:00:00,2.486,1.292,0.012,46.79,18.23,10.62,35.57,18.24,18.23,215.2,32.71,0.599,135.3,4.298,14.44,78.85,1015.0,80.0,0.0,1.7,-0.679,1.0,-33.16,0.866,1.446,7.17,6.51,1.48,46.81,18.24,10.79,35.59,18.25,18.25,216.3,32.78,0.888,344.0,6.2,14.5,81.0,1016.0,80.0,0.0,1.7,-0.675,1.0,-30.21,1.888,2.4,-5.15,-6.24,-1.29,46.75,18.19,10.46,35.55,18.23,18.2,214.1,32.66,0.499,0.0,2.5,14.4,77.2,1015.0,80.0,0.0,1.7,-0.686,1.0,-36.25,0.442,0.317,2.133,2.222,0.301,0.011,0.011,0.053,0.005,0.003,0.01,0.379,0.02,0.046,59.88,0.696,0.049,1.18,0.127,0.0,0.0,0.0,0.004,0.0,1.565,0.297,0.498
7/4/2026 00:57:48,2026-07-04 00:50:00,3.654,1.441,0.012,46.79,18.22,10.62,35.57,18.23,18.22,215.4,32.71,0.622,133.0,4.281,14.3,79.29,1015.0,80.0,0.0,1.7,-0.677,1.0,-32.67,1.35,2.097,6.39,4.54,1.5,46.81,18.24,10.8,35.59,18.24,18.24,216.6,32.78,0.774,165.0,5.7,14.4,81.1,1016.0,80.0,0.0,1.7,-0.674,1.0,-30.53,1.907,2.411,0.85,-1.68,-1.21,46.75,18.18,10.43,35.55,18.22,18.19,213.9,32.63,0.532,87.0,2.7,14.2,78.1,1015.0,80.0,0.0,1.7,-0.682,1.0,-34.63,0.462,1.291,0.901,0.957,0.296,0.011,0.01,0.058,0.005,0.003,0.009,0.349,0.019,0.041,12.44,0.588,0.077,0.802,0.112,0.0,0.0,0.0,0.003,0.0,1.161,0.489,0.275
7/4/2026 00:06:45,2026-07-04 00:00:00,5.161,0.026,0.01,46.76,18.19,10.62,35.57,18.2,18.2,214.9,32.74,0.517,153.6,5.616,14.56,83.8,1016.0,80.0,0.0,1.7,-0.673,1.0,-32.12,1.139,1.848,8.26,4.03,1.18,46.78,18.21,10.8,35.58,18.21,18.22,216.2,32.79,0.792,185.0,7.4,14.7,86.5,1016.0,80.0,0.0,1.7,-0.665,1.0,-29.58,3.384,4.033,2.09,-3.76,-1.51,46.72,18.15,10.47,35.55,18.19,18.16,213.9,32.68,0.422,128.0,3.9,14.4,81.8,1015.0,80.0,0.0,1.7,-0.715,1.0,-38.21,0.465,0.771,0.861,1.214,0.353,0.011,0.011,0.055,0.005,0.004,0.01,0.35,0.019,0.041,10.66,0.6,0.091,1.597,0.179,0.0,0.0,0.0,0.01,0.0,1.685,0.646,0.651
7/3/2026 23:52:25,2026-07-03 23:50:00,5.373,0.498,0.031,46.75,18.18,10.62,35.57,18.2,18.19,215.0,32.74,0.528,149.1,5.857,14.74,81.9,1016.0,80.0,0.0,1.7,-0.671,1.0,-32.6,1.381,2.009,9.42,4.4,1.43,46.77,18.2,10.78,35.59,18.21,18.21,215.9,32.81,0.895,175.0,9.0,15.1,84.9,1016.0,80.0,0.0,1.7,-0.664,1.0,-30.27,1.916,2.415,2.15,-3.28,-1.64,46.72,18.15,10.48,35.55,18.19,18.16,213.8,32.69,0.449,122.0,4.2,14.6,80.0,1015.0,80.0,0.0,1.7,-0.69,1.0,-35.2,0.452,0.885,0.892,1.166,0.369,0.011,0.01,0.052,0.005,0.003,0.009,0.329,0.018,0.044,10.66,0.728,0.119,1.378,0.201,0.0,0.0,0.0,0.006,0.0,1.258,0.524,0.471
7/3/2026 23:44:10,2026-07-03 23:40:00,3.95,-0.849,-0.004,46.75,18.18,10.62,35.57,18.2,18.19,214.7,32.75,0.493,166.2,4.54,15.08,75.1,1016.0,80.0,0.0,1.7,-0.67,1.0,-32.07,2.281,3.081,8.48,3.12,1.3,46.77,18.2,10.78,35.59,18.21,18.21,215.9,32.81,0.672,222.0,7.8,15.3,81.6,1016.0,80.0,0.0,1.7,-0.667,1.0,-30.2,3.457,4.594,-0.09,-4.45,-1.31,46.71,18.15,10.49,35.55,18.19,18.16,213.7,32.7,0.409,115.0,1.9,14.9,71.5,1015.0,80.0,0.0,1.7,-0.676,1.0,-35.06,0.911,1.843,1.676,1.253,0.282,0.011,0.01,0.049,0.005,0.003,0.009,0.361,0.019,0.039,19.5,1.521,0.111,3.338,0.127,0.0,0.0,0.0,0.003,0.0,1.395,0.91,0.879
7/3/2026 23:30:12,2026-07-03 23:30:00,2.798,-0.023,0.029,46.75,18.18,10.62,35.57,18.2,18.19,214.9,32.75,0.516,157.9,4.054,15.22,77.86,1016.0,80.0,0.0,1.7,-0.669,1.0,-32.0,1.124,1.744,6.85,5.02,1.26,46.77,18.2,10.84,35.59,18.21,18.2,216.0,32.82,0.663,358.0,5.8,15.3,79.0,1016.0,80.0,0.0,1.7,-0.665,1.0,-30.1,1.909,2.407,-5.56,-5.73,-1.11,46.72,18.16,10.44,35.55,18.19,18.17,213.5,32.69,0.427,0.0,2.4,15.2,76.6,1016.0,80.0,0.0,1.7,-0.674,1.0,-35.62,0.455,0.315,2.126,1.72,0.289,0.008,0.007,0.054,0.004,0.003,0.007,0.375,0.02,0.042,58.48,0.676,0.04,0.665,0.11,0.0,0.0,0.0,0.003,0.0,1.482,0.422,0.524
7/3/2026 23:20:16,2026-07-03 23:20:00,-2.637,-2.074,0.075,46.76,18.19,10.62,35.57,18.21,18.19,214.8,32.75,0.505,297.7,3.492,15.29,77.68,1016.0,80.0,0.0,1.7,-0.667,1.0,-32.04,0.939,1.44,-0.28,2.82,1.17,46.77,18.2,10.76,35.59,18.21,18.21,215.9,32.81,0.957,356.0,5.3,15.4,79.6,1016.0,80.0,0.0,1.7,-0.639,1.0,-29.06,1.896,2.407,-5.34,-6.69,-1.28,46.73,18.16,10.48,35.56,18.2,18.17,213.6,32.69,0.396,251.0,1.8,15.2,74.2,1016.0,80.0,0.0,1.7,-0.681,1.0,-35.72,0.457,0.772,0.802,1.323,0.272,0.008,0.008,0.044,0.004,0.003,0.007,0.335,0.018,0.047,16.49,0.694,0.071,1.378,0.111,0.0,0.0,0.0,0.009,0.0,1.617,0.354,0.451
7/3/2026 23:10:09,2026-07-03 23:10:00,-2.521,-0.44,0.061,46.76,18.19,10.62,35.57,18.21,18.2,214.9,32.74,0.512,299.0,3.044,15.46,76.77,1016.0,80.0,0.0,1.7,-0.673,1.0,-32.61,0.754,1.104,0.38,2.71,1.09,46.78,18.21,10.77,35.58,18.22,18.22,215.8,32.81,0.733,358.0,4.7,15.5,78.1,1016.0,80.0,0.0,1.7,-0.665,1.0,-30.14,0.928,1.861,-5.25,-4.1,-0.91,46.74,18.17,10.49,35.56,18.2,18.18,213.5,32.69,0.416,0.0,1.7,15.4,74.2,1016.0,80.0,0.0,1.7,-0.77,1.0,-37.97,0.45,0.316,0.828,1.122,0.243,0.008,0.008,0.045,0.004,0.003,0.007,0.35,0.019,0.041,83.7,0.535,0.049,1.066,0.101,0.0,0.0,0.0,0.022,0.0,1.752,0.217,0.363
7/3/2026 23:02:32,2026-07-03 23:00:00,-2.694,0.401,0.056,46.77,18.2,10.62,35.57,18.22,18.21,215.1,32.73,0.556,255.4,3.39,15.41,75.6,1016.0,80.0,0.0,1.7,-0.669,1.0,-32.28,1.001,1.635,0.0,4.83,1.15,46.78,18.21,10.75,35.59,18.23,18.22,216.1,32.79,0.744,358.0,4.6,15.5,77.2,1016.0,80.0,0.0,1.7,-0.665,1.0,-30.02,1.9,2.399,-5.58,-3.37,-1.31,46.74,18.17,10.49,35.55,18.21,18.18,214.0,32.67,0.459,0.0,1.7,15.4,74.2,1016.0,80.0,0.0,1.7,-0.677,1.0,-35.35,0.455,0.311,0.8,1.115,0.247,0.009,0.008,0.046,0.004,0.003,0.008,0.345,0.019,0.042,141.0,0.552,0.032,1.002,0.108,0.0,0.0,0.0,0.003,0.0,1.341,0.4,0.486
7/3/2026 22:50:15,2026-07-03 22:50:00,-3.236,0.239,0.07,46.78,18.21,10.62,35.57,18.23,18.21,215.1,32.72,0.556,319.2,3.873,15.47,76.59,1016.0,80.0,0.0,1.7,-0.675,1.0,-32.64,0.637,0.887,-0.45,3.56,1.28,46.8,18.23,10.8,35.59,18.24,18.23,216.1,32.79,0.727,358.0,5.7,15.5,78.0,1016.0,80.0,0.0,1.7,-0.666,1.0,-30.04,0.923,1.845,-5.87,-3.41,-1.01,46.74,18.17,10.49,35.55,18.22,18.18,213.8,32.67,0.483,0.0,2.0,15.4,74.4,1016.0,80.0,0.0,1.7,-0.689,1.0,-36.31,0.446,0.308,0.807,0.959,0.276,0.009,0.009,0.046,0.004,0.004,0.008,0.344,0.018,0.04,76.67,0.511,0.046,0.999,0.111,0.0,0.0,0.0,0.006,0.0,1.773,0.221,0.44
7/3/2026 22:44:30,2026-07-03 22:40:00,-2.822,0.82,0.039,46.79,18.22,10.62,35.57,18.24,18.22,215.3,32.71,0.592,258.5,3.731,15.53,74.04,1016.0,80.0,0.0,1.7,-0.668,1.0,-32.14,0.456,0.366,0.78,4.43,1.11,46.8,18.24,10.73,35.59,18.25,18.24,216.3,32.77,0.868,358.0,5.8,15.6,76.5,1016.0,80.0,0.0,1.7,-0.665,1.0,-29.33,0.471,0.767,-6.37,-2.6,-1.07,46.75,18.18,10.49,35.56,18.23,18.19,214.1,32.65,0.499,0.0,1.6,15.4,70.1,1016.0,80.0,0.0,1.7,-0.675,1.0,-34.14,0.444,0.307,1.064,1.014,0.265,0.01,0.01,0.043,0.004,0.005,0.009,0.342,0.018,0.043,143.8,0.888,0.066,1.957,0.1,0.0,0.0,0.0,0.003,0.0,1.276,0.007,0.14
7/3/2026 22:31:07,2026-07-03 22:30:00,-0.886,0.646,-0.006,46.8,18.23,10.61,35.57,18.25,18.23,215.4,32.7,0.637,172.3,1.571,15.25,69.31,1016.0,80.0,0.0,1.7,-0.669,1.0,-32.35,0.688,1.014,1.29,3.3,0.72,46.82,18.25,10.73,35.59,18.26,18.25,216.3,32.76,0.858,358.0,2.8,15.4,71.1,1016.0,80.0,0.0,1.7,-0.665,1.0,-30.19,0.92,1.842,-3.17,-2.39,-0.67,46.75,18.2,10.48,35.55,18.24,18.21,214.2,32.65,0.551,0.0,0.4,15.2,68.0,1015.0,80.0,0.0,1.7,-0.675,1.0,-35.35,0.454,0.309,0.714,0.91,0.176,0.01,0.009,0.044,0.005,0.004,0.008,0.325,0.018,0.046,156.2,0.446,0.064,1.125,0.148,0.0,0.0,0.0,0.003,0.0,1.496,0.225,0.406
7/3/2026 22:26:09,2026-07-03 16:30:00,2.514,-3.137,0.055,46.76,18.2,10.61,35.57,18.2,18.2,216.3,32.67,0.668,201.4,5.725,15.5,75.38,1014.0,80.0,0.0,1.7,-0.653,1.0,-30.96,1.663,1.861,8.34,5.74,1.58,46.78,18.21,10.81,35.58,18.21,18.22,217.3,32.71,0.854,358.0,7.6,15.5,76.2,1014.0,80.0,0.0,1.7,-0.644,1.0,-28.62,3.46,4.04,-6.03,-7.66,-1.38,46.74,18.17,10.43,35.55,18.19,18.18,215.4,32.61,0.591,8.0,3.3,15.5,74.5,1014.0,80.0,0.0,1.7,-0.665,1.0,-33.59,0.446,0.311,2.786,2.555,0.371,0.007,0.007,0.063,0.003,0.005,0.006,0.311,0.017,0.043,53.28,0.932,0.0,0.541,0.164,0.0,0.0,0.0,0.007,0.0,1.502,1.189,1.419
7/3/2026 22:25:35,2026-07-03 16:40:00,3.471,-4.808,0.057,46.77,18.2,10.61,35.57,18.21,18.21,216.1,32.67,0.669,207.7,6.59,15.5,74.17,1014.0,80.0,0.0,1.7,-0.657,1.0,-31.38,2.833,3.288,7.53,-1.25,1.46,46.78,18.21,10.79,35.58,18.22,18.22,217.3,32.73,0.827,246.0,8.7,15.5,75.8,1014.0,80.0,0.0,1.7,-0.641,1.0,-28.93,3.474,4.041,-1.32,-8.04,-1.42,46.75,18.18,10.43,35.56,18.2,18.19,215.0,32.62,0.593,175.0,4.6,15.5,72.6,1014.0,80.0,0.0,1.7,-0.667,1.0,-35.87,0.7,0.774,1.397,1.09,0.387,0.007,0.007,0.061,0.003,0.003,0.006,0.323,0.017,0.044,12.67,0.705,0.0,0.962,0.159,0.0,0.0,0.0,0.007,0.0,1.777,0.761,0.865
7/3/2026 22:24:31,2026-07-03 22:20:00,-0.641,0.787,0.007,46.81,18.24,10.61,35.57,18.26,18.25,215.4,32.69,0.649,106.0,1.383,15.25,69.75,1015.0,80.0,0.0,1.7,-0.668,1.0,-32.26,0.733,1.05,1.72,3.76,0.63,46.83,18.26,10.76,35.59,18.27,18.26,216.4,32.74,0.882,358.0,3.0,15.3,71.8,1016.0,80.0,0.0,1.7,-0.665,1.0,-29.52,0.928,1.846,-2.89,-2.47,-0.62,46.77,18.21,10.49,35.55,18.25,18.22,214.5,32.64,0.572,0.0,0.4,15.2,67.8,1015.0,80.0,0.0,1.7,-0.673,1.0,-35.91,0.45,0.303,0.582,0.942,0.179,0.01,0.009,0.045,0.005,0.003,0.008,0.327,0.018,0.042,131.4,0.545,0.05,1.278,0.134,0.0,0.0,0.0,0.003,0.0,1.759,0.227,0.546
7/3/2026 22:18:11,2026-07-03 16:50:00,2.766,-2.927,0.042,46.77,18.2,10.61,35.57,18.22,18.21,215.9,32.68,0.669,192.7,5.794,15.52,74.31,1014.0,80.0,0.0,1.7,-0.659,1.0,-31.46,0.933,1.201,7.75,6.6,1.83,46.79,18.22,11.15,35.58,18.23,18.22,216.9,32.74,0.906,356.0,8.3,15.6,77.2,1014.0,80.0,0.0,1.7,-0.649,1.0,-29.23,3.452,4.027,-20.0,-8.07,-1.62,46.75,18.18,10.44,35.55,18.21,18.19,214.9,32.63,0.586,0.0,3.5,15.4,73.3,1014.0,80.0,0.0,1.7,-0.668,1.0,-34.74,0.443,0.31,2.779,2.712,0.382,0.008,0.007,0.067,0.004,0.003,0.007,0.333,0.018,0.05,56.14,0.944,0.058,1.128,0.076,0.0,0.0,0.0,0.005,0.0,1.534,0.716,0.939
7/3/2026 22:12:30,2026-07-03 17:00:00,2.939,-4.921,0.065,46.77,18.2,10.61,35.57,18.22,18.21,215.9,32.68,0.677,212.9,6.381,15.09,78.03,1014.0,80.0,0.0,1.7,-0.655,1.0,-31.23,2.128,2.689,6.88,-0.97,2.02,46.79,18.22,10.82,35.58,18.23,18.22,217.1,32.73,0.974,237.0,9.1,15.4,79.9,1014.0,80.0,0.0,1.7,-0.647,1.0,-28.69,3.452,4.585,-1.24,-8.56,-1.42,46.75,18.18,10.4,35.56,18.21,18.19,214.9,32.62,0.573,185.0,4.4,14.9,75.1,1014.0,80.0,0.0,1.7,-0.666,1.0,-34.19,0.449,0.311,1.148,1.037,0.386,0.008,0.007,0.062,0.004,0.002,0.006,0.333,0.018,0.043,10.13,0.814,0.156,1.189,0.109,0.0,0.0,0.0,0.006,0.0,1.706,1.192,1.444
7/3/2026 22:11:59,2026-07-03 17:10:00,1.895,-3.363,0.041,46.78,18.21,10.61,35.57,18.22,18.22,215.8,32.69,0.667,204.3,5.462,15.06,77.34,1014.0,80.0,0.0,1.7,-0.657,1.0,-31.28,1.583,2.036,7.06,5.53,1.51,46.79,18.23,10.83,35.58,18.23,18.23,216.9,32.74,0.869,355.0,8.3,15.2,79.9,1014.0,80.0,0.0,1.7,-0.643,1.0,-27.87,3.464,4.583,-20.0,-7.77,-1.24,46.75,18.19,10.44,35.55,18.22,18.2,214.7,32.62,0.581,0.0,3.1,14.7,75.1,1014.0,80.0,0.0,1.7,-0.749,1.0,-37.72,0.443,0.311,2.351,2.608,0.359,0.008,0.008,0.059,0.003,0.003,0.007,0.32,0.017,0.043,55.56,0.876,0.151,1.135,0.104,0.0,0.0,0.0,0.021,0.0,2.12,1.192,1.512
7/3/2026 22:11:04,2026-07-03 17:20:00,3.105,-2.639,-0.008,46.78,18.21,10.61,35.57,18.23,18.22,215.7,32.69,0.661,185.9,5.297,15.09,75.17,1014.0,80.0,0.0,1.7,-0.657,1.0,-31.19,2.544,3.129,7.76,5.19,1.6,46.8,18.23,10.81,35.59,18.23,18.24,216.5,32.74,0.866,355.0,7.4,15.2,76.9,1014.0,80.0,0.0,1.7,-0.648,1.0,-29.12,3.47,4.035,-4.23,-7.11,-1.43,46.75,18.19,10.36,35.55,18.22,18.2,214.8,32.65,0.59,0.0,3.5,15.0,72.7,1014.0,80.0,0.0,1.7,-0.666,1.0,-34.92,0.468,0.777,1.776,2.496,0.345,0.009,0.008,0.064,0.004,0.003,0.007,0.323,0.017,0.04,44.56,0.836,0.053,1.178,0.091,0.0,0.0,0.0,0.006,0.0,1.528,0.728,0.693
7/3/2026 22:10:18,2026-07-03 22:10:00,-0.845,1.436,0.007,46.82,18.25,10.61,35.57,18.27,18.25,215.4,32.69,0.639,74.85,2.072,15.35,70.16,1015.0,80.0,0.0,1.7,-0.672,1.0,-32.84,0.6,0.936,1.67,4.46,0.92,46.83,18.27,10.75,35.59,18.28,18.27,216.3,32.75,0.798,358.0,3.9,15.5,73.8,1016.0,80.0,0.0,1.7,-0.664,1.0,-30.52,0.92,1.842,-3.52,-1.78,-0.83,46.77,18.21,10.49,35.54,18.26,18.22,214.2,32.64,0.563,0.0,0.5,15.2,67.7,1015.0,80.0,0.0,1.7,-0.774,1.0,-38.74,0.455,0.307,0.756,0.97,0.186,0.011,0.01,0.043,0.005,0.004,0.009,0.363,0.019,0.042,107.5,0.637,0.092,1.65,0.161,0.0,0.0,0.0,0.023,0.0,1.853,0.206,0.395
7/3/2026 22:00:46,2026-07-03 22:00:00,-0.085,1.208,-0.001,46.82,18.26,10.61,35.57,18.28,18.26,215.2,32.7,0.624,87.9,1.63,15.22,69.8,1015.0,80.0,0.0,1.7,-0.668,1.0,-32.12,0.886,1.535,2.82,4.26,0.95,46.84,18.28,10.77,35.59,18.29,18.28,216.4,32.76,0.886,358.0,3.5,15.4,73.8,1016.0,80.0,0.0,1.7,-0.663,1.0,-29.09,1.251,2.397,-2.96,-1.69,-0.79,46.78,18.23,10.48,35.55,18.27,18.23,213.9,32.64,0.527,0.0,0.3,15.1,67.2,1015.0,80.0,0.0,1.7,-0.678,1.0,-34.98,0.458,0.65,0.824,1.028,0.187,0.011,0.01,0.044,0.006,0.004,0.009,0.356,0.019,0.045,71.6,0.652,0.071,1.714,0.145,0.0,0.0,0.0,0.004,0.0,1.626,0.16,0.441
7/3/2026 22:00:31,2026-07-03 17:30:00,2.275,-4.282,0.055,46.79,18.22,10.61,35.57,18.23,18.22,215.6,32.69,0.66,219.1,5.663,15.23,73.17,1014.0,80.0,0.0,1.7,-0.654,1.0,-31.06,1.434,2.187,6.37,1.55,1.62,46.8,18.23,10.84,35.58,18.24,18.24,216.7,32.74,0.888,354.0,7.3,15.3,76.1,1015.0,80.0,0.0,1.7,-0.645,1.0,-28.48,3.461,3.011,-4.89,-7.31,-1.39,46.75,18.18,10.43,35.55,18.22,18.2,214.7,32.63,0.581,172.0,3.0,15.2,71.5,1014.0,80.0,0.0,1.7,-0.667,1.0,-36.95,0.458,0.764,2.01,1.21,0.35,0.008,0.007,0.061,0.004,0.003,0.006,0.322,0.017,0.045,29.74,0.785,0.046,1.292,0.161,0.0,0.0,0.0,0.006,0.0,1.872,0.524,0.543
7/3/2026 21:56:28,2026-07-03 17:40:00,2.527,-2.914,0.043,46.79,18.22,10.61,35.57,18.23,18.23,215.6,32.69,0.659,196.9,5.606,15.4,73.15,1014.0,80.0,0.0,1.7,-0.655,1.0,-31.24,0.852,1.355,8.36,6.6,1.51,46.81,18.24,10.8,35.58,18.24,18.24,216.6,32.75,0.961,358.0,7.5,15.5,74.5,1015.0,80.0,0.0,1.7,-0.648,1.0,-28.3,1.907,2.386,-4.96,-8.18,-1.64,46.76,18.2,10.47,35.56,18.23,18.21,214.6,32.64,0.588,0.0,2.6,15.2,71.9,1014.0,80.0,0.0,1.7,-0.668,1.0,-34.62,0.456,0.307,2.525,2.753,0.35,0.008,0.007,0.06,0.004,0.003,0.007,0.306,0.016,0.044,56.0,0.939,0.026,0.791,0.09,0.0,0.0,0.0,0.006,0.0,1.532,0.31,0.47
7/3/2026 21:52:29,2026-07-03 18:20:00,4.854,-2.13,-0.002,46.81,18.24,10.62,35.57,18.25,18.25,215.5,32.69,0.654,176.8,5.802,15.49,73.43,1014.0,80.0,0.0,1.7,-0.653,1.0,-30.83,1.194,1.806,8.22,2.19,1.75,46.83,18.26,10.79,35.58,18.26,18.26,216.4,32.73,1.007,201.0,7.3,15.5,75.7,1015.0,80.0,0.0,1.7,-0.649,1.0,-28.54,1.901,2.964,2.02,-5.39,-1.28,46.79,18.22,10.44,35.56,18.24,18.23,214.7,32.64,0.577,153.0,4.5,15.4,70.9,1014.0,80.0,0.0,1.7,-0.667,1.0,-32.96,0.458,1.023,0.778,1.146,0.331,0.008,0.008,0.061,0.003,0.003,0.007,0.299,0.016,0.046,10.56,0.505,0.028,1.445,0.068,0.0,0.0,0.0,0.004,0.0,1.244,0.503,0.542
7/3/2026 21:51:41,2026-07-03 18:30:00,2.894,-2.235,0.037,46.82,18.25,10.62,35.57,18.26,18.25,215.5,32.69,0.651,186.5,5.348,15.43,74.04,1015.0,80.0,0.0,1.7,-0.653,1.0,-31.12,0.939,1.49,6.87,5.8,1.34,46.83,18.26,10.8,35.58,18.27,18.27,216.5,32.74,0.971,350.0,8.3,15.5,75.8,1015.0,80.0,0.0,1.7,-0.648,1.0,-29.23,1.9,2.405,-5.22,-7.7,-1.25,46.79,18.22,10.46,35.55,18.25,18.23,214.6,32.63,0.575,2.0,3.0,15.4,72.3,1014.0,80.0,0.0,1.7,-0.661,1.0,-35.66,0.451,0.771,2.396,2.627,0.349,0.009,0.008,0.063,0.004,0.003,0.007,0.308,0.017,0.044,55.15,0.795,0.046,0.959,0.144,0.0,0.0,0.0,0.004,0.0,1.665,0.357,0.432
7/3/2026 21:50:11,2026-07-03 21:50:00,0.798,1.06,0.004,46.83,18.27,10.61,35.57,18.29,18.27,214.9,32.71,0.584,105.8,1.642,15.17,69.07,1015.0,80.0,0.0,1.7,-0.666,1.0,-32.32,0.896,1.358,3.17,3.39,0.59,46.85,18.28,10.73,35.59,18.3,18.29,216.0,32.77,0.81,355.0,3.1,15.2,70.6,1015.0,80.0,0.0,1.7,-0.661,1.0,-29.72,1.907,2.392,-1.55,-1.98,-0.68,46.78,18.23,10.44,35.54,18.28,18.24,213.8,32.65,0.495,1.0,0.6,15.1,67.6,1015.0,80.0,0.0,1.7,-0.674,1.0,-34.91,0.456,0.311,0.754,0.844,0.177,0.011,0.01,0.044,0.006,0.004,0.009,0.357,0.019,0.045,45.77,0.498,0.046,0.871,0.132,0.0,0.0,0.0,0.003,0.0,1.501,0.284,0.445
7/3/2026 21:49:29,2026-07-03 18:40:00,2.742,-1.882,0.021,46.82,18.25,10.61,35.57,18.26,18.26,215.4,32.69,0.653,191.0,4.795,15.38,72.13,1015.0,80.0,0.0,1.7,-0.653,1.0,-31.06,1.346,1.892,7.02,5.14,1.32,46.84,18.27,10.81,35.58,18.27,18.27,216.3,32.74,1.004,357.0,6.4,15.5,74.1,1015.0,80.0,0.0,1.7,-0.65,1.0,-28.88,1.905,2.417,-4.5,-6.28,-1.63,46.8,18.23,10.45,35.55,18.26,18.24,214.4,32.64,0.568,8.0,1.9,15.3,70.0,1014.0,80.0,0.0,1.7,-0.662,1.0,-32.87,0.461,0.311,2.299,2.076,0.308,0.008,0.008,0.06,0.004,0.003,0.007,0.312,0.017,0.045,53.79,0.854,0.073,1.231,0.12,0.0,0.0,0.0,0.003,0.0,1.131,0.516,0.574
7/3/2026 21:46:50,2026-07-03 21:40:00,0.486,0.88,0.008,46.84,18.28,10.61,35.57,18.29,18.28,214.7,32.72,0.568,107.8,1.345,15.18,69.99,1015.0,80.0,0.0,1.7,-0.666,1.0,-32.29,0.893,1.431,2.55,3.75,0.79,46.86,18.29,10.76,35.59,18.3,18.3,215.8,32.77,0.75,358.0,3.0,15.2,71.4,1015.0,80.0,0.0,1.7,-0.662,1.0,-29.32,1.909,1.855,-1.62,-1.86,-0.71,46.8,18.23,10.45,35.55,18.28,18.24,213.7,32.65,0.488,1.0,0.3,15.1,69.1,1015.0,80.0,0.0,1.7,-0.675,1.0,-36.94,0.456,0.762,0.649,0.937,0.171,0.012,0.011,0.045,0.005,0.003,0.01,0.336,0.018,0.039,57.36,0.454,0.04,0.665,0.14,0.0,0.0,0.0,0.003,0.0,1.716,0.283,0.338
7/3/2026 21:38:16,2026-07-03 21:30:00,0.306,0.251,0.017,46.85,18.29,10.61,35.57,18.3,18.29,214.8,32.71,0.583,149.2,1.068,15.13,70.29,1015.0,80.0,0.0,1.7,-0.665,1.0,-32.11,1.055,1.655,2.22,3.01,0.73,46.87,18.3,10.77,35.59,18.31,18.3,215.8,32.77,0.782,358.0,2.3,15.2,72.0,1015.0,80.0,0.0,1.7,-0.661,1.0,-29.61,1.917,2.398,-2.09,-2.96,-0.64,46.81,18.25,10.48,35.54,18.29,18.26,213.7,32.66,0.503,0.0,0.4,15.1,68.4,1015.0,80.0,0.0,1.7,-0.675,1.0,-34.95,0.458,0.31,0.741,0.813,0.165,0.01,0.009,0.046,0.005,0.003,0.008,0.327,0.018,0.039,88.5,0.341,0.045,1.15,0.138,0.0,0.0,0.0,0.003,0.0,1.591,0.377,0.484
7/3/2026 21:27:57,2026-07-03 18:50:00,3.44,-2.518,0.013,46.82,18.26,10.61,35.57,18.27,18.26,215.4,32.69,0.643,189.2,4.697,15.47,70.04,1015.0,80.0,0.0,1.7,-0.655,1.0,-31.23,1.092,1.718,6.79,2.32,1.06,46.85,18.28,10.77,35.59,18.27,18.28,216.4,32.74,0.832,222.0,6.2,15.6,72.2,1015.0,80.0,0.0,1.7,-0.65,1.0,-28.86,1.899,2.955,0.32,-6.28,-1.07,46.8,18.23,10.45,35.55,18.26,18.24,214.3,32.63,0.571,150.0,2.8,15.4,68.7,1014.0,80.0,0.0,1.7,-0.664,1.0,-34.71,0.45,0.315,0.96,1.085,0.283,0.009,0.008,0.058,0.004,0.003,0.008,0.328,0.018,0.041,13.56,0.608,0.078,1.057,0.124,0.0,0.0,0.0,0.004,0.0,1.477,0.491,0.63
7/3/2026 21:27:05,2026-07-03 21:20:00,0.269,0.127,0.009,46.85,18.28,10.61,35.57,18.3,18.29,214.7,32.71,0.587,158.6,0.919,15.07,69.88,1015.0,80.0,0.0,1.7,-0.664,1.0,-31.73,1.396,1.959,2.74,3.04,0.8,46.87,18.3,10.75,35.59,18.31,18.3,215.8,32.78,0.909,356.0,2.0,15.1,72.1,1015.0,80.0,0.0,1.7,-0.661,1.0,-29.56,1.909,2.942,-1.62,-2.55,-0.58,46.81,18.25,10.47,35.53,18.29,18.25,213.4,32.66,0.476,0.0,0.3,15.0,68.0,1015.0,80.0,0.0,1.7,-0.67,1.0,-34.82,0.46,0.759,0.618,0.827,0.163,0.01,0.009,0.046,0.006,0.003,0.008,0.341,0.019,0.046,87.2,0.344,0.047,1.181,0.099,0.0,0.0,0.0,0.002,0.0,1.356,0.473,0.725
7/3/2026 21:11:20,2026-07-03 19:20:00,2.582,-0.833,0.009,46.84,18.28,10.61,35.57,18.29,18.28,215.1,32.69,0.64,174.0,3.838,15.32,69.92,1015.0,80.0,0.0,1.7,-0.652,1.0,-30.95,1.372,2.05,6.01,4.14,1.05,46.86,18.29,10.78,35.59,18.29,18.3,216.1,32.75,0.969,356.0,5.4,15.4,71.3,1015.0,80.0,0.0,1.7,-0.625,1.0,-28.21,3.445,4.042,-3.99,-5.69,-0.99,46.81,18.25,10.44,35.55,18.28,18.26,214.0,32.64,0.564,7.0,1.7,15.2,67.9,1015.0,80.0,0.0,1.7,-0.664,1.0,-33.95,0.461,0.767,1.92,1.758,0.258,0.009,0.008,0.055,0.005,0.003,0.007,0.316,0.017,0.046,53.89,0.657,0.074,1.209,0.134,0.0,0.0,0.0,0.009,0.0,1.4,0.711,0.798
7/3/2026 21:11:09,2026-07-03 20:20:00,1.558,-0.583,0.012,46.86,18.29,10.61,35.57,18.3,18.3,214.7,32.71,0.593,170.2,3.083,15.26,72.35,1015.0,80.0,0.0,1.7,-0.66,1.0,-31.42,0.83,1.332,5.67,3.98,0.83,46.88,18.3,10.76,35.6,18.31,18.31,215.5,32.77,0.807,356.0,4.6,15.3,73.5,1015.0,80.0,0.0,1.7,-0.653,1.0,-29.74,1.478,1.859,-3.17,-5.12,-0.75,46.81,18.25,10.46,35.55,18.29,18.25,213.6,32.67,0.508,0.0,1.3,15.2,71.0,1015.0,80.0,0.0,1.7,-0.666,1.0,-33.88,0.45,0.31,1.772,1.74,0.215,0.01,0.01,0.054,0.005,0.003,0.009,0.314,0.017,0.044,68.26,0.628,0.049,0.922,0.062,0.0,0.0,0.0,0.003,0.0,1.317,0.293,0.465
7/3/2026 21:10:35,2026-07-03 21:10:00,-0.145,0.66,-0.001,46.86,18.29,10.61,35.57,18.3,18.29,214.7,32.71,0.581,112.8,1.185,15.05,69.62,1015.0,80.0,0.0,1.7,-0.67,1.0,-32.0,1.173,1.899,2.39,3.39,0.73,46.87,18.3,10.76,35.59,18.31,18.31,216.0,32.76,0.93,358.0,2.5,15.1,71.2,1015.0,80.0,0.0,1.7,-0.66,1.0,-29.7,1.916,2.952,-2.13,-2.27,-0.67,46.82,18.25,10.49,35.55,18.3,18.27,213.8,32.64,0.491,0.0,0.2,15.0,68.0,1015.0,80.0,0.0,1.7,-0.765,1.0,-38.15,0.461,0.767,0.655,0.882,0.169,0.01,0.009,0.047,0.006,0.003,0.008,0.351,0.019,0.043,103.4,0.374,0.05,0.921,0.092,0.0,0.0,0.0,0.022,0.0,1.913,0.489,0.457
7/3/2026 21:04:20,2026-07-03 20:30:00,-0.827,0.658,0.004,46.86,18.29,10.61,35.57,18.3,18.29,214.7,32.71,0.588,186.0,1.819,15.26,73.0,1015.0,80.0,0.0,1.7,-0.658,1.0,-31.67,0.893,1.421,3.34,4.16,0.88,46.87,18.3,10.76,35.59,18.31,18.31,215.7,32.78,0.76,358.0,3.7,15.3,75.5,1015.0,80.0,0.0,1.7,-0.651,1.0,-29.4,1.688,1.859,-3.53,-2.63,-0.9,46.81,18.26,10.47,35.55,18.29,18.27,213.4,32.66,0.513,0.0,0.4,15.2,71.7,1015.0,80.0,0.0,1.7,-0.665,1.0,-35.81,0.492,0.32,0.967,1.207,0.208,0.01,0.009,0.048,0.005,0.003,0.008,0.331,0.018,0.04,144.3,0.618,0.049,0.936,0.06,0.0,0.0,0.0,0.003,0.0,1.736,0.228,0.427
7/3/2026 21:03:06,2026-07-03 20:40:00,-0.992,0.494,0.013,46.86,18.29,10.61,35.57,18.3,18.3,214.7,32.71,0.582,185.7,1.638,15.22,71.39,1015.0,80.0,0.0,1.7,-0.659,1.0,-31.91,0.963,1.42,1.74,3.59,0.75,46.87,18.3,10.77,35.59,18.31,18.31,215.7,32.78,0.835,358.0,3.1,15.3,73.0,1015.0,80.0,0.0,1.7,-0.631,1.0,-28.4,1.817,2.406,-3.87,-2.89,-0.8,46.82,18.26,10.46,35.55,18.3,18.27,213.3,32.66,0.509,0.0,0.4,15.2,69.3,1015.0,80.0,0.0,1.7,-0.675,1.0,-35.91,0.46,0.315,0.744,0.944,0.202,0.01,0.009,0.049,0.005,0.003,0.008,0.336,0.018,0.039,155.5,0.547,0.04,0.975,0.127,0.0,0.0,0.0,0.01,0.0,1.985,0.312,0.523
7/3/2026 21:01:07,2026-07-03 21:00:00,0.198,0.718,0.014,46.86,18.29,10.61,35.57,18.3,18.29,214.6,32.71,0.578,117.5,1.277,15.17,70.17,1015.0,80.0,0.0,1.7,-0.661,1.0,-31.6,1.166,1.734,2.44,3.65,0.98,46.87,18.3,10.75,35.59,18.31,18.31,215.7,32.76,0.727,358.0,2.9,15.2,71.3,1015.0,80.0,0.0,1.7,-0.657,1.0,-29.67,1.904,2.399,-3.0,-1.93,-0.68,46.82,18.26,10.48,35.55,18.3,18.27,213.8,32.66,0.501,0.0,0.4,15.1,69.2,1015.0,80.0,0.0,1.7,-0.668,1.0,-34.08,0.456,0.766,0.778,0.889,0.168,0.01,0.009,0.047,0.005,0.003,0.008,0.32,0.017,0.038,87.5,0.503,0.045,0.572,0.164,0.0,0.0,0.0,0.003,0.0,1.391,0.497,0.506
7/3/2026 20:57:59,2026-07-03 20:50:00,-0.334,1.128,0.013,46.86,18.29,10.61,35.57,18.3,18.3,214.6,32.71,0.574,66.78,1.531,15.24,70.95,1015.0,80.0,0.0,1.7,-0.661,1.0,-31.45,0.861,1.405,2.67,4.36,1.22,46.87,18.3,10.78,35.59,18.31,18.31,216.4,32.76,0.703,358.0,3.2,15.3,72.1,1015.0,80.0,0.0,1.7,-0.654,1.0,-29.58,1.22,1.85,-3.05,-1.7,-0.76,46.83,18.26,10.47,35.55,18.3,18.27,213.8,32.62,0.5,0.0,0.3,15.2,69.6,1015.0,80.0,0.0,1.7,-0.671,1.0,-33.89,0.458,0.777,0.707,0.918,0.191,0.008,0.008,0.049,0.005,0.003,0.007,0.331,0.018,0.035,71.66,0.555,0.049,0.753,0.145,0.0,0.0,0.0,0.004,0.0,1.147,0.168,0.277
7/3/2026 20:18:20,2026-07-03 20:10:00,2.278,-0.881,0.016,46.86,18.29,10.61,35.57,18.3,18.29,214.7,32.71,0.598,175.1,3.536,15.29,71.59,1015.0,80.0,0.0,1.7,-0.662,1.0,-31.81,0.766,1.193,5.15,3.47,1.23,46.87,18.3,10.79,35.59,18.31,18.31,215.8,32.76,0.775,348.0,5.4,15.4,74.7,1015.0,80.0,0.0,1.7,-0.651,1.0,-28.95,0.928,1.851,-3.7,-5.15,-0.84,46.82,18.25,10.46,35.55,18.29,18.26,213.7,32.66,0.526,4.0,1.3,15.2,69.2,1014.0,80.0,0.0,1.7,-0.76,1.0,-37.68,0.452,0.313,1.695,1.801,0.241,0.012,0.011,0.054,0.005,0.003,0.01,0.321,0.017,0.041,56.22,0.775,0.055,1.333,0.158,0.0,0.0,0.0,0.022,0.0,1.876,0.204,0.518
7/3/2026 20:00:36,2026-07-03 20:00:00,1.908,-1.017,0.008,46.86,18.29,10.61,35.57,18.3,18.29,214.7,32.71,0.601,183.0,3.032,15.2,68.86,1015.0,80.0,0.0,1.7,-0.657,1.0,-31.28,1.478,2.151,5.32,2.68,0.89,46.87,18.3,10.81,35.59,18.31,18.31,215.6,32.77,0.825,357.0,5.5,15.3,69.9,1015.0,80.0,0.0,1.7,-0.654,1.0,-28.92,1.901,2.957,-3.12,-5.3,-0.99,46.81,18.25,10.46,35.55,18.29,18.26,213.6,32.66,0.514,4.0,0.6,15.1,68.0,1014.0,80.0,0.0,1.7,-0.664,1.0,-34.84,0.459,0.769,1.662,1.363,0.227,0.011,0.01,0.057,0.005,0.003,0.009,0.329,0.017,0.044,57.55,0.952,0.046,0.55,0.14,0.0,0.0,0.0,0.002,0.0,1.609,0.519,0.558
7/3/2026 19:56:17,2026-07-03 19:40:00,2.314,-1.708,0.029,46.85,18.29,10.61,35.57,18.3,18.29,214.8,32.71,0.601,183.7,4.194,15.46,68.73,1015.0,80.0,0.0,1.7,-0.658,1.0,-31.37,0.845,1.504,5.93,4.86,1.48,46.87,18.3,10.8,35.59,18.31,18.31,215.6,32.76,0.892,358.0,5.8,15.6,70.5,1015.0,80.0,0.0,1.7,-0.653,1.0,-28.93,0.923,1.859,-5.95,-6.41,-0.93,46.83,18.26,10.46,35.55,18.29,18.27,213.7,32.66,0.52,6.0,2.4,15.4,67.4,1015.0,80.0,0.0,1.7,-0.665,1.0,-33.87,0.454,0.311,2.25,1.956,0.273,0.009,0.008,0.057,0.005,0.003,0.007,0.329,0.018,0.046,57.11,0.689,0.052,0.603,0.171,0.0,0.0,0.0,0.003,0.0,1.412,0.164,0.501
7/3/2026 19:51:07,2026-07-03 19:50:00,2.193,-0.955,0.005,46.85,18.29,10.61,35.57,18.3,18.29,214.8,32.7,0.611,176.3,3.401,15.35,68.77,1015.0,80.0,0.0,1.7,-0.657,1.0,-31.0,1.196,2.021,6.24,3.74,1.0,46.87,18.3,10.77,35.59,18.31,18.31,216.1,32.76,0.829,357.0,5.2,15.5,71.6,1015.0,80.0,0.0,1.7,-0.653,1.0,-28.28,1.897,3.49,-3.87,-5.12,-0.89,46.8,18.24,10.45,35.54,18.29,18.25,213.8,32.64,0.54,19.0,1.7,15.3,66.5,1015.0,80.0,0.0,1.7,-0.668,1.0,-32.73,0.454,0.311,1.764,1.61,0.224,0.012,0.011,0.053,0.006,0.003,0.01,0.315,0.017,0.043,55.47,0.74,0.07,1.23,0.107,0.0,0.0,0.0,0.004,0.0,1.241,0.517,0.723
7/3/2026 19:31:03,2026-07-03 19:30:00,3.627,-1.079,0.013,46.85,18.28,10.62,35.57,18.29,18.28,214.9,32.7,0.61,171.4,4.494,15.47,68.98,1015.0,80.0,0.0,1.7,-0.657,1.0,-31.27,1.041,1.657,6.65,4.46,1.13,46.86,18.3,10.82,35.59,18.3,18.3,216.0,32.76,0.795,253.0,6.2,15.6,70.5,1015.0,80.0,0.0,1.7,-0.653,1.0,-27.98,1.896,2.864,-1.16,-5.43,-1.51,46.8,18.24,10.45,35.55,18.28,18.25,214.0,32.65,0.512,94.0,3.4,15.4,66.9,1015.0,80.0,0.0,1.7,-0.665,1.0,-34.3,0.457,0.312,1.256,1.696,0.282,0.011,0.01,0.058,0.005,0.003,0.009,0.313,0.017,0.045,27.7,0.475,0.062,0.861,0.162,0.0,0.0,0.0,0.004,0.0,1.726,0.453,0.585
7/3/2026 19:13:26,2026-07-03 19:10:00,2.626,-0.921,0.016,46.84,18.27,10.61,35.57,18.28,18.28,215.2,32.69,0.641,174.2,4.233,15.37,71.21,1015.0,80.0,0.0,1.7,-0.66,1.0,-31.09,1.164,1.648,6.32,5.04,1.15,46.86,18.29,10.77,35.58,18.29,18.29,216.1,32.75,0.787,352.0,5.8,15.5,73.9,1015.0,80.0,0.0,1.7,-0.651,1.0,-28.86,1.909,2.416,-4.33,-5.26,-1.18,46.82,18.25,10.46,35.55,18.27,18.26,214.1,32.64,0.54,0.0,2.0,15.3,69.3,1015.0,80.0,0.0,1.7,-0.76,1.0,-37.58,0.454,0.313,2.148,2.071,0.273,0.008,0.008,0.057,0.004,0.003,0.007,0.32,0.017,0.045,55.07,0.574,0.065,1.617,0.067,0.0,0.0,0.0,0.022,0.0,1.809,0.499,0.571
7/3/2026 19:08:06,2026-07-03 19:00:00,2.838,-1.193,0.027,46.83,18.27,10.61,35.57,18.27,18.27,215.4,32.69,0.656,172.9,4.792,15.42,69.79,1015.0,80.0,0.0,1.7,-0.654,1.0,-31.37,1.09,1.565,6.39,5.9,1.2,46.85,18.28,10.77,35.59,18.28,18.29,216.2,32.73,0.809,348.0,6.6,15.5,72.2,1015.0,80.0,0.0,1.7,-0.648,1.0,-28.73,1.901,2.407,-5.45,-7.22,-1.09,46.79,18.23,10.47,35.55,18.26,18.24,214.4,32.64,0.581,6.0,3.0,15.3,67.8,1014.0,80.0,0.0,1.7,-0.661,1.0,-33.62,0.458,0.313,2.313,2.539,0.3,0.011,0.011,0.056,0.005,0.003,0.01,0.314,0.017,0.043,54.57,0.679,0.06,1.321,0.17,0.0,0.0,0.0,0.003,0.0,1.466,0.489,0.571
7/3/2026 18:17:31,2026-07-03 18:10:00,3.178,-1.765,0.035,46.8,18.23,10.61,35.57,18.24,18.24,215.6,32.69,0.655,180.3,5.251,15.46,71.25,1014.0,80.0,0.0,1.7,-0.657,1.0,-31.39,1.059,1.415,7.22,4.75,1.79,46.82,18.25,10.8,35.59,18.26,18.26,216.6,32.74,0.832,338.0,7.2,15.5,72.7,1015.0,80.0,0.0,1.7,-0.649,1.0,-29.08,1.903,2.947,-20.0,-8.06,-1.3,46.77,18.2,10.45,35.55,18.24,18.21,214.6,32.64,0.578,1.0,2.5,15.4,68.8,1014.0,80.0,0.0,1.7,-0.759,1.0,-38.05,0.448,0.312,2.663,2.44,0.349,0.01,0.009,0.06,0.004,0.004,0.008,0.323,0.018,0.043,54.37,0.843,0.049,1.041,0.087,0.0,0.0,0.0,0.023,0.0,2.107,0.639,0.885
7/3/2026 18:08:13,2026-07-03 17:50:00,4.065,-3.207,0.028,46.79,18.22,10.61,35.57,18.24,18.23,215.5,32.69,0.655,190.7,5.696,15.42,72.69,1014.0,80.0,0.0,1.7,-0.655,1.0,-31.26,0.828,1.272,6.95,0.54,1.6,46.81,18.24,10.8,35.59,18.25,18.25,216.7,32.75,0.846,225.0,7.7,15.5,75.2,1015.0,80.0,0.0,1.7,-0.647,1.0,-28.55,0.935,1.85,1.02,-6.87,-1.48,46.76,18.2,10.43,35.56,18.23,18.21,214.5,32.63,0.531,158.0,3.6,15.4,71.0,1014.0,80.0,0.0,1.7,-0.666,1.0,-34.16,0.46,0.312,1.006,1.248,0.336,0.009,0.009,0.061,0.004,0.003,0.008,0.348,0.018,0.047,13.93,0.726,0.039,1.044,0.127,0.0,0.0,0.0,0.006,0.0,1.52,0.18,0.346
7/3/2026 18:06:12,2026-07-03 18:00:00,3.152,-1.905,0.021,46.8,18.23,10.61,35.57,18.24,18.23,215.5,32.7,0.639,185.0,5.391,15.4,71.92,1014.0,80.0,0.0,1.7,-0.656,1.0,-31.29,0.906,1.329,7.94,5.6,1.76,46.81,18.25,10.81,35.59,18.25,18.25,216.5,32.75,0.809,349.0,7.5,15.5,75.2,1014.0,80.0,0.0,1.7,-0.649,1.0,-28.65,1.906,2.407,-4.94,-6.71,-1.39,46.76,18.2,10.45,35.55,18.23,18.21,214.5,32.65,0.552,3.0,3.3,15.4,70.5,1014.0,80.0,0.0,1.7,-0.668,1.0,-34.52,0.458,0.31,2.586,2.509,0.341,0.009,0.008,0.058,0.004,0.003,0.007,0.337,0.018,0.045,55.17,0.835,0.014,1.106,0.108,0.0,0.0,0.0,0.005,0.0,1.462,0.466,0.736
7/3/2026 16:12:50,2026-07-03 16:10:00,2.469,-5.113,0.074,46.74,18.17,10.61,35.57,18.18,18.18,216.4,32.67,0.703,217.2,6.2,15.56,74.58,1014.0,80.0,0.0,1.7,-0.653,1.0,-30.97,4.072,4.877,5.67,-1.73,1.79,46.76,18.19,10.78,35.58,18.19,18.19,217.2,32.74,0.885,244.0,8.8,15.6,75.9,1014.0,80.0,0.0,1.7,-0.646,1.0,-28.48,7.282,8.42,-1.52,-9.27,-1.27,46.71,18.15,10.42,35.55,18.17,18.16,215.1,32.63,0.623,186.0,4.4,15.5,72.8,1014.0,80.0,0.0,1.7,-0.753,1.0,-36.74,0.454,0.308,1.054,1.101,0.393,0.008,0.007,0.066,0.004,0.003,0.006,0.298,0.016,0.041,9.72,0.734,0.049,0.855,0.12,0.0,0.0,0.0,0.022,0.0,1.901,1.946,2.189
7/3/2026 16:03:07,2026-07-03 16:00:00,1.795,-3.963,0.072,46.73,18.17,10.61,35.57,18.18,18.17,216.5,32.67,0.711,212.3,6.097,15.48,73.84,1014.0,80.0,0.0,1.7,-0.648,1.0,-30.85,5.56,6.368,13.56,8.09,6.9,46.75,18.18,10.78,35.59,18.18,18.19,217.6,32.72,0.932,350.0,8.1,15.5,76.6,1014.0,80.0,0.0,1.7,-0.642,1.0,-28.07,8.45,8.98,-20.0,-25.06,-13.88,46.71,18.14,10.44,35.55,18.17,18.15,215.5,32.61,0.63,0.0,3.7,15.4,72.0,1014.0,80.0,0.0,1.7,-0.66,1.0,-33.89,0.911,1.295,2.574,2.87,0.434,0.008,0.008,0.064,0.004,0.004,0.007,0.324,0.017,0.039,52.9,0.88,0.04,1.322,0.111,0.0,0.0,0.0,0.005,0.0,1.8,2.43,2.389
7/3/2026 15:55:13,2026-07-03 15:50:00,1.627,-5.459,0.105,46.72,18.16,10.61,35.57,18.17,18.16,216.6,32.67,0.729,225.9,6.295,15.49,75.15,1014.0,80.0,0.0,1.7,-0.649,1.0,-30.39,14.33,15.5,6.1,-2.18,1.86,46.74,18.17,10.85,35.58,18.18,18.18,217.4,32.72,0.859,251.0,8.1,15.6,75.8,1014.0,80.0,0.0,1.7,-0.644,1.0,-28.29,24.56,25.17,-2.65,-8.9,-1.44,46.7,18.14,10.43,35.55,18.15,18.14,215.6,32.63,0.633,197.0,4.4,15.4,74.2,1014.0,80.0,0.0,1.7,-0.665,1.0,-32.89,4.54,5.663,1.359,0.982,0.418,0.008,0.008,0.062,0.004,0.005,0.007,0.318,0.017,0.034,11.75,0.571,0.071,0.56,0.11,0.0,0.0,0.0,0.005,0.0,1.412,5.365,5.722
7/3/2026 14:01:07,2026-07-03 14:00:00,3.936,-6.25,0.102,46.74,18.17,10.6,35.57,18.18,18.17,215.4,32.73,0.568,210.6,8.21,15.61,78.14,1013.0,80.0,0.0,1.7,-0.672,1.0,-32.44,103.1,104.4,8.72,-1.47,2.48,46.75,18.17,10.85,35.58,18.18,18.18,216.3,32.79,0.981,242.0,10.8,15.7,80.1,1014.0,80.0,0.0,1.7,-0.668,1.0,-30.52,112.9,113.0,-1.73,-11.24,-2.28,46.72,18.15,10.4,35.56,18.17,18.16,214.3,32.68,0.514,182.0,6.5,15.5,76.8,1013.0,80.0,0.0,1.7,-0.678,1.0,-36.34,96.2,97.9,1.592,1.348,0.544,0.005,0.005,0.069,0.003,0.003,0.004,0.335,0.018,0.029,13.24,0.782,0.054,0.913,0.059,0.0,0.0,0.0,0.003,0.0,1.381,4.597,4.207
7/3/2026 13:50:43,2026-07-03 13:50:00,-2.504,0.599,0.124,46.73,18.16,10.6,35.57,18.16,18.16,215.6,32.72,0.554,193.0,6.65,15.61,78.18,1014.0,80.0,0.0,1.7,-0.635,1.0,-30.04,100.0,102.9,6.38,9.83,2.62,46.75,18.17,10.79,35.58,18.18,18.18,216.9,32.76,0.684,358.0,9.4,15.7,80.1,1014.0,80.0,0.0,1.7,-0.632,1.0,-27.09,115.2,123.5,-8.91,-10.42,-2.0,46.7,18.13,10.39,35.56,18.15,18.14,214.7,32.66,0.478,0.0,4.0,15.5,75.5,1013.0,80.0,0.0,1.7,-0.641,1.0,-32.98,94.0,96.8,3.277,4.58,0.524,0.011,0.01,0.064,0.003,0.006,0.009,0.323,0.016,0.024,136.8,1.083,0.071,1.491,0.12,0.0,0.0,0.0,0.003,0.0,1.682,4.434,4.996
7/3/2026 11:28:02,2026-07-03 11:00:00,1.161,-0.033,0.359,0.003,19.54,10.05,0.01,20.98,20.61,260.7,31.92,8.15,165.1,1.838,17.51,57.98,1013.0,50.0,0.0,0.2,-0.54,1.0,-21.62,182.8,356.4,4.59,3.07,3.08,0.007,20.2,10.06,0.012,21.03,20.74,262.1,32.0,8.22,356.0,4.6,17.7,58.8,1013.0,50.0,0.0,0.2,-0.504,1.0,-17.85,218.4,493.5,-2.1,-6.74,-3.24,-0.001,19.0,10.04,0.0,20.9,20.39,259.2,31.85,8.07,10.0,0.5,17.4,56.4,1013.0,50.0,0.0,0.2,-0.606,1.0,-27.23,141.0,178.1,0.852,1.066,0.631,0.001,0.256,0.004,0.001,0.035,0.102,0.479,0.032,0.033,53.42,0.783,0.087,0.458,0.08,0.0,0.0,0.0,0.037,0.0,3.023,18.07,125.8
7/3/2026 11:27:45,2026-07-03 11:10:00,1.333,-0.562,0.431,0.003,19.44,10.05,0.01,20.84,20.35,261.5,31.99,8.2,183.1,2.758,17.39,59.04,1013.0,50.0,0.0,0.2,-0.518,1.0,-19.68,162.9,410.6,4.84,2.85,6.59,0.007,20.1,10.06,0.012,20.94,20.56,263.6,32.09,8.3,259.0,8.2,17.6,60.2,1013.0,50.0,0.0,0.2,-0.507,1.0,-16.49,202.9,475.4,-2.05,-8.8,-3.39,0.0,18.44,10.04,0.0,20.74,20.06,259.9,31.91,8.02,66.0,0.6,17.1,57.6,1013.0,50.0,0.0,0.2,-0.595,1.0,-24.42,140.9,298.2,0.75,1.429,0.605,0.001,0.438,0.004,0.001,0.07,0.165,0.821,0.04,0.074,29.04,1.53,0.153,0.965,0.099,0.0,0.0,0.0,0.018,0.0,1.9,19.83,45.65
7/3/2026 11:23:01,2026-07-03 11:20:00,0.751,0.019,0.282,0.003,19.88,10.04,0.01,21.03,20.24,263.8,31.95,7.068,168.3,1.428,17.54,58.01,1013.0,53.89,0.0,0.2,-0.546,1.0,-21.87,151.0,335.2,4.41,5.38,2.92,0.007,20.39,10.06,0.012,21.2,20.74,284.8,32.04,9.93,356.0,4.4,17.7,59.6,1013.0,60.0,0.0,0.2,-0.509,1.0,-17.19,182.3,458.4,-2.71,-6.73,-2.28,0.0,19.08,10.03,0.0,20.83,18.33,258.8,31.84,-0.046,0.0,0.3,17.2,56.3,1013.0,50.0,0.0,0.2,-0.608,1.0,-27.64,114.0,129.7,0.825,1.041,0.568,0.001,0.326,0.004,0.001,0.135,0.701,7.58,0.041,2.937,69.21,0.836,0.151,1.06,0.157,4.876,0.0,0.0,0.041,0.0,3.412,22.41,126.2
7/3/2026 10:00:40,2026-07-03 10:00:00,1.002,-0.215,0.481,0.003,19.55,10.05,0.01,20.6,20.25,259.0,32.15,0.075,165.6,1.817,17.46,58.71,1013.0,50.0,0.0,0.2,-0.61,1.0,-27.81,120.7,342.3,6.15,4.18,3.4,0.006,20.12,10.06,0.011,20.69,20.36,260.1,32.19,0.1,353.0,4.7,17.6,62.6,1014.0,50.0,0.0,0.2,-0.591,1.0,-24.41,135.0,409.6,-2.19,-7.03,-2.74,0.0,19.11,10.04,0.01,20.51,20.16,257.9,32.09,0.055,4.0,0.3,17.4,54.9,1013.0,50.0,0.0,0.2,-0.662,1.0,-33.73,90.0,129.8,0.829,1.27,0.528,0.001,0.235,0.003,0.0,0.036,0.048,0.386,0.018,0.007,51.12,0.737,0.078,2.173,0.102,0.0,0.0,0.0,0.022,0.0,2.62,12.48,92.8
7/3/2026 09:50:22,2026-07-03 09:50:00,0.755,-0.308,0.516,0.003,19.57,10.05,0.01,20.4,20.11,259.8,32.17,0.076,176.5,1.758,17.56,59.72,1013.0,41.41,0.01,0.2,-0.641,1.0,-30.19,118.2,325.4,4.94,3.15,4.59,0.007,20.11,10.06,0.011,20.52,20.25,261.5,32.26,0.107,358.0,7.4,17.7,62.6,1014.0,50.0,0.1,0.2,-0.597,1.0,-25.04,169.0,448.5,-3.03,-9.78,-2.38,0.001,19.05,10.04,0.01,20.18,19.9,258.4,32.09,0.043,5.0,0.1,17.4,57.3,1013.0,40.0,0.0,0.2,-0.68,1.0,-34.5,70.93,101.8,0.818,1.47,0.548,0.001,0.245,0.004,0.0,0.112,0.119,0.656,0.031,0.009,75.35,1.489,0.09,1.597,0.111,3.485,0.03,0.0,0.03,0.0,2.865,21.77,126.2
7/3/2026 09:40:13,2026-07-03 09:40:00,1.055,-0.383,0.518,0.003,19.29,10.05,0.01,19.93,19.69,261.9,32.26,0.076,173.9,2.005,17.44,60.07,1013.0,40.0,0.0,0.2,-0.612,1.0,-27.97,111.5,380.1,4.9,3.86,3.81,0.007,19.86,10.06,0.011,20.19,19.94,264.1,32.33,0.098,357.0,6.4,17.5,62.3,1013.0,40.0,0.0,0.2,-0.585,1.0,-24.63,136.3,435.3,-1.88,-7.27,-2.81,0.001,18.8,10.04,0.01,19.68,19.45,259.6,32.19,0.054,0.0,0.3,17.3,58.4,1013.0,40.0,0.0,0.2,-0.667,1.0,-34.95,72.57,133.0,0.806,1.453,0.543,0.001,0.23,0.004,0.0,0.15,0.16,0.997,0.032,0.007,56.88,1.172,0.068,0.991,0.129,0.0,0.0,0.0,0.026,0.0,2.574,17.32,74.17
7/3/2026 09:31:23,2026-07-03 08:50:00,2.214,-1.666,0.572,0.004,17.99,10.05,0.01,18.26,17.91,272.5,32.58,0.076,193.7,2.956,17.01,59.74,1013.0,0.0,0.0,0.0,-0.502,0.955,-19.56,71.19,194.3,7.2,3.15,3.94,0.007,18.25,10.07,0.011,18.41,18.16,274.3,32.65,0.109,347.0,5.7,17.2,61.8,1013.0,0.0,0.0,0.0,0.0,1.0,0.0,100.7,348.2,-2.28,-8.64,-2.99,0.0,0.0,0.0,0.0,0.0,0.0,0.0,0.0,0.0,0.0,0.0,0.0,0.0,0.0,0.0,0.0,0.0,-0.585,0.0,-25.99,0.0,0.0,1.227,1.361,0.682,0.001,0.238,0.098,0.0,0.198,0.225,2.793,0.319,0.007,23.47,1.02,0.25,1.585,13.87,0.0,0.0,0.0,0.115,0.208,5.781,25.51,128.4
7/3/2026 09:30:36,2026-07-03 09:30:00,1.062,-0.493,0.551,0.004,18.92,10.05,0.01,19.46,19.37,263.8,32.31,0.076,184.3,2.032,17.13,63.66,1013.0,40.0,0.0,0.2,-0.584,1.0,-25.71,104.1,370.2,4.81,4.39,3.03,0.007,19.14,10.06,0.011,19.69,19.5,266.1,32.39,0.105,349.0,5.3,17.3,65.5,1013.0,40.0,0.0,0.2,-0.504,1.0,-18.08,133.4,418.8,-3.14,-7.12,-2.65,0.0,18.25,10.04,0.009,19.28,19.09,262.2,32.26,0.053,18.0,0.3,16.8,62.1,1013.0,40.0,0.0,0.2,-0.662,1.0,-32.98,81.6,110.7,0.814,1.545,0.5,0.001,0.166,0.004,0.0,0.137,0.126,0.825,0.025,0.007,55.26,1.126,0.179,0.89,0.139,0.0,0.0,0.0,0.046,0.0,3.638,15.3,54.87
7/3/2026 09:22:02,2026-07-03 09:00:00,1.114,-0.649,0.5,0.004,18.51,10.06,0.01,18.74,18.45,269.4,32.48,0.077,177.8,1.836,17.27,58.34,1013.0,16.99,0.02,0.098,-0.518,1.0,-21.17,118.7,335.5,4.95,2.54,3.4,0.007,18.91,10.07,0.011,19.13,18.74,271.7,32.57,0.095,357.0,4.6,17.5,60.3,1013.0,20.0,0.1,0.1,-0.485,1.0,-16.27,179.0,427.0,-2.27,-5.85,-2.58,0.0,18.09,10.04,0.009,18.41,18.16,267.3,32.38,0.058,0.0,0.3,17.0,56.9,1013.0,0.0,0.0,0.0,-0.569,1.0,-25.75,69.86,77.37,0.844,1.051,0.612,0.001,0.218,0.003,0.0,0.225,0.182,1.081,0.038,0.007,42.65,0.836,0.149,0.97,0.12,5.054,0.04,0.015,0.031,0.0,2.774,28.55,69.84
7/3/2026 09:22:01,2026-07-03 09:10:00,0.427,0.099,0.533,0.004,18.95,10.06,0.01,19.41,19.02,266.2,32.37,0.077,159.2,1.019,17.53,58.0,1013.0,21.42,0.012,0.103,-0.573,1.0,-25.69,137.0,283.3,2.72,3.35,2.71,0.007,19.36,10.07,0.011,19.69,19.27,268.5,32.43,0.097,358.0,2.8,17.6,60.3,1013.0,40.0,0.2,0.2,-0.514,1.0,-22.63,194.0,433.6,-2.51,-3.6,-2.44,0.0,18.59,10.04,0.009,19.13,18.74,264.0,32.29,0.059,1.0,0.1,17.4,56.2,1013.0,20.0,0.0,0.1,-0.663,1.0,-30.21,89.4,113.0,0.74,0.994,0.482,0.001,0.196,0.004,0.0,0.152,0.147,0.896,0.031,0.006,85.8,0.449,0.076,1.143,0.076,4.245,0.037,0.017,0.025,0.0,2.164,28.82,126.6
7/3/2026 09:21:10,2026-07-03 09:20:00,0.586,0.114,0.581,0.004,18.49,10.05,0.01,19.57,19.15,265.3,32.34,0.075,163.8,1.353,17.08,64.98,1013.0,40.0,0.0,0.2,-0.584,1.0,-25.65,91.7,106.1,4.01,5.87,3.81,0.008,18.99,10.06,0.012,19.72,19.27,266.4,32.4,0.092,357.0,4.8,17.4,68.0,1013.0,40.0,0.0,0.2,-0.553,1.0,-20.46,130.7,202.2,-2.44,-7.17,-1.92,0.001,18.12,10.04,0.009,19.31,19.07,264.1,32.29,0.054,0.0,0.3,16.8,60.3,1013.0,40.0,0.0,0.2,-0.589,1.0,-27.86,64.48,74.62,0.807,1.253,0.542,0.001,0.242,0.004,0.0,0.134,0.072,0.42,0.022,0.006,87.6,0.603,0.234,2.552,0.091,0.0,0.0,0.0,0.007,0.0,1.841,19.15,28.61
