glider_time,sensor_time,Year,Month,Day,Hour,Minute,Second,Latitude,Longitude,Status Flags,Enclosure Press Ave,Enclosure Temp Ave,Enclosure RH Ave,PCB Temp Ave,Zero Temp Ave,Zero Temp SD,Zero Press Ave,Zero Press SD,Zero CO2 Ave,Zero CO2 SD,Zero RH Ave,Zero RH SD,Zero RH Temp Ave,Zero RH Temp SD,Zero Raw 1,Zero Raw 2,Span Pump On Temp Ave,Span Pump On Temp SD,Span Pump On Press Ave,Span Pump On Press SD,Span Pump On CO2 Ave,Span Pump On CO2 SD,Span Pump On RH Ave,Span Pump On RH SD,Span Pump On RH Temp Ave,Span Pump On RH Temp SD,Span Pre Temp Ave,Span Pre Temp SD,Span Pre Press Ave,Span Pre Press SD,Span Pre CO2 Ave,Span Pre CO2 SD,Span Pre RH Ave,Span Pre RH SD,Span Pre RH Temp Ave,Span Pre RH Temp SD,Span Pre Raw 1,Span Pre Raw 2,Span Post Temp Ave,Span Post Temp SD,Span Post Press Ave,Span Post Press SD,Span Post CO2 Ave,Span Post CO2 SD,Span Post RH Ave,Span Post RH SD,Span Post RH Temp Ave,Span Post RH Temp SD,Span Post Raw 1,Span Post Raw 2,EQ Pump On Temp Ave,EQ Pump On Temp SD,EQ Pump On Press Ave,EQ Pump On Press SD,EQ Pump On CO2 Ave,EQ Pump On CO2 SD,EQ Pump On RH Ave,EQ Pump On RH SD,EQ Pump On RH Temp Ave,EQ Pump On RH Temp SD,EQ Temp Ave,EQ Temp SD,EQ Press Ave,EQ Press SD,EQ CO2 Ave,EQ CO2 SD,EQ RH Ave,EQ RH SD,EQ RH Temp Ave,EQ RH Temp SD,EQ Raw 1,EQ Raw 2,Air Pump On Temp Ave,Air Pump On Temp SD,Air Pump On Press Ave,Air Pump On Press SD,Air Pump On CO2 Ave,Air Pump On CO2 SD,Air Pump On RH Ave,Air Pump On RH SD,Air Pump On RH Temp Ave,Air Pump On RH Temp SD,Air Temp Ave,Air Temp SD,Air Press Ave,Air Press SD,Air CO2 Ave,Air CO2 SD,Air RH Ave,Air RH SD,Air RH Temp Ave,Air RH Temp SD,Air Raw 1,Air Raw 2,Zero Cal K,Span Cal K,Ocean CO2 Ave,Atmosphere CO2 Ave,PH Int,PH Ext,FET Temp,FET Voltage Int,FET Voltage Ext,Voltage Thermistor,Supply Voltage,Supply Current,Enclosure RH,SeaFET Status,CTD Temp,CTD Conductivity,O2 Phase Delay,O2 Therm Voltage,O2 Calculated,O2 Temp
2026-07-03 09:30:55,03-07-2026 08:57:50,2026,7,3,8,57,50,-3828.5408,1132.7808,1536,100.53,17.76,62.6,23.0,31.67,0.361,105.94,0.01,0.88,0.17,11.6,0.12,14.98,0.031,4150724,5434011,37.36,0.316,108.3,0.02,516.3,0.66,10.2,0.08,15.57,0.044,38.91,0.312,101.39,0.01,521.65,0.7,12.2,0.83,15.91,0.071,3682487,5387422,40.1,0.303,101.4,0.0,523.3,0.72,14.9,0.59,16.14,0.057,3676946,5378953,51.42,0.004,96.84,0.01,436.06,0.58,7.0,0.03,22.07,0.037,51.42,0.003,101.43,0.0,433.28,0.51,9.0,0.42,22.8,0.074,3679543,5292870,46.44,0.253,97.05,0.01,442.46,10.25,9.3,0.05,17.19,0.055,47.94,0.25,101.42,0.01,447.99,0.48,12.1,0.63,17.75,0.08,3690895,5325773,1.02,0.7,432.82,447.77,0,0,-5,-21.474836,-21.474836,-21.474836,0,0,0,0,0,0,0,0,0,0
2026-07-03 09:55:30,03-07-2026 09:26:03,2026,7,3,9,26,3,-3828.5472,1132.5024,0,101.39,20.04,65.3,25.4,51.42,0.003,105.7,0.0,0.79,0.27,6.7,0.03,23.23,0.026,4043456,5294071,51.42,0.003,107.3,0.01,530.48,0.49,6.5,0.03,23.56,0.022,51.42,0.003,101.45,0.0,532.87,0.57,7.5,0.38,24.34,0.114,3622626,5294311,51.42,0.003,101.45,0.0,531.05,0.52,9.1,0.29,24.63,0.043,3622615,5294047,51.42,0.003,96.6,0.01,432.79,0.58,6.0,0.03,25.7,0.017,51.42,0.004,101.47,0.0,430.76,0.54,7.1,0.23,26.44,0.064,3681154,5295647,51.42,0.003,96.62,0.01,434.81,2.07,6.4,0.03,24.36,0.02,51.42,0.004,101.45,0.0,431.35,0.44,7.8,0.3,25.09,0.067,3680212,5294668,1.309615,0.987404,430.5,431.18,0,0,-5,-21.474836,-21.474836,-21.474836,0,0,0,0,0,0,0,0,0,0
2026-07-03 10:08:51,03-07-2026 09:54:32,2026,7,3,9,54,32,-3828.5504,1132.4928,0,101.66,20.76,65.4,26.2,-20.0,0.0,20.0,0.0,-50.0,0.0,-5.0,0.0,-4.0,0.0,0,0,-20.0,0.0,20.0,0.0,-50.0,0.0,-5.0,0.0,-4.0,0.0,-20.0,0.0,20.0,0.0,-50.0,0.0,-5.0,0.0,-4.0,0.0,0,0,-20.0,0.0,20.0,0.0,-50.0,0.0,-5.0,0.0,-4.0,0.0,0,0,51.42,0.003,96.54,0.01,433.35,0.61,5.9,0.02,26.52,0.018,51.43,0.003,101.48,0.0,432.12,0.54,6.9,0.21,27.23,0.061,3680806,5296367,-20.0,0.0,20.0,0.0,-50.0,0.0,-5.0,0.0,-4.0,0.0,-20.0,0.0,20.0,0.0,-50.0,0.0,-5.0,0.0,-4.0,0.0,0,0,1.309615,0.987404,431.82,-50.0,0,0,-5,-21.474836,-21.474836,-21.474836,0,0,0,0,0,0,0,0,0,0
2026-07-03 11:19:53,03-07-2026 11:08:02,2026,7,3,11,8,2,-3828.608,1131.9232,0,102.92,24.14,64.0,29.7,-20.0,0.0,20.0,0.0,-50.0,0.0,-5.0,0.0,-4.0,0.0,0,0,-20.0,0.0,20.0,0.0,-50.0,0.0,-5.0,0.0,-4.0,0.0,-20.0,0.0,20.0,0.0,-50.0,0.0,-5.0,0.0,-4.0,0.0,0,0,-20.0,0.0,20.0,0.0,-50.0,0.0,-5.0,0.0,-4.0,0.0,0,0,51.43,0.004,96.24,0.01,432.28,0.55,5.8,0.03,29.61,0.014,51.43,0.004,101.42,0.0,430.21,0.53,6.4,0.15,30.25,0.056,3681058,5295224,-20.0,0.0,20.0,0.0,-50.0,0.0,-5.0,0.0,-4.0,0.0,-20.0,0.0,20.0,0.0,-50.0,0.0,-5.0,0.0,-4.0,0.0,0,0,1.309862,0.988305,430.07,-50.0,0,0,-5,-21.474836,-21.474836,-21.474836,0,0,0,0,0,0,0,0,0,0
2026-07-03 11:27:53,03-07-2026 10:53:02,2026,7,3,10,53,2,-3828.5824,1132.1472,0,102.71,23.64,64.3,29.2,-20.0,0.0,20.0,0.0,-50.0,0.0,-5.0,0.0,-4.0,0.0,0,0,-20.0,0.0,20.0,0.0,-50.0,0.0,-5.0,0.0,-4.0,0.0,-20.0,0.0,20.0,0.0,-50.0,0.0,-5.0,0.0,-4.0,0.0,0,0,-20.0,0.0,20.0,0.0,-50.0,0.0,-5.0,0.0,-4.0,0.0,0,0,51.43,0.004,96.3,0.01,432.79,0.63,5.7,0.03,29.1,0.016,51.43,0.004,101.45,0.0,429.62,0.46,6.4,0.15,29.75,0.052,3681351,5295307,-20.0,0.0,20.0,0.0,-50.0,0.0,-5.0,0.0,-4.0,0.0,-20.0,0.0,20.0,0.0,-50.0,0.0,-5.0,0.0,-4.0,0.0,0,0,1.309862,0.988305,429.48,-50.0,0,0,-5,-21.474836,-21.474836,-21.474836,0,0,0,0,0,0,0,0,0,0
2026-07-03 11:29:23,03-07-2026 10:24:33,2026,7,3,10,24,33,-3828.5528,1132.5024,0,102.52,23.14,64.7,28.7,51.42,0.004,105.55,0.0,0.59,0.26,5.8,0.02,27.73,0.012,4045274,5297365,51.43,0.005,106.66,0.01,528.31,0.59,5.8,0.02,27.78,0.015,51.43,0.004,101.49,0.01,530.32,0.55,6.3,0.22,28.53,0.104,3624219,5297174,51.43,0.004,101.49,0.0,530.75,0.47,7.3,0.18,28.77,0.027,3624247,5296957,51.43,0.004,96.36,0.01,433.01,0.65,5.8,0.02,28.67,0.016,51.43,0.005,101.46,0.0,430.83,0.5,6.5,0.16,29.34,0.059,3681907,5297239,51.43,0.004,96.34,0.01,437.47,3.17,5.8,0.03,28.17,0.014,51.43,0.004,101.48,0.0,435.15,0.59,6.6,0.18,28.85,0.057,3679105,5297069,1.309862,0.988305,430.69,435.04,0,0,-5,-21.474836,-21.474836,-21.474836,0,0,0,0,0,0,0,0,0,0
2026-07-03 13:49:50,03-07-2026 13:20:02,2026,7,3,13,20,2,-3827.0352,1133.856,0,102.99,25.16,61.5,31.0,51.43,0.004,105.54,0.0,0.26,0.72,5.7,0.03,29.96,0.013,4043087,5296248,51.43,0.004,106.39,0.01,528.73,1.48,5.7,0.03,29.91,0.012,51.43,0.005,101.49,0.02,530.85,1.41,6.0,0.13,30.47,0.077,3622826,5295912,51.43,0.005,101.46,0.03,531.13,1.46,6.6,0.12,30.63,0.019,3623026,5295827,51.43,0.005,95.48,0.1,379.2,1.49,5.7,0.03,30.08,0.012,51.43,0.004,101.47,0.07,376.61,1.17,6.3,0.09,30.58,0.039,3714090,5295804,51.43,0.005,96.2,0.01,428.88,1.48,5.7,0.03,30.07,0.012,51.43,0.005,101.51,0.04,426.21,1.95,6.2,0.11,30.57,0.042,3682904,5295640,1.310353,0.99065,376.56,426.14,0,0,-5,-21.474836,-21.474836,-21.474836,0,0,0,0,0,0,0,0,0,0
2026-07-03 14:02:51,03-07-2026 13:48:32,2026,7,3,13,48,32,-3826.6256,1134.6976,0,103.0,25.19,61.3,31.1,-20.0,0.0,20.0,0.0,-50.0,0.0,-5.0,0.0,-4.0,0.0,0,0,-20.0,0.0,20.0,0.0,-50.0,0.0,-5.0,0.0,-4.0,0.0,-20.0,0.0,20.0,0.0,-50.0,0.0,-5.0,0.0,-4.0,0.0,0,0,-20.0,0.0,20.0,0.0,-50.0,0.0,-5.0,0.0,-4.0,0.0,0,0,51.43,0.004,96.56,0.74,379.46,3.28,5.7,0.03,30.1,0.012,51.43,0.005,101.49,0.04,377.25,1.62,6.2,0.1,30.6,0.043,3713595,5295755,-20.0,0.0,20.0,0.0,-50.0,0.0,-5.0,0.0,-4.0,0.0,-20.0,0.0,20.0,0.0,-50.0,0.0,-5.0,0.0,-4.0,0.0,0,0,1.310353,0.99065,377.18,-50.0,0,0,-5,-21.474836,-21.474836,-21.474836,0,0,0,0,0,0,0,0,0,0
2026-07-03 14:17:46,03-07-2026 14:03:32,2026,7,3,14,3,32,-3826.6144,1134.672,0,103.0,25.15,61.1,31.0,-20.0,0.0,20.0,0.0,-50.0,0.0,-5.0,0.0,-4.0,0.0,0,0,-20.0,0.0,20.0,0.0,-50.0,0.0,-5.0,0.0,-4.0,0.0,-20.0,0.0,20.0,0.0,-50.0,0.0,-5.0,0.0,-4.0,0.0,0,0,-20.0,0.0,20.0,0.0,-50.0,0.0,-5.0,0.0,-4.0,0.0,0,0,51.43,0.005,96.54,0.25,379.4,2.29,5.7,0.03,30.11,0.012,51.43,0.004,101.52,0.05,377.05,1.37,6.2,0.09,30.61,0.041,3713559,5295687,-20.0,0.0,20.0,0.0,-50.0,0.0,-5.0,0.0,-4.0,0.0,-20.0,0.0,20.0,0.0,-50.0,0.0,-5.0,0.0,-4.0,0.0,0,0,1.310353,0.99065,376.98,-50.0,0,0,-5,-21.474836,-21.474836,-21.474836,0,0,0,0,0,0,0,0,0,0
2026-07-03 15:48:02,03-07-2026 15:17:02,2026,7,3,15,17,2,-3826.6112,1134.6656,0,102.98,25.22,59.9,31.1,51.43,0.004,105.55,0.0,0.28,0.6,5.6,0.02,30.03,0.01,4042343,5295933,51.43,0.004,106.39,0.01,528.74,1.36,5.7,0.02,29.98,0.012,51.43,0.004,101.54,0.02,530.78,1.7,5.9,0.11,30.53,0.074,3622133,5295701,51.43,0.005,101.52,0.02,531.02,1.58,6.4,0.1,30.69,0.018,3622313,5295483,51.43,0.005,96.37,0.2,375.8,1.71,5.7,0.03,30.12,0.011,51.43,0.004,101.55,0.04,373.64,1.53,6.1,0.08,30.62,0.041,3715293,5295585,51.43,0.005,96.08,0.01,429.17,1.19,5.6,0.03,30.13,0.012,51.43,0.004,101.54,0.03,426.4,1.26,6.1,0.1,30.63,0.04,3682279,5295505,1.310459,0.990649,373.59,426.34,0,0,-5,-21.474836,-21.474836,-21.474836,0,0,0,0,0,0,0,0,0,0
2026-07-03 16:12:37,03-07-2026 16:00:32,2026,7,3,16,0,32,-3826.6544,1134.688,0,102.96,25.18,59.6,31.1,-20.0,0.0,20.0,0.0,-50.0,0.0,-5.0,0.0,-4.0,0.0,0,0,-20.0,0.0,20.0,0.0,-50.0,0.0,-5.0,0.0,-4.0,0.0,-20.0,0.0,20.0,0.0,-50.0,0.0,-5.0,0.0,-4.0,0.0,0,0,-20.0,0.0,20.0,0.0,-50.0,0.0,-5.0,0.0,-4.0,0.0,0,0,51.43,0.004,96.4,0.18,376.01,1.96,5.7,0.03,30.15,0.013,51.43,0.004,101.55,0.09,373.98,1.4,6.1,0.09,30.65,0.039,3715012,5295538,-20.0,0.0,20.0,0.0,-50.0,0.0,-5.0,0.0,-4.0,0.0,-20.0,0.0,20.0,0.0,-50.0,0.0,-5.0,0.0,-4.0,0.0,0,0,1.310459,0.990649,373.93,-50.0,0,0,-5,-21.474836,-21.474836,-21.474836,0,0,0,0,0,0,0,0,0,0
2026-07-03 17:59:34,03-07-2026 17:42:32,2026,7,3,17,42,32,-3826.6656,1134.6912,0,102.97,25.3,58.5,31.2,-20.0,0.0,20.0,0.0,-50.0,0.0,-5.0,0.0,-4.0,0.0,0,0,-20.0,0.0,20.0,0.0,-50.0,0.0,-5.0,0.0,-4.0,0.0,-20.0,0.0,20.0,0.0,-50.0,0.0,-5.0,0.0,-4.0,0.0,0,0,-20.0,0.0,20.0,0.0,-50.0,0.0,-5.0,0.0,-4.0,0.0,0,0,51.43,0.004,96.47,0.36,376.59,2.19,5.6,0.03,30.18,0.011,51.43,0.004,101.54,0.02,374.52,1.66,6.0,0.07,30.68,0.037,3713972,5295301,-20.0,0.0,20.0,0.0,-50.0,0.0,-5.0,0.0,-4.0,0.0,-20.0,0.0,20.0,0.0,-50.0,0.0,-5.0,0.0,-4.0,0.0,0,0,1.31065,0.990623,374.47,-50.0,0,0,-5,-21.474836,-21.474836,-21.474836,0,0,0,0,0,0,0,0,0,0
2026-07-03 18:09:18,03-07-2026 17:14:02,2026,7,3,17,14,2,-3826.6744,1134.6688,0,102.97,25.27,58.7,31.2,51.43,0.004,105.4,0.0,0.2,0.66,5.6,0.03,30.07,0.014,4041816,5295798,51.43,0.004,106.43,0.01,528.83,1.28,5.6,0.03,30.02,0.01,51.43,0.004,101.55,0.03,530.81,1.15,5.8,0.1,30.57,0.078,3621635,5295554,51.43,0.005,101.59,0.03,530.73,1.32,6.3,0.1,30.72,0.017,3621584,5295418,51.43,0.004,96.45,0.21,376.47,1.85,5.6,0.03,30.16,0.011,51.43,0.004,101.6,0.02,374.25,1.33,6.0,0.07,30.66,0.041,3714077,5295453,51.43,0.005,95.56,0.01,429.04,1.35,5.5,0.03,30.18,0.013,51.43,0.005,101.58,0.03,426.07,1.6,6.0,0.09,30.66,0.04,3681703,5295416,1.31065,0.990623,374.21,426.02,0,0,-5,-21.474836,-21.474836,-21.474836,0,0,0,0,0,0,0,0,0,0
2026-07-03 19:19:17,03-07-2026 18:56:02,2026,7,3,18,56,2,-3826.652,1134.7008,0,102.96,25.26,58.0,31.2,-20.0,0.0,20.0,0.0,-50.0,0.0,-5.0,0.0,-4.0,0.0,0,0,-20.0,0.0,20.0,0.0,-50.0,0.0,-5.0,0.0,-4.0,0.0,-20.0,0.0,20.0,0.0,-50.0,0.0,-5.0,0.0,-4.0,0.0,0,0,-20.0,0.0,20.0,0.0,-50.0,0.0,-5.0,0.0,-4.0,0.0,0,0,51.43,0.004,96.62,0.43,377.56,2.09,5.6,0.03,30.21,0.012,51.43,0.005,101.59,0.03,375.03,1.3,6.0,0.07,30.71,0.039,3713461,5295084,-20.0,0.0,20.0,0.0,-50.0,0.0,-5.0,0.0,-4.0,0.0,-20.0,0.0,20.0,0.0,-50.0,0.0,-5.0,0.0,-4.0,0.0,0,0,1.310599,0.990547,374.99,-50.0,0,0,-5,-21.474836,-21.474836,-21.474836,0,0,0,0,0,0,0,0,0,0
2026-07-03 19:51:20,03-07-2026 19:39:32,2026,7,3,19,39,32,-3826.6752,1134.6464,0,102.97,25.37,57.6,31.3,-20.0,0.0,20.0,0.0,-50.0,0.0,-5.0,0.0,-4.0,0.0,0,0,-20.0,0.0,20.0,0.0,-50.0,0.0,-5.0,0.0,-4.0,0.0,-20.0,0.0,20.0,0.0,-50.0,0.0,-5.0,0.0,-4.0,0.0,0,0,-20.0,0.0,20.0,0.0,-50.0,0.0,-5.0,0.0,-4.0,0.0,0,0,51.43,0.005,96.49,0.16,377.81,1.7,5.5,0.03,30.22,0.013,51.43,0.004,101.59,0.02,375.58,1.36,5.9,0.07,30.72,0.039,3712922,5295095,-20.0,0.0,20.0,0.0,-50.0,0.0,-5.0,0.0,-4.0,0.0,-20.0,0.0,20.0,0.0,-50.0,0.0,-5.0,0.0,-4.0,0.0,0,0,1.310681,0.990677,375.54,-50.0,0,0,-5,-21.474836,-21.474836,-21.474836,0,0,0,0,0,0,0,0,0,0
2026-07-03 20:08:01,03-07-2026 19:54:32,2026,7,3,19,54,32,-3826.624,1134.6848,0,102.95,25.32,57.6,31.2,-20.0,0.0,20.0,0.0,-50.0,0.0,-5.0,0.0,-4.0,0.0,0,0,-20.0,0.0,20.0,0.0,-50.0,0.0,-5.0,0.0,-4.0,0.0,-20.0,0.0,20.0,0.0,-50.0,0.0,-5.0,0.0,-4.0,0.0,0,0,-20.0,0.0,20.0,0.0,-50.0,0.0,-5.0,0.0,-4.0,0.0,0,0,51.43,0.004,96.65,0.24,378.0,1.51,5.5,0.03,30.23,0.011,51.43,0.004,101.62,0.03,376.01,1.26,5.9,0.08,30.73,0.039,3712459,5294998,-20.0,0.0,20.0,0.0,-50.0,0.0,-5.0,0.0,-4.0,0.0,-20.0,0.0,20.0,0.0,-50.0,0.0,-5.0,0.0,-4.0,0.0,0,0,1.310681,0.990677,375.97,-50.0,0,0,-5,-21.474836,-21.474836,-21.474836,0,0,0,0,0,0,0,0,0,0
2026-07-03 20:19:55,03-07-2026 19:11:02,2026,7,3,19,11,2,-3826.6688,1134.7008,0,102.97,25.33,57.7,31.3,51.43,0.005,105.44,0.0,0.24,0.7,5.5,0.03,30.11,0.013,4041289,5295521,51.43,0.005,106.45,0.01,528.99,0.95,5.5,0.03,30.06,0.014,51.43,0.005,101.64,0.02,530.88,1.3,5.7,0.11,30.61,0.076,3620887,5295044,51.43,0.005,101.6,0.02,530.89,1.05,6.2,0.1,30.77,0.019,3621119,5295075,51.43,0.004,96.48,0.16,378.02,1.96,5.6,0.03,30.2,0.013,51.43,0.005,101.63,0.04,375.77,1.35,5.9,0.07,30.7,0.039,3712627,5295034,51.43,0.004,95.6,0.01,429.24,1.33,5.5,0.04,30.22,0.014,51.43,0.005,101.64,0.03,426.26,1.47,5.9,0.08,30.7,0.039,3681026,5295005,1.310681,0.990677,375.73,426.21,0,0,-5,-21.474836,-21.474836,-21.474836,0,0,0,0,0,0,0,0,0,0
2026-07-03 21:02:29,03-07-2026 20:38:02,2026,7,3,20,38,2,-3826.0752,1135.3856,0,102.96,25.37,57.2,31.3,-20.0,0.0,20.0,0.0,-50.0,0.0,-5.0,0.0,-4.0,0.0,0,0,-20.0,0.0,20.0,0.0,-50.0,0.0,-5.0,0.0,-4.0,0.0,-20.0,0.0,20.0,0.0,-50.0,0.0,-5.0,0.0,-4.0,0.0,0,0,-20.0,0.0,20.0,0.0,-50.0,0.0,-5.0,0.0,-4.0,0.0,0,0,51.43,0.004,96.51,0.11,378.42,1.15,5.5,0.03,30.23,0.014,51.43,0.005,101.61,0.02,376.2,0.9,5.9,0.07,30.73,0.038,3712336,5294981,-20.0,0.0,20.0,0.0,-50.0,0.0,-5.0,0.0,-4.0,0.0,-20.0,0.0,20.0,0.0,-50.0,0.0,-5.0,0.0,-4.0,0.0,0,0,1.310759,0.991277,376.16,-50.0,0,0,-5,-21.474836,-21.474836,-21.474836,0,0,0,0,0,0,0,0,0,0
2026-07-03 21:03:17,03-07-2026 20:09:32,2026,7,3,20,9,32,-3826.6728,1134.6688,0,102.95,25.4,57.4,31.2,51.43,0.005,105.46,0.0,0.17,0.53,5.5,0.03,30.13,0.012,4041165,5295573,51.43,0.004,106.46,0.01,529.06,0.99,5.5,0.03,30.08,0.012,51.43,0.004,101.6,0.02,530.86,1.31,5.7,0.1,30.62,0.077,3621023,5295254,51.43,0.004,101.63,0.02,530.99,1.01,6.1,0.09,30.78,0.02,3620958,5295026,51.43,0.005,96.52,0.1,378.44,1.08,5.6,0.03,30.21,0.012,51.43,0.004,101.61,0.01,376.21,1.07,5.9,0.07,30.71,0.04,3712317,5294933,51.43,0.004,95.6,0.01,429.47,0.98,5.5,0.04,30.23,0.013,51.43,0.005,101.61,0.02,426.41,0.81,5.9,0.08,30.72,0.038,3681104,5295114,1.310759,0.991277,376.18,426.37,0,0,-5,-21.474836,-21.474836,-21.474836,0,0,0,0,0,0,0,0,0,0
2026-07-03 21:04:38,03-07-2026 20:53:02,2026,7,3,20,53,2,-3825.6032,1135.9488,0,102.94,25.32,57.2,31.2,-20.0,0.0,20.0,0.0,-50.0,0.0,-5.0,0.0,-4.0,0.0,0,0,-20.0,0.0,20.0,0.0,-50.0,0.0,-5.0,0.0,-4.0,0.0,-20.0,0.0,20.0,0.0,-50.0,0.0,-5.0,0.0,-4.0,0.0,0,0,-20.0,0.0,20.0,0.0,-50.0,0.0,-5.0,0.0,-4.0,0.0,0,0,51.43,0.005,96.58,0.07,378.62,1.22,5.5,0.03,30.24,0.012,51.43,0.005,101.58,0.01,376.5,1.07,5.9,0.07,30.74,0.039,3712254,5295012,-20.0,0.0,20.0,0.0,-50.0,0.0,-5.0,0.0,-4.0,0.0,-20.0,0.0,20.0,0.0,-50.0,0.0,-5.0,0.0,-4.0,0.0,0,0,1.310759,0.991277,376.46,-50.0,0,0,-5,-21.474836,-21.474836,-21.474836,0,0,0,0,0,0,0,0,0,0
2026-07-03 21:27:30,03-07-2026 18:41:02,2026,7,3,18,41,2,-3826.6496,1134.7072,0,102.97,25.33,58.0,31.3,-20.0,0.0,20.0,0.0,-50.0,0.0,-5.0,0.0,-4.0,0.0,0,0,-20.0,0.0,20.0,0.0,-50.0,0.0,-5.0,0.0,-4.0,0.0,-20.0,0.0,20.0,0.0,-50.0,0.0,-5.0,0.0,-4.0,0.0,0,0,-20.0,0.0,20.0,0.0,-50.0,0.0,-5.0,0.0,-4.0,0.0,0,0,51.43,0.005,96.35,0.28,377.18,1.8,5.6,0.03,30.2,0.011,51.43,0.004,101.6,0.04,374.78,1.6,6.0,0.07,30.7,0.036,3713576,5295064,-20.0,0.0,20.0,0.0,-50.0,0.0,-5.0,0.0,-4.0,0.0,-20.0,0.0,20.0,0.0,-50.0,0.0,-5.0,0.0,-4.0,0.0,0,0,1.310599,0.990547,374.74,-50.0,0,0,-5,-21.474836,-21.474836,-21.474836,0,0,0,0,0,0,0,0,0,0
2026-07-03 21:28:39,03-07-2026 18:12:32,2026,7,3,18,12,32,-3826.6576,1134.6944,0,102.97,25.3,58.2,31.2,51.43,0.005,105.48,0.0,-0.08,0.78,5.5,0.03,30.08,0.013,4041582,5295567,51.43,0.004,106.45,0.01,529.37,1.85,5.6,0.03,30.03,0.011,51.43,0.005,101.63,0.02,531.26,1.7,5.7,0.11,30.59,0.076,3621186,5295321,51.43,0.004,101.62,0.03,530.91,1.37,6.2,0.1,30.75,0.018,3621331,5295247,51.43,0.004,96.34,0.13,377.07,1.67,5.6,0.03,30.18,0.013,51.43,0.005,101.58,0.03,374.79,1.16,6.0,0.07,30.68,0.039,3713690,5295134,51.43,0.005,95.58,0.01,429.29,1.26,5.5,0.03,30.2,0.012,51.43,0.005,101.61,0.04,426.4,1.5,5.9,0.09,30.68,0.038,3681431,5295283,1.310599,0.990547,374.75,426.35,0,0,-5,-21.474836,-21.474836,-21.474836,0,0,0,0,0,0,0,0,0,0
2026-07-03 21:37:48,03-07-2026 21:08:02,2026,7,3,21,8,2,-3825.1352,1136.5056,0,102.94,25.39,57.1,31.3,51.43,0.005,105.56,0.0,0.02,0.55,5.5,0.03,30.13,0.012,4040983,5295394,51.43,0.005,106.47,0.01,529.45,0.93,5.5,0.03,30.09,0.011,51.43,0.005,101.59,0.02,531.21,1.13,5.6,0.1,30.63,0.078,3620886,5295052,51.43,0.005,101.61,0.02,530.67,1.38,6.1,0.09,30.79,0.019,3620879,5294978,51.43,0.005,96.6,0.09,377.38,0.86,5.5,0.03,30.22,0.015,51.43,0.005,101.61,0.01,375.38,0.98,5.9,0.07,30.72,0.042,3712602,5294964,51.43,0.005,95.59,0.01,429.11,0.96,5.4,0.03,30.24,0.015,51.43,0.005,101.6,0.01,426.13,0.86,5.9,0.08,30.73,0.037,3680989,5295018,1.310801,0.990883,375.34,426.09,0,0,-5,-21.474836,-21.474836,-21.474836,0,0,0,0,0,0,0,0,0,0
2026-07-03 21:48:14,03-07-2026 21:36:32,2026,7,3,21,36,32,-3824.2048,1137.6128,0,102.95,25.39,56.9,31.3,-20.0,0.0,20.0,0.0,-50.0,0.0,-5.0,0.0,-4.0,0.0,0,0,-20.0,0.0,20.0,0.0,-50.0,0.0,-5.0,0.0,-4.0,0.0,-20.0,0.0,20.0,0.0,-50.0,0.0,-5.0,0.0,-4.0,0.0,0,0,-20.0,0.0,20.0,0.0,-50.0,0.0,-5.0,0.0,-4.0,0.0,0,0,51.43,0.005,96.65,0.13,376.91,1.14,5.5,0.04,30.24,0.012,51.43,0.004,101.63,0.02,374.88,0.95,5.9,0.07,30.73,0.035,3712869,5294983,-20.0,0.0,20.0,0.0,-50.0,0.0,-5.0,0.0,-4.0,0.0,-20.0,0.0,20.0,0.0,-50.0,0.0,-5.0,0.0,-4.0,0.0,0,0,1.310801,0.990883,374.84,-50.0,0,0,-5,-21.474836,-21.474836,-21.474836,0,0,0,0,0,0,0,0,0,0
2026-07-03 21:54:29,03-07-2026 17:57:32,2026,7,3,17,57,32,-3826.656,1134.6944,0,102.95,25.25,58.4,31.1,-20.0,0.0,20.0,0.0,-50.0,0.0,-5.0,0.0,-4.0,0.0,0,0,-20.0,0.0,20.0,0.0,-50.0,0.0,-5.0,0.0,-4.0,0.0,-20.0,0.0,20.0,0.0,-50.0,0.0,-5.0,0.0,-4.0,0.0,0,0,-20.0,0.0,20.0,0.0,-50.0,0.0,-5.0,0.0,-4.0,0.0,0,0,51.43,0.004,96.47,0.17,376.33,1.91,5.6,0.03,30.19,0.014,51.43,0.004,101.58,0.05,374.18,1.19,6.0,0.08,30.69,0.038,3714017,5295214,-20.0,0.0,20.0,0.0,-50.0,0.0,-5.0,0.0,-4.0,0.0,-20.0,0.0,20.0,0.0,-50.0,0.0,-5.0,0.0,-4.0,0.0,0,0,1.31065,0.990623,374.13,-50.0,0,0,-5,-21.474836,-21.474836,-21.474836,0,0,0,0,0,0,0,0,0,0
2026-07-03 22:04:25,03-07-2026 21:51:32,2026,7,3,21,51,32,-3823.716,1138.1952,0,102.92,25.3,56.9,31.2,-20.0,0.0,20.0,0.0,-50.0,0.0,-5.0,0.0,-4.0,0.0,0,0,-20.0,0.0,20.0,0.0,-50.0,0.0,-5.0,0.0,-4.0,0.0,-20.0,0.0,20.0,0.0,-50.0,0.0,-5.0,0.0,-4.0,0.0,0,0,-20.0,0.0,20.0,0.0,-50.0,0.0,-5.0,0.0,-4.0,0.0,0,0,51.43,0.004,96.62,0.1,376.36,1.03,5.5,0.04,30.24,0.013,51.43,0.005,101.67,0.01,374.26,0.99,5.9,0.07,30.73,0.039,3713083,5294877,-20.0,0.0,20.0,0.0,-50.0,0.0,-5.0,0.0,-4.0,0.0,-20.0,0.0,20.0,0.0,-50.0,0.0,-5.0,0.0,-4.0,0.0,0,0,1.310801,0.990883,374.22,-50.0,0,0,-5,-21.474836,-21.474836,-21.474836,0,0,0,0,0,0,0,0,0,0
2026-07-03 22:11:28,03-07-2026 16:59:02,2026,7,3,16,59,2,-3826.6736,1134.672,0,102.96,25.2,59.0,31.1,-20.0,0.0,20.0,0.0,-50.0,0.0,-5.0,0.0,-4.0,0.0,0,0,-20.0,0.0,20.0,0.0,-50.0,0.0,-5.0,0.0,-4.0,0.0,-20.0,0.0,20.0,0.0,-50.0,0.0,-5.0,0.0,-4.0,0.0,0,0,-20.0,0.0,20.0,0.0,-50.0,0.0,-5.0,0.0,-4.0,0.0,0,0,51.43,0.004,96.25,0.24,376.84,2.0,5.6,0.03,30.17,0.012,51.43,0.004,101.57,0.08,374.56,1.29,6.1,0.09,30.67,0.041,3714231,5295408,-20.0,0.0,20.0,0.0,-50.0,0.0,-5.0,0.0,-4.0,0.0,-20.0,0.0,20.0,0.0,-50.0,0.0,-5.0,0.0,-4.0,0.0,0,0,1.310516,0.99035,374.52,-50.0,0,0,-5,-21.474836,-21.474836,-21.474836,0,0,0,0,0,0,0,0,0,0
2026-07-03 22:17:29,03-07-2026 16:44:02,2026,7,3,16,44,2,-3826.672,1134.6464,0,102.97,25.29,59.1,31.2,-20.0,0.0,20.0,0.0,-50.0,0.0,-5.0,0.0,-4.0,0.0,0,0,-20.0,0.0,20.0,0.0,-50.0,0.0,-5.0,0.0,-4.0,0.0,-20.0,0.0,20.0,0.0,-50.0,0.0,-5.0,0.0,-4.0,0.0,0,0,-20.0,0.0,20.0,0.0,-50.0,0.0,-5.0,0.0,-4.0,0.0,0,0,51.43,0.005,96.36,0.28,376.46,1.81,5.6,0.03,30.16,0.012,51.43,0.005,101.56,0.03,374.32,1.3,6.0,0.08,30.66,0.039,3714527,5295552,-20.0,0.0,20.0,0.0,-50.0,0.0,-5.0,0.0,-4.0,0.0,-20.0,0.0,20.0,0.0,-50.0,0.0,-5.0,0.0,-4.0,0.0,0,0,1.310516,0.99035,374.27,-50.0,0,0,-5,-21.474836,-21.474836,-21.474836,0,0,0,0,0,0,0,0,0,0
2026-07-03 22:18:30,03-07-2026 16:15:32,2026,7,3,16,15,32,-3826.6464,1134.7072,0,102.97,25.25,59.2,31.2,51.42,0.004,105.41,0.0,0.18,0.88,5.6,0.03,30.04,0.013,4042109,5295903,51.43,0.004,106.39,0.01,529.51,2.0,5.6,0.03,29.99,0.01,51.43,0.005,101.57,0.02,531.41,1.73,5.8,0.1,30.54,0.078,3621827,5295660,51.43,0.005,101.56,0.05,530.76,1.35,6.3,0.11,30.7,0.02,3621940,5295446,51.43,0.004,96.46,0.21,376.1,1.83,5.7,0.03,30.14,0.011,51.43,0.004,101.57,0.06,374.02,1.29,6.1,0.07,30.64,0.041,3714722,5295595,51.43,0.005,95.72,0.01,429.35,1.82,5.6,0.03,30.15,0.013,51.43,0.005,101.52,0.02,426.41,1.21,6.0,0.09,30.64,0.038,3682115,5295552,1.310516,0.99035,373.97,426.35,0,0,-5,-21.474836,-21.474836,-21.474836,0,0,0,0,0,0,0,0,0,0
2026-07-03 22:38:05,03-07-2026 22:06:32,2026,7,3,22,6,32,-3823.208,1138.8,0,102.93,25.36,56.8,31.3,51.43,0.004,105.59,0.0,-0.04,0.47,5.4,0.04,30.13,0.012,4040787,5295214,51.43,0.004,106.48,0.01,529.38,1.12,5.5,0.03,30.08,0.013,51.43,0.005,101.66,0.02,531.26,1.1,5.6,0.1,30.63,0.073,3620469,5294919,51.43,0.005,101.67,0.01,531.04,1.02,6.1,0.09,30.79,0.018,3620559,5294865,51.43,0.004,96.67,0.08,376.38,1.28,5.5,0.03,30.2,0.012,51.43,0.005,101.72,0.01,374.44,0.88,5.9,0.06,30.7,0.041,3712907,5294813,51.43,0.004,95.67,0.01,429.45,0.9,5.4,0.03,30.23,0.014,51.43,0.005,101.67,0.01,426.44,0.96,5.8,0.08,30.72,0.038,3680583,5294818,1.310739,0.990885,374.41,426.39,0,0,-5,-21.474836,-21.474836,-21.474836,0,0,0,0,0,0,0,0,0,0
2026-07-03 22:46:34,03-07-2026 22:35:02,2026,7,3,22,35,2,-3822.2176,1139.9808,0,102.94,25.34,56.7,31.3,-20.0,0.0,20.0,0.0,-50.0,0.0,-5.0,0.0,-4.0,0.0,0,0,-20.0,0.0,20.0,0.0,-50.0,0.0,-5.0,0.0,-4.0,0.0,-20.0,0.0,20.0,0.0,-50.0,0.0,-5.0,0.0,-4.0,0.0,0,0,-20.0,0.0,20.0,0.0,-50.0,0.0,-5.0,0.0,-4.0,0.0,0,0,51.43,0.004,96.67,0.07,377.03,1.05,5.5,0.03,30.22,0.013,51.43,0.005,101.72,0.02,374.92,0.97,5.9,0.06,30.72,0.041,3712618,5294830,-20.0,0.0,20.0,0.0,-50.0,0.0,-5.0,0.0,-4.0,0.0,-20.0,0.0,20.0,0.0,-50.0,0.0,-5.0,0.0,-4.0,0.0,0,0,1.310739,0.990885,374.89,-50.0,0,0,-5,-21.474836,-21.474836,-21.474836,0,0,0,0,0,0,0,0,0,0
2026-07-03 23:02:23,03-07-2026 22:50:02,2026,7,3,22,50,2,-3821.6768,1140.6144,0,102.92,25.27,56.6,31.2,-20.0,0.0,20.0,0.0,-50.0,0.0,-5.0,0.0,-4.0,0.0,0,0,-20.0,0.0,20.0,0.0,-50.0,0.0,-5.0,0.0,-4.0,0.0,-20.0,0.0,20.0,0.0,-50.0,0.0,-5.0,0.0,-4.0,0.0,0,0,-20.0,0.0,20.0,0.0,-50.0,0.0,-5.0,0.0,-4.0,0.0,0,0,51.43,0.005,96.71,0.08,377.27,0.85,5.5,0.03,30.22,0.013,51.43,0.005,101.73,0.03,375.14,0.99,5.9,0.06,30.71,0.04,3712468,5294883,-20.0,0.0,20.0,0.0,-50.0,0.0,-5.0,0.0,-4.0,0.0,-20.0,0.0,20.0,0.0,-50.0,0.0,-5.0,0.0,-4.0,0.0,0,0,1.310739,0.990885,375.11,-50.0,0,0,-5,-21.474836,-21.474836,-21.474836,0,0,0,0,0,0,0,0,0,0
2026-07-03 23:48:08,03-07-2026 23:33:32,2026,7,3,23,33,32,-3820.54,1142.0,0,102.92,25.3,56.4,31.3,-20.0,0.0,20.0,0.0,-50.0,0.0,-5.0,0.0,-4.0,0.0,0,0,-20.0,0.0,20.0,0.0,-50.0,0.0,-5.0,0.0,-4.0,0.0,-20.0,0.0,20.0,0.0,-50.0,0.0,-5.0,0.0,-4.0,0.0,0,0,-20.0,0.0,20.0,0.0,-50.0,0.0,-5.0,0.0,-4.0,0.0,0,0,51.43,0.004,96.71,0.1,377.93,1.43,5.5,0.03,30.2,0.013,51.43,0.004,101.71,0.02,375.78,1.59,5.8,0.06,30.69,0.039,3711869,5294785,-20.0,0.0,20.0,0.0,-50.0,0.0,-5.0,0.0,-4.0,0.0,-20.0,0.0,20.0,0.0,-50.0,0.0,-5.0,0.0,-4.0,0.0,0,0,1.310782,0.990718,375.75,-50.0,0,0,-5,-21.474836,-21.474836,-21.474836,0,0,0,0,0,0,0,0,0,0
2026-07-03 23:50:29,03-07-2026 23:05:02,2026,7,3,23,5,2,-3821.1432,1141.2512,0,102.91,25.3,56.5,31.3,51.43,0.005,105.57,0.0,0.22,0.45,5.4,0.03,30.11,0.012,4040631,5295212,51.43,0.004,106.48,0.01,529.29,0.96,5.4,0.03,30.06,0.01,51.43,0.005,101.71,0.02,531.14,1.13,5.6,0.1,30.61,0.076,3620234,5294955,51.43,0.004,101.71,0.02,530.91,1.39,6.0,0.09,30.76,0.018,3620285,5294945,51.43,0.005,96.73,0.13,377.49,1.46,5.5,0.03,30.18,0.013,51.43,0.004,101.7,0.02,375.46,1.2,5.8,0.06,30.68,0.039,3712131,5294775,51.43,0.005,95.7,0.01,429.11,1.16,5.4,0.03,30.21,0.013,51.43,0.004,101.71,0.02,426.27,1.17,5.8,0.07,30.7,0.039,3680401,5294894,1.310782,0.990718,375.43,426.23,0,0,-5,-21.474836,-21.474836,-21.474836,0,0,0,0,0,0,0,0,0,0
2026-07-04 01:07:04,04-07-2026 00:47:02,2026,7,4,0,47,2,-3820.588,1141.9712,0,102.89,25.23,56.2,31.2,-20.0,0.0,20.0,0.0,-50.0,0.0,-5.0,0.0,-4.0,0.0,0,0,-20.0,0.0,20.0,0.0,-50.0,0.0,-5.0,0.0,-4.0,0.0,-20.0,0.0,20.0,0.0,-50.0,0.0,-5.0,0.0,-4.0,0.0,0,0,-20.0,0.0,20.0,0.0,-50.0,0.0,-5.0,0.0,-4.0,0.0,0,0,51.43,0.005,96.54,0.13,376.98,1.48,5.4,0.03,30.2,0.014,51.43,0.004,101.63,0.02,374.99,0.99,5.8,0.07,30.7,0.038,3712237,5294586,-20.0,0.0,20.0,0.0,-50.0,0.0,-5.0,0.0,-4.0,0.0,-20.0,0.0,20.0,0.0,-50.0,0.0,-5.0,0.0,-4.0,0.0,0,0,1.310829,0.990301,374.96,-50.0,0,0,-5,-21.474836,-21.474836,-21.474836,0,0,0,0,0,0,0,0,0,0
2026-07-04 01:08:05,04-07-2026 00:32:02,2026,7,4,0,32,2,-3820.6016,1141.9232,0,102.91,25.32,56.2,31.3,-20.0,0.0,20.0,0.0,-50.0,0.0,-5.0,0.0,-4.0,0.0,0,0,-20.0,0.0,20.0,0.0,-50.0,0.0,-5.0,0.0,-4.0,0.0,-20.0,0.0,20.0,0.0,-50.0,0.0,-5.0,0.0,-4.0,0.0,0,0,-20.0,0.0,20.0,0.0,-50.0,0.0,-5.0,0.0,-4.0,0.0,0,0,51.43,0.005,96.66,0.13,376.42,1.49,5.5,0.03,30.19,0.011,51.43,0.004,101.68,0.02,374.16,1.22,5.8,0.07,30.69,0.039,3712610,5294580,-20.0,0.0,20.0,0.0,-50.0,0.0,-5.0,0.0,-4.0,0.0,-20.0,0.0,20.0,0.0,-50.0,0.0,-5.0,0.0,-4.0,0.0,0,0,1.310829,0.990301,374.13,-50.0,0,0,-5,-21.474836,-21.474836,-21.474836,0,0,0,0,0,0,0,0,0,0
2026-07-04 01:12:11,04-07-2026 00:03:32,2026,7,4,0,3,32,-3820.5472,1141.9968,0,102.91,25.3,56.3,31.3,51.43,0.005,105.62,0.0,0.19,0.53,5.4,0.04,30.09,0.012,4040434,5295072,51.43,0.005,106.51,0.01,529.31,1.29,5.4,0.03,30.04,0.013,51.43,0.004,101.72,0.03,530.94,1.54,5.6,0.1,30.6,0.077,3619933,5294699,51.43,0.004,101.7,0.02,530.51,1.58,6.0,0.08,30.75,0.017,3620082,5294707,51.43,0.005,96.59,0.16,376.1,1.59,5.5,0.03,30.18,0.014,51.43,0.005,101.66,0.03,373.84,1.15,5.8,0.06,30.67,0.04,3712853,5294549,51.43,0.004,95.69,0.01,428.79,1.58,5.4,0.03,30.2,0.012,51.43,0.004,101.7,0.02,425.9,1.72,5.8,0.08,30.68,0.038,3680232,5294664,1.310829,0.990301,373.81,425.86,0,0,-5,-21.474836,-21.474836,-21.474836,0,0,0,0,0,0,0,0,0,0
2026-07-04 01:26:41,03-07-2026 23:48:32,2026,7,3,23,48,32,-3820.5264,1141.9968,0,102.91,25.25,56.4,31.2,-20.0,0.0,20.0,0.0,-50.0,0.0,-5.0,0.0,-4.0,0.0,0,0,-20.0,0.0,20.0,0.0,-50.0,0.0,-5.0,0.0,-4.0,0.0,-20.0,0.0,20.0,0.0,-50.0,0.0,-5.0,0.0,-4.0,0.0,0,0,-20.0,0.0,20.0,0.0,-50.0,0.0,-5.0,0.0,-4.0,0.0,0,0,51.43,0.005,96.62,0.18,377.58,1.39,5.5,0.03,30.2,0.015,51.43,0.004,101.68,0.03,375.17,1.23,5.8,0.07,30.69,0.04,3712202,5294555,-20.0,0.0,20.0,0.0,-50.0,0.0,-5.0,0.0,-4.0,0.0,-20.0,0.0,20.0,0.0,-50.0,0.0,-5.0,0.0,-4.0,0.0,0,0,1.310782,0.990718,375.14,-50.0,0,0,-5,-21.474836,-21.474836,-21.474836,0,0,0,0,0,0,0,0,0,0
2026-07-04 01:43:10,04-07-2026 01:30:32,2026,7,4,1,30,32,-3820.54,1141.9456,0,102.9,25.3,56.0,31.3,-20.0,0.0,20.0,0.0,-50.0,0.0,-5.0,0.0,-4.0,0.0,0,0,-20.0,0.0,20.0,0.0,-50.0,0.0,-5.0,0.0,-4.0,0.0,-20.0,0.0,20.0,0.0,-50.0,0.0,-5.0,0.0,-4.0,0.0,0,0,-20.0,0.0,20.0,0.0,-50.0,0.0,-5.0,0.0,-4.0,0.0,0,0,51.43,0.005,96.56,0.1,377.78,1.2,5.4,0.03,30.2,0.011,51.43,0.004,101.59,0.02,375.59,1.39,5.8,0.07,30.7,0.037,3711921,5294483,-20.0,0.0,20.0,0.0,-50.0,0.0,-5.0,0.0,-4.0,0.0,-20.0,0.0,20.0,0.0,-50.0,0.0,-5.0,0.0,-4.0,0.0,0,0,1.310834,0.990357,375.56,-50.0,0,0,-5,-21.474836,-21.474836,-21.474836,0,0,0,0,0,0,0,0,0,0
2026-07-04 01:53:02,04-07-2026 01:02:02,2026,7,4,1,2,2,-3820.5696,1141.9808,0,102.9,25.32,56.1,31.3,51.43,0.005,105.5,0.0,0.16,0.67,5.4,0.03,30.1,0.011,4040228,5294949,51.43,0.005,106.52,0.01,529.08,1.4,5.4,0.04,30.05,0.014,51.43,0.004,101.64,0.02,530.86,1.49,5.6,0.09,30.59,0.076,3620131,5294733,51.43,0.005,101.62,0.01,530.68,1.2,6.0,0.09,30.75,0.018,3620257,5294603,51.43,0.005,96.48,0.13,377.41,1.39,5.5,0.04,30.18,0.011,51.43,0.005,101.59,0.05,375.26,1.22,5.8,0.06,30.68,0.036,3712142,5294502,51.43,0.004,95.63,0.01,429.1,1.16,5.4,0.03,30.2,0.012,51.43,0.004,101.6,0.02,426.08,1.01,5.8,0.08,30.69,0.039,3680432,5294588,1.310834,0.990357,375.23,426.04,0,0,-5,-21.474836,-21.474836,-21.474836,0,0,0,0,0,0,0,0,0,0
2026-07-04 02:02:35,04-07-2026 01:45:32,2026,7,4,1,45,32,-3820.548,1141.9648,0,102.9,25.26,55.9,31.2,-20.0,0.0,20.0,0.0,-50.0,0.0,-5.0,0.0,-4.0,0.0,0,0,-20.0,0.0,20.0,0.0,-50.0,0.0,-5.0,0.0,-4.0,0.0,-20.0,0.0,20.0,0.0,-50.0,0.0,-5.0,0.0,-4.0,0.0,0,0,-20.0,0.0,20.0,0.0,-50.0,0.0,-5.0,0.0,-4.0,0.0,0,0,51.43,0.005,96.52,0.11,378.01,1.51,5.4,0.03,30.21,0.014,51.43,0.004,101.58,0.02,375.94,1.08,5.8,0.07,30.7,0.042,3711755,5294537,-20.0,0.0,20.0,0.0,-50.0,0.0,-5.0,0.0,-4.0,0.0,-20.0,0.0,20.0,0.0,-50.0,0.0,-5.0,0.0,-4.0,0.0,0,0,1.310834,0.990357,375.91,-50.0,0,0,-5,-21.474836,-21.474836,-21.474836,0,0,0,0,0,0,0,0,0,0
2026-07-04 02:41:51,04-07-2026 02:29:02,2026,7,4,2,29,2,-3820.5968,1141.952,0,102.9,25.36,55.8,31.3,-20.0,0.0,20.0,0.0,-50.0,0.0,-5.0,0.0,-4.0,0.0,0,0,-20.0,0.0,20.0,0.0,-50.0,0.0,-5.0,0.0,-4.0,0.0,-20.0,0.0,20.0,0.0,-50.0,0.0,-5.0,0.0,-4.0,0.0,0,0,-20.0,0.0,20.0,0.0,-50.0,0.0,-5.0,0.0,-4.0,0.0,0,0,51.43,0.004,96.52,0.13,377.95,1.18,5.4,0.03,30.22,0.013,51.43,0.004,101.6,0.02,375.79,1.05,5.8,0.06,30.71,0.042,3711727,5294437,-20.0,0.0,20.0,0.0,-50.0,0.0,-5.0,0.0,-4.0,0.0,-20.0,0.0,20.0,0.0,-50.0,0.0,-5.0,0.0,-4.0,0.0,0,0,1.310874,0.990681,375.76,-50.0,0,0,-5,-21.474836,-21.474836,-21.474836,0,0,0,0,0,0,0,0,0,0
2026-07-04 03:06:03,04-07-2026 02:44:02,2026,7,4,2,44,2,-3820.5904,1141.8976,0,102.89,25.26,55.8,31.2,-20.0,0.0,20.0,0.0,-50.0,0.0,-5.0,0.0,-4.0,0.0,0,0,-20.0,0.0,20.0,0.0,-50.0,0.0,-5.0,0.0,-4.0,0.0,-20.0,0.0,20.0,0.0,-50.0,0.0,-5.0,0.0,-4.0,0.0,0,0,-20.0,0.0,20.0,0.0,-50.0,0.0,-5.0,0.0,-4.0,0.0,0,0,51.43,0.005,96.54,0.12,377.97,1.57,5.4,0.03,30.22,0.011,51.43,0.005,101.57,0.03,375.96,1.12,5.8,0.06,30.72,0.04,3711699,5294395,-20.0,0.0,20.0,0.0,-50.0,0.0,-5.0,0.0,-4.0,0.0,-20.0,0.0,20.0,0.0,-50.0,0.0,-5.0,0.0,-4.0,0.0,0,0,1.310874,0.990681,375.92,-50.0,0,0,-5,-21.474836,-21.474836,-21.474836,0,0,0,0,0,0,0,0,0,0
2026-07-04 03:06:32,04-07-2026 02:00:32,2026,7,4,2,0,32,-3820.5632,1141.9776,0,102.9,25.34,55.9,31.3,51.43,0.005,105.41,0.0,0.24,0.62,5.4,0.03,30.11,0.011,4040111,5294957,51.43,0.005,106.54,0.01,529.09,1.48,5.4,0.03,30.06,0.013,51.43,0.004,101.6,0.02,530.71,1.58,5.5,0.1,30.61,0.075,3620111,5294467,51.43,0.004,101.6,0.03,530.68,1.38,6.0,0.09,30.76,0.018,3620261,5294404,51.43,0.005,96.49,0.12,377.87,1.41,5.5,0.03,30.2,0.01,51.43,0.004,101.59,0.01,375.69,1.19,5.8,0.05,30.69,0.04,3711779,5294379,51.43,0.004,95.62,0.02,429.16,1.08,5.4,0.03,30.22,0.013,51.43,0.004,101.62,0.02,426.09,1.32,5.7,0.07,30.7,0.038,3680195,5294386,1.310874,0.990681,375.66,426.05,0,0,-5,-21.474836,-21.474836,-21.474836,0,0,0,0,0,0,0,0,0,0
2026-07-04 03:27:47,04-07-2026 02:59:02,2026,7,4,2,59,2,-3820.5488,1141.9648,0,102.9,25.34,55.7,31.3,51.43,0.005,105.45,0.0,0.19,0.54,5.3,0.03,30.12,0.012,4039933,5294793,51.43,0.004,106.55,0.01,528.87,1.3,5.4,0.03,30.07,0.012,51.43,0.005,101.58,0.02,530.84,1.12,5.5,0.1,30.62,0.075,3620146,5294551,51.43,0.005,101.57,0.02,530.62,1.36,5.9,0.08,30.77,0.02,3620242,5294493,51.43,0.005,96.57,0.13,376.9,1.27,5.4,0.04,30.2,0.014,51.43,0.004,101.57,0.02,374.84,0.93,5.8,0.06,30.7,0.039,3712262,5294499,51.43,0.005,95.6,0.02,428.85,1.92,5.3,0.03,30.23,0.012,51.43,0.004,101.61,0.03,425.96,1.3,5.7,0.07,30.7,0.041,3680224,5294509,1.310942,0.990658,374.82,425.92,0,0,-5,-21.474836,-21.474836,-21.474836,0,0,0,0,0,0,0,0,0,0
2026-07-04 03:39:15,04-07-2026 03:27:32,2026,7,4,3,27,32,-3820.6016,1141.9104,0,102.89,25.36,55.6,31.3,-20.0,0.0,20.0,0.0,-50.0,0.0,-5.0,0.0,-4.0,0.0,0,0,-20.0,0.0,20.0,0.0,-50.0,0.0,-5.0,0.0,-4.0,0.0,-20.0,0.0,20.0,0.0,-50.0,0.0,-5.0,0.0,-4.0,0.0,0,0,-20.0,0.0,20.0,0.0,-50.0,0.0,-5.0,0.0,-4.0,0.0,0,0,51.43,0.004,96.54,0.09,376.69,1.21,5.4,0.03,30.22,0.012,51.43,0.005,101.58,0.03,374.59,1.23,5.7,0.06,30.71,0.041,3712376,5294439,-20.0,0.0,20.0,0.0,-50.0,0.0,-5.0,0.0,-4.0,0.0,-20.0,0.0,20.0,0.0,-50.0,0.0,-5.0,0.0,-4.0,0.0,0,0,1.310942,0.990658,374.56,-50.0,0,0,-5,-21.474836,-21.474836,-21.474836,0,0,0,0,0,0,0,0,0,0
2026-07-04 03:54:44,04-07-2026 03:42:32,2026,7,4,3,42,32,-3820.5472,1141.9648,0,102.89,25.27,55.6,31.3,-20.0,0.0,20.0,0.0,-50.0,0.0,-5.0,0.0,-4.0,0.0,0,0,-20.0,0.0,20.0,0.0,-50.0,0.0,-5.0,0.0,-4.0,0.0,-20.0,0.0,20.0,0.0,-50.0,0.0,-5.0,0.0,-4.0,0.0,0,0,-20.0,0.0,20.0,0.0,-50.0,0.0,-5.0,0.0,-4.0,0.0,0,0,51.43,0.005,96.53,0.19,376.43,1.45,5.4,0.03,30.22,0.013,51.43,0.004,101.55,0.03,374.38,1.01,5.8,0.07,30.71,0.042,3712652,5294509,-20.0,0.0,20.0,0.0,-50.0,0.0,-5.0,0.0,-4.0,0.0,-20.0,0.0,20.0,0.0,-50.0,0.0,-5.0,0.0,-4.0,0.0,0,0,1.310942,0.990658,374.35,-50.0,0,0,-5,-21.474836,-21.474836,-21.474836,0,0,0,0,0,0,0,0,0,0
2026-07-04 04:26:15,04-07-2026 03:57:32,2026,7,4,3,57,32,-3820.584,1141.9712,0,102.89,25.32,55.5,31.3,51.43,0.004,105.39,0.0,0.08,0.63,5.3,0.03,30.11,0.013,4039901,5294847,51.43,0.005,106.56,0.01,528.94,0.88,5.4,0.04,30.06,0.01,51.43,0.005,101.53,0.03,530.78,1.23,5.5,0.1,30.61,0.077,3620320,5294613,51.43,0.004,101.56,0.03,530.69,1.61,5.9,0.09,30.76,0.019,3620242,5294488,51.43,0.005,96.51,0.15,377.54,1.2,5.4,0.03,30.2,0.014,51.43,0.005,101.49,0.03,375.52,1.22,5.8,0.06,30.69,0.04,3712081,5294539,51.43,0.005,95.54,0.01,429.15,1.13,5.3,0.03,30.22,0.013,51.43,0.005,101.51,0.01,426.11,1.46,5.7,0.07,30.7,0.04,3680493,5294606,1.310973,0.990797,375.49,426.08,0,0,-5,-21.474836,-21.474836,-21.474836,0,0,0,0,0,0,0,0,0,0
2026-07-04 04:54:16,04-07-2026 04:41:02,2026,7,4,4,41,2,-3820.5568,1141.9744,0,102.87,25.26,55.4,31.2,-20.0,0.0,20.0,0.0,-50.0,0.0,-5.0,0.0,-4.0,0.0,0,0,-20.0,0.0,20.0,0.0,-50.0,0.0,-5.0,0.0,-4.0,0.0,-20.0,0.0,20.0,0.0,-50.0,0.0,-5.0,0.0,-4.0,0.0,0,0,-20.0,0.0,20.0,0.0,-50.0,0.0,-5.0,0.0,-4.0,0.0,0,0,51.43,0.004,96.48,0.1,378.03,1.36,5.4,0.03,30.22,0.012,51.43,0.005,101.51,0.02,376.02,1.06,5.7,0.07,30.71,0.039,3711672,5294498,-20.0,0.0,20.0,0.0,-50.0,0.0,-5.0,0.0,-4.0,0.0,-20.0,0.0,20.0,0.0,-50.0,0.0,-5.0,0.0,-4.0,0.0,0,0,1.310973,0.990797,375.99,-50.0,0,0,-5,-21.474836,-21.474836,-21.474836,0,0,0,0,0,0,0,0,0,0
2026-07-04 04:58:14,04-07-2026 04:26:02,2026,7,4,4,26,2,-3820.6,1141.92,0,102.88,25.34,55.4,31.3,-20.0,0.0,20.0,0.0,-50.0,0.0,-5.0,0.0,-4.0,0.0,0,0,-20.0,0.0,20.0,0.0,-50.0,0.0,-5.0,0.0,-4.0,0.0,-20.0,0.0,20.0,0.0,-50.0,0.0,-5.0,0.0,-4.0,0.0,0,0,-20.0,0.0,20.0,0.0,-50.0,0.0,-5.0,0.0,-4.0,0.0,0,0,51.43,0.005,96.51,0.22,377.85,1.2,5.4,0.03,30.21,0.015,51.43,0.004,101.47,0.02,376.01,0.98,5.7,0.06,30.71,0.042,3711832,5294539,-20.0,0.0,20.0,0.0,-50.0,0.0,-5.0,0.0,-4.0,0.0,-20.0,0.0,20.0,0.0,-50.0,0.0,-5.0,0.0,-4.0,0.0,0,0,1.310973,0.990797,375.98,-50.0,0,0,-5,-21.474836,-21.474836,-21.474836,0,0,0,0,0,0,0,0,0,0
2026-07-04 05:24:54,04-07-2026 04:56:02,2026,7,4,4,56,2,-3820.6016,1141.9392,0,102.87,25.32,55.4,31.3,51.43,0.004,105.44,0.0,0.12,0.53,5.3,0.03,30.11,0.013,4039946,5295102,51.43,0.005,106.59,0.01,528.9,0.87,5.3,0.03,30.06,0.012,51.43,0.005,101.51,0.02,530.91,0.96,5.5,0.09,30.6,0.08,3620279,5294643,51.43,0.005,101.52,0.02,530.69,1.18,5.9,0.08,30.76,0.018,3620407,5294557,51.43,0.005,96.51,0.12,377.64,1.25,5.4,0.03,30.2,0.012,51.43,0.004,101.51,0.03,375.54,1.33,5.7,0.06,30.69,0.038,3711986,5294578,51.43,0.004,95.53,0.01,429.15,1.19,5.3,0.03,30.22,0.014,51.43,0.005,101.52,0.02,426.04,0.99,5.7,0.07,30.7,0.038,3680447,5294589,1.311025,0.991053,375.52,426.0,0,0,-5,-21.474836,-21.474836,-21.474836,0,0,0,0,0,0,0,0,0,0
2026-07-04 05:41:27,04-07-2026 05:24:32,2026,7,4,5,24,32,-3820.5984,1141.9488,0,102.89,25.36,55.3,31.4,-20.0,0.0,20.0,0.0,-50.0,0.0,-5.0,0.0,-4.0,0.0,0,0,-20.0,0.0,20.0,0.0,-50.0,0.0,-5.0,0.0,-4.0,0.0,-20.0,0.0,20.0,0.0,-50.0,0.0,-5.0,0.0,-4.0,0.0,0,0,-20.0,0.0,20.0,0.0,-50.0,0.0,-5.0,0.0,-4.0,0.0,0,0,51.43,0.005,96.51,0.11,377.63,1.31,5.4,0.03,30.21,0.013,51.43,0.005,101.5,0.02,375.66,0.94,5.7,0.06,30.71,0.041,3711922,5294581,-20.0,0.0,20.0,0.0,-50.0,0.0,-5.0,0.0,-4.0,0.0,-20.0,0.0,20.0,0.0,-50.0,0.0,-5.0,0.0,-4.0,0.0,0,0,1.311025,0.991053,375.63,-50.0,0,0,-5,-21.474836,-21.474836,-21.474836,0,0,0,0,0,0,0,0,0,0
2026-07-04 05:51:57,04-07-2026 05:39:32,2026,7,4,5,39,32,-3820.5536,1141.9584,0,102.88,25.27,55.3,31.3,-20.0,0.0,20.0,0.0,-50.0,0.0,-5.0,0.0,-4.0,0.0,0,0,-20.0,0.0,20.0,0.0,-50.0,0.0,-5.0,0.0,-4.0,0.0,-20.0,0.0,20.0,0.0,-50.0,0.0,-5.0,0.0,-4.0,0.0,0,0,-20.0,0.0,20.0,0.0,-50.0,0.0,-5.0,0.0,-4.0,0.0,0,0,51.43,0.004,96.54,0.1,378.16,1.25,5.4,0.03,30.22,0.013,51.43,0.005,101.5,0.03,376.08,0.97,5.7,0.06,30.71,0.039,3711682,5294603,-20.0,0.0,20.0,0.0,-50.0,0.0,-5.0,0.0,-4.0,0.0,-20.0,0.0,20.0,0.0,-50.0,0.0,-5.0,0.0,-4.0,0.0,0,0,1.311025,0.991053,376.05,-50.0,0,0,-5,-21.474836,-21.474836,-21.474836,0,0,0,0,0,0,0,0,0,0
2026-07-04 06:27:07,04-07-2026 05:54:32,2026,7,4,5,54,32,-3820.608,1141.9232,0,102.89,25.33,55.2,31.4,51.43,0.004,105.41,0.0,-0.03,0.58,5.3,0.03,30.12,0.014,4039865,5294954,51.43,0.004,106.61,0.01,529.19,0.76,5.3,0.03,30.07,0.012,51.43,0.005,101.5,0.02,531.17,1.28,5.5,0.09,30.61,0.078,3620329,5294716,51.43,0.005,101.48,0.02,530.64,1.17,5.9,0.08,30.77,0.016,3620425,5294605,51.43,0.005,96.53,0.11,379.21,1.26,5.4,0.03,30.2,0.013,51.43,0.005,101.49,0.03,377.06,1.2,5.7,0.06,30.7,0.041,3710846,5294481,51.43,0.005,95.49,0.01,428.93,1.09,5.3,0.03,30.23,0.012,51.43,0.004,101.52,0.03,425.97,1.13,5.7,0.07,30.71,0.036,3680347,5294623,1.311023,0.990581,377.03,425.93,0,0,-5,-21.474836,-21.474836,-21.474836,0,0,0,0,0,0,0,0,0,0
2026-07-04 06:50:04,04-07-2026 06:37:51,2026,7,4,6,37,51,-3819.9568,1142.6208,0,102.87,25.27,55.1,31.3,-20.0,0.0,20.0,0.0,-50.0,0.0,-5.0,0.0,-4.0,0.0,0,0,-20.0,0.0,20.0,0.0,-50.0,0.0,-5.0,0.0,-4.0,0.0,-20.0,0.0,20.0,0.0,-50.0,0.0,-5.0,0.0,-4.0,0.0,0,0,-20.0,0.0,20.0,0.0,-50.0,0.0,-5.0,0.0,-4.0,0.0,0,0,51.43,0.005,96.48,0.14,377.81,1.6,5.4,0.03,30.23,0.012,51.43,0.005,101.5,0.02,375.72,1.24,5.7,0.06,30.72,0.038,3711615,5294408,-20.0,0.0,20.0,0.0,-50.0,0.0,-5.0,0.0,-4.0,0.0,-20.0,0.0,20.0,0.0,-50.0,0.0,-5.0,0.0,-4.0,0.0,0,0,1.311023,0.990581,375.7,-50.0,0,0,-5,-21.474836,-21.474836,-21.474836,0,0,0,0,0,0,0,0,0,0
2026-07-04 06:51:11,04-07-2026 06:22:51,2026,7,4,6,22,51,-3820.4088,1142.112,0,102.9,25.37,55.1,31.4,-20.0,0.0,20.0,0.0,-50.0,0.0,-5.0,0.0,-4.0,0.0,0,0,-20.0,0.0,20.0,0.0,-50.0,0.0,-5.0,0.0,-4.0,0.0,-20.0,0.0,20.0,0.0,-50.0,0.0,-5.0,0.0,-4.0,0.0,0,0,-20.0,0.0,20.0,0.0,-50.0,0.0,-5.0,0.0,-4.0,0.0,0,0,51.43,0.005,96.5,0.09,378.81,1.12,5.4,0.03,30.23,0.012,51.43,0.005,101.49,0.01,376.8,1.09,5.7,0.05,30.72,0.037,3711014,5294479,-20.0,0.0,20.0,0.0,-50.0,0.0,-5.0,0.0,-4.0,0.0,-20.0,0.0,20.0,0.0,-50.0,0.0,-5.0,0.0,-4.0,0.0,0,0,1.311023,0.990581,376.78,-50.0,0,0,-5,-21.474836,-21.474836,-21.474836,0,0,0,0,0,0,0,0,0,0
2026-07-04 07:22:39,04-07-2026 06:52:51,2026,7,4,6,52,51,-3819.4904,1143.1424,0,102.88,25.33,55.1,31.3,51.43,0.004,105.43,0.0,0.1,0.62,5.3,0.03,30.13,0.011,4039593,5294798,51.43,0.005,106.63,0.01,528.92,1.49,5.3,0.03,30.08,0.011,51.43,0.005,101.54,0.03,530.83,1.59,5.5,0.09,30.63,0.077,3620053,5294481,51.43,0.005,101.51,0.02,530.38,1.45,5.9,0.08,30.78,0.018,3620209,5294424,51.43,0.005,96.45,0.12,377.49,1.2,5.4,0.03,30.21,0.012,51.43,0.005,101.53,0.03,375.36,1.17,5.7,0.05,30.71,0.038,3711684,5294431,51.43,0.005,95.51,0.02,428.99,1.19,5.3,0.03,30.24,0.011,51.43,0.005,101.51,0.02,425.96,1.48,5.7,0.07,30.72,0.039,3680139,5294419,1.311006,0.990166,375.34,425.93,0,0,-5,-21.474836,-21.474836,-21.474836,0,0,0,0,0,0,0,0,0,0
2026-07-04 11:30:21,04-07-2026 11:15:19,2026,7,4,11,15,19,-3810.8848,1152.8352,0,102.83,25.16,54.7,31.2,-20.0,0.0,20.0,0.0,-50.0,0.0,-5.0,0.0,-4.0,0.0,0,0,-20.0,0.0,20.0,0.0,-50.0,0.0,-5.0,0.0,-4.0,0.0,-20.0,0.0,20.0,0.0,-50.0,0.0,-5.0,0.0,-4.0,0.0,0,0,-20.0,0.0,20.0,0.0,-50.0,0.0,-5.0,0.0,-4.0,0.0,0,0,51.43,0.005,93.25,0.71,377.89,2.56,5.4,0.03,30.23,0.013,51.43,0.004,101.29,0.01,374.4,1.19,5.8,0.06,30.68,0.035,3712325,5293578,-20.0,0.0,20.0,0.0,-50.0,0.0,-5.0,0.0,-4.0,0.0,-20.0,0.0,20.0,0.0,-50.0,0.0,-5.0,0.0,-4.0,0.0,0,0,1.311136,0.990768,374.39,-50.0,0,0,-5,-21.474836,-21.474836,-21.474836,0,0,0,0,0,0,0,0,0,0
2026-07-08 11:51:19,08-07-2026 11:22:29,2026,7,8,11,22,29,-3638.896,1205.8752,9728,101.49,20.62,61.9,26.0,35.26,0.355,107.68,0.02,-1.98,1.5,12.1,0.12,18.48,0.03,4141713,5424822,40.92,0.315,117.62,0.02,511.35,3.49,16.1,0.09,19.19,0.052,42.44,0.306,103.41,0.38,516.79,2.76,17.4,0.7,19.41,0.057,3669744,5379262,43.62,0.298,103.15,0.01,518.55,3.08,19.5,0.46,19.61,0.05,3665789,5371513,51.42,0.003,79.96,0.07,374.27,1.71,8.2,0.02,24.93,0.028,51.42,0.004,102.74,0.46,367.39,1.25,10.8,0.35,25.35,0.045,3724236,5310943,49.91,0.216,102.22,0.96,456.58,3.38,25.7,0.19,20.86,0.056,50.72,0.106,103.18,0.0,457.68,2.27,26.5,0.18,21.21,0.063,3669658,5314431,1.02,0.7,366.68,458.39,0,0,-5,-21.474836,-21.474836,-21.474836,0,0,0,0,0,0,0,0,0,0
2026-07-08 12:43:47,08-07-2026 12:19:03,2026,7,8,12,19,3,-3638.544,1205.2992,0,102.22,22.62,64.5,28.3,-20.0,0.0,20.0,0.0,-50.0,0.0,-5.0,0.0,-4.0,0.0,0,0,-20.0,0.0,20.0,0.0,-50.0,0.0,-5.0,0.0,-4.0,0.0,-20.0,0.0,20.0,0.0,-50.0,0.0,-5.0,0.0,-4.0,0.0,0,0,-20.0,0.0,20.0,0.0,-50.0,0.0,-5.0,0.0,-4.0,0.0,0,0,51.43,0.003,80.0,0.07,381.35,1.8,6.8,0.03,28.16,0.016,51.43,0.004,102.86,0.33,372.27,1.19,8.4,0.17,28.5,0.031,3725828,5313467,-20.0,0.0,20.0,0.0,-50.0,0.0,-5.0,0.0,-4.0,0.0,-20.0,0.0,20.0,0.0,-50.0,0.0,-5.0,0.0,-4.0,0.0,0,0,1.310022,0.7,371.92,-50.0,0,0,-5,-21.474836,-21.474836,-21.474836,0,0,0,0,0,0,0,0,0,0
2026-07-08 12:44:42,08-07-2026 11:50:42,2026,7,8,11,50,42,-3638.7872,1205.7856,8192,102.07,22.12,64.3,27.8,51.42,0.003,106.27,0.01,-2.98,0.63,7.7,0.03,25.53,0.025,4056441,5312286,51.42,0.003,117.23,0.02,526.9,1.26,9.2,0.04,26.51,0.021,51.42,0.004,103.33,0.29,530.46,1.37,10.0,0.34,26.65,0.035,3627766,5311980,51.42,0.003,103.13,0.01,530.67,1.91,11.1,0.25,26.74,0.024,3628477,5311905,51.43,0.003,79.79,0.06,381.15,1.57,7.0,0.02,27.66,0.014,51.43,0.003,102.76,0.51,372.36,1.44,8.8,0.21,28.01,0.029,3725841,5313028,51.42,0.004,100.99,1.62,441.97,1.09,15.4,0.15,27.08,0.017,51.42,0.003,103.13,0.01,443.32,1.56,15.9,0.1,27.16,0.021,3678688,5310047,1.310022,0.7,372.06,444.05,0,0,-5,-21.474836,-21.474836,-21.474836,0,0,0,0,0,0,0,0,0,0
2026-07-08 12:49:52,08-07-2026 12:34:03,2026,7,8,12,34,3,-3638.3648,1204.9248,0,102.36,23.04,64.5,28.8,-20.0,0.0,20.0,0.0,-50.0,0.0,-5.0,0.0,-4.0,0.0,0,0,-20.0,0.0,20.0,0.0,-50.0,0.0,-5.0,0.0,-4.0,0.0,-20.0,0.0,20.0,0.0,-50.0,0.0,-5.0,0.0,-4.0,0.0,0,0,-20.0,0.0,20.0,0.0,-50.0,0.0,-5.0,0.0,-4.0,0.0,0,0,51.43,0.004,80.4,0.05,381.42,1.4,6.6,0.02,28.63,0.014,51.43,0.004,102.79,0.31,372.69,1.05,8.1,0.17,28.96,0.028,3726053,5313868,-20.0,0.0,20.0,0.0,-50.0,0.0,-5.0,0.0,-4.0,0.0,-20.0,0.0,20.0,0.0,-50.0,0.0,-5.0,0.0,-4.0,0.0,0,0,1.310022,0.7,372.31,-50.0,0,0,-5,-21.474836,-21.474836,-21.474836,0,0,0,0,0,0,0,0,0,0
2026-07-08 13:17:51,08-07-2026 12:49:03,2026,7,8,12,49,3,-3637.7744,1205.184,8192,102.58,23.69,64.2,29.6,51.43,0.004,106.0,0.01,0.47,0.48,6.6,0.03,28.43,0.012,4057511,5314665,51.43,0.004,116.94,0.02,526.39,1.49,7.7,0.04,29.19,0.014,51.43,0.004,103.24,0.26,529.82,1.68,8.1,0.21,29.27,0.021,3629412,5314178,51.43,0.004,103.07,0.01,529.82,1.53,8.8,0.16,29.3,0.014,3630098,5314120,51.43,0.004,77.89,0.12,381.55,1.62,6.4,0.03,29.28,0.012,51.43,0.005,102.19,0.97,372.12,1.31,7.7,0.13,29.56,0.026,3728049,5314076,51.43,0.004,100.04,1.63,431.09,1.3,12.0,0.09,29.39,0.013,51.43,0.004,103.06,0.01,431.69,1.19,12.2,0.08,29.4,0.013,3686973,5312510,1.310206,0.7,371.95,432.27,0,0,-5,-21.474836,-21.474836,-21.474836,0,0,0,0,0,0,0,0,0,0
2026-07-08 13:29:21,08-07-2026 13:17:24,2026,7,8,13,17,24,-3636.4112,1205.9104,0,102.65,23.92,64.0,29.8,-20.0,0.0,20.0,0.0,-50.0,0.0,-5.0,0.0,-4.0,0.0,0,0,-20.0,0.0,20.0,0.0,-50.0,0.0,-5.0,0.0,-4.0,0.0,-20.0,0.0,20.0,0.0,-50.0,0.0,-5.0,0.0,-4.0,0.0,0,0,-20.0,0.0,20.0,0.0,-50.0,0.0,-5.0,0.0,-4.0,0.0,0,0,51.43,0.004,79.12,0.1,380.58,2.23,6.2,0.02,29.42,0.013,51.43,0.004,102.75,0.4,371.13,1.56,7.5,0.11,29.71,0.026,3727004,5314351,-20.0,0.0,20.0,0.0,-50.0,0.0,-5.0,0.0,-4.0,0.0,-20.0,0.0,20.0,0.0,-50.0,0.0,-5.0,0.0,-4.0,0.0,0,0,1.310206,0.7,370.93,-50.0,0,0,-5,-21.474836,-21.474836,-21.474836,0,0,0,0,0,0,0,0,0,0
2026-07-08 13:44:30,08-07-2026 13:32:24,2026,7,8,13,32,24,-3635.6912,1206.2912,0,102.69,24.1,63.8,30.0,-20.0,0.0,20.0,0.0,-50.0,0.0,-5.0,0.0,-4.0,0.0,0,0,-20.0,0.0,20.0,0.0,-50.0,0.0,-5.0,0.0,-4.0,0.0,-20.0,0.0,20.0,0.0,-50.0,0.0,-5.0,0.0,-4.0,0.0,0,0,-20.0,0.0,20.0,0.0,-50.0,0.0,-5.0,0.0,-4.0,0.0,0,0,51.43,0.005,79.48,0.05,380.07,1.17,6.2,0.03,29.59,0.011,51.43,0.004,102.79,0.36,370.95,1.07,7.4,0.1,29.87,0.027,3727009,5314405,-20.0,0.0,20.0,0.0,-50.0,0.0,-5.0,0.0,-4.0,0.0,-20.0,0.0,20.0,0.0,-50.0,0.0,-5.0,0.0,-4.0,0.0,0,0,1.310206,0.7,370.75,-50.0,0,0,-5,-21.474836,-21.474836,-21.474836,0,0,0,0,0,0,0,0,0,0
2026-07-08 14:16:56,08-07-2026 13:47:24,2026,7,8,13,47,24,-3634.984,1206.6688,8192,102.78,24.37,63.4,30.3,51.43,0.004,106.02,0.0,0.43,0.54,6.2,0.03,29.24,0.013,4057189,5314966,51.43,0.004,116.86,0.02,525.88,1.25,7.1,0.03,29.93,0.016,51.43,0.004,103.24,0.25,529.35,2.28,7.5,0.16,30.0,0.018,3629399,5314559,51.43,0.004,103.08,0.0,529.37,1.41,8.0,0.13,30.03,0.014,3630042,5314508,51.43,0.004,82.19,0.07,378.87,1.38,6.1,0.02,29.76,0.013,51.43,0.004,102.85,0.22,370.82,1.31,7.1,0.1,30.08,0.026,3726418,5314469,51.43,0.005,102.6,0.53,427.14,1.28,10.5,0.05,30.07,0.011,51.43,0.004,103.08,0.01,428.0,1.31,10.8,0.07,30.07,0.014,3688892,5313033,1.310379,0.7,370.69,428.49,0,0,-5,-21.474836,-21.474836,-21.474836,0,0,0,0,0,0,0,0,0,0
2026-07-08 15:15:09,08-07-2026 14:45:45,2026,7,8,14,45,45,-3632.2784,1208.1088,8192,102.8,24.61,62.5,30.6,51.43,0.004,105.87,0.0,0.34,0.63,6.0,0.03,29.57,0.012,4056835,5315074,51.43,0.004,116.82,0.02,525.57,1.08,6.8,0.04,30.23,0.014,51.43,0.005,103.2,0.23,529.1,1.28,7.2,0.13,30.29,0.019,3629378,5314582,51.43,0.004,103.05,0.0,529.1,1.52,7.6,0.12,30.31,0.013,3630027,5314558,51.43,0.004,79.77,0.09,378.8,1.41,5.9,0.02,30.02,0.014,51.43,0.004,102.84,0.27,369.76,1.57,6.9,0.07,30.3,0.022,3726743,5314322,51.43,0.005,102.84,0.22,422.96,1.54,9.7,0.03,30.34,0.012,51.43,0.005,103.04,0.0,423.58,1.3,10.0,0.07,30.34,0.01,3691449,5313207,1.310491,0.7,369.66,424.01,0,0,-5,-21.474836,-21.474836,-21.474836,0,0,0,0,0,0,0,0,0,0
2026-07-08 15:16:28,08-07-2026 14:30:45,2026,7,8,14,30,45,-3632.9632,1207.7536,0,102.8,24.55,62.8,30.5,-20.0,0.0,20.0,0.0,-50.0,0.0,-5.0,0.0,-4.0,0.0,0,0,-20.0,0.0,20.0,0.0,-50.0,0.0,-5.0,0.0,-4.0,0.0,-20.0,0.0,20.0,0.0,-50.0,0.0,-5.0,0.0,-4.0,0.0,0,0,-20.0,0.0,20.0,0.0,-50.0,0.0,-5.0,0.0,-4.0,0.0,0,0,51.43,0.004,80.36,0.04,379.59,1.28,6.0,0.03,29.94,0.013,51.43,0.004,102.78,0.29,370.7,1.44,7.1,0.08,30.23,0.024,3726712,5314411,-20.0,0.0,20.0,0.0,-50.0,0.0,-5.0,0.0,-4.0,0.0,-20.0,0.0,20.0,0.0,-50.0,0.0,-5.0,0.0,-4.0,0.0,0,0,1.310379,0.7,370.56,-50.0,0,0,-5,-21.474836,-21.474836,-21.474836,0,0,0,0,0,0,0,0,0,0
2026-07-08 17:27:51,08-07-2026 16:58:27,2026,7,8,16,58,27,-3626.44,1211.328,8192,102.8,24.71,60.7,30.7,51.43,0.004,105.98,0.0,0.31,0.67,5.8,0.02,29.72,0.013,4055092,5314212,51.43,0.005,116.87,0.02,525.23,1.74,6.5,0.03,30.37,0.013,51.43,0.004,103.25,0.24,528.78,1.61,6.8,0.11,30.42,0.019,3627862,5313826,51.43,0.005,103.11,0.01,528.68,1.72,7.1,0.09,30.45,0.013,3628455,5313780,51.43,0.005,78.57,0.06,378.98,1.67,5.7,0.03,30.15,0.013,51.43,0.005,102.55,0.63,369.47,1.49,6.6,0.05,30.4,0.021,3726243,5313445,51.43,0.004,102.51,0.64,438.87,1.72,9.0,0.1,30.47,0.014,51.43,0.004,103.12,0.01,439.05,1.53,9.2,0.06,30.47,0.013,3680117,5312511,1.310846,0.7,369.38,439.42,0,0,-5,-21.474836,-21.474836,-21.474836,0,0,0,0,0,0,0,0,0,0
2026-07-08 20:26:38,08-07-2026 17:26:48,2026,7,8,17,26,48,-3626.0096,1212.0,0,102.8,24.77,60.5,30.8,-20.0,0.0,20.0,0.0,-50.0,0.0,-5.0,0.0,-4.0,0.0,0,0,-20.0,0.0,20.0,0.0,-50.0,0.0,-5.0,0.0,-4.0,0.0,-20.0,0.0,20.0,0.0,-50.0,0.0,-5.0,0.0,-4.0,0.0,0,0,-20.0,0.0,20.0,0.0,-50.0,0.0,-5.0,0.0,-4.0,0.0,0,0,51.43,0.004,78.2,0.04,379.52,1.78,5.7,0.03,30.18,0.013,51.43,0.004,102.33,0.89,370.18,0.99,6.6,0.05,30.42,0.022,3726530,5313494,-20.0,0.0,20.0,0.0,-50.0,0.0,-5.0,0.0,-4.0,0.0,-20.0,0.0,20.0,0.0,-50.0,0.0,-5.0,0.0,-4.0,0.0,0,0,1.310846,0.7,370.1,-50.0,0,0,-5,-21.474836,-21.474836,-21.474836,0,0,0,0,0,0,0,0,0,0
2026-07-13 14:14:01,13-07-2026 13:42:29,2026,7,13,13,42,29,-3536.9568,1204.2176,9728,101.68,20.62,62.9,26.1,35.2,0.354,107.19,0.02,-1.05,1.3,13.5,0.14,18.45,0.029,4148273,5433316,40.84,0.314,119.74,0.01,512.87,3.61,16.2,0.12,19.13,0.05,42.37,0.306,102.49,0.41,519.1,2.72,17.7,0.8,19.37,0.057,3674630,5381064,43.54,0.298,102.2,0.01,520.87,3.51,20.1,0.52,19.58,0.054,3669830,5371921,51.42,0.003,74.75,0.06,377.2,2.23,9.0,0.04,25.0,0.029,51.42,0.003,96.67,0.42,370.48,1.23,11.8,0.4,25.34,0.042,3740455,5306239,49.85,0.228,102.04,0.2,344.2,2.61,26.8,0.16,20.84,0.058,50.69,0.105,102.23,0.0,345.74,2.39,27.9,0.18,21.18,0.061,3742206,5310131,1.02,0.7,369.75,346.35,0,0,-5,-21.474836,-21.474836,-21.474836,0,0,0,0,0,0,0,0,0,0
2026-07-13 14:44:36,13-07-2026 14:10:42,2026,7,13,14,10,42,-3536.7296,1203.376,8192,102.26,22.08,65.4,27.8,51.42,0.003,105.12,0.01,-2.24,0.53,8.4,0.03,25.52,0.022,4053405,5307843,51.42,0.003,119.27,0.04,527.01,1.22,9.5,0.05,26.41,0.021,51.42,0.003,102.4,0.31,531.23,1.69,10.3,0.41,26.61,0.043,3628699,5307679,51.42,0.003,102.21,0.0,531.34,1.31,11.6,0.29,26.71,0.024,3629412,5307547,51.42,0.004,75.33,0.08,382.72,2.42,7.6,0.03,27.72,0.016,51.43,0.003,98.45,1.21,373.72,1.27,9.5,0.37,28.01,0.024,3736846,5308650,51.42,0.003,100.97,1.16,371.07,1.28,16.4,0.2,27.06,0.02,51.42,0.003,102.21,0.0,371.82,1.88,17.0,0.12,27.14,0.017,3724222,5305611,1.309875,0.7,373.45,372.52,0,0,-5,-21.474836,-21.474836,-21.474836,0,0,0,0,0,0,0,0,0,0
2026-07-13 14:51:36,13-07-2026 14:39:03,2026,7,13,14,39,3,-3536.4808,1202.5152,0,102.38,22.6,65.5,28.3,-20.0,0.0,20.0,0.0,-50.0,0.0,-5.0,0.0,-4.0,0.0,0,0,-20.0,0.0,20.0,0.0,-50.0,0.0,-5.0,0.0,-4.0,0.0,-20.0,0.0,20.0,0.0,-50.0,0.0,-5.0,0.0,-4.0,0.0,0,0,-20.0,0.0,20.0,0.0,-50.0,0.0,-5.0,0.0,-4.0,0.0,0,0,51.43,0.004,77.79,0.05,382.79,1.27,7.2,0.03,28.18,0.014,51.43,0.003,101.84,0.48,373.34,1.27,9.1,0.19,28.49,0.026,3725986,5309151,-20.0,0.0,20.0,0.0,-50.0,0.0,-5.0,0.0,-4.0,0.0,-20.0,0.0,20.0,0.0,-50.0,0.0,-5.0,0.0,-4.0,0.0,0,0,1.309875,0.7,373.02,-50.0,0,0,-5,-21.474836,-21.474836,-21.474836,0,0,0,0,0,0,0,0,0,0
2026-07-13 15:06:44,13-07-2026 14:54:03,2026,7,13,14,54,3,-3536.3584,1202.0672,0,102.55,23.0,65.6,28.8,-20.0,0.0,20.0,0.0,-50.0,0.0,-5.0,0.0,-4.0,0.0,0,0,-20.0,0.0,20.0,0.0,-50.0,0.0,-5.0,0.0,-4.0,0.0,-20.0,0.0,20.0,0.0,-50.0,0.0,-5.0,0.0,-4.0,0.0,0,0,-20.0,0.0,20.0,0.0,-50.0,0.0,-5.0,0.0,-4.0,0.0,0,0,51.43,0.004,79.5,0.05,383.51,1.65,7.1,0.03,28.62,0.016,51.43,0.004,101.98,0.29,374.52,1.29,8.7,0.18,28.95,0.027,3725168,5309801,-20.0,0.0,20.0,0.0,-50.0,0.0,-5.0,0.0,-4.0,0.0,-20.0,0.0,20.0,0.0,-50.0,0.0,-5.0,0.0,-4.0,0.0,0,0,1.309875,0.7,374.15,-50.0,0,0,-5,-21.474836,-21.474836,-21.474836,0,0,0,0,0,0,0,0,0,0
2026-07-13 16:18:31,13-07-2026 15:52:24,2026,7,13,15,52,24,-3535.9088,1200.4576,0,102.88,24.09,64.9,30.0,-20.0,0.0,20.0,0.0,-50.0,0.0,-5.0,0.0,-4.0,0.0,0,0,-20.0,0.0,20.0,0.0,-50.0,0.0,-5.0,0.0,-4.0,0.0,-20.0,0.0,20.0,0.0,-50.0,0.0,-5.0,0.0,-4.0,0.0,0,0,-20.0,0.0,20.0,0.0,-50.0,0.0,-5.0,0.0,-4.0,0.0,0,0,51.43,0.004,83.21,0.05,380.73,1.23,6.5,0.03,29.5,0.013,51.43,0.004,102.16,0.1,373.17,1.25,7.6,0.14,29.85,0.028,3725237,5310519,-20.0,0.0,20.0,0.0,-50.0,0.0,-5.0,0.0,-4.0,0.0,-20.0,0.0,20.0,0.0,-50.0,0.0,-5.0,0.0,-4.0,0.0,0,0,1.310102,0.7,372.95,-50.0,0,0,-5,-21.474836,-21.474836,-21.474836,0,0,0,0,0,0,0,0,0,0
2026-07-13 16:25:34,13-07-2026 15:37:24,2026,7,13,15,37,24,-3536.028,1200.8832,0,102.84,23.93,65.1,29.8,-20.0,0.0,20.0,0.0,-50.0,0.0,-5.0,0.0,-4.0,0.0,0,0,-20.0,0.0,20.0,0.0,-50.0,0.0,-5.0,0.0,-4.0,0.0,-20.0,0.0,20.0,0.0,-50.0,0.0,-5.0,0.0,-4.0,0.0,0,0,-20.0,0.0,20.0,0.0,-50.0,0.0,-5.0,0.0,-4.0,0.0,0,0,51.43,0.004,82.0,0.04,381.09,1.48,6.5,0.03,29.35,0.014,51.43,0.004,102.12,0.14,373.17,1.19,7.8,0.14,29.69,0.024,3725304,5310404,-20.0,0.0,20.0,0.0,-50.0,0.0,-5.0,0.0,-4.0,0.0,-20.0,0.0,20.0,0.0,-50.0,0.0,-5.0,0.0,-4.0,0.0,0,0,1.310102,0.7,372.98,-50.0,0,0,-5,-21.474836,-21.474836,-21.474836,0,0,0,0,0,0,0,0,0,0
2026-07-13 16:29:13,13-07-2026 15:09:03,2026,7,13,15,9,3,-3536.2416,1201.6672,8192,102.77,23.69,65.3,29.6,51.43,0.004,105.17,0.0,0.59,0.55,7.0,0.02,28.43,0.015,4054771,5310607,51.43,0.004,119.03,0.02,526.26,1.65,7.8,0.03,29.1,0.014,51.43,0.004,102.42,0.27,530.37,1.11,8.3,0.23,29.23,0.028,3630116,5310216,51.43,0.004,102.24,0.01,530.4,1.68,9.1,0.19,29.29,0.015,3630827,5310173,51.43,0.004,80.74,0.05,381.42,1.4,6.7,0.03,29.22,0.012,51.43,0.005,102.07,0.21,373.03,1.16,8.1,0.13,29.54,0.029,3725449,5310241,51.43,0.004,100.48,1.44,386.32,1.24,12.6,0.11,29.38,0.013,51.43,0.004,102.24,0.0,386.49,1.09,12.9,0.08,29.39,0.012,3715657,5308375,1.310102,0.7,372.88,387.08,0,0,-5,-21.474836,-21.474836,-21.474836,0,0,0,0,0,0,0,0,0,0
2026-07-13 16:41:27,13-07-2026 16:07:24,2026,7,13,16,7,24,-3535.7936,1200.0512,8192,102.96,24.35,64.5,30.3,51.43,0.005,105.0,0.0,0.41,0.73,6.4,0.02,29.25,0.011,4054695,5311194,51.43,0.005,118.95,0.02,525.99,1.35,7.1,0.03,29.85,0.014,51.43,0.005,102.42,0.28,530.1,1.4,7.5,0.18,29.97,0.029,3630248,5310750,51.43,0.004,102.24,0.01,530.22,1.36,8.1,0.15,30.02,0.012,3630892,5310674,51.43,0.004,84.03,0.03,378.31,1.46,6.3,0.03,29.71,0.013,51.43,0.005,102.19,0.08,371.1,1.22,7.3,0.11,30.06,0.032,3726203,5310619,51.43,0.004,100.14,1.51,396.31,1.43,11.1,0.07,30.07,0.014,51.43,0.004,102.25,0.01,396.2,1.31,11.3,0.06,30.07,0.014,3709476,5309142,1.31022,0.7,370.97,396.72,0,0,-5,-21.474836,-21.474836,-21.474836,0,0,0,0,0,0,0,0,0,0
2026-07-13 16:47:42,13-07-2026 16:35:45,2026,7,13,16,35,45,-3535.5904,1159.3088,0,102.97,24.47,64.2,30.5,-20.0,0.0,20.0,0.0,-50.0,0.0,-5.0,0.0,-4.0,0.0,0,0,-20.0,0.0,20.0,0.0,-50.0,0.0,-5.0,0.0,-4.0,0.0,-20.0,0.0,20.0,0.0,-50.0,0.0,-5.0,0.0,-4.0,0.0,0,0,-20.0,0.0,20.0,0.0,-50.0,0.0,-5.0,0.0,-4.0,0.0,0,0,51.43,0.004,84.84,0.05,378.19,1.68,6.2,0.03,29.76,0.012,51.43,0.004,102.22,0.08,371.04,1.17,7.2,0.12,30.12,0.029,3726107,5310636,-20.0,0.0,20.0,0.0,-50.0,0.0,-5.0,0.0,-4.0,0.0,-20.0,0.0,20.0,0.0,-50.0,0.0,-5.0,0.0,-4.0,0.0,0,0,1.31022,0.7,370.89,-50.0,0,0,-5,-21.474836,-21.474836,-21.474836,0,0,0,0,0,0,0,0,0,0
2026-07-13 17:02:58,13-07-2026 16:50:45,2026,7,13,16,50,45,-3535.4752,1158.9088,0,102.98,24.52,64.0,30.5,-20.0,0.0,20.0,0.0,-50.0,0.0,-5.0,0.0,-4.0,0.0,0,0,-20.0,0.0,20.0,0.0,-50.0,0.0,-5.0,0.0,-4.0,0.0,-20.0,0.0,20.0,0.0,-50.0,0.0,-5.0,0.0,-4.0,0.0,0,0,-20.0,0.0,20.0,0.0,-50.0,0.0,-5.0,0.0,-4.0,0.0,0,0,51.43,0.005,83.42,0.06,379.55,1.54,6.2,0.03,29.87,0.014,51.43,0.004,102.2,0.08,371.68,1.24,7.2,0.11,30.2,0.028,3725739,5310589,-20.0,0.0,20.0,0.0,-50.0,0.0,-5.0,0.0,-4.0,0.0,-20.0,0.0,20.0,0.0,-50.0,0.0,-5.0,0.0,-4.0,0.0,0,0,1.31022,0.7,371.53,-50.0,0,0,-5,-21.474836,-21.474836,-21.474836,0,0,0,0,0,0,0,0,0,0
2026-07-13 19:10:08,13-07-2026 18:47:27,2026,7,13,18,47,27,-3534.8544,1155.8016,0,102.99,24.71,62.3,30.7,-20.0,0.0,20.0,0.0,-50.0,0.0,-5.0,0.0,-4.0,0.0,0,0,-20.0,0.0,20.0,0.0,-50.0,0.0,-5.0,0.0,-4.0,0.0,-20.0,0.0,20.0,0.0,-50.0,0.0,-5.0,0.0,-4.0,0.0,0,0,-20.0,0.0,20.0,0.0,-50.0,0.0,-5.0,0.0,-4.0,0.0,0,0,51.43,0.005,82.25,0.03,379.78,1.63,5.9,0.03,30.06,0.014,51.43,0.005,102.19,0.12,371.72,1.47,6.8,0.08,30.36,0.026,3725269,5310697,-20.0,0.0,20.0,0.0,-50.0,0.0,-5.0,0.0,-4.0,0.0,-20.0,0.0,20.0,0.0,-50.0,0.0,-5.0,0.0,-4.0,0.0,0,0,1.310403,0.7,371.63,-50.0,0,0,-5,-21.474836,-21.474836,-21.474836,0,0,0,0,0,0,0,0,0,0
2026-07-13 19:28:32,13-07-2026 18:32:27,2026,7,13,18,32,27,-3534.9104,1156.2144,0,103.01,24.71,62.5,30.8,-20.0,0.0,20.0,0.0,-50.0,0.0,-5.0,0.0,-4.0,0.0,0,0,-20.0,0.0,20.0,0.0,-50.0,0.0,-5.0,0.0,-4.0,0.0,-20.0,0.0,20.0,0.0,-50.0,0.0,-5.0,0.0,-4.0,0.0,0,0,-20.0,0.0,20.0,0.0,-50.0,0.0,-5.0,0.0,-4.0,0.0,0,0,51.43,0.005,82.28,0.05,379.48,1.25,5.9,0.03,30.04,0.012,51.43,0.005,102.2,0.12,371.38,1.24,6.8,0.08,30.35,0.025,3725394,5310599,-20.0,0.0,20.0,0.0,-50.0,0.0,-5.0,0.0,-4.0,0.0,-20.0,0.0,20.0,0.0,-50.0,0.0,-5.0,0.0,-4.0,0.0,0,0,1.310403,0.7,371.29,-50.0,0,0,-5,-21.474836,-21.474836,-21.474836,0,0,0,0,0,0,0,0,0,0
2026-07-13 19:30:33,13-07-2026 18:04:06,2026,7,13,18,4,6,-3535.0,1156.992,8192,103.0,24.65,62.8,30.7,51.43,0.004,105.11,0.0,0.27,0.68,6.0,0.03,29.67,0.013,4054093,5311277,51.43,0.005,118.96,0.02,525.87,1.35,6.6,0.03,30.24,0.012,51.43,0.005,102.45,0.27,529.87,1.92,6.9,0.14,30.34,0.027,3629765,5310903,51.43,0.004,102.28,0.01,529.94,1.6,7.4,0.12,30.38,0.012,3630417,5310829,51.43,0.005,82.28,0.05,379.34,1.46,6.0,0.02,30.02,0.013,51.43,0.004,102.19,0.14,371.37,1.41,6.9,0.08,30.33,0.025,3725501,5310681,51.43,0.005,99.98,1.5,399.26,1.49,9.8,0.06,30.41,0.015,51.43,0.005,102.26,0.01,398.93,1.39,9.9,0.06,30.41,0.013,3707281,5309445,1.310403,0.7,371.29,399.36,0,0,-5,-21.474836,-21.474836,-21.474836,0,0,0,0,0,0,0,0,0,0
2026-07-13 21:00:39,13-07-2026 17:49:06,2026,7,13,17,49,6,-3535.0656,1157.3952,0,103.0,24.67,63.1,30.7,-20.0,0.0,20.0,0.0,-50.0,0.0,-5.0,0.0,-4.0,0.0,0,0,-20.0,0.0,20.0,0.0,-50.0,0.0,-5.0,0.0,-4.0,0.0,-20.0,0.0,20.0,0.0,-50.0,0.0,-5.0,0.0,-4.0,0.0,0,0,-20.0,0.0,20.0,0.0,-50.0,0.0,-5.0,0.0,-4.0,0.0,0,0,51.43,0.004,82.4,0.04,379.35,1.46,6.0,0.02,30.01,0.013,51.43,0.005,102.19,0.1,371.49,1.38,7.0,0.09,30.32,0.027,3725556,5310697,-20.0,0.0,20.0,0.0,-50.0,0.0,-5.0,0.0,-4.0,0.0,-20.0,0.0,20.0,0.0,-50.0,0.0,-5.0,0.0,-4.0,0.0,0,0,1.310358,0.7,371.38,-50.0,0,0,-5,-21.474836,-21.474836,-21.474836,0,0,0,0,0,0,0,0,0,0
2026-07-13 22:06:08,13-07-2026 17:34:06,2026,7,13,17,34,6,-3535.1656,1157.7824,0,103.01,24.67,63.3,30.7,-20.0,0.0,20.0,0.0,-50.0,0.0,-5.0,0.0,-4.0,0.0,0,0,-20.0,0.0,20.0,0.0,-50.0,0.0,-5.0,0.0,-4.0,0.0,-20.0,0.0,20.0,0.0,-50.0,0.0,-5.0,0.0,-4.0,0.0,0,0,-20.0,0.0,20.0,0.0,-50.0,0.0,-5.0,0.0,-4.0,0.0,0,0,51.43,0.004,82.49,0.03,379.16,1.31,6.0,0.02,29.98,0.012,51.43,0.004,102.19,0.13,371.25,1.43,7.0,0.1,30.29,0.026,3725798,5310785,-20.0,0.0,20.0,0.0,-50.0,0.0,-5.0,0.0,-4.0,0.0,-20.0,0.0,20.0,0.0,-50.0,0.0,-5.0,0.0,-4.0,0.0,0,0,1.310358,0.7,371.13,-50.0,0,0,-5,-21.474836,-21.474836,-21.474836,0,0,0,0,0,0,0,0,0,0
2026-07-13 22:10:02,13-07-2026 17:05:45,2026,7,13,17,5,45,-3535.372,1158.5248,8192,102.99,24.58,63.6,30.6,51.43,0.004,105.09,0.0,0.38,0.6,6.2,0.03,29.56,0.011,4054419,5311310,51.43,0.004,118.97,0.02,525.91,1.23,6.8,0.04,30.14,0.013,51.43,0.005,102.44,0.27,529.91,1.47,7.2,0.16,30.25,0.023,3629968,5310947,51.43,0.005,102.26,0.01,529.84,1.41,7.7,0.13,30.29,0.014,3630760,5310906,51.43,0.004,82.67,0.04,379.2,1.75,6.1,0.03,29.94,0.014,51.43,0.004,102.19,0.11,371.51,1.29,7.1,0.09,30.26,0.026,3725612,5310784,51.43,0.005,99.92,1.53,396.59,1.74,10.3,0.07,30.32,0.013,51.43,0.004,102.27,0.01,396.29,1.56,10.4,0.07,30.32,0.014,3709139,5309504,1.310358,0.7,371.41,396.75,0,0,-5,-21.474836,-21.474836,-21.474836,0,0,0,0,0,0,0,0,0,0
2026-07-14 21:19:23,14-07-2026 20:49:31,2026,7,14,20,49,31,-3532.9088,1142.6208,8192,102.85,24.71,59.5,30.7,51.42,0.004,105.35,0.0,0.0,0.8,5.6,0.03,29.73,0.014,4055613,5314666,51.43,0.004,119.51,0.02,525.17,1.22,6.1,0.03,30.29,0.012,51.43,0.004,102.59,0.3,529.05,1.04,6.3,0.1,30.39,0.024,3630998,5314416,51.43,0.005,102.4,0.01,529.06,1.33,6.7,0.09,30.43,0.011,3631722,5314264,51.43,0.004,82.83,0.05,377.52,1.76,5.6,0.03,30.06,0.01,51.43,0.004,102.29,0.12,369.99,1.2,6.3,0.05,30.37,0.024,3727329,5313999,51.43,0.005,99.12,1.53,395.62,1.27,8.7,0.1,30.46,0.013,51.43,0.004,102.38,0.01,395.24,1.42,8.5,0.06,30.46,0.012,3710630,5313128,1.310756,0.7,369.94,395.55,0,0,-5,-21.474836,-21.474836,-21.474836,0,0,0,0,0,0,0,0,0,0
2026-07-14 21:24:25,14-07-2026 20:34:31,2026,7,14,20,34,31,-3532.9232,1142.1184,0,102.87,24.72,59.6,30.8,-20.0,0.0,20.0,0.0,-50.0,0.0,-5.0,0.0,-4.0,0.0,0,0,-20.0,0.0,20.0,0.0,-50.0,0.0,-5.0,0.0,-4.0,0.0,-20.0,0.0,20.0,0.0,-50.0,0.0,-5.0,0.0,-4.0,0.0,0,0,-20.0,0.0,20.0,0.0,-50.0,0.0,-5.0,0.0,-4.0,0.0,0,0,51.43,0.004,82.95,0.07,376.79,1.71,5.6,0.03,30.08,0.012,51.43,0.005,102.26,0.12,369.47,1.03,6.3,0.05,30.39,0.027,3727774,5314184,-20.0,0.0,20.0,0.0,-50.0,0.0,-5.0,0.0,-4.0,0.0,-20.0,0.0,20.0,0.0,-50.0,0.0,-5.0,0.0,-4.0,0.0,0,0,1.310794,0.7,369.4,-50.0,0,0,-5,-21.474836,-21.474836,-21.474836,0,0,0,0,0,0,0,0,0,0
2026-07-14 21:30:40,14-07-2026 21:17:52,2026,7,14,21,17,52,-3533.2336,1143.3376,0,102.86,24.74,59.2,30.8,-20.0,0.0,20.0,0.0,-50.0,0.0,-5.0,0.0,-4.0,0.0,0,0,-20.0,0.0,20.0,0.0,-50.0,0.0,-5.0,0.0,-4.0,0.0,-20.0,0.0,20.0,0.0,-50.0,0.0,-5.0,0.0,-4.0,0.0,0,0,-20.0,0.0,20.0,0.0,-50.0,0.0,-5.0,0.0,-4.0,0.0,0,0,51.43,0.004,82.7,0.06,377.62,1.47,5.5,0.03,30.07,0.012,51.43,0.005,102.29,0.12,369.94,1.8,6.3,0.04,30.38,0.025,3727374,5314030,-20.0,0.0,20.0,0.0,-50.0,0.0,-5.0,0.0,-4.0,0.0,-20.0,0.0,20.0,0.0,-50.0,0.0,-5.0,0.0,-4.0,0.0,0,0,1.310756,0.7,369.88,-50.0,0,0,-5,-21.474836,-21.474836,-21.474836,0,0,0,0,0,0,0,0,0,0
2026-07-14 22:17:36,14-07-2026 21:47:52,2026,7,14,21,47,52,-3533.7736,1143.6544,8192,102.85,24.72,58.9,30.8,51.43,0.004,105.26,0.0,0.18,1.04,5.5,0.03,29.74,0.014,4055296,5314395,51.43,0.005,119.53,0.02,525.11,1.31,6.1,0.03,30.29,0.013,51.43,0.005,102.61,0.29,528.99,1.88,6.3,0.1,30.4,0.027,3630602,5314201,51.43,0.005,102.42,0.01,528.8,1.93,6.6,0.08,30.44,0.011,3631450,5314112,51.43,0.004,82.8,0.22,379.12,2.23,5.6,0.03,30.09,0.012,51.43,0.004,102.32,0.12,371.55,1.62,6.2,0.04,30.39,0.028,3725951,5313930,51.43,0.004,98.85,1.43,394.37,1.74,8.6,0.08,30.47,0.015,51.43,0.005,102.39,0.01,393.86,1.38,8.3,0.05,30.47,0.015,3711107,5312908,1.310827,0.7,371.5,394.15,0,0,-5,-21.474836,-21.474836,-21.474836,0,0,0,0,0,0,0,0,0,0
2026-07-14 22:27:08,14-07-2026 21:32:52,2026,7,14,21,32,52,-3533.4864,1143.5648,0,102.85,24.72,59.1,30.8,-20.0,0.0,20.0,0.0,-50.0,0.0,-5.0,0.0,-4.0,0.0,0,0,-20.0,0.0,20.0,0.0,-50.0,0.0,-5.0,0.0,-4.0,0.0,-20.0,0.0,20.0,0.0,-50.0,0.0,-5.0,0.0,-4.0,0.0,0,0,-20.0,0.0,20.0,0.0,-50.0,0.0,-5.0,0.0,-4.0,0.0,0,0,51.43,0.005,82.59,0.05,378.15,1.42,5.5,0.03,30.08,0.014,51.43,0.004,102.26,0.15,370.42,1.39,6.3,0.05,30.39,0.027,3727122,5313961,-20.0,0.0,20.0,0.0,-50.0,0.0,-5.0,0.0,-4.0,0.0,-20.0,0.0,20.0,0.0,-50.0,0.0,-5.0,0.0,-4.0,0.0,0,0,1.310756,0.7,370.36,-50.0,0,0,-5,-21.474836,-21.474836,-21.474836,0,0,0,0,0,0,0,0,0,0
2026-07-14 22:29:33,14-07-2026 22:16:13,2026,7,14,22,16,13,-3534.3904,1143.5424,0,102.87,24.79,58.7,30.9,-20.0,0.0,20.0,0.0,-50.0,0.0,-5.0,0.0,-4.0,0.0,0,0,-20.0,0.0,20.0,0.0,-50.0,0.0,-5.0,0.0,-4.0,0.0,-20.0,0.0,20.0,0.0,-50.0,0.0,-5.0,0.0,-4.0,0.0,0,0,-20.0,0.0,20.0,0.0,-50.0,0.0,-5.0,0.0,-4.0,0.0,0,0,51.43,0.004,82.63,0.16,379.37,1.22,5.5,0.03,30.11,0.012,51.43,0.005,102.31,0.12,371.43,1.2,6.2,0.05,30.41,0.024,3726014,5313883,-20.0,0.0,20.0,0.0,-50.0,0.0,-5.0,0.0,-4.0,0.0,-20.0,0.0,20.0,0.0,-50.0,0.0,-5.0,0.0,-4.0,0.0,0,0,1.310827,0.7,371.37,-50.0,0,0,-5,-21.474836,-21.474836,-21.474836,0,0,0,0,0,0,0,0,0,0
2026-07-14 23:18:19,14-07-2026 22:46:13,2026,7,14,22,46,13,-3534.8896,1142.8512,8192,102.83,24.74,58.4,30.8,51.42,0.005,105.3,0.0,0.05,0.8,5.5,0.03,29.78,0.011,4055103,5314235,51.43,0.004,119.55,0.02,525.03,1.84,6.0,0.04,30.33,0.013,51.43,0.005,102.63,0.3,528.71,2.0,6.2,0.09,30.44,0.025,3630348,5313773,51.43,0.005,102.43,0.01,528.9,1.54,6.5,0.08,30.48,0.014,3631205,5313933,51.43,0.004,82.56,0.05,376.97,1.32,5.5,0.03,30.1,0.014,51.43,0.005,102.37,0.11,369.39,1.54,6.2,0.04,30.41,0.023,3727028,5313747,51.43,0.005,98.79,1.57,394.51,1.51,8.5,0.11,30.5,0.012,51.43,0.004,102.42,0.01,394.07,1.35,8.2,0.06,30.5,0.013,3710657,5312680,1.310841,0.7,369.35,394.35,0,0,-5,-21.474836,-21.474836,-21.474836,0,0,0,0,0,0,0,0,0,0
2026-07-14 23:27:07,14-07-2026 23:14:34,2026,7,14,23,14,34,-3534.8792,1141.8912,0,102.82,24.79,58.3,30.9,-20.0,0.0,20.0,0.0,-50.0,0.0,-5.0,0.0,-4.0,0.0,0,0,-20.0,0.0,20.0,0.0,-50.0,0.0,-5.0,0.0,-4.0,0.0,-20.0,0.0,20.0,0.0,-50.0,0.0,-5.0,0.0,-4.0,0.0,0,0,-20.0,0.0,20.0,0.0,-50.0,0.0,-5.0,0.0,-4.0,0.0,0,0,51.43,0.004,82.58,0.06,378.17,1.32,5.5,0.03,30.11,0.013,51.43,0.005,102.34,0.09,370.6,1.11,6.2,0.04,30.41,0.024,3726324,5313727,-20.0,0.0,20.0,0.0,-50.0,0.0,-5.0,0.0,-4.0,0.0,-20.0,0.0,20.0,0.0,-50.0,0.0,-5.0,0.0,-4.0,0.0,0,0,1.310841,0.7,370.55,-50.0,0,0,-5,-21.474836,-21.474836,-21.474836,0,0,0,0,0,0,0,0,0,0
2026-07-14 23:44:41,14-07-2026 23:29:34,2026,7,14,23,29,34,-3534.5944,1141.4304,0,102.83,24.75,58.2,30.8,-20.0,0.0,20.0,0.0,-50.0,0.0,-5.0,0.0,-4.0,0.0,0,0,-20.0,0.0,20.0,0.0,-50.0,0.0,-5.0,0.0,-4.0,0.0,-20.0,0.0,20.0,0.0,-50.0,0.0,-5.0,0.0,-4.0,0.0,0,0,-20.0,0.0,20.0,0.0,-50.0,0.0,-5.0,0.0,-4.0,0.0,0,0,51.43,0.004,82.65,0.05,378.86,1.44,5.4,0.03,30.11,0.013,51.43,0.006,102.34,0.11,371.27,1.4,6.2,0.05,30.42,0.025,3725885,5313761,-20.0,0.0,20.0,0.0,-50.0,0.0,-5.0,0.0,-4.0,0.0,-20.0,0.0,20.0,0.0,-50.0,0.0,-5.0,0.0,-4.0,0.0,0,0,1.310841,0.7,371.21,-50.0,0,0,-5,-21.474836,-21.474836,-21.474836,0,0,0,0,0,0,0,0,0,0
2026-07-15 00:03:11,14-07-2026 22:31:13,2026,7,14,22,31,13,-3534.6928,1143.2832,0,102.85,24.77,58.6,30.8,-20.0,0.0,20.0,0.0,-50.0,0.0,-5.0,0.0,-4.0,0.0,0,0,-20.0,0.0,20.0,0.0,-50.0,0.0,-5.0,0.0,-4.0,0.0,-20.0,0.0,20.0,0.0,-50.0,0.0,-5.0,0.0,-4.0,0.0,0,0,-20.0,0.0,20.0,0.0,-50.0,0.0,-5.0,0.0,-4.0,0.0,0,0,51.43,0.005,82.61,0.14,378.92,1.5,5.5,0.03,30.13,0.011,51.43,0.005,102.31,0.14,371.09,1.49,6.2,0.05,30.43,0.025,3726161,5313764,-20.0,0.0,20.0,0.0,-50.0,0.0,-5.0,0.0,-4.0,0.0,-20.0,0.0,20.0,0.0,-50.0,0.0,-5.0,0.0,-4.0,0.0,0,0,1.310827,0.7,371.04,-50.0,0,0,-5,-21.474836,-21.474836,-21.474836,0,0,0,0,0,0,0,0,0,0
2026-07-15 00:04:41,14-07-2026 20:19:31,2026,7,14,20,19,31,-3533.12,1141.5648,0,102.87,24.75,59.8,30.8,-20.0,0.0,20.0,0.0,-50.0,0.0,-5.0,0.0,-4.0,0.0,0,0,-20.0,0.0,20.0,0.0,-50.0,0.0,-5.0,0.0,-4.0,0.0,-20.0,0.0,20.0,0.0,-50.0,0.0,-5.0,0.0,-4.0,0.0,0,0,-20.0,0.0,20.0,0.0,-50.0,0.0,-5.0,0.0,-4.0,0.0,0,0,51.43,0.005,82.99,0.11,377.29,1.35,5.6,0.03,30.07,0.014,51.43,0.005,102.29,0.11,369.69,1.41,6.3,0.05,30.38,0.025,3727572,5314228,-20.0,0.0,20.0,0.0,-50.0,0.0,-5.0,0.0,-4.0,0.0,-20.0,0.0,20.0,0.0,-50.0,0.0,-5.0,0.0,-4.0,0.0,0,0,1.310794,0.7,369.63,-50.0,0,0,-5,-21.474836,-21.474836,-21.474836,0,0,0,0,0,0,0,0,0,0
2026-07-15 00:05:32,14-07-2026 19:51:10,2026,7,14,19,51,10,-3534.0624,1141.1424,8192,102.87,24.68,59.9,30.7,51.43,0.004,105.18,0.0,0.24,0.64,5.6,0.02,29.75,0.011,4055879,5314940,51.43,0.004,119.51,0.02,524.83,1.34,6.2,0.03,30.3,0.012,51.43,0.005,102.56,0.29,528.63,2.04,6.4,0.1,30.41,0.024,3631405,5314604,51.43,0.004,102.37,0.01,528.68,1.27,6.7,0.09,30.44,0.013,3632121,5314528,51.43,0.004,83.05,0.06,377.48,1.58,5.6,0.03,30.06,0.012,51.43,0.005,102.27,0.11,369.93,1.04,6.4,0.05,30.38,0.025,3727542,5314299,51.43,0.004,98.85,1.34,396.29,1.68,8.9,0.06,30.47,0.013,51.43,0.005,102.36,0.01,395.43,1.39,8.6,0.06,30.47,0.013,3710621,5313322,1.310794,0.7,369.87,395.76,0,0,-5,-21.474836,-21.474836,-21.474836,0,0,0,0,0,0,0,0,0,0
2026-07-15 00:12:32,14-07-2026 19:36:10,2026,7,14,19,36,10,-3534.54,1141.392,0,102.89,24.75,60.2,30.8,-20.0,0.0,20.0,0.0,-50.0,0.0,-5.0,0.0,-4.0,0.0,0,0,-20.0,0.0,20.0,0.0,-50.0,0.0,-5.0,0.0,-4.0,0.0,-20.0,0.0,20.0,0.0,-50.0,0.0,-5.0,0.0,-4.0,0.0,0,0,-20.0,0.0,20.0,0.0,-50.0,0.0,-5.0,0.0,-4.0,0.0,0,0,51.43,0.004,83.03,0.06,378.4,1.99,5.6,0.03,30.09,0.014,51.43,0.005,102.24,0.14,370.8,1.06,6.4,0.06,30.4,0.027,3727494,5314431,-20.0,0.0,20.0,0.0,-50.0,0.0,-5.0,0.0,-4.0,0.0,-20.0,0.0,20.0,0.0,-50.0,0.0,-5.0,0.0,-4.0,0.0,0,0,1.310681,0.7,370.73,-50.0,0,0,-5,-21.474836,-21.474836,-21.474836,0,0,0,0,0,0,0,0,0,0
2026-07-15 00:13:09,14-07-2026 19:21:10,2026,7,14,19,21,10,-3534.7648,1148.832,256,102.91,24.77,60.3,30.8,-20.0,0.0,20.0,0.0,-50.0,0.0,-5.0,0.0,-4.0,0.0,0,0,-20.0,0.0,20.0,0.0,-50.0,0.0,-5.0,0.0,-4.0,0.0,-20.0,0.0,20.0,0.0,-50.0,0.0,-5.0,0.0,-4.0,0.0,0,0,-20.0,0.0,20.0,0.0,-50.0,0.0,-5.0,0.0,-4.0,0.0,0,0,51.43,0.005,83.09,0.06,378.38,1.77,5.7,0.03,30.08,0.012,51.43,0.004,102.17,0.15,370.83,1.08,6.4,0.06,30.39,0.028,3727748,5314486,-20.0,0.0,20.0,0.0,-50.0,0.0,-5.0,0.0,-4.0,0.0,-20.0,0.0,20.0,0.0,-50.0,0.0,-5.0,0.0,-4.0,0.0,0,0,1.310681,0.7,370.76,-50.0,0,0,-5,-21.474836,-21.474836,-21.474836,0,0,0,0,0,0,0,0,0,0
2026-07-15 00:13:21,14-07-2026 23:44:34,2026,7,14,23,44,34,-3534.1496,1141.1424,8192,102.79,24.71,58.1,30.8,51.43,0.005,105.35,0.0,0.15,0.55,5.4,0.03,29.76,0.011,4054868,5314158,51.43,0.004,119.56,0.02,525.13,0.95,6.0,0.03,30.31,0.012,51.43,0.005,102.65,0.3,528.81,1.38,6.2,0.09,30.42,0.025,3630142,5313862,51.43,0.005,102.45,0.01,528.81,1.45,6.5,0.08,30.46,0.015,3630942,5313775,51.43,0.005,83.04,0.1,378.0,1.39,5.5,0.03,30.07,0.011,51.43,0.004,102.47,0.1,370.16,1.06,6.1,0.04,30.39,0.027,3725911,5313502,51.43,0.004,98.56,1.31,394.35,1.65,8.4,0.06,30.48,0.012,51.43,0.004,102.43,0.02,393.64,1.1,8.1,0.05,30.48,0.015,3710802,5312723,1.310883,0.7,370.11,393.93,0,0,-5,-21.474836,-21.474836,-21.474836,0,0,0,0,0,0,0,0,0,0
2026-07-15 00:25:42,15-07-2026 00:12:55,2026,7,15,0,12,55,-3533.244,1141.4496,0,102.8,24.75,57.9,30.9,-20.0,0.0,20.0,0.0,-50.0,0.0,-5.0,0.0,-4.0,0.0,0,0,-20.0,0.0,20.0,0.0,-50.0,0.0,-5.0,0.0,-4.0,0.0,-20.0,0.0,20.0,0.0,-50.0,0.0,-5.0,0.0,-4.0,0.0,0,0,-20.0,0.0,20.0,0.0,-50.0,0.0,-5.0,0.0,-4.0,0.0,0,0,51.43,0.005,83.01,0.04,377.82,1.72,5.4,0.03,30.08,0.012,51.43,0.004,102.43,0.11,370.3,1.34,6.1,0.04,30.39,0.024,3725909,5313493,-20.0,0.0,20.0,0.0,-50.0,0.0,-5.0,0.0,-4.0,0.0,-20.0,0.0,20.0,0.0,-50.0,0.0,-5.0,0.0,-4.0,0.0,0,0,1.310883,0.7,370.25,-50.0,0,0,-5,-21.474836,-21.474836,-21.474836,0,0,0,0,0,0,0,0,0,0
2026-07-15 00:26:51,14-07-2026 18:52:49,2026,7,14,18,52,49,-3534.7648,1148.832,8448,102.9,24.71,60.5,30.7,51.43,0.004,105.25,0.01,0.17,0.96,5.7,0.03,29.74,0.012,4056408,5315199,51.43,0.005,119.49,0.02,525.06,1.44,6.2,0.03,30.29,0.012,51.43,0.005,102.52,0.29,528.88,1.63,6.5,0.11,30.4,0.024,3631867,5314793,51.43,0.004,102.35,0.02,528.88,1.49,6.8,0.09,30.44,0.014,3632568,5314712,51.43,0.005,83.22,0.06,378.16,1.48,5.7,0.03,30.06,0.011,51.43,0.004,102.24,0.1,370.76,1.27,6.4,0.05,30.38,0.026,3727582,5314530,51.43,0.004,99.27,1.5,395.46,1.91,9.0,0.09,30.46,0.011,51.43,0.005,102.33,0.06,395.01,1.71,8.8,0.05,30.46,0.011,3711508,5313560,1.310681,0.7,370.7,395.34,0,0,-5,-21.474836,-21.474836,-21.474836,0,0,0,0,0,0,0,0,0,0
2026-07-15 00:28:49,14-07-2026 18:37:49,2026,7,14,18,37,49,-3534.7648,1148.832,256,102.91,24.74,60.8,30.8,-20.0,0.0,20.0,0.0,-50.0,0.0,-5.0,0.0,-4.0,0.0,0,0,-20.0,0.0,20.0,0.0,-50.0,0.0,-5.0,0.0,-4.0,0.0,-20.0,0.0,20.0,0.0,-50.0,0.0,-5.0,0.0,-4.0,0.0,0,0,-20.0,0.0,20.0,0.0,-50.0,0.0,-5.0,0.0,-4.0,0.0,0,0,51.43,0.004,85.45,0.08,377.2,1.26,5.7,0.02,30.03,0.014,51.43,0.004,102.25,0.05,370.47,1.59,6.4,0.07,30.38,0.032,3728000,5314574,-20.0,0.0,20.0,0.0,-50.0,0.0,-5.0,0.0,-4.0,0.0,-20.0,0.0,20.0,0.0,-50.0,0.0,-5.0,0.0,-4.0,0.0,0,0,1.310606,0.7,370.38,-50.0,0,0,-5,-21.474836,-21.474836,-21.474836,0,0,0,0,0,0,0,0,0,0
2026-07-15 00:29:50,14-07-2026 18:22:49,2026,7,14,18,22,49,-3534.7648,1148.832,256,102.91,24.74,61.0,30.8,-20.0,0.0,20.0,0.0,-50.0,0.0,-5.0,0.0,-4.0,0.0,0,0,-20.0,0.0,20.0,0.0,-50.0,0.0,-5.0,0.0,-4.0,0.0,-20.0,0.0,20.0,0.0,-50.0,0.0,-5.0,0.0,-4.0,0.0,0,0,-20.0,0.0,20.0,0.0,-50.0,0.0,-5.0,0.0,-4.0,0.0,0,0,51.43,0.005,85.3,0.1,376.48,1.78,5.7,0.03,30.02,0.014,51.43,0.004,102.24,0.05,369.55,1.82,6.4,0.07,30.37,0.027,3728683,5314639,-20.0,0.0,20.0,0.0,-50.0,0.0,-5.0,0.0,-4.0,0.0,-20.0,0.0,20.0,0.0,-50.0,0.0,-5.0,0.0,-4.0,0.0,0,0,1.310606,0.7,369.46,-50.0,0,0,-5,-21.474836,-21.474836,-21.474836,0,0,0,0,0,0,0,0,0,0
2026-07-15 01:26:23,15-07-2026 00:27:55,2026,7,15,0,27,55,-3532.9792,1141.9136,0,102.79,24.72,57.9,30.8,-20.0,0.0,20.0,0.0,-50.0,0.0,-5.0,0.0,-4.0,0.0,0,0,-20.0,0.0,20.0,0.0,-50.0,0.0,-5.0,0.0,-4.0,0.0,-20.0,0.0,20.0,0.0,-50.0,0.0,-5.0,0.0,-4.0,0.0,0,0,-20.0,0.0,20.0,0.0,-50.0,0.0,-5.0,0.0,-4.0,0.0,0,0,51.43,0.004,83.04,0.07,377.41,1.42,5.4,0.03,30.09,0.013,51.43,0.004,102.42,0.12,369.69,1.32,6.1,0.04,30.39,0.024,3726389,5313555,-20.0,0.0,20.0,0.0,-50.0,0.0,-5.0,0.0,-4.0,0.0,-20.0,0.0,20.0,0.0,-50.0,0.0,-5.0,0.0,-4.0,0.0,0,0,1.310883,0.7,369.64,-50.0,0,0,-5,-21.474836,-21.474836,-21.474836,0,0,0,0,0,0,0,0,0,0
2026-07-17 08:15:34,17-07-2026 07:57:32,2026,7,17,7,57,32,-3551.0608,1105.6384,0,102.33,22.36,64.7,28.1,-20.0,0.0,20.0,0.0,-50.0,0.0,-5.0,0.0,-4.0,0.0,0,0,-20.0,0.0,20.0,0.0,-50.0,0.0,-5.0,0.0,-4.0,0.0,-20.0,0.0,20.0,0.0,-50.0,0.0,-5.0,0.0,-4.0,0.0,0,0,-20.0,0.0,20.0,0.0,-50.0,0.0,-5.0,0.0,-4.0,0.0,0,0,51.42,0.003,82.6,0.1,385.65,1.45,6.5,0.03,27.92,0.013,51.43,0.004,102.16,0.13,377.81,1.33,7.9,0.17,28.29,0.034,3726137,5315033,-20.0,0.0,20.0,0.0,-50.0,0.0,-5.0,0.0,-4.0,0.0,-20.0,0.0,20.0,0.0,-50.0,0.0,-5.0,0.0,-4.0,0.0,0,0,1.309831,0.7,377.52,-50.0,0,0,-5,-21.474836,-21.474836,-21.474836,0,0,0,0,0,0,0,0,0,0
2026-07-17 08:24:43,17-07-2026 07:29:10,2026,7,17,7,29,10,-3550.4376,1106.3328,8192,102.19,21.88,64.5,27.6,51.42,0.004,105.49,0.01,-2.51,0.64,7.3,0.03,25.32,0.018,4058201,5313951,51.42,0.003,121.12,0.02,526.99,1.6,8.3,0.04,26.18,0.024,51.42,0.003,102.5,0.37,531.12,1.59,9.1,0.35,26.4,0.046,3632521,5313766,51.42,0.003,102.26,0.01,531.26,1.88,10.2,0.25,26.52,0.027,3633407,5313629,51.43,0.003,82.82,0.09,384.01,2.07,6.7,0.03,27.41,0.013,51.43,0.004,102.16,0.12,376.21,1.15,8.3,0.19,27.8,0.035,3726876,5314605,51.42,0.003,96.88,0.86,408.08,1.94,14.4,0.15,26.88,0.023,51.42,0.003,102.23,0.04,407.43,1.23,14.9,0.09,26.95,0.018,3705868,5311983,1.309831,0.7,375.97,408.09,0,0,-5,-21.474836,-21.474836,-21.474836,0,0,0,0,0,0,0,0,0,0
2026-07-17 08:24:58,17-07-2026 08:12:32,2026,7,17,8,12,32,-3551.3952,1105.2736,0,102.49,22.77,64.7,28.6,-20.0,0.0,20.0,0.0,-50.0,0.0,-5.0,0.0,-4.0,0.0,0,0,-20.0,0.0,20.0,0.0,-50.0,0.0,-5.0,0.0,-4.0,0.0,-20.0,0.0,20.0,0.0,-50.0,0.0,-5.0,0.0,-4.0,0.0,0,0,-20.0,0.0,20.0,0.0,-50.0,0.0,-5.0,0.0,-4.0,0.0,0,0,51.43,0.004,81.78,0.04,387.43,1.34,6.4,0.03,28.41,0.013,51.43,0.003,102.13,0.16,378.61,1.35,7.8,0.15,28.76,0.028,3725796,5315159,-20.0,0.0,20.0,0.0,-50.0,0.0,-5.0,0.0,-4.0,0.0,-20.0,0.0,20.0,0.0,-50.0,0.0,-5.0,0.0,-4.0,0.0,0,0,1.309831,0.7,378.31,-50.0,0,0,-5,-21.474836,-21.474836,-21.474836,0,0,0,0,0,0,0,0,0,0
2026-07-17 08:59:11,17-07-2026 08:27:32,2026,7,17,8,27,32,-3551.7376,1104.8864,8192,102.67,23.41,64.4,29.3,51.43,0.003,105.41,0.0,0.46,0.45,6.4,0.02,28.25,0.013,4058973,5315815,51.43,0.004,120.82,0.02,526.21,1.4,7.1,0.04,28.88,0.013,51.43,0.004,102.49,0.33,530.15,1.88,7.5,0.21,29.04,0.035,3633720,5315611,51.43,0.003,102.29,0.0,530.29,1.67,8.2,0.16,29.1,0.015,3634499,5315545,51.43,0.004,80.13,0.05,380.47,1.72,6.2,0.03,29.04,0.014,51.43,0.004,101.95,0.35,371.93,1.84,7.4,0.11,29.34,0.024,3730324,5315372,51.43,0.004,96.93,0.76,405.6,1.71,11.4,0.09,29.19,0.014,51.43,0.004,102.2,0.1,403.78,1.2,11.6,0.05,29.21,0.013,3708703,5313809,1.310034,0.7,371.81,404.33,0,0,-5,-21.474836,-21.474836,-21.474836,0,0,0,0,0,0,0,0,0,0
2026-07-17 09:18:57,17-07-2026 08:55:53,2026,7,17,8,55,53,-3552.404,1104.1504,0,102.73,23.66,64.2,29.6,-20.0,0.0,20.0,0.0,-50.0,0.0,-5.0,0.0,-4.0,0.0,0,0,-20.0,0.0,20.0,0.0,-50.0,0.0,-5.0,0.0,-4.0,0.0,-20.0,0.0,20.0,0.0,-50.0,0.0,-5.0,0.0,-4.0,0.0,0,0,-20.0,0.0,20.0,0.0,-50.0,0.0,-5.0,0.0,-4.0,0.0,0,0,51.43,0.003,79.9,0.05,380.76,1.93,6.1,0.03,29.2,0.012,51.43,0.003,102.01,0.32,372.05,1.28,7.3,0.1,29.49,0.023,3730143,5315553,-20.0,0.0,20.0,0.0,-50.0,0.0,-5.0,0.0,-4.0,0.0,-20.0,0.0,20.0,0.0,-50.0,0.0,-5.0,0.0,-4.0,0.0,0,0,1.310034,0.7,371.91,-50.0,0,0,-5,-21.474836,-21.474836,-21.474836,0,0,0,0,0,0,0,0,0,0
2026-07-17 09:24:34,17-07-2026 09:10:53,2026,7,17,9,10,53,-3552.776,1103.7408,0,102.78,23.8,64.0,29.8,-20.0,0.0,20.0,0.0,-50.0,0.0,-5.0,0.0,-4.0,0.0,0,0,-20.0,0.0,20.0,0.0,-50.0,0.0,-5.0,0.0,-4.0,0.0,-20.0,0.0,20.0,0.0,-50.0,0.0,-5.0,0.0,-4.0,0.0,0,0,-20.0,0.0,20.0,0.0,-50.0,0.0,-5.0,0.0,-4.0,0.0,0,0,51.43,0.004,79.57,0.13,381.13,1.41,6.1,0.02,29.36,0.013,51.43,0.004,101.89,0.41,372.11,1.35,7.2,0.1,29.65,0.024,3730494,5315541,-20.0,0.0,20.0,0.0,-50.0,0.0,-5.0,0.0,-4.0,0.0,-20.0,0.0,20.0,0.0,-50.0,0.0,-5.0,0.0,-4.0,0.0,0,0,1.310034,0.7,371.97,-50.0,0,0,-5,-21.474836,-21.474836,-21.474836,0,0,0,0,0,0,0,0,0,0
2026-07-17 10:19:17,17-07-2026 09:54:14,2026,7,17,9,54,14,-3553.8168,1102.5888,0,102.85,24.14,63.4,30.1,-20.0,0.0,20.0,0.0,-50.0,0.0,-5.0,0.0,-4.0,0.0,0,0,-20.0,0.0,20.0,0.0,-50.0,0.0,-5.0,0.0,-4.0,0.0,-20.0,0.0,20.0,0.0,-50.0,0.0,-5.0,0.0,-4.0,0.0,0,0,-20.0,0.0,20.0,0.0,-50.0,0.0,-5.0,0.0,-4.0,0.0,0,0,51.43,0.004,78.42,0.06,380.54,1.47,5.9,0.03,29.65,0.012,51.43,0.003,101.53,0.75,371.46,1.61,7.0,0.09,29.9,0.022,3731629,5315510,-20.0,0.0,20.0,0.0,-50.0,0.0,-5.0,0.0,-4.0,0.0,-20.0,0.0,20.0,0.0,-50.0,0.0,-5.0,0.0,-4.0,0.0,0,0,1.310198,0.7,371.37,-50.0,0,0,-5,-21.474836,-21.474836,-21.474836,0,0,0,0,0,0,0,0,0,0
2026-07-17 10:24:10,17-07-2026 10:09:14,2026,7,17,10,9,14,-3554.1824,1102.1952,0,102.87,24.19,63.1,30.2,-20.0,0.0,20.0,0.0,-50.0,0.0,-5.0,0.0,-4.0,0.0,0,0,-20.0,0.0,20.0,0.0,-50.0,0.0,-5.0,0.0,-4.0,0.0,-20.0,0.0,20.0,0.0,-50.0,0.0,-5.0,0.0,-4.0,0.0,0,0,-20.0,0.0,20.0,0.0,-50.0,0.0,-5.0,0.0,-4.0,0.0,0,0,51.43,0.004,78.25,0.07,380.12,1.79,5.9,0.03,29.71,0.012,51.43,0.004,101.6,0.7,370.74,1.5,6.9,0.08,29.97,0.022,3731776,5315421,-20.0,0.0,20.0,0.0,-50.0,0.0,-5.0,0.0,-4.0,0.0,-20.0,0.0,20.0,0.0,-50.0,0.0,-5.0,0.0,-4.0,0.0,0,0,1.310198,0.7,370.64,-50.0,0,0,-5,-21.474836,-21.474836,-21.474836,0,0,0,0,0,0,0,0,0,0
2026-08-04 20:23:36,04-08-2026 15:48:37,2026,8,4,15,48,37,-3909.256,834.352,8192,102.54,20.92,67.5,26.8,-20.0,0.0,20.0,0.0,-50.0,0.0,-5.0,0.0,-4.0,0.0,0,0,-20.0,0.0,20.0,0.0,-50.0,0.0,-5.0,0.0,-4.0,0.0,-20.0,0.0,20.0,0.0,-50.0,0.0,-5.0,0.0,-4.0,0.0,0,0,-20.0,0.0,20.0,0.0,-50.0,0.0,-5.0,0.0,-4.0,0.0,0,0,51.42,0.004,89.04,0.21,362.81,1.84,29.7,0.04,27.83,0.014,51.42,0.004,89.25,0.06,363.51,1.96,29.8,0.03,27.84,0.013,3749575,5272148,-20.0,0.0,20.0,0.0,-50.0,0.0,-5.0,0.0,-4.0,0.0,-20.0,0.0,20.0,0.0,-50.0,0.0,-5.0,0.0,-4.0,0.0,0,0,1.309764,0.7,365.18,-50.0,0,0,-5,-21.474836,-21.474836,-21.474836,0,0,0,0,0,0,0,0,0,0
2026-08-04 20:28:16,04-08-2026 15:33:37,2026,8,4,15,33,37,-3908.9984,834.7392,8192,102.54,20.92,67.7,26.8,-20.0,0.0,20.0,0.0,-50.0,0.0,-5.0,0.0,-4.0,0.0,0,0,-20.0,0.0,20.0,0.0,-50.0,0.0,-5.0,0.0,-4.0,0.0,-20.0,0.0,20.0,0.0,-50.0,0.0,-5.0,0.0,-4.0,0.0,0,0,-20.0,0.0,20.0,0.0,-50.0,0.0,-5.0,0.0,-4.0,0.0,0,0,51.42,0.004,90.17,0.23,362.16,1.64,28.3,0.04,27.78,0.011,51.42,0.004,90.6,0.08,362.84,2.03,28.4,0.03,27.79,0.013,3745473,5272069,-20.0,0.0,20.0,0.0,-50.0,0.0,-5.0,0.0,-4.0,0.0,-20.0,0.0,20.0,0.0,-50.0,0.0,-5.0,0.0,-4.0,0.0,0,0,1.309764,0.7,364.28,-50.0,0,0,-5,-21.474836,-21.474836,-21.474836,0,0,0,0,0,0,0,0,0,0
2026-08-04 20:29:02,04-08-2026 15:05:16,2026,8,4,15,5,16,-3908.2688,835.0432,8192,102.53,20.86,67.8,26.8,51.42,0.004,103.47,0.0,0.6,0.6,11.3,0.08,26.72,0.014,4029211,5275258,51.42,0.004,80.65,1.12,330.67,12.79,16.9,0.32,27.57,0.014,51.42,0.004,84.37,0.07,363.1,2.21,18.1,0.16,27.59,0.014,3765505,5273514,51.42,0.003,84.63,0.07,360.64,1.97,18.8,0.17,27.59,0.01,3766063,5273530,51.42,0.004,100.63,0.01,381.27,1.93,26.7,0.03,27.73,0.012,51.42,0.004,100.44,0.23,380.83,1.62,27.0,0.07,27.73,0.01,3701845,5271975,51.42,0.004,85.22,0.89,432.14,1.93,21.7,0.13,27.63,0.014,51.42,0.004,89.05,0.09,429.48,1.63,22.4,0.06,27.64,0.013,3713606,5272482,1.309764,0.7,381.99,430.13,0,0,-5,-21.474836,-21.474836,-21.474836,0,0,0,0,0,0,0,0,0,0
2026-08-13 01:21:58,13-08-2026 01:02:35,2026,8,13,1,2,35,0.0,0.0,8448,102.44,19.97,64.6,26.0,-20.0,0.0,20.0,0.0,-50.0,0.0,-5.0,0.0,-4.0,0.0,0,0,-20.0,0.0,20.0,0.0,-50.0,0.0,-5.0,0.0,-4.0,0.0,-20.0,0.0,20.0,0.0,-50.0,0.0,-5.0,0.0,-4.0,0.0,0,0,-20.0,0.0,20.0,0.0,-50.0,0.0,-5.0,0.0,-4.0,0.0,0,0,51.42,0.004,40.36,0.01,1228.45,7.43,49.1,0.02,27.12,0.01,51.42,0.004,40.42,0.01,1228.17,9.3,49.1,0.02,27.12,0.012,3710470,5234903,-20.0,0.0,20.0,0.0,-50.0,0.0,-5.0,0.0,-4.0,0.0,-20.0,0.0,20.0,0.0,-50.0,0.0,-5.0,0.0,-4.0,0.0,0,0,1.310116,0.7,1212.8,-50.0,0,0,-5,-21.474836,-21.474836,-21.474836,0,0,0,0,0,0,0,0,0,0
2026-08-13 01:48:17,13-08-2026 01:17:35,2026,8,13,1,17,35,0.0,0.0,10496,102.43,19.96,64.4,26.0,51.42,0.004,39.32,0.01,1227.64,7.89,48.8,0.02,27.12,0.012,3718498,5235214,-20.0,0.0,20.0,0.0,-50.0,0.0,-5.0,0.0,-4.0,0.0,-20.0,0.0,20.0,0.0,-50.0,0.0,-5.0,0.0,-4.0,0.0,0,0,-20.0,0.0,20.0,0.0,-50.0,0.0,-5.0,0.0,-4.0,0.0,0,0,51.42,0.004,39.65,0.01,1226.0,7.56,48.9,0.03,27.11,0.014,51.42,0.004,39.72,0.01,1225.96,5.97,48.9,0.02,27.11,0.012,3715746,5234908,51.42,0.004,39.09,0.01,1228.34,6.23,48.9,0.02,27.11,0.013,51.42,0.004,39.16,0.01,1228.96,8.59,48.9,0.02,27.11,0.012,3719372,5235112,1.310116,0.7,1210.19,1212.89,0,0,-5,-21.474836,-21.474836,-21.474836,0,0,0,0,0,0,0,0,0,0
2026-08-13 01:51:46,13-08-2026 00:47:35,2026,8,13,0,47,35,0.0,0.0,8448,102.45,19.97,64.7,26.0,-20.0,0.0,20.0,0.0,-50.0,0.0,-5.0,0.0,-4.0,0.0,0,0,-20.0,0.0,20.0,0.0,-50.0,0.0,-5.0,0.0,-4.0,0.0,-20.0,0.0,20.0,0.0,-50.0,0.0,-5.0,0.0,-4.0,0.0,0,0,-20.0,0.0,20.0,0.0,-50.0,0.0,-5.0,0.0,-4.0,0.0,0,0,51.42,0.004,39.88,0.01,1230.34,6.89,49.2,0.02,27.13,0.014,51.42,0.004,39.94,0.01,1230.21,7.83,49.2,0.02,27.13,0.013,3713581,5234987,-20.0,0.0,20.0,0.0,-50.0,0.0,-5.0,0.0,-4.0,0.0,-20.0,0.0,20.0,0.0,-50.0,0.0,-5.0,0.0,-4.0,0.0,0,0,1.310116,0.7,1214.7,-50.0,0,0,-5,-21.474836,-21.474836,-21.474836,0,0,0,0,0,0,0,0,0,0
2026-08-13 03:25:25,13-08-2026 02:59:48,2026,8,13,2,59,48,0.0,0.0,8448,102.4,19.92,64.1,26.0,-20.0,0.0,20.0,0.0,-50.0,0.0,-5.0,0.0,-4.0,0.0,0,0,-20.0,0.0,20.0,0.0,-50.0,0.0,-5.0,0.0,-4.0,0.0,-20.0,0.0,20.0,0.0,-50.0,0.0,-5.0,0.0,-4.0,0.0,0,0,-20.0,0.0,20.0,0.0,-50.0,0.0,-5.0,0.0,-4.0,0.0,0,0,51.42,0.003,40.44,0.01,1218.71,7.11,48.5,0.02,27.11,0.013,51.42,0.004,40.52,0.01,1218.9,7.64,48.5,0.02,27.11,0.013,3711241,5234988,-20.0,0.0,20.0,0.0,-50.0,0.0,-5.0,0.0,-4.0,0.0,-20.0,0.0,20.0,0.0,-50.0,0.0,-5.0,0.0,-4.0,0.0,0,0,1.310116,0.7,1203.19,-50.0,0,0,-5,-21.474836,-21.474836,-21.474836,0,0,0,0,0,0,0,0,0,0
2026-08-13 04:22:34,13-08-2026 03:58:25,2026,8,13,3,58,25,0.0,0.0,8448,102.38,19.94,63.7,26.0,-20.0,0.0,20.0,0.0,-50.0,0.0,-5.0,0.0,-4.0,0.0,0,0,-20.0,0.0,20.0,0.0,-50.0,0.0,-5.0,0.0,-4.0,0.0,-20.0,0.0,20.0,0.0,-50.0,0.0,-5.0,0.0,-4.0,0.0,0,0,-20.0,0.0,20.0,0.0,-50.0,0.0,-5.0,0.0,-4.0,0.0,0,0,51.42,0.004,40.48,0.01,1214.17,7.96,48.2,0.02,27.12,0.013,51.42,0.004,40.56,0.01,1213.67,8.75,48.2,0.02,27.12,0.013,3711608,5234718,-20.0,0.0,20.0,0.0,-50.0,0.0,-5.0,0.0,-4.0,0.0,-20.0,0.0,20.0,0.0,-50.0,0.0,-5.0,0.0,-4.0,0.0,0,0,1.310116,0.7,1197.8,-50.0,0,0,-5,-21.474836,-21.474836,-21.474836,0,0,0,0,0,0,0,0,0,0
2026-08-13 04:30:03,13-08-2026 03:43:25,2026,8,13,3,43,25,0.0,0.0,8448,102.4,19.99,63.8,26.0,-20.0,0.0,20.0,0.0,-50.0,0.0,-5.0,0.0,-4.0,0.0,0,0,-20.0,0.0,20.0,0.0,-50.0,0.0,-5.0,0.0,-4.0,0.0,-20.0,0.0,20.0,0.0,-50.0,0.0,-5.0,0.0,-4.0,0.0,0,0,-20.0,0.0,20.0,0.0,-50.0,0.0,-5.0,0.0,-4.0,0.0,0,0,51.42,0.004,39.95,0.01,1216.84,8.15,48.3,0.02,27.12,0.013,51.42,0.004,40.02,0.01,1216.8,8.07,48.3,0.02,27.12,0.013,3715021,5234909,-20.0,0.0,20.0,0.0,-50.0,0.0,-5.0,0.0,-4.0,0.0,-20.0,0.0,20.0,0.0,-50.0,0.0,-5.0,0.0,-4.0,0.0,0,0,1.310116,0.7,1200.72,-50.0,0,0,-5,-21.474836,-21.474836,-21.474836,0,0,0,0,0,0,0,0,0,0
2026-08-13 10:11:55,13-08-2026 09:50:05,2026,8,13,9,50,5,-3918.5024,1008.3808,8192,102.34,20.04,62.7,26.1,-20.0,0.0,20.0,0.0,-50.0,0.0,-5.0,0.0,-4.0,0.0,0,0,-20.0,0.0,20.0,0.0,-50.0,0.0,-5.0,0.0,-4.0,0.0,-20.0,0.0,20.0,0.0,-50.0,0.0,-5.0,0.0,-4.0,0.0,0,0,-20.0,0.0,20.0,0.0,-50.0,0.0,-5.0,0.0,-4.0,0.0,0,0,51.42,0.004,40.69,0.01,1189.84,6.57,46.9,0.02,27.17,0.012,51.42,0.003,40.77,0.01,1189.64,4.94,46.9,0.02,27.17,0.013,3712957,5233446,-20.0,0.0,20.0,0.0,-50.0,0.0,-5.0,0.0,-4.0,0.0,-20.0,0.0,20.0,0.0,-50.0,0.0,-5.0,0.0,-4.0,0.0,0,0,1.310116,0.7,1173.0,-50.0,0,0,-5,-21.474836,-21.474836,-21.474836,0,0,0,0,0,0,0,0,0,0
2026-08-13 10:21:46,13-08-2026 09:35:05,2026,8,13,9,35,5,0.0,0.0,8192,102.33,20.03,62.8,26.1,-20.0,0.0,20.0,0.0,-50.0,0.0,-5.0,0.0,-4.0,0.0,0,0,-20.0,0.0,20.0,0.0,-50.0,0.0,-5.0,0.0,-4.0,0.0,-20.0,0.0,20.0,0.0,-50.0,0.0,-5.0,0.0,-4.0,0.0,0,0,-20.0,0.0,20.0,0.0,-50.0,0.0,-5.0,0.0,-4.0,0.0,0,0,51.42,0.004,40.18,0.02,1191.15,6.54,46.9,0.02,27.14,0.012,51.42,0.004,40.26,0.01,1191.3,6.17,46.9,0.02,27.14,0.012,3716332,5233616,-20.0,0.0,20.0,0.0,-50.0,0.0,-5.0,0.0,-4.0,0.0,-20.0,0.0,20.0,0.0,-50.0,0.0,-5.0,0.0,-4.0,0.0,0,0,1.310116,0.7,1174.47,-50.0,0,0,-5,-21.474836,-21.474836,-21.474836,0,0,0,0,0,0,0,0,0,0
2026-08-13 10:22:29,13-08-2026 09:06:29,2026,8,13,9,6,29,0.0,0.0,10496,102.32,19.99,62.8,26.1,51.42,0.004,39.5,0.01,1192.73,5.55,46.8,0.02,27.09,0.012,3721452,5233827,-20.0,0.0,20.0,0.0,-50.0,0.0,-5.0,0.0,-4.0,0.0,-20.0,0.0,20.0,0.0,-50.0,0.0,-5.0,0.0,-4.0,0.0,0,0,-20.0,0.0,20.0,0.0,-50.0,0.0,-5.0,0.0,-4.0,0.0,0,0,51.42,0.005,39.87,0.01,1192.8,9.24,46.9,0.02,27.11,0.011,51.42,0.004,39.94,0.01,1192.31,7.26,46.9,0.02,27.12,0.013,3718307,5233516,51.42,0.004,39.25,0.01,1193.45,6.8,46.9,0.02,27.09,0.013,51.42,0.004,39.34,0.01,1192.99,6.65,46.9,0.02,27.09,0.012,3722536,5233791,1.310116,0.7,1175.37,1175.72,0,0,-5,-21.474836,-21.474836,-21.474836,0,0,0,0,0,0,0,0,0,0
2026-08-13 11:21:02,13-08-2026 10:48:41,2026,8,13,10,48,41,-3918.0,1009.424,8192,102.36,20.11,62.6,26.2,-20.0,0.0,20.0,0.0,-50.0,0.0,-5.0,0.0,-4.0,0.0,0,0,-20.0,0.0,20.0,0.0,-50.0,0.0,-5.0,0.0,-4.0,0.0,-20.0,0.0,20.0,0.0,-50.0,0.0,-5.0,0.0,-4.0,0.0,0,0,-20.0,0.0,20.0,0.0,-50.0,0.0,-5.0,0.0,-4.0,0.0,0,0,51.42,0.004,40.6,0.01,1185.8,5.86,46.7,0.02,27.24,0.013,51.42,0.004,40.67,0.01,1186.07,6.63,46.7,0.02,27.24,0.011,3713988,5233177,-20.0,0.0,20.0,0.0,-50.0,0.0,-5.0,0.0,-4.0,0.0,-20.0,0.0,20.0,0.0,-50.0,0.0,-5.0,0.0,-4.0,0.0,0,0,1.310116,0.7,1169.29,-50.0,0,0,-5,-21.474836,-21.474836,-21.474836,0,0,0,0,0,0,0,0,0,0
2026-08-13 11:28:45,13-08-2026 10:33:42,2026,8,13,10,33,42,-3918.1152,1009.1264,8192,102.36,20.1,62.6,26.2,-20.0,0.0,20.0,0.0,-50.0,0.0,-5.0,0.0,-4.0,0.0,0,0,-20.0,0.0,20.0,0.0,-50.0,0.0,-5.0,0.0,-4.0,0.0,-20.0,0.0,20.0,0.0,-50.0,0.0,-5.0,0.0,-4.0,0.0,0,0,-20.0,0.0,20.0,0.0,-50.0,0.0,-5.0,0.0,-4.0,0.0,0,0,51.42,0.004,40.05,0.01,1187.97,5.7,46.7,0.02,27.23,0.013,51.42,0.004,40.13,0.01,1187.77,5.78,46.7,0.02,27.23,0.014,3717468,5233196,-20.0,0.0,20.0,0.0,-50.0,0.0,-5.0,0.0,-4.0,0.0,-20.0,0.0,20.0,0.0,-50.0,0.0,-5.0,0.0,-4.0,0.0,0,0,1.310116,0.7,1170.76,-50.0,0,0,-5,-21.474836,-21.474836,-21.474836,0,0,0,0,0,0,0,0,0,0
2026-08-13 11:29:31,13-08-2026 10:05:05,2026,8,13,10,5,5,-3918.3896,1008.6272,10240,102.34,20.1,62.7,26.2,51.42,0.005,39.61,0.01,1188.63,5.97,46.5,0.02,27.19,0.012,3721320,5233773,-20.0,0.0,20.0,0.0,-50.0,0.0,-5.0,0.0,-4.0,0.0,-20.0,0.0,20.0,0.0,-50.0,0.0,-5.0,0.0,-4.0,0.0,0,0,-20.0,0.0,20.0,0.0,-50.0,0.0,-5.0,0.0,-4.0,0.0,0,0,51.42,0.004,39.75,0.01,1188.65,4.67,46.7,0.02,27.21,0.016,51.42,0.004,39.82,0.01,1188.92,5.9,46.7,0.02,27.21,0.015,3719574,5233397,51.42,0.004,39.18,0.01,1190.32,5.04,46.6,0.02,27.19,0.015,51.42,0.003,39.26,0.01,1189.51,7.89,46.6,0.02,27.19,0.009,3723414,5233489,1.310116,0.7,1171.8,1172.05,0,0,-5,-21.474836,-21.474836,-21.474836,0,0,0,0,0,0,0,0,0,0
2026-08-13 11:51:28,13-08-2026 11:32:18,2026,8,13,11,32,18,-3917.9904,1010.1376,8192,102.42,20.31,62.4,26.3,-20.0,0.0,20.0,0.0,-50.0,0.0,-5.0,0.0,-4.0,0.0,0,0,-20.0,0.0,20.0,0.0,-50.0,0.0,-5.0,0.0,-4.0,0.0,-20.0,0.0,20.0,0.0,-50.0,0.0,-5.0,0.0,-4.0,0.0,0,0,-20.0,0.0,20.0,0.0,-50.0,0.0,-5.0,0.0,-4.0,0.0,0,0,51.42,0.003,40.09,0.01,1184.27,6.23,46.5,0.02,27.34,0.012,51.42,0.003,40.17,0.02,1183.46,8.19,46.5,0.02,27.35,0.013,3717545,5232769,-20.0,0.0,20.0,0.0,-50.0,0.0,-5.0,0.0,-4.0,0.0,-20.0,0.0,20.0,0.0,-50.0,0.0,-5.0,0.0,-4.0,0.0,0,0,1.310116,0.7,1166.35,-50.0,0,0,-5,-21.474836,-21.474836,-21.474836,0,0,0,0,0,0,0,0,0,0
2026-08-13 11:52:04,13-08-2026 11:03:42,2026,8,13,11,3,42,-3917.9824,1009.664,10240,102.41,20.25,62.5,26.3,51.42,0.003,39.51,0.01,1184.78,6.88,46.3,0.02,27.25,0.014,3722185,5233185,-20.0,0.0,20.0,0.0,-50.0,0.0,-5.0,0.0,-4.0,0.0,-20.0,0.0,20.0,0.0,-50.0,0.0,-5.0,0.0,-4.0,0.0,0,0,-20.0,0.0,20.0,0.0,-50.0,0.0,-5.0,0.0,-4.0,0.0,0,0,51.42,0.004,39.84,0.01,1184.72,4.78,46.5,0.02,27.3,0.011,51.42,0.004,39.92,0.01,1185.01,7.61,46.5,0.02,27.3,0.012,3719144,5232900,51.42,0.004,39.43,0.01,1185.43,6.58,46.5,0.02,27.26,0.013,51.42,0.004,39.5,0.01,1185.63,7.52,46.5,0.02,27.26,0.015,3722031,5233106,1.310116,0.7,1167.81,1168.21,0,0,-5,-21.474836,-21.474836,-21.474836,0,0,0,0,0,0,0,0,0,0
2026-08-13 12:07:26,13-08-2026 11:47:18,2026,8,13,11,47,18,-3918.0064,1010.4192,8192,102.45,20.35,62.3,26.4,-20.0,0.0,20.0,0.0,-50.0,0.0,-5.0,0.0,-4.0,0.0,0,0,-20.0,0.0,20.0,0.0,-50.0,0.0,-5.0,0.0,-4.0,0.0,-20.0,0.0,20.0,0.0,-50.0,0.0,-5.0,0.0,-4.0,0.0,0,0,-20.0,0.0,20.0,0.0,-50.0,0.0,-5.0,0.0,-4.0,0.0,0,0,51.42,0.004,40.57,0.01,1181.48,7.04,46.4,0.02,27.4,0.011,51.42,0.004,40.64,0.01,1181.89,7.21,46.4,0.02,27.41,0.012,3714491,5232684,-20.0,0.0,20.0,0.0,-50.0,0.0,-5.0,0.0,-4.0,0.0,-20.0,0.0,20.0,0.0,-50.0,0.0,-5.0,0.0,-4.0,0.0,0,0,1.310116,0.7,1164.97,-50.0,0,0,-5,-21.474836,-21.474836,-21.474836,0,0,0,0,0,0,0,0,0,0
2026-08-13 12:15:21,13-08-2026 08:51:29,2026,8,13,8,51,29,0.0,0.0,8448,102.3,19.92,62.9,26.0,-20.0,0.0,20.0,0.0,-50.0,0.0,-5.0,0.0,-4.0,0.0,0,0,-20.0,0.0,20.0,0.0,-50.0,0.0,-5.0,0.0,-4.0,0.0,-20.0,0.0,20.0,0.0,-50.0,0.0,-5.0,0.0,-4.0,0.0,0,0,-20.0,0.0,20.0,0.0,-50.0,0.0,-5.0,0.0,-4.0,0.0,0,0,51.42,0.004,40.6,0.01,1193.11,6.26,47.1,0.02,27.09,0.01,51.42,0.004,40.67,0.01,1193.31,6.47,47.1,0.02,27.09,0.011,3713207,5233632,-20.0,0.0,20.0,0.0,-50.0,0.0,-5.0,0.0,-4.0,0.0,-20.0,0.0,20.0,0.0,-50.0,0.0,-5.0,0.0,-4.0,0.0,0,0,1.310116,0.7,1176.77,-50.0,0,0,-5,-21.474836,-21.474836,-21.474836,0,0,0,0,0,0,0,0,0,0
2026-08-13 12:16:16,13-08-2026 08:36:29,2026,8,13,8,36,29,0.0,0.0,8448,102.3,19.93,62.9,26.0,-20.0,0.0,20.0,0.0,-50.0,0.0,-5.0,0.0,-4.0,0.0,0,0,-20.0,0.0,20.0,0.0,-50.0,0.0,-5.0,0.0,-4.0,0.0,-20.0,0.0,20.0,0.0,-50.0,0.0,-5.0,0.0,-4.0,0.0,0,0,-20.0,0.0,20.0,0.0,-50.0,0.0,-5.0,0.0,-4.0,0.0,0,0,51.42,0.004,40.09,0.01,1195.77,6.74,47.1,0.02,27.09,0.012,51.42,0.004,40.18,0.02,1194.52,6.68,47.1,0.02,27.1,0.014,3716447,5233673,-20.0,0.0,20.0,0.0,-50.0,0.0,-5.0,0.0,-4.0,0.0,-20.0,0.0,20.0,0.0,-50.0,0.0,-5.0,0.0,-4.0,0.0,0,0,1.310116,0.7,1177.79,-50.0,0,0,-5,-21.474836,-21.474836,-21.474836,0,0,0,0,0,0,0,0,0,0
2026-08-13 12:16:48,13-08-2026 08:07:52,2026,8,13,8,7,52,0.0,0.0,10496,102.31,19.93,63.0,26.0,51.42,0.003,39.27,0.02,1197.3,6.66,46.9,0.02,27.09,0.013,3722561,5234112,-20.0,0.0,20.0,0.0,-50.0,0.0,-5.0,0.0,-4.0,0.0,-20.0,0.0,20.0,0.0,-50.0,0.0,-5.0,0.0,-4.0,0.0,0,0,-20.0,0.0,20.0,0.0,-50.0,0.0,-5.0,0.0,-4.0,0.0,0,0,51.42,0.004,39.79,0.01,1196.86,9.2,47.2,0.03,27.09,0.012,51.42,0.004,39.86,0.01,1196.71,6.3,47.2,0.02,27.09,0.012,3718308,5233698,51.42,0.004,39.11,0.01,1198.2,7.73,47.1,0.02,27.08,0.013,51.42,0.004,39.17,0.01,1198.68,8.04,47.1,0.02,27.08,0.014,3723011,5234062,1.310116,0.7,1179.86,1181.45,0,0,-5,-21.474836,-21.474836,-21.474836,0,0,0,0,0,0,0,0,0,0
2026-08-13 12:23:51,13-08-2026 07:52:52,2026,8,13,7,52,52,0.0,0.0,8448,102.31,19.92,63.1,26.0,-20.0,0.0,20.0,0.0,-50.0,0.0,-5.0,0.0,-4.0,0.0,0,0,-20.0,0.0,20.0,0.0,-50.0,0.0,-5.0,0.0,-4.0,0.0,-20.0,0.0,20.0,0.0,-50.0,0.0,-5.0,0.0,-4.0,0.0,0,0,-20.0,0.0,20.0,0.0,-50.0,0.0,-5.0,0.0,-4.0,0.0,0,0,51.42,0.004,40.51,0.01,1197.87,8.41,47.3,0.02,27.09,0.011,51.42,0.004,40.59,0.01,1197.8,6.74,47.3,0.02,27.09,0.012,3713233,5233870,-20.0,0.0,20.0,0.0,-50.0,0.0,-5.0,0.0,-4.0,0.0,-20.0,0.0,20.0,0.0,-50.0,0.0,-5.0,0.0,-4.0,0.0,0,0,1.310116,0.7,1181.34,-50.0,0,0,-5,-21.474836,-21.474836,-21.474836,0,0,0,0,0,0,0,0,0,0
2026-08-13 13:03:20,13-08-2026 12:45:54,2026,8,13,12,45,54,-3917.9184,1011.6448,8192,102.53,20.6,62.2,26.7,-20.0,0.0,20.0,0.0,-50.0,0.0,-5.0,0.0,-4.0,0.0,0,0,-20.0,0.0,20.0,0.0,-50.0,0.0,-5.0,0.0,-4.0,0.0,-20.0,0.0,20.0,0.0,-50.0,0.0,-5.0,0.0,-4.0,0.0,0,0,-20.0,0.0,20.0,0.0,-50.0,0.0,-5.0,0.0,-4.0,0.0,0,0,51.42,0.003,40.31,0.01,1179.41,6.61,46.2,0.02,27.59,0.013,51.42,0.004,40.38,0.01,1179.65,5.7,46.2,0.02,27.6,0.012,3716493,5232452,-20.0,0.0,20.0,0.0,-50.0,0.0,-5.0,0.0,-4.0,0.0,-20.0,0.0,20.0,0.0,-50.0,0.0,-5.0,0.0,-4.0,0.0,0,0,1.310116,0.7,1162.49,-50.0,0,0,-5,-21.474836,-21.474836,-21.474836,0,0,0,0,0,0,0,0,0,0
2026-08-13 13:05:12,13-08-2026 12:30:54,2026,8,13,12,30,54,-3917.9728,1011.312,8192,102.5,20.56,62.3,26.6,-20.0,0.0,20.0,0.0,-50.0,0.0,-5.0,0.0,-4.0,0.0,0,0,-20.0,0.0,20.0,0.0,-50.0,0.0,-5.0,0.0,-4.0,0.0,-20.0,0.0,20.0,0.0,-50.0,0.0,-5.0,0.0,-4.0,0.0,0,0,-20.0,0.0,20.0,0.0,-50.0,0.0,-5.0,0.0,-4.0,0.0,0,0,51.42,0.004,39.94,0.01,1180.41,8.64,46.3,0.02,27.55,0.013,51.42,0.004,40.01,0.01,1180.7,6.78,46.3,0.02,27.56,0.013,3718903,5232522,-20.0,0.0,20.0,0.0,-50.0,0.0,-5.0,0.0,-4.0,0.0,-20.0,0.0,20.0,0.0,-50.0,0.0,-5.0,0.0,-4.0,0.0,0,0,1.310116,0.7,1163.39,-50.0,0,0,-5,-21.474836,-21.474836,-21.474836,0,0,0,0,0,0,0,0,0,0
2026-08-13 13:11:08,13-08-2026 12:02:18,2026,8,13,12,2,18,-3918.0096,1010.7072,10240,102.5,20.54,62.3,26.6,51.42,0.004,39.51,0.01,1181.79,7.08,46.1,0.02,27.44,0.014,3722573,5233096,-20.0,0.0,20.0,0.0,-50.0,0.0,-5.0,0.0,-4.0,0.0,-20.0,0.0,20.0,0.0,-50.0,0.0,-5.0,0.0,-4.0,0.0,0,0,-20.0,0.0,20.0,0.0,-50.0,0.0,-5.0,0.0,-4.0,0.0,0,0,51.42,0.003,39.78,0.01,1181.07,6.87,46.3,0.02,27.5,0.012,51.42,0.004,39.85,0.01,1181.11,6.23,46.3,0.02,27.51,0.013,3719996,5232630,51.42,0.004,39.44,0.01,1181.69,5.25,46.3,0.02,27.46,0.011,51.42,0.004,39.51,0.01,1182.21,6.61,46.3,0.02,27.46,0.011,3722317,5232831,1.310116,0.7,1163.76,1164.66,0,0,-5,-21.474836,-21.474836,-21.474836,0,0,0,0,0,0,0,0,0,0
2026-08-13 13:57:41,13-08-2026 13:44:31,2026,8,13,13,44,31,-3917.6456,1012.8928,8192,102.57,20.76,62.1,26.8,-20.0,0.0,20.0,0.0,-50.0,0.0,-5.0,0.0,-4.0,0.0,0,0,-20.0,0.0,20.0,0.0,-50.0,0.0,-5.0,0.0,-4.0,0.0,-20.0,0.0,20.0,0.0,-50.0,0.0,-5.0,0.0,-4.0,0.0,0,0,-20.0,0.0,20.0,0.0,-50.0,0.0,-5.0,0.0,-4.0,0.0,0,0,51.42,0.004,40.22,0.01,1175.43,4.23,46.1,0.02,27.72,0.015,51.42,0.004,40.3,0.01,1175.82,6.55,46.1,0.02,27.72,0.013,3717372,5232087,-20.0,0.0,20.0,0.0,-50.0,0.0,-5.0,0.0,-4.0,0.0,-20.0,0.0,20.0,0.0,-50.0,0.0,-5.0,0.0,-4.0,0.0,0,0,1.310116,0.7,1158.55,-50.0,0,0,-5,-21.474836,-21.474836,-21.474836,0,0,0,0,0,0,0,0,0,0
2026-08-13 13:58:04,13-08-2026 13:29:31,2026,8,13,13,29,31,-3917.7024,1012.5632,8192,102.57,20.75,62.1,26.8,-20.0,0.0,20.0,0.0,-50.0,0.0,-5.0,0.0,-4.0,0.0,0,0,-20.0,0.0,20.0,0.0,-50.0,0.0,-5.0,0.0,-4.0,0.0,-20.0,0.0,20.0,0.0,-50.0,0.0,-5.0,0.0,-4.0,0.0,0,0,-20.0,0.0,20.0,0.0,-50.0,0.0,-5.0,0.0,-4.0,0.0,0,0,51.42,0.004,39.91,0.01,1177.36,5.67,46.1,0.02,27.69,0.012,51.42,0.004,39.98,0.01,1177.64,4.8,46.1,0.02,27.69,0.014,3719347,5232215,-20.0,0.0,20.0,0.0,-50.0,0.0,-5.0,0.0,-4.0,0.0,-20.0,0.0,20.0,0.0,-50.0,0.0,-5.0,0.0,-4.0,0.0,0,0,1.310116,0.7,1160.23,-50.0,0,0,-5,-21.474836,-21.474836,-21.474836,0,0,0,0,0,0,0,0,0,0
2026-08-13 13:59:27,13-08-2026 13:00:54,2026,8,13,13,0,54,-3917.8608,1011.9712,10240,102.55,20.71,62.2,26.8,51.42,0.004,39.24,0.01,1179.75,5.62,45.9,0.02,27.62,0.012,3724427,5232648,-20.0,0.0,20.0,0.0,-50.0,0.0,-5.0,0.0,-4.0,0.0,-20.0,0.0,20.0,0.0,-50.0,0.0,-5.0,0.0,-4.0,0.0,0,0,-20.0,0.0,20.0,0.0,-50.0,0.0,-5.0,0.0,-4.0,0.0,0,0,51.42,0.004,39.85,0.01,1178.7,5.21,46.2,0.02,27.66,0.011,51.42,0.004,39.93,0.01,1178.34,6.21,46.2,0.02,27.67,0.013,3719518,5232100,51.42,0.004,39.18,0.01,1180.51,6.9,46.1,0.02,27.63,0.013,51.42,0.004,39.27,0.01,1179.39,6.45,46.1,0.02,27.64,0.012,3724067,5232365,1.310116,0.7,1160.95,1161.62,0,0,-5,-21.474836,-21.474836,-21.474836,0,0,0,0,0,0,0,0,0,0
2026-08-13 14:28:33,13-08-2026 13:59:31,2026,8,13,13,59,31,-3917.608,1013.1936,10240,102.6,20.86,62.1,26.9,51.42,0.005,39.12,0.01,1177.06,5.82,45.8,0.02,27.73,0.011,3725408,5232327,-20.0,0.0,20.0,0.0,-50.0,0.0,-5.0,0.0,-4.0,0.0,-20.0,0.0,20.0,0.0,-50.0,0.0,-5.0,0.0,-4.0,0.0,0,0,-20.0,0.0,20.0,0.0,-50.0,0.0,-5.0,0.0,-4.0,0.0,0,0,51.42,0.004,39.76,0.01,1175.95,5.51,46.0,0.02,27.77,0.013,51.42,0.004,39.83,0.01,1176.19,7.76,46.0,0.02,27.77,0.012,3720439,5231950,51.42,0.004,39.08,0.01,1176.69,7.06,45.9,0.02,27.74,0.014,51.42,0.004,39.15,0.01,1177.52,6.84,45.9,0.02,27.75,0.014,3725077,5232255,1.310116,0.7,1158.66,1159.6,0,0,-5,-21.474836,-21.474836,-21.474836,0,0,0,0,0,0,0,0,0,0
2026-08-13 15:56:24,13-08-2026 15:41:44,2026,8,13,15,41,44,-3916.984,1015.2416,8192,102.59,20.93,62.0,27.0,-20.0,0.0,20.0,0.0,-50.0,0.0,-5.0,0.0,-4.0,0.0,0,0,-20.0,0.0,20.0,0.0,-50.0,0.0,-5.0,0.0,-4.0,0.0,-20.0,0.0,20.0,0.0,-50.0,0.0,-5.0,0.0,-4.0,0.0,0,0,-20.0,0.0,20.0,0.0,-50.0,0.0,-5.0,0.0,-4.0,0.0,0,0,51.42,0.004,40.39,0.01,1171.68,4.92,45.8,0.02,27.86,0.011,51.42,0.004,40.45,0.01,1171.43,5.35,45.8,0.02,27.86,0.011,3716689,5231684,-20.0,0.0,20.0,0.0,-50.0,0.0,-5.0,0.0,-4.0,0.0,-20.0,0.0,20.0,0.0,-50.0,0.0,-5.0,0.0,-4.0,0.0,0,0,1.310116,0.7,1154.09,-50.0,0,0,-5,-21.474836,-21.474836,-21.474836,0,0,0,0,0,0,0,0,0,0
2026-08-13 15:59:17,13-08-2026 15:26:44,2026,8,13,15,26,44,-3917.0768,1014.9088,8192,102.61,20.95,62.0,27.1,-20.0,0.0,20.0,0.0,-50.0,0.0,-5.0,0.0,-4.0,0.0,0,0,-20.0,0.0,20.0,0.0,-50.0,0.0,-5.0,0.0,-4.0,0.0,-20.0,0.0,20.0,0.0,-50.0,0.0,-5.0,0.0,-4.0,0.0,0,0,-20.0,0.0,20.0,0.0,-50.0,0.0,-5.0,0.0,-4.0,0.0,0,0,51.42,0.004,39.94,0.01,1173.17,5.13,45.9,0.02,27.85,0.011,51.42,0.004,40.0,0.01,1173.12,5.68,45.9,0.02,27.85,0.014,3719600,5231800,-20.0,0.0,20.0,0.0,-50.0,0.0,-5.0,0.0,-4.0,0.0,-20.0,0.0,20.0,0.0,-50.0,0.0,-5.0,0.0,-4.0,0.0,0,0,1.310116,0.7,1155.57,-50.0,0,0,-5,-21.474836,-21.474836,-21.474836,0,0,0,0,0,0,0,0,0,0
2026-08-13 16:02:28,13-08-2026 14:58:07,2026,8,13,14,58,7,-3917.2816,1014.3392,10240,102.62,20.95,62.0,27.1,51.42,0.004,39.32,0.02,1173.48,6.34,45.6,0.02,27.83,0.013,3724489,5232215,-20.0,0.0,20.0,0.0,-50.0,0.0,-5.0,0.0,-4.0,0.0,-20.0,0.0,20.0,0.0,-50.0,0.0,-5.0,0.0,-4.0,0.0,0,0,-20.0,0.0,20.0,0.0,-50.0,0.0,-5.0,0.0,-4.0,0.0,0,0,51.42,0.004,39.69,0.01,1173.31,6.82,45.9,0.02,27.84,0.014,51.42,0.004,39.76,0.01,1173.44,6.04,45.9,0.02,27.85,0.013,3721325,5231930,51.42,0.004,39.16,0.01,1175.79,6.43,45.8,0.02,27.83,0.012,51.42,0.004,39.24,0.01,1174.87,5.2,45.8,0.02,27.83,0.012,3724718,5232023,1.310116,0.7,1155.8,1156.9,0,0,-5,-21.474836,-21.474836,-21.474836,0,0,0,0,0,0,0,0,0,0
2026-08-13 16:04:37,13-08-2026 14:43:07,2026,8,13,14,43,7,-3917.368,1014.0384,8192,102.62,20.9,62.0,27.0,-20.0,0.0,20.0,0.0,-50.0,0.0,-5.0,0.0,-4.0,0.0,0,0,-20.0,0.0,20.0,0.0,-50.0,0.0,-5.0,0.0,-4.0,0.0,-20.0,0.0,20.0,0.0,-50.0,0.0,-5.0,0.0,-4.0,0.0,0,0,-20.0,0.0,20.0,0.0,-50.0,0.0,-5.0,0.0,-4.0,0.0,0,0,51.42,0.004,40.57,0.01,1173.29,5.83,46.0,0.02,27.82,0.012,51.42,0.005,40.64,0.01,1173.69,5.87,46.0,0.02,27.83,0.012,3715182,5231837,-20.0,0.0,20.0,0.0,-50.0,0.0,-5.0,0.0,-4.0,0.0,-20.0,0.0,20.0,0.0,-50.0,0.0,-5.0,0.0,-4.0,0.0,0,0,1.310116,0.7,1156.49,-50.0,0,0,-5,-21.474836,-21.474836,-21.474836,0,0,0,0,0,0,0,0,0,0
2026-08-13 16:10:16,13-08-2026 14:28:07,2026,8,13,14,28,7,-3917.452,1013.76,8192,102.62,20.89,62.0,27.0,-20.0,0.0,20.0,0.0,-50.0,0.0,-5.0,0.0,-4.0,0.0,0,0,-20.0,0.0,20.0,0.0,-50.0,0.0,-5.0,0.0,-4.0,0.0,-20.0,0.0,20.0,0.0,-50.0,0.0,-5.0,0.0,-4.0,0.0,0,0,-20.0,0.0,20.0,0.0,-50.0,0.0,-5.0,0.0,-4.0,0.0,0,0,51.42,0.004,40.1,0.01,1175.26,7.56,46.0,0.02,27.8,0.014,51.42,0.004,40.19,0.02,1174.78,5.49,46.0,0.02,27.8,0.012,3718116,5231869,-20.0,0.0,20.0,0.0,-50.0,0.0,-5.0,0.0,-4.0,0.0,-20.0,0.0,20.0,0.0,-50.0,0.0,-5.0,0.0,-4.0,0.0,0,0,1.310116,0.7,1157.4,-50.0,0,0,-5,-21.474836,-21.474836,-21.474836,0,0,0,0,0,0,0,0,0,0
2026-08-13 17:24:56,13-08-2026 16:55:20,2026,8,13,16,55,20,-3916.464,1016.736,10240,102.56,20.93,61.9,27.0,51.42,0.004,39.33,0.02,1169.21,5.86,45.5,0.02,27.83,0.012,3724828,5231838,-20.0,0.0,20.0,0.0,-50.0,0.0,-5.0,0.0,-4.0,0.0,-20.0,0.0,20.0,0.0,-50.0,0.0,-5.0,0.0,-4.0,0.0,0,0,-20.0,0.0,20.0,0.0,-50.0,0.0,-5.0,0.0,-4.0,0.0,0,0,51.42,0.004,39.45,0.01,1169.38,7.8,45.7,0.02,27.83,0.013,51.42,0.004,39.51,0.01,1169.65,4.65,45.7,0.02,27.83,0.012,3723278,5231503,51.42,0.004,38.93,0.01,1170.17,6.2,45.5,0.02,27.83,0.011,51.42,0.004,38.99,0.01,1169.84,6.73,45.6,0.02,27.83,0.015,3727021,5231816,1.310116,0.7,1151.77,1151.64,0,0,-5,-21.474836,-21.474836,-21.474836,0,0,0,0,0,0,0,0,0,0
2026-08-13 17:25:15,13-08-2026 16:40:20,2026,8,13,16,40,20,-3916.5648,1016.4416,8192,102.57,20.93,61.9,27.0,-20.0,0.0,20.0,0.0,-50.0,0.0,-5.0,0.0,-4.0,0.0,0,0,-20.0,0.0,20.0,0.0,-50.0,0.0,-5.0,0.0,-4.0,0.0,-20.0,0.0,20.0,0.0,-50.0,0.0,-5.0,0.0,-4.0,0.0,0,0,-20.0,0.0,20.0,0.0,-50.0,0.0,-5.0,0.0,-4.0,0.0,0,0,51.42,0.004,40.39,0.01,1169.13,7.11,45.8,0.02,27.84,0.013,51.42,0.004,40.46,0.01,1168.92,5.65,45.8,0.02,27.84,0.012,3716952,5231552,-20.0,0.0,20.0,0.0,-50.0,0.0,-5.0,0.0,-4.0,0.0,-20.0,0.0,20.0,0.0,-50.0,0.0,-5.0,0.0,-4.0,0.0,0,0,1.310116,0.7,1151.54,-50.0,0,0,-5,-21.474836,-21.474836,-21.474836,0,0,0,0,0,0,0,0,0,0
2026-08-13 18:26:19,13-08-2026 17:53:57,2026,8,13,17,53,57,-3916.1168,1017.9168,10240,102.6,21.03,61.8,27.2,51.42,0.004,39.17,0.01,1167.69,5.58,45.3,0.02,27.87,0.012,3725939,5231610,-20.0,0.0,20.0,0.0,-50.0,0.0,-5.0,0.0,-4.0,0.0,-20.0,0.0,20.0,0.0,-50.0,0.0,-5.0,0.0,-4.0,0.0,0,0,-20.0,0.0,20.0,0.0,-50.0,0.0,-5.0,0.0,-4.0,0.0,0,0,51.42,0.004,39.56,0.01,1166.93,5.73,45.6,0.02,27.9,0.014,51.42,0.004,39.63,0.01,1167.07,6.2,45.6,0.02,27.9,0.013,3722633,5231244,51.42,0.004,39.1,0.01,1168.26,5.3,45.5,0.02,27.88,0.015,51.42,0.004,39.17,0.01,1167.77,5.22,45.5,0.02,27.88,0.013,3725835,5231422,1.310116,0.7,1149.2,1149.61,0,0,-5,-21.474836,-21.474836,-21.474836,0,0,0,0,0,0,0,0,0,0
2026-08-13 18:29:13,13-08-2026 17:38:57,2026,8,13,17,38,57,-3916.216,1017.616,8192,102.57,20.96,61.8,27.0,-20.0,0.0,20.0,0.0,-50.0,0.0,-5.0,0.0,-4.0,0.0,0,0,-20.0,0.0,20.0,0.0,-50.0,0.0,-5.0,0.0,-4.0,0.0,-20.0,0.0,20.0,0.0,-50.0,0.0,-5.0,0.0,-4.0,0.0,0,0,-20.0,0.0,20.0,0.0,-50.0,0.0,-5.0,0.0,-4.0,0.0,0,0,51.42,0.004,40.26,0.01,1166.91,6.55,45.6,0.02,27.86,0.012,51.42,0.003,40.33,0.01,1167.24,5.73,45.6,0.02,27.86,0.011,3718052,5231449,-20.0,0.0,20.0,0.0,-50.0,0.0,-5.0,0.0,-4.0,0.0,-20.0,0.0,20.0,0.0,-50.0,0.0,-5.0,0.0,-4.0,0.0,0,0,1.310116,0.7,1149.74,-50.0,0,0,-5,-21.474836,-21.474836,-21.474836,0,0,0,0,0,0,0,0,0,0
2026-08-13 18:51:03,13-08-2026 18:37:33,2026,8,13,18,37,33,-3915.816,1018.752,8192,102.59,21.05,61.8,27.1,-20.0,0.0,20.0,0.0,-50.0,0.0,-5.0,0.0,-4.0,0.0,0,0,-20.0,0.0,20.0,0.0,-50.0,0.0,-5.0,0.0,-4.0,0.0,-20.0,0.0,20.0,0.0,-50.0,0.0,-5.0,0.0,-4.0,0.0,0,0,-20.0,0.0,20.0,0.0,-50.0,0.0,-5.0,0.0,-4.0,0.0,0,0,51.42,0.004,40.3,0.01,1164.48,5.82,45.5,0.02,27.92,0.012,51.42,0.003,40.36,0.01,1165.53,8.25,45.5,0.02,27.92,0.014,3717813,5231096,-20.0,0.0,20.0,0.0,-50.0,0.0,-5.0,0.0,-4.0,0.0,-20.0,0.0,20.0,0.0,-50.0,0.0,-5.0,0.0,-4.0,0.0,0,0,1.310116,0.7,1147.98,-50.0,0,0,-5,-21.474836,-21.474836,-21.474836,0,0,0,0,0,0,0,0,0,0
2026-08-13 18:55:36,13-08-2026 18:22:33,2026,8,13,18,22,33,-3915.9312,1018.4704,8192,102.6,21.05,61.8,27.1,-20.0,0.0,20.0,0.0,-50.0,0.0,-5.0,0.0,-4.0,0.0,0,0,-20.0,0.0,20.0,0.0,-50.0,0.0,-5.0,0.0,-4.0,0.0,-20.0,0.0,20.0,0.0,-50.0,0.0,-5.0,0.0,-4.0,0.0,0,0,-20.0,0.0,20.0,0.0,-50.0,0.0,-5.0,0.0,-4.0,0.0,0,0,51.42,0.003,39.81,0.01,1166.98,5.49,45.5,0.02,27.91,0.012,51.42,0.005,39.88,0.01,1166.16,5.82,45.5,0.02,27.91,0.012,3720999,5231094,-20.0,0.0,20.0,0.0,-50.0,0.0,-5.0,0.0,-4.0,0.0,-20.0,0.0,20.0,0.0,-50.0,0.0,-5.0,0.0,-4.0,0.0,0,0,1.310116,0.7,1148.4,-50.0,0,0,-5,-21.474836,-21.474836,-21.474836,0,0,0,0,0,0,0,0,0,0
2026-08-13 19:05:43,13-08-2026 17:23:57,2026,8,13,17,23,57,-3916.3008,1017.3152,8192,102.58,20.93,61.9,27.1,-20.0,0.0,20.0,0.0,-50.0,0.0,-5.0,0.0,-4.0,0.0,0,0,-20.0,0.0,20.0,0.0,-50.0,0.0,-5.0,0.0,-4.0,0.0,-20.0,0.0,20.0,0.0,-50.0,0.0,-5.0,0.0,-4.0,0.0,0,0,-20.0,0.0,20.0,0.0,-50.0,0.0,-5.0,0.0,-4.0,0.0,0,0,51.42,0.004,39.74,0.01,1168.41,6.55,45.6,0.02,27.84,0.013,51.42,0.004,39.8,0.01,1168.31,7.52,45.7,0.02,27.84,0.012,3721445,5231442,-20.0,0.0,20.0,0.0,-50.0,0.0,-5.0,0.0,-4.0,0.0,-20.0,0.0,20.0,0.0,-50.0,0.0,-5.0,0.0,-4.0,0.0,0,0,1.310116,0.7,1150.58,-50.0,0,0,-5,-21.474836,-21.474836,-21.474836,0,0,0,0,0,0,0,0,0,0
2026-08-13 19:07:43,13-08-2026 16:25:20,2026,8,13,16,25,20,-3916.6624,1016.1568,8192,102.57,20.92,61.9,27.0,-20.0,0.0,20.0,0.0,-50.0,0.0,-5.0,0.0,-4.0,0.0,0,0,-20.0,0.0,20.0,0.0,-50.0,0.0,-5.0,0.0,-4.0,0.0,-20.0,0.0,20.0,0.0,-50.0,0.0,-5.0,0.0,-4.0,0.0,0,0,-20.0,0.0,20.0,0.0,-50.0,0.0,-5.0,0.0,-4.0,0.0,0,0,51.42,0.005,39.92,0.01,1171.1,5.94,45.8,0.02,27.84,0.012,51.42,0.004,39.98,0.01,1170.71,4.89,45.8,0.02,27.85,0.012,3719928,5231577,-20.0,0.0,20.0,0.0,-50.0,0.0,-5.0,0.0,-4.0,0.0,-20.0,0.0,20.0,0.0,-50.0,0.0,-5.0,0.0,-4.0,0.0,0,0,1.310116,0.7,1153.11,-50.0,0,0,-5,-21.474836,-21.474836,-21.474836,0,0,0,0,0,0,0,0,0,0
2026-08-13 19:12:49,13-08-2026 15:56:44,2026,8,13,15,56,44,-3916.872,1015.5552,10240,102.59,20.96,61.9,27.1,51.42,0.004,39.29,0.02,1171.53,5.89,45.6,0.02,27.85,0.014,3724871,5232002,-20.0,0.0,20.0,0.0,-50.0,0.0,-5.0,0.0,-4.0,0.0,-20.0,0.0,20.0,0.0,-50.0,0.0,-5.0,0.0,-4.0,0.0,0,0,-20.0,0.0,20.0,0.0,-50.0,0.0,-5.0,0.0,-4.0,0.0,0,0,51.42,0.004,39.67,0.01,1170.94,5.6,45.8,0.02,27.84,0.012,51.42,0.004,39.74,0.01,1171.34,5.47,45.8,0.02,27.84,0.012,3721526,5231596,51.42,0.004,39.05,0.01,1173.14,7.53,45.7,0.03,27.85,0.012,51.42,0.004,39.12,0.01,1172.8,5.48,45.7,0.02,27.85,0.014,3725705,5231831,1.310116,0.7,1153.64,1154.72,0,0,-5,-21.474836,-21.474836,-21.474836,0,0,0,0,0,0,0,0,0,0
2026-08-13 19:23:06,13-08-2026 18:52:33,2026,8,13,18,52,33,-3915.7184,1019.0496,10240,102.57,21.05,61.8,27.2,51.42,0.005,39.21,0.01,1165.28,7.07,45.2,0.02,27.92,0.012,3725829,5231322,-20.0,0.0,20.0,0.0,-50.0,0.0,-5.0,0.0,-4.0,0.0,-20.0,0.0,20.0,0.0,-50.0,0.0,-5.0,0.0,-4.0,0.0,0,0,-20.0,0.0,20.0,0.0,-50.0,0.0,-5.0,0.0,-4.0,0.0,0,0,51.42,0.004,39.47,0.01,1165.32,4.77,45.5,0.02,27.92,0.013,51.42,0.004,39.54,0.01,1165.12,5.32,45.5,0.02,27.92,0.015,3723344,5230931,51.42,0.004,39.11,0.01,1166.39,5.58,45.4,0.02,27.92,0.012,51.42,0.004,39.18,0.01,1166.55,6.86,45.4,0.02,27.92,0.012,3725791,5231194,1.310116,0.7,1147.17,1148.34,0,0,-5,-21.474836,-21.474836,-21.474836,0,0,0,0,0,0,0,0,0,0
2026-08-13 20:21:54,13-08-2026 19:51:09,2026,8,13,19,51,9,-3915.2208,1020.2304,10240,102.53,20.99,61.8,27.1,51.42,0.004,39.05,0.01,1163.87,5.43,45.2,0.02,27.89,0.013,3726908,5231007,-20.0,0.0,20.0,0.0,-50.0,0.0,-5.0,0.0,-4.0,0.0,-20.0,0.0,20.0,0.0,-50.0,0.0,-5.0,0.0,-4.0,0.0,0,0,-20.0,0.0,20.0,0.0,-50.0,0.0,-5.0,0.0,-4.0,0.0,0,0,51.42,0.004,39.56,0.01,1163.78,7.27,45.4,0.02,27.88,0.013,51.42,0.004,39.63,0.01,1162.54,5.96,45.4,0.02,27.88,0.014,3722966,5230719,51.42,0.004,38.98,0.01,1164.18,7.42,45.3,0.02,27.88,0.012,51.42,0.005,39.04,0.01,1164.19,6.68,45.3,0.02,27.88,0.014,3726906,5230979,1.310116,0.7,1144.6,1145.89,0,0,-5,-21.474836,-21.474836,-21.474836,0,0,0,0,0,0,0,0,0,0
2026-08-13 21:00:45,13-08-2026 20:34:46,2026,8,13,20,34,46,-3914.7504,1021.0592,8192,102.52,20.95,61.7,27.1,-20.0,0.0,20.0,0.0,-50.0,0.0,-5.0,0.0,-4.0,0.0,0,0,-20.0,0.0,20.0,0.0,-50.0,0.0,-5.0,0.0,-4.0,0.0,-20.0,0.0,20.0,0.0,-50.0,0.0,-5.0,0.0,-4.0,0.0,0,0,-20.0,0.0,20.0,0.0,-50.0,0.0,-5.0,0.0,-4.0,0.0,0,0,51.42,0.003,39.97,0.01,1162.0,4.86,45.3,0.02,27.87,0.012,51.42,0.004,40.03,0.01,1162.59,5.62,45.3,0.02,27.87,0.011,3720370,5230890,-20.0,0.0,20.0,0.0,-50.0,0.0,-5.0,0.0,-4.0,0.0,-20.0,0.0,20.0,0.0,-50.0,0.0,-5.0,0.0,-4.0,0.0,0,0,1.310116,0.7,1144.78,-50.0,0,0,-5,-21.474836,-21.474836,-21.474836,0,0,0,0,0,0,0,0,0,0
2026-08-13 21:06:51,13-08-2026 20:19:46,2026,8,13,20,19,46,-3914.9616,1020.8416,8192,102.54,20.96,61.8,27.1,-20.0,0.0,20.0,0.0,-50.0,0.0,-5.0,0.0,-4.0,0.0,0,0,-20.0,0.0,20.0,0.0,-50.0,0.0,-5.0,0.0,-4.0,0.0,-20.0,0.0,20.0,0.0,-50.0,0.0,-5.0,0.0,-4.0,0.0,0,0,-20.0,0.0,20.0,0.0,-50.0,0.0,-5.0,0.0,-4.0,0.0,0,0,51.42,0.004,39.67,0.01,1162.56,5.4,45.4,0.02,27.87,0.012,51.42,0.005,39.74,0.01,1162.71,4.68,45.4,0.02,27.87,0.01,3722330,5230837,-20.0,0.0,20.0,0.0,-50.0,0.0,-5.0,0.0,-4.0,0.0,-20.0,0.0,20.0,0.0,-50.0,0.0,-5.0,0.0,-4.0,0.0,0,0,1.310116,0.7,1144.79,-50.0,0,0,-5,-21.474836,-21.474836,-21.474836,0,0,0,0,0,0,0,0,0,0
2026-08-13 23:19:16,13-08-2026 22:46:59,2026,8,13,22,46,59,-3913.1336,1022.5632,10496,102.39,20.69,61.7,26.9,51.42,0.004,38.83,0.01,1158.94,6.34,44.9,0.02,27.71,0.014,3729017,5230778,-20.0,0.0,20.0,0.0,-50.0,0.0,-5.0,0.0,-4.0,0.0,-20.0,0.0,20.0,0.0,-50.0,0.0,-5.0,0.0,-4.0,0.0,0,0,-20.0,0.0,20.0,0.0,-50.0,0.0,-5.0,0.0,-4.0,0.0,0,0,51.42,0.005,39.24,0.01,1160.13,5.96,45.2,0.02,27.67,0.012,51.42,0.004,39.32,0.01,1159.72,5.96,45.2,0.02,27.67,0.012,3725427,5230588,51.42,0.004,38.66,0.01,1160.5,8.44,45.1,0.02,27.69,0.014,51.42,0.004,38.72,0.01,1160.83,5.61,45.1,0.02,27.7,0.012,3729451,5230804,1.310116,0.7,1141.51,1142.24,0,0,-5,-21.474836,-21.474836,-21.474836,0,0,0,0,0,0,0,0,0,0
2026-08-13 23:20:01,13-08-2026 22:31:59,2026,8,13,22,31,59,-3913.1488,1022.5536,8192,102.4,20.76,61.7,26.9,-20.0,0.0,20.0,0.0,-50.0,0.0,-5.0,0.0,-4.0,0.0,0,0,-20.0,0.0,20.0,0.0,-50.0,0.0,-5.0,0.0,-4.0,0.0,-20.0,0.0,20.0,0.0,-50.0,0.0,-5.0,0.0,-4.0,0.0,0,0,-20.0,0.0,20.0,0.0,-50.0,0.0,-5.0,0.0,-4.0,0.0,0,0,51.42,0.004,40.02,0.01,1158.94,4.91,45.2,0.02,27.72,0.013,51.42,0.004,40.09,0.01,1158.86,6.09,45.2,0.02,27.72,0.012,3720126,5230286,-20.0,0.0,20.0,0.0,-50.0,0.0,-5.0,0.0,-4.0,0.0,-20.0,0.0,20.0,0.0,-50.0,0.0,-5.0,0.0,-4.0,0.0,0,0,1.310116,0.7,1141.05,-50.0,0,0,-5,-21.474836,-21.474836,-21.474836,0,0,0,0,0,0,0,0,0,0
2026-08-13 23:21:34,13-08-2026 22:16:59,2026,8,13,22,16,59,-3913.3312,1022.3488,8192,102.41,20.83,61.7,26.9,-20.0,0.0,20.0,0.0,-50.0,0.0,-5.0,0.0,-4.0,0.0,0,0,-20.0,0.0,20.0,0.0,-50.0,0.0,-5.0,0.0,-4.0,0.0,-20.0,0.0,20.0,0.0,-50.0,0.0,-5.0,0.0,-4.0,0.0,0,0,-20.0,0.0,20.0,0.0,-50.0,0.0,-5.0,0.0,-4.0,0.0,0,0,51.42,0.004,39.54,0.01,1159.9,7.32,45.2,0.02,27.76,0.012,51.42,0.004,39.62,0.01,1159.51,5.41,45.2,0.02,27.75,0.013,3723305,5230384,-20.0,0.0,20.0,0.0,-50.0,0.0,-5.0,0.0,-4.0,0.0,-20.0,0.0,20.0,0.0,-50.0,0.0,-5.0,0.0,-4.0,0.0,0,0,1.310116,0.7,1141.49,-50.0,0,0,-5,-21.474836,-21.474836,-21.474836,0,0,0,0,0,0,0,0,0,0
2026-08-13 23:27:41,13-08-2026 23:15:35,2026,8,13,23,15,35,-3913.1336,1022.5632,8448,102.36,20.69,61.8,26.8,-20.0,0.0,20.0,0.0,-50.0,0.0,-5.0,0.0,-4.0,0.0,0,0,-20.0,0.0,20.0,0.0,-50.0,0.0,-5.0,0.0,-4.0,0.0,-20.0,0.0,20.0,0.0,-50.0,0.0,-5.0,0.0,-4.0,0.0,0,0,-20.0,0.0,20.0,0.0,-50.0,0.0,-5.0,0.0,-4.0,0.0,0,0,51.42,0.003,39.52,0.01,1159.46,7.25,45.2,0.02,27.67,0.013,51.42,0.004,39.6,0.01,1158.85,5.53,45.2,0.02,27.66,0.012,3723623,5230534,-20.0,0.0,20.0,0.0,-50.0,0.0,-5.0,0.0,-4.0,0.0,-20.0,0.0,20.0,0.0,-50.0,0.0,-5.0,0.0,-4.0,0.0,0,0,1.310116,0.7,1140.76,-50.0,0,0,-5,-21.474836,-21.474836,-21.474836,0,0,0,0,0,0,0,0,0,0
2026-08-14 03:19:01,14-08-2026 02:41:25,2026,8,14,2,41,25,-3913.1336,1022.5632,10496,102.18,20.42,61.7,26.6,51.42,0.004,39.03,0.01,1157.27,6.22,44.6,0.02,27.55,0.014,3728487,5231617,-20.0,0.0,20.0,0.0,-50.0,0.0,-5.0,0.0,-4.0,0.0,-20.0,0.0,20.0,0.0,-50.0,0.0,-5.0,0.0,-4.0,0.0,0,0,-20.0,0.0,20.0,0.0,-50.0,0.0,-5.0,0.0,-4.0,0.0,0,0,51.42,0.004,39.25,0.01,1157.6,5.37,44.8,0.02,27.48,0.013,51.42,0.003,39.33,0.01,1156.31,4.94,44.8,0.02,27.47,0.013,3726441,5231370,51.42,0.004,38.96,0.01,1157.54,7.76,44.7,0.02,27.52,0.011,51.42,0.004,39.03,0.01,1158.17,8.65,44.7,0.02,27.52,0.011,3728328,5231573,1.310116,0.7,1137.83,1139.45,0,0,-5,-21.474836,-21.474836,-21.474836,0,0,0,0,0,0,0,0,0,0
2026-08-14 03:27:21,14-08-2026 03:10:01,2026,8,14,3,10,1,-3913.1336,1022.5632,8448,102.15,20.35,61.7,26.5,-20.0,0.0,20.0,0.0,-50.0,0.0,-5.0,0.0,-4.0,0.0,0,0,-20.0,0.0,20.0,0.0,-50.0,0.0,-5.0,0.0,-4.0,0.0,-20.0,0.0,20.0,0.0,-50.0,0.0,-5.0,0.0,-4.0,0.0,0,0,-20.0,0.0,20.0,0.0,-50.0,0.0,-5.0,0.0,-4.0,0.0,0,0,51.42,0.004,39.4,0.01,1156.11,7.65,44.8,0.02,27.43,0.013,51.42,0.004,39.47,0.01,1156.83,7.55,44.8,0.02,27.43,0.013,3725498,5231470,-20.0,0.0,20.0,0.0,-50.0,0.0,-5.0,0.0,-4.0,0.0,-20.0,0.0,20.0,0.0,-50.0,0.0,-5.0,0.0,-4.0,0.0,0,0,1.310116,0.7,1138.39,-50.0,0,0,-5,-21.474836,-21.474836,-21.474836,0,0,0,0,0,0,0,0,0,0
2026-08-14 04:23:48,14-08-2026 04:08:38,2026,8,14,4,8,38,-3909.1392,1029.2192,8192,102.13,20.2,61.7,26.4,-20.0,0.0,20.0,0.0,-50.0,0.0,-5.0,0.0,-4.0,0.0,0,0,-20.0,0.0,20.0,0.0,-50.0,0.0,-5.0,0.0,-4.0,0.0,-20.0,0.0,20.0,0.0,-50.0,0.0,-5.0,0.0,-4.0,0.0,0,0,-20.0,0.0,20.0,0.0,-50.0,0.0,-5.0,0.0,-4.0,0.0,0,0,51.42,0.004,39.49,0.01,1155.19,6.99,44.7,0.02,27.31,0.011,51.42,0.003,39.56,0.01,1155.36,6.86,44.7,0.02,27.31,0.016,3725169,5231633,-20.0,0.0,20.0,0.0,-50.0,0.0,-5.0,0.0,-4.0,0.0,-20.0,0.0,20.0,0.0,-50.0,0.0,-5.0,0.0,-4.0,0.0,0,0,1.310116,0.7,1136.9,-50.0,0,0,-5,-21.474836,-21.474836,-21.474836,0,0,0,0,0,0,0,0,0,0
2026-08-14 08:17:33,14-08-2026 08:03:03,2026,8,14,8,3,3,-3904.4864,1034.8768,8448,102.23,20.54,61.4,26.6,-20.0,0.0,20.0,0.0,-50.0,0.0,-5.0,0.0,-4.0,0.0,0,0,-20.0,0.0,20.0,0.0,-50.0,0.0,-5.0,0.0,-4.0,0.0,-20.0,0.0,20.0,0.0,-50.0,0.0,-5.0,0.0,-4.0,0.0,0,0,-20.0,0.0,20.0,0.0,-50.0,0.0,-5.0,0.0,-4.0,0.0,0,0,51.42,0.004,40.07,0.01,1148.63,6.07,44.2,0.02,27.5,0.015,51.42,0.004,40.15,0.02,1147.8,8.01,44.2,0.02,27.5,0.012,3722282,5231506,-20.0,0.0,20.0,0.0,-50.0,0.0,-5.0,0.0,-4.0,0.0,-20.0,0.0,20.0,0.0,-50.0,0.0,-5.0,0.0,-4.0,0.0,0,0,1.310116,0.7,1129.34,-50.0,0,0,-5,-21.474836,-21.474836,-21.474836,0,0,0,0,0,0,0,0,0,0
2026-08-14 08:25:51,14-08-2026 07:34:27,2026,8,14,7,34,27,-3904.9056,1034.5216,10240,102.18,20.47,61.5,26.6,51.42,0.004,39.59,0.01,1148.15,5.74,44.0,0.02,27.42,0.013,3726223,5231851,-20.0,0.0,20.0,0.0,-50.0,0.0,-5.0,0.0,-4.0,0.0,-20.0,0.0,20.0,0.0,-50.0,0.0,-5.0,0.0,-4.0,0.0,0,0,-20.0,0.0,20.0,0.0,-50.0,0.0,-5.0,0.0,-4.0,0.0,0,0,51.42,0.004,39.78,0.01,1147.85,6.98,44.2,0.02,27.44,0.01,51.42,0.004,39.85,0.01,1148.51,5.52,44.2,0.02,27.45,0.011,3724300,5231599,51.42,0.005,39.23,0.01,1149.03,7.5,44.1,0.02,27.42,0.014,51.42,0.004,39.31,0.01,1149.44,6.64,44.1,0.02,27.42,0.012,3727945,5231859,1.310116,0.7,1129.93,1130.52,0,0,-5,-21.474836,-21.474836,-21.474836,0,0,0,0,0,0,0,0,0,0
2026-08-14 13:53:46,14-08-2026 13:35:55,2026,8,14,13,35,55,-3856.1824,1040.3584,8192,102.27,20.96,61.3,27.1,-20.0,0.0,20.0,0.0,-50.0,0.0,-5.0,0.0,-4.0,0.0,0,0,-20.0,0.0,20.0,0.0,-50.0,0.0,-5.0,0.0,-4.0,0.0,-20.0,0.0,20.0,0.0,-50.0,0.0,-5.0,0.0,-4.0,0.0,0,0,-20.0,0.0,20.0,0.0,-50.0,0.0,-5.0,0.0,-4.0,0.0,0,0,51.42,0.004,40.22,0.01,1131.85,5.56,43.8,0.02,27.85,0.014,51.42,0.005,40.29,0.01,1131.61,5.35,43.8,0.02,27.86,0.012,3719795,5225772,-20.0,0.0,20.0,0.0,-50.0,0.0,-5.0,0.0,-4.0,0.0,-20.0,0.0,20.0,0.0,-50.0,0.0,-5.0,0.0,-4.0,0.0,0,0,1.02,0.7,1139.21,-50.0,0,0,-5,-21.474836,-21.474836,-21.474836,0,0,0,0,0,0,0,0,0,0
2026-08-14 13:55:14,14-08-2026 13:07:19,2026,8,14,13,7,19,-3856.852,1039.856,10240,102.27,20.95,61.4,27.1,51.42,0.004,39.67,0.01,1130.98,6.16,43.6,0.03,27.84,0.013,3724466,5226322,-20.0,0.0,20.0,0.0,-50.0,0.0,-5.0,0.0,-4.0,0.0,-20.0,0.0,20.0,0.0,-50.0,0.0,-5.0,0.0,-4.0,0.0,0,0,-20.0,0.0,20.0,0.0,-50.0,0.0,-5.0,0.0,-4.0,0.0,0,0,51.42,0.003,40.0,0.01,1132.9,6.72,43.8,0.02,27.85,0.011,51.42,0.004,40.06,0.01,1132.95,6.56,43.8,0.02,27.85,0.012,3721178,5225854,51.42,0.004,39.65,0.01,1131.56,4.78,43.7,0.02,27.84,0.014,51.42,0.003,39.72,0.01,1131.43,8.77,43.7,0.02,27.84,0.012,3723877,5226133,1.02,0.7,1140.6,1139.12,0,0,-5,-21.474836,-21.474836,-21.474836,0,0,0,0,0,0,0,0,0,0
2026-08-14 13:59:54,14-08-2026 12:52:19,2026,8,14,12,52,19,-3857.1712,1039.5744,8192,102.27,20.92,61.3,27.1,-20.0,0.0,20.0,0.0,-50.0,0.0,-5.0,0.0,-4.0,0.0,0,0,-20.0,0.0,20.0,0.0,-50.0,0.0,-5.0,0.0,-4.0,0.0,-20.0,0.0,20.0,0.0,-50.0,0.0,-5.0,0.0,-4.0,0.0,0,0,-20.0,0.0,20.0,0.0,-50.0,0.0,-5.0,0.0,-4.0,0.0,0,0,51.42,0.004,40.65,0.01,1130.92,5.88,43.9,0.02,27.84,0.013,51.42,0.004,40.71,0.01,1131.45,6.89,43.9,0.02,27.85,0.014,3717242,5226072,-20.0,0.0,20.0,0.0,-50.0,0.0,-5.0,0.0,-4.0,0.0,-20.0,0.0,20.0,0.0,-50.0,0.0,-5.0,0.0,-4.0,0.0,0,0,1.02,0.7,1138.98,-50.0,0,0,-5,-21.474836,-21.474836,-21.474836,0,0,0,0,0,0,0,0,0,0
2026-08-14 14:03:45,14-08-2026 13:50:55,2026,8,14,13,50,55,-3855.8448,1040.6272,8192,102.27,20.93,61.3,27.1,-20.0,0.0,20.0,0.0,-50.0,0.0,-5.0,0.0,-4.0,0.0,0,0,-20.0,0.0,20.0,0.0,-50.0,0.0,-5.0,0.0,-4.0,0.0,-20.0,0.0,20.0,0.0,-50.0,0.0,-5.0,0.0,-4.0,0.0,0,0,-20.0,0.0,20.0,0.0,-50.0,0.0,-5.0,0.0,-4.0,0.0,0,0,51.42,0.004,40.66,0.01,1131.83,7.58,43.8,0.02,27.86,0.015,51.42,0.003,40.73,0.01,1131.54,6.05,43.8,0.02,27.86,0.012,3716734,5225516,-20.0,0.0,20.0,0.0,-50.0,0.0,-5.0,0.0,-4.0,0.0,-20.0,0.0,20.0,0.0,-50.0,0.0,-5.0,0.0,-4.0,0.0,0,0,1.02,0.7,1139.05,-50.0,0,0,-5,-21.474836,-21.474836,-21.474836,0,0,0,0,0,0,0,0,0,0
2026-08-14 14:13:05,14-08-2026 12:37:19,2026,8,14,12,37,19,-3857.5008,1039.3088,8192,102.27,20.93,61.4,27.1,-20.0,0.0,20.0,0.0,-50.0,0.0,-5.0,0.0,-4.0,0.0,0,0,-20.0,0.0,20.0,0.0,-50.0,0.0,-5.0,0.0,-4.0,0.0,-20.0,0.0,20.0,0.0,-50.0,0.0,-5.0,0.0,-4.0,0.0,0,0,-20.0,0.0,20.0,0.0,-50.0,0.0,-5.0,0.0,-4.0,0.0,0,0,51.42,0.004,40.18,0.02,1132.35,6.43,43.8,0.02,27.84,0.012,51.42,0.004,40.25,0.01,1131.94,7.66,43.9,0.02,27.84,0.012,3720415,5226304,-20.0,0.0,20.0,0.0,-50.0,0.0,-5.0,0.0,-4.0,0.0,-20.0,0.0,20.0,0.0,-50.0,0.0,-5.0,0.0,-4.0,0.0,0,0,1.02,0.7,1139.56,-50.0,0,0,-5,-21.474836,-21.474836,-21.474836,0,0,0,0,0,0,0,0,0,0
2026-08-14 19:29:24,14-08-2026 18:58:58,2026,8,14,18,58,58,-3848.7232,1045.7472,10240,102.03,20.55,61.4,26.8,51.42,0.004,40.33,0.01,1129.01,4.64,43.4,0.02,27.58,0.013,3718304,5223497,-20.0,0.0,20.0,0.0,-50.0,0.0,-5.0,0.0,-4.0,0.0,-20.0,0.0,20.0,0.0,-50.0,0.0,-5.0,0.0,-4.0,0.0,0,0,-20.0,0.0,20.0,0.0,-50.0,0.0,-5.0,0.0,-4.0,0.0,0,0,51.42,0.004,40.41,0.01,1130.38,6.61,43.6,0.02,27.56,0.011,51.42,0.004,40.48,0.01,1130.2,8.12,43.6,0.02,27.56,0.014,3716829,5223068,51.42,0.004,39.92,0.01,1130.4,5.58,43.5,0.02,27.57,0.014,51.42,0.004,39.98,0.01,1130.05,6.81,43.5,0.02,27.56,0.014,3720348,5223327,1.02,0.7,1137.72,1137.65,0,0,-5,-21.474836,-21.474836,-21.474836,0,0,0,0,0,0,0,0,0,0
2026-08-14 23:22:42,14-08-2026 22:53:23,2026,8,14,22,53,23,-3844.3744,1048.9984,10240,102.04,20.69,61.4,26.9,51.42,0.004,39.88,0.01,1127.14,5.57,43.1,0.02,27.61,0.013,3720686,5222229,-20.0,0.0,20.0,0.0,-50.0,0.0,-5.0,0.0,-4.0,0.0,-20.0,0.0,20.0,0.0,-50.0,0.0,-5.0,0.0,-4.0,0.0,0,0,-20.0,0.0,20.0,0.0,-50.0,0.0,-5.0,0.0,-4.0,0.0,0,0,51.42,0.004,40.5,0.01,1127.16,7.01,43.4,0.03,27.63,0.011,51.42,0.003,40.58,0.01,1126.9,6.45,43.4,0.02,27.63,0.015,3715754,5221698,51.42,0.004,39.84,0.01,1127.66,7.49,43.3,0.02,27.61,0.014,51.42,0.004,39.91,0.01,1127.1,6.16,43.3,0.02,27.62,0.011,3720201,5221815,1.02,0.7,1134.35,1134.65,0,0,-5,-21.474836,-21.474836,-21.474836,0,0,0,0,0,0,0,0,0,0
2026-08-15 01:26:39,15-08-2026 00:50:36,2026,8,15,0,50,36,-3842.2264,1051.3984,10240,101.94,20.52,61.4,26.7,51.42,0.004,40.39,0.01,1125.05,8.3,43.1,0.02,27.56,0.014,3717559,5222079,-20.0,0.0,20.0,0.0,-50.0,0.0,-5.0,0.0,-4.0,0.0,-20.0,0.0,20.0,0.0,-50.0,0.0,-5.0,0.0,-4.0,0.0,0,0,-20.0,0.0,20.0,0.0,-50.0,0.0,-5.0,0.0,-4.0,0.0,0,0,51.42,0.004,40.73,0.01,1125.9,6.19,43.4,0.03,27.53,0.012,51.42,0.003,40.8,0.01,1125.47,6.04,43.4,0.02,27.53,0.014,3714453,5221634,51.42,0.005,40.11,0.01,1126.39,5.71,43.2,0.02,27.55,0.013,51.42,0.004,40.19,0.01,1125.59,5.55,43.2,0.02,27.55,0.013,3718748,5222043,1.02,0.7,1132.86,1133.07,0,0,-5,-21.474836,-21.474836,-21.474836,0,0,0,0,0,0,0,0,0,0
2026-08-15 01:49:42,15-08-2026 01:34:13,2026,8,15,1,34,13,-3841.448,1052.4352,8192,101.91,20.48,61.4,26.7,-20.0,0.0,20.0,0.0,-50.0,0.0,-5.0,0.0,-4.0,0.0,0,0,-20.0,0.0,20.0,0.0,-50.0,0.0,-5.0,0.0,-4.0,0.0,-20.0,0.0,20.0,0.0,-50.0,0.0,-5.0,0.0,-4.0,0.0,0,0,-20.0,0.0,20.0,0.0,-50.0,0.0,-5.0,0.0,-4.0,0.0,0,0,51.42,0.004,41.56,0.01,1124.02,5.62,43.4,0.02,27.51,0.012,51.42,0.003,41.63,0.01,1123.66,6.53,43.4,0.02,27.51,0.013,3709152,5221523,-20.0,0.0,20.0,0.0,-50.0,0.0,-5.0,0.0,-4.0,0.0,-20.0,0.0,20.0,0.0,-50.0,0.0,-5.0,0.0,-4.0,0.0,0,0,1.02,0.7,1130.89,-50.0,0,0,-5,-21.474836,-21.474836,-21.474836,0,0,0,0,0,0,0,0,0,0
2026-08-15 01:57:00,15-08-2026 01:19:13,2026,8,15,1,19,13,-3841.7152,1052.1088,8192,101.93,20.51,61.4,26.7,-20.0,0.0,20.0,0.0,-50.0,0.0,-5.0,0.0,-4.0,0.0,0,0,-20.0,0.0,20.0,0.0,-50.0,0.0,-5.0,0.0,-4.0,0.0,-20.0,0.0,20.0,0.0,-50.0,0.0,-5.0,0.0,-4.0,0.0,0,0,-20.0,0.0,20.0,0.0,-50.0,0.0,-5.0,0.0,-4.0,0.0,0,0,51.42,0.004,41.05,0.01,1125.25,7.14,43.3,0.02,27.52,0.014,51.42,0.004,41.12,0.01,1124.61,6.43,43.4,0.02,27.53,0.012,3712448,5221613,-20.0,0.0,20.0,0.0,-50.0,0.0,-5.0,0.0,-4.0,0.0,-20.0,0.0,20.0,0.0,-50.0,0.0,-5.0,0.0,-4.0,0.0,0,0,1.02,0.7,1131.93,-50.0,0,0,-5,-21.474836,-21.474836,-21.474836,0,0,0,0,0,0,0,0,0,0
2026-08-15 02:27:10,15-08-2026 01:49:13,2026,8,15,1,49,13,-3841.1784,1052.7808,10240,101.88,20.44,61.5,26.7,51.42,0.004,40.42,0.01,1124.43,6.41,43.1,0.03,27.49,0.01,3717275,5221864,-20.0,0.0,20.0,0.0,-50.0,0.0,-5.0,0.0,-4.0,0.0,-20.0,0.0,20.0,0.0,-50.0,0.0,-5.0,0.0,-4.0,0.0,0,0,-20.0,0.0,20.0,0.0,-50.0,0.0,-5.0,0.0,-4.0,0.0,0,0,51.42,0.003,40.54,0.01,1125.04,5.37,43.3,0.02,27.47,0.014,51.42,0.004,40.6,0.01,1125.63,5.05,43.3,0.02,27.47,0.011,3715798,5221731,51.42,0.004,40.03,0.01,1125.19,6.32,43.2,0.02,27.48,0.013,51.42,0.003,40.1,0.01,1125.5,5.64,43.2,0.02,27.48,0.014,3719141,5221713,1.02,0.7,1133.04,1132.99,0,0,-5,-21.474836,-21.474836,-21.474836,0,0,0,0,0,0,0,0,0,0
2026-08-15 23:26:03,15-08-2026 23:03:34,2026,8,15,23,3,34,-3835.2968,1059.296,8448,101.9,21.12,61.3,27.4,-20.0,0.0,20.0,0.0,-50.0,0.0,-5.0,0.0,-4.0,0.0,0,0,-20.0,0.0,20.0,0.0,-50.0,0.0,-5.0,0.0,-4.0,0.0,-20.0,0.0,20.0,0.0,-50.0,0.0,-5.0,0.0,-4.0,0.0,0,0,-20.0,0.0,20.0,0.0,-50.0,0.0,-5.0,0.0,-4.0,0.0,0,0,51.42,0.004,40.44,0.01,1127.04,7.56,42.8,0.02,27.97,0.012,51.42,0.004,40.52,0.01,1126.29,5.41,42.8,0.02,27.97,0.013,3713170,5217384,-20.0,0.0,20.0,0.0,-50.0,0.0,-5.0,0.0,-4.0,0.0,-20.0,0.0,20.0,0.0,-50.0,0.0,-5.0,0.0,-4.0,0.0,0,0,1.02,0.7,1133.63,-50.0,0,0,-5,-21.474836,-21.474836,-21.474836,0,0,0,0,0,0,0,0,0,0
2026-08-16 03:28:52,16-08-2026 02:58:00,2026,8,16,2,58,0,-3805.276,1134.2336,8192,101.87,21.12,61.2,27.4,-20.0,0.0,20.0,0.0,-50.0,0.0,-5.0,0.0,-4.0,0.0,0,0,-20.0,0.0,20.0,0.0,-50.0,0.0,-5.0,0.0,-4.0,0.0,-20.0,0.0,20.0,0.0,-50.0,0.0,-5.0,0.0,-4.0,0.0,0,0,-20.0,0.0,20.0,0.0,-50.0,0.0,-5.0,0.0,-4.0,0.0,0,0,51.42,0.004,40.1,0.01,1131.09,5.47,42.7,0.02,27.95,0.013,51.42,0.004,40.18,0.02,1130.75,4.49,42.7,0.02,27.96,0.012,3714308,5216803,-20.0,0.0,20.0,0.0,-50.0,0.0,-5.0,0.0,-4.0,0.0,-20.0,0.0,20.0,0.0,-50.0,0.0,-5.0,0.0,-4.0,0.0,0,0,1.02,0.7,1138.18,-50.0,0,0,-5,-21.474836,-21.474836,-21.474836,0,0,0,0,0,0,0,0,0,0
2026-08-16 03:55:40,16-08-2026 03:41:37,2026,8,16,3,41,37,-3803.6672,1135.4176,8192,101.98,21.4,61.2,27.6,-20.0,0.0,20.0,0.0,-50.0,0.0,-5.0,0.0,-4.0,0.0,0,0,-20.0,0.0,20.0,0.0,-50.0,0.0,-5.0,0.0,-4.0,0.0,-20.0,0.0,20.0,0.0,-50.0,0.0,-5.0,0.0,-4.0,0.0,0,0,-20.0,0.0,20.0,0.0,-50.0,0.0,-5.0,0.0,-4.0,0.0,0,0,51.42,0.004,39.71,0.01,1132.37,4.67,42.6,0.02,28.16,0.013,51.42,0.003,39.77,0.01,1132.08,6.92,42.7,0.02,28.17,0.011,3716502,5216387,-20.0,0.0,20.0,0.0,-50.0,0.0,-5.0,0.0,-4.0,0.0,-20.0,0.0,20.0,0.0,-50.0,0.0,-5.0,0.0,-4.0,0.0,0,0,1.02,0.7,1139.58,-50.0,0,0,-5,-21.474836,-21.474836,-21.474836,0,0,0,0,0,0,0,0,0,0
2026-08-16 03:55:54,16-08-2026 03:13:00,2026,8,16,3,13,0,-3804.752,1134.6848,10240,101.97,21.36,61.3,27.6,51.42,0.004,39.08,0.01,1132.44,5.67,42.5,0.02,28.0,0.015,3721567,5217110,-20.0,0.0,20.0,0.0,-50.0,0.0,-5.0,0.0,-4.0,0.0,-20.0,0.0,20.0,0.0,-50.0,0.0,-5.0,0.0,-4.0,0.0,0,0,-20.0,0.0,20.0,0.0,-50.0,0.0,-5.0,0.0,-4.0,0.0,0,0,51.42,0.003,39.7,0.01,1132.39,5.07,42.7,0.02,28.11,0.01,51.42,0.003,39.77,0.01,1132.08,6.96,42.7,0.02,28.11,0.012,3716620,5216493,51.42,0.004,39.06,0.01,1133.38,8.46,42.6,0.02,28.03,0.014,51.42,0.003,39.13,0.01,1133.51,6.8,42.6,0.03,28.04,0.012,3720910,5216906,1.02,0.7,1139.58,1141.14,0,0,-5,-21.474836,-21.474836,-21.474836,0,0,0,0,0,0,0,0,0,0
2026-08-16 04:09:32,16-08-2026 03:56:37,2026,8,16,3,56,37,-3803.112,1135.8368,8192,102.01,21.47,61.2,27.7,-20.0,0.0,20.0,0.0,-50.0,0.0,-5.0,0.0,-4.0,0.0,0,0,-20.0,0.0,20.0,0.0,-50.0,0.0,-5.0,0.0,-4.0,0.0,-20.0,0.0,20.0,0.0,-50.0,0.0,-5.0,0.0,-4.0,0.0,0,0,-20.0,0.0,20.0,0.0,-50.0,0.0,-5.0,0.0,-4.0,0.0,0,0,51.42,0.003,39.97,0.01,1132.44,5.52,42.6,0.02,28.23,0.012,51.42,0.004,40.03,0.01,1132.01,6.17,42.6,0.02,28.23,0.012,3714762,5216350,-20.0,0.0,20.0,0.0,-50.0,0.0,-5.0,0.0,-4.0,0.0,-20.0,0.0,20.0,0.0,-50.0,0.0,-5.0,0.0,-4.0,0.0,0,0,1.02,0.7,1139.46,-50.0,0,0,-5,-21.474836,-21.474836,-21.474836,0,0,0,0,0,0,0,0,0,0
2026-08-16 07:10:30,16-08-2026 06:52:26,2026,8,16,6,52,26,-3756.3504,1140.0128,8192,102.07,21.81,61.2,28.1,-20.0,0.0,20.0,0.0,-50.0,0.0,-5.0,0.0,-4.0,0.0,0,0,-20.0,0.0,20.0,0.0,-50.0,0.0,-5.0,0.0,-4.0,0.0,-20.0,0.0,20.0,0.0,-50.0,0.0,-5.0,0.0,-4.0,0.0,0,0,-20.0,0.0,20.0,0.0,-50.0,0.0,-5.0,0.0,-4.0,0.0,0,0,51.42,0.004,41.43,0.01,1088.42,4.96,42.7,0.02,28.48,0.013,51.42,0.003,41.5,0.01,1088.28,4.76,42.7,0.02,28.49,0.015,3711742,5215806,-20.0,0.0,20.0,0.0,-50.0,0.0,-5.0,0.0,-4.0,0.0,-20.0,0.0,20.0,0.0,-50.0,0.0,-5.0,0.0,-4.0,0.0,0,0,1.02,0.7,1095.2,-50.0,0,0,-5,-21.474836,-21.474836,-21.474836,0,0,0,0,0,0,0,0,0,0
2026-08-16 07:12:04,16-08-2026 06:37:26,2026,8,16,6,37,26,-3756.8648,1139.7408,8192,102.07,21.8,61.2,28.1,-20.0,0.0,20.0,0.0,-50.0,0.0,-5.0,0.0,-4.0,0.0,0,0,-20.0,0.0,20.0,0.0,-50.0,0.0,-5.0,0.0,-4.0,0.0,-20.0,0.0,20.0,0.0,-50.0,0.0,-5.0,0.0,-4.0,0.0,0,0,-20.0,0.0,20.0,0.0,-50.0,0.0,-5.0,0.0,-4.0,0.0,0,0,51.42,0.004,41.02,0.02,1085.27,6.56,42.7,0.02,28.48,0.012,51.42,0.003,41.1,0.01,1084.91,4.54,42.7,0.02,28.48,0.013,3715146,5216107,-20.0,0.0,20.0,0.0,-50.0,0.0,-5.0,0.0,-4.0,0.0,-20.0,0.0,20.0,0.0,-50.0,0.0,-5.0,0.0,-4.0,0.0,0,0,1.02,0.7,1091.87,-50.0,0,0,-5,-21.474836,-21.474836,-21.474836,0,0,0,0,0,0,0,0,0,0
2026-08-16 07:12:41,16-08-2026 06:08:50,2026,8,16,6,8,50,-3757.8688,1139.1232,10240,102.08,21.78,61.2,28.1,51.42,0.004,40.91,0.01,1071.35,5.72,42.6,0.02,28.46,0.013,3718713,5216291,-20.0,0.0,20.0,0.0,-50.0,0.0,-5.0,0.0,-4.0,0.0,-20.0,0.0,20.0,0.0,-50.0,0.0,-5.0,0.0,-4.0,0.0,0,0,-20.0,0.0,20.0,0.0,-50.0,0.0,-5.0,0.0,-4.0,0.0,0,0,51.42,0.004,40.87,0.01,1081.75,5.36,42.7,0.02,28.46,0.013,51.42,0.004,40.93,0.01,1082.39,6.37,42.7,0.02,28.47,0.013,3716747,5216242,51.42,0.004,40.46,0.01,1074.85,6.5,42.6,0.03,28.45,0.012,51.42,0.004,40.54,0.01,1075.32,5.3,42.6,0.02,28.46,0.012,3720471,5216317,1.02,0.7,1089.36,1082.3,0,0,-5,-21.474836,-21.474836,-21.474836,0,0,0,0,0,0,0,0,0,0
2026-08-16 07:20:30,16-08-2026 05:53:50,2026,8,16,5,53,50,-3758.4032,1138.768,8192,102.06,21.75,61.2,28.0,-20.0,0.0,20.0,0.0,-50.0,0.0,-5.0,0.0,-4.0,0.0,0,0,-20.0,0.0,20.0,0.0,-50.0,0.0,-5.0,0.0,-4.0,0.0,-20.0,0.0,20.0,0.0,-50.0,0.0,-5.0,0.0,-4.0,0.0,0,0,-20.0,0.0,20.0,0.0,-50.0,0.0,-5.0,0.0,-4.0,0.0,0,0,51.42,0.004,40.99,0.01,1109.1,5.32,42.7,0.02,28.45,0.011,51.42,0.003,41.08,0.01,1108.52,5.29,42.7,0.02,28.45,0.011,3711593,5216325,-20.0,0.0,20.0,0.0,-50.0,0.0,-5.0,0.0,-4.0,0.0,-20.0,0.0,20.0,0.0,-50.0,0.0,-5.0,0.0,-4.0,0.0,0,0,1.02,0.7,1115.64,-50.0,0,0,-5,-21.474836,-21.474836,-21.474836,0,0,0,0,0,0,0,0,0,0
2026-08-16 07:22:14,16-08-2026 05:38:50,2026,8,16,5,38,50,-3758.9856,1138.4256,8192,102.07,21.75,61.2,28.1,-20.0,0.0,20.0,0.0,-50.0,0.0,-5.0,0.0,-4.0,0.0,0,0,-20.0,0.0,20.0,0.0,-50.0,0.0,-5.0,0.0,-4.0,0.0,-20.0,0.0,20.0,0.0,-50.0,0.0,-5.0,0.0,-4.0,0.0,0,0,-20.0,0.0,20.0,0.0,-50.0,0.0,-5.0,0.0,-4.0,0.0,0,0,51.42,0.003,40.59,0.01,1106.22,5.1,42.7,0.02,28.44,0.012,51.42,0.004,40.65,0.01,1106.47,4.68,42.7,0.03,28.44,0.012,3714648,5216254,-20.0,0.0,20.0,0.0,-50.0,0.0,-5.0,0.0,-4.0,0.0,-20.0,0.0,20.0,0.0,-50.0,0.0,-5.0,0.0,-4.0,0.0,0,0,1.02,0.7,1113.65,-50.0,0,0,-5,-21.474836,-21.474836,-21.474836,0,0,0,0,0,0,0,0,0,0
2026-08-16 07:27:25,16-08-2026 05:10:13,2026,8,16,5,10,13,-3800.1288,1137.6928,10240,102.07,21.74,61.2,28.1,51.42,0.003,40.11,0.01,1097.29,6.13,42.5,0.02,28.4,0.014,3719534,5216113,-20.0,0.0,20.0,0.0,-50.0,0.0,-5.0,0.0,-4.0,0.0,-20.0,0.0,20.0,0.0,-50.0,0.0,-5.0,0.0,-4.0,0.0,0,0,-20.0,0.0,20.0,0.0,-50.0,0.0,-5.0,0.0,-4.0,0.0,0,0,51.42,0.004,40.37,0.01,1104.09,6.75,42.7,0.02,28.43,0.014,51.42,0.004,40.44,0.01,1104.63,4.78,42.7,0.02,28.43,0.012,3716227,5216081,51.42,0.004,39.87,0.01,1099.48,7.05,42.6,0.02,28.41,0.013,51.42,0.004,39.94,0.01,1100.04,5.93,42.6,0.02,28.41,0.011,3720288,5216215,1.02,0.7,1111.83,1107.29,0,0,-5,-21.474836,-21.474836,-21.474836,0,0,0,0,0,0,0,0,0,0
2026-08-16 09:13:34,16-08-2026 08:49:39,2026,8,16,8,49,39,-3753.376,1142.288,8192,102.11,21.96,61.2,28.2,-20.0,0.0,20.0,0.0,-50.0,0.0,-5.0,0.0,-4.0,0.0,0,0,-20.0,0.0,20.0,0.0,-50.0,0.0,-5.0,0.0,-4.0,0.0,-20.0,0.0,20.0,0.0,-50.0,0.0,-5.0,0.0,-4.0,0.0,0,0,-20.0,0.0,20.0,0.0,-50.0,0.0,-5.0,0.0,-4.0,0.0,0,0,51.42,0.003,42.85,0.01,976.81,5.29,42.8,0.02,28.61,0.009,51.42,0.003,42.92,0.01,977.6,4.15,42.8,0.02,28.61,0.013,3720996,5214571,-20.0,0.0,20.0,0.0,-50.0,0.0,-5.0,0.0,-4.0,0.0,-20.0,0.0,20.0,0.0,-50.0,0.0,-5.0,0.0,-4.0,0.0,0,0,1.02,0.7,983.62,-50.0,0,0,-5,-21.474836,-21.474836,-21.474836,0,0,0,0,0,0,0,0,0,0
2026-08-16 09:21:31,16-08-2026 08:34:39,2026,8,16,8,34,39,-3753.7376,1141.9648,8192,102.09,21.94,61.2,28.1,-20.0,0.0,20.0,0.0,-50.0,0.0,-5.0,0.0,-4.0,0.0,0,0,-20.0,0.0,20.0,0.0,-50.0,0.0,-5.0,0.0,-4.0,0.0,-20.0,0.0,20.0,0.0,-50.0,0.0,-5.0,0.0,-4.0,0.0,0,0,-20.0,0.0,20.0,0.0,-50.0,0.0,-5.0,0.0,-4.0,0.0,0,0,51.42,0.004,42.58,0.01,966.12,6.45,42.8,0.02,28.57,0.013,51.42,0.004,42.66,0.01,966.47,4.42,42.8,0.02,28.58,0.014,3724684,5214702,-20.0,0.0,20.0,0.0,-50.0,0.0,-5.0,0.0,-4.0,0.0,-20.0,0.0,20.0,0.0,-50.0,0.0,-5.0,0.0,-4.0,0.0,0,0,1.02,0.7,972.46,-50.0,0,0,-5,-21.474836,-21.474836,-21.474836,0,0,0,0,0,0,0,0,0,0
2026-08-16 09:21:49,16-08-2026 08:06:02,2026,8,16,8,6,2,-3754.4256,1141.4016,10240,102.11,21.92,61.2,28.2,51.42,0.004,43.11,0.01,930.56,4.52,42.9,0.02,28.49,0.013,3728760,5215035,-20.0,0.0,20.0,0.0,-50.0,0.0,-5.0,0.0,-4.0,0.0,-20.0,0.0,20.0,0.0,-50.0,0.0,-5.0,0.0,-4.0,0.0,0,0,-20.0,0.0,20.0,0.0,-50.0,0.0,-5.0,0.0,-4.0,0.0,0,0,51.42,0.004,42.59,0.01,956.22,5.17,42.9,0.02,28.54,0.013,51.42,0.004,42.67,0.01,956.62,5.07,42.9,0.02,28.55,0.011,3726387,5214735,51.42,0.004,42.64,0.01,940.2,4.95,42.8,0.03,28.5,0.014,51.42,0.004,42.71,0.01,941.25,5.03,42.9,0.02,28.51,0.014,3729055,5214923,1.02,0.7,962.55,947.08,0,0,-5,-21.474836,-21.474836,-21.474836,0,0,0,0,0,0,0,0,0,0
2026-08-16 09:24:57,16-08-2026 07:51:02,2026,8,16,7,51,2,-3754.752,1141.0976,8192,102.06,21.78,61.2,28.0,-20.0,0.0,20.0,0.0,-50.0,0.0,-5.0,0.0,-4.0,0.0,0,0,-20.0,0.0,20.0,0.0,-50.0,0.0,-5.0,0.0,-4.0,0.0,-20.0,0.0,20.0,0.0,-50.0,0.0,-5.0,0.0,-4.0,0.0,0,0,-20.0,0.0,20.0,0.0,-50.0,0.0,-5.0,0.0,-4.0,0.0,0,0,51.42,0.003,42.13,0.01,1030.35,5.48,42.8,0.02,28.47,0.013,51.42,0.004,42.19,0.01,1030.98,4.71,42.8,0.02,28.46,0.014,3716820,5215599,-20.0,0.0,20.0,0.0,-50.0,0.0,-5.0,0.0,-4.0,0.0,-20.0,0.0,20.0,0.0,-50.0,0.0,-5.0,0.0,-4.0,0.0,0,0,1.02,0.7,1037.44,-50.0,0,0,-5,-21.474836,-21.474836,-21.474836,0,0,0,0,0,0,0,0,0,0
2026-08-16 09:29:36,16-08-2026 07:36:02,2026,8,16,7,36,2,-3755.0864,1140.816,8192,102.03,21.77,61.3,28.0,-20.0,0.0,20.0,0.0,-50.0,0.0,-5.0,0.0,-4.0,0.0,0,0,-20.0,0.0,20.0,0.0,-50.0,0.0,-5.0,0.0,-4.0,0.0,-20.0,0.0,20.0,0.0,-50.0,0.0,-5.0,0.0,-4.0,0.0,0,0,-20.0,0.0,20.0,0.0,-50.0,0.0,-5.0,0.0,-4.0,0.0,0,0,51.42,0.005,41.82,0.01,1021.88,5.14,42.8,0.02,28.45,0.01,51.42,0.004,41.9,0.01,1021.98,4.7,42.8,0.02,28.45,0.012,3720375,5215796,-20.0,0.0,20.0,0.0,-50.0,0.0,-5.0,0.0,-4.0,0.0,-20.0,0.0,20.0,0.0,-50.0,0.0,-5.0,0.0,-4.0,0.0,0,0,1.02,0.7,1028.42,-50.0,0,0,-5,-21.474836,-21.474836,-21.474836,0,0,0,0,0,0,0,0,0,0
2026-08-16 11:10:49,16-08-2026 10:46:52,2026,8,16,10,46,52,-3750.2736,1144.8832,8192,102.14,22.09,61.2,28.4,-20.0,0.0,20.0,0.0,-50.0,0.0,-5.0,0.0,-4.0,0.0,0,0,-20.0,0.0,20.0,0.0,-50.0,0.0,-5.0,0.0,-4.0,0.0,-20.0,0.0,20.0,0.0,-50.0,0.0,-5.0,0.0,-4.0,0.0,0,0,-20.0,0.0,20.0,0.0,-50.0,0.0,-5.0,0.0,-4.0,0.0,0,0,51.42,0.004,43.79,0.01,869.72,3.71,43.0,0.02,28.71,0.013,51.42,0.003,43.86,0.01,870.84,6.15,43.0,0.02,28.71,0.014,3735189,5214232,-20.0,0.0,20.0,0.0,-50.0,0.0,-5.0,0.0,-4.0,0.0,-20.0,0.0,20.0,0.0,-50.0,0.0,-5.0,0.0,-4.0,0.0,0,0,1.02,0.7,876.12,-50.0,0,0,-5,-21.474836,-21.474836,-21.474836,0,0,0,0,0,0,0,0,0,0
2026-08-16 11:19:08,16-08-2026 10:31:52,2026,8,16,10,31,52,-3750.6728,1144.5568,8192,102.13,22.06,61.2,28.3,-20.0,0.0,20.0,0.0,-50.0,0.0,-5.0,0.0,-4.0,0.0,0,0,-20.0,0.0,20.0,0.0,-50.0,0.0,-5.0,0.0,-4.0,0.0,-20.0,0.0,20.0,0.0,-50.0,0.0,-5.0,0.0,-4.0,0.0,0,0,-20.0,0.0,20.0,0.0,-50.0,0.0,-5.0,0.0,-4.0,0.0,0,0,51.42,0.004,44.0,0.01,854.12,5.85,43.1,0.02,28.68,0.014,51.42,0.004,44.08,0.01,854.59,6.2,43.1,0.02,28.69,0.013,3736984,5214059,-20.0,0.0,20.0,0.0,-50.0,0.0,-5.0,0.0,-4.0,0.0,-20.0,0.0,20.0,0.0,-50.0,0.0,-5.0,0.0,-4.0,0.0,0,0,1.02,0.7,859.74,-50.0,0,0,-5,-21.474836,-21.474836,-21.474836,0,0,0,0,0,0,0,0,0,0
2026-08-16 11:21:20,16-08-2026 10:03:15,2026,8,16,10,3,15,-3751.444,1143.9392,10240,102.13,22.04,61.3,28.3,51.42,0.005,45.3,0.01,806.52,5.17,43.4,0.03,28.65,0.013,3739864,5213772,-20.0,0.0,20.0,0.0,-50.0,0.0,-5.0,0.0,-4.0,0.0,-20.0,0.0,20.0,0.0,-50.0,0.0,-5.0,0.0,-4.0,0.0,0,0,-20.0,0.0,20.0,0.0,-50.0,0.0,-5.0,0.0,-4.0,0.0,0,0,51.42,0.004,44.59,0.01,840.39,4.76,43.1,0.02,28.66,0.012,51.42,0.004,44.67,0.01,841.23,4.7,43.1,0.02,28.67,0.012,3736403,5214063,51.42,0.003,44.58,0.01,819.38,5.29,43.2,0.02,28.65,0.013,51.42,0.004,44.65,0.01,820.26,4.31,43.2,0.03,28.65,0.013,3740602,5213937,1.02,0.7,846.24,825.16,0,0,-5,-21.474836,-21.474836,-21.474836,0,0,0,0,0,0,0,0,0,0
2026-08-16 11:23:37,16-08-2026 09:48:15,2026,8,16,9,48,15,-3751.8448,1143.568,8192,102.11,21.99,61.3,28.3,-20.0,0.0,20.0,0.0,-50.0,0.0,-5.0,0.0,-4.0,0.0,0,0,-20.0,0.0,20.0,0.0,-50.0,0.0,-5.0,0.0,-4.0,0.0,-20.0,0.0,20.0,0.0,-50.0,0.0,-5.0,0.0,-4.0,0.0,0,0,-20.0,0.0,20.0,0.0,-50.0,0.0,-5.0,0.0,-4.0,0.0,0,0,51.42,0.004,42.95,0.01,932.62,5.41,42.9,0.03,28.65,0.012,51.43,0.004,43.02,0.01,933.15,4.66,42.9,0.02,28.65,0.014,3728249,5214199,-20.0,0.0,20.0,0.0,-50.0,0.0,-5.0,0.0,-4.0,0.0,-20.0,0.0,20.0,0.0,-50.0,0.0,-5.0,0.0,-4.0,0.0,0,0,1.02,0.7,938.9,-50.0,0,0,-5,-21.474836,-21.474836,-21.474836,0,0,0,0,0,0,0,0,0,0
2026-08-16 11:28:34,16-08-2026 09:33:15,2026,8,16,9,33,15,-3752.2736,1143.2544,8192,102.11,22.01,61.2,28.3,-20.0,0.0,20.0,0.0,-50.0,0.0,-5.0,0.0,-4.0,0.0,0,0,-20.0,0.0,20.0,0.0,-50.0,0.0,-5.0,0.0,-4.0,0.0,-20.0,0.0,20.0,0.0,-50.0,0.0,-5.0,0.0,-4.0,0.0,0,0,-20.0,0.0,20.0,0.0,-50.0,0.0,-5.0,0.0,-4.0,0.0,0,0,51.42,0.004,42.85,0.01,920.22,3.01,42.9,0.02,28.65,0.013,51.42,0.003,42.93,0.01,920.6,3.78,42.9,0.02,28.65,0.012,3731143,5214279,-20.0,0.0,20.0,0.0,-50.0,0.0,-5.0,0.0,-4.0,0.0,-20.0,0.0,20.0,0.0,-50.0,0.0,-5.0,0.0,-4.0,0.0,0,0,1.02,0.7,926.28,-50.0,0,0,-5,-21.474836,-21.474836,-21.474836,0,0,0,0,0,0,0,0,0,0
2026-08-16 11:49:20,16-08-2026 11:30:28,2026,8,16,11,30,28,-3749.0352,1145.8976,8192,102.15,22.16,61.3,28.4,-20.0,0.0,20.0,0.0,-50.0,0.0,-5.0,0.0,-4.0,0.0,0,0,-20.0,0.0,20.0,0.0,-50.0,0.0,-5.0,0.0,-4.0,0.0,-20.0,0.0,20.0,0.0,-50.0,0.0,-5.0,0.0,-4.0,0.0,0,0,-20.0,0.0,20.0,0.0,-50.0,0.0,-5.0,0.0,-4.0,0.0,0,0,51.42,0.003,44.44,0.01,805.13,5.74,43.2,0.02,28.77,0.012,51.42,0.003,44.5,0.01,806.23,4.55,43.2,0.02,28.77,0.012,3744257,5213950,-20.0,0.0,20.0,0.0,-50.0,0.0,-5.0,0.0,-4.0,0.0,-20.0,0.0,20.0,0.0,-50.0,0.0,-5.0,0.0,-4.0,0.0,0,0,1.02,0.7,811.06,-50.0,0,0,-5,-21.474836,-21.474836,-21.474836,0,0,0,0,0,0,0,0,0,0
2026-08-16 11:58:54,16-08-2026 11:45:28,2026,8,16,11,45,28,-3748.608,1146.2656,8192,102.16,22.16,61.2,28.5,-20.0,0.0,20.0,0.0,-50.0,0.0,-5.0,0.0,-4.0,0.0,0,0,-20.0,0.0,20.0,0.0,-50.0,0.0,-5.0,0.0,-4.0,0.0,-20.0,0.0,20.0,0.0,-50.0,0.0,-5.0,0.0,-4.0,0.0,0,0,-20.0,0.0,20.0,0.0,-50.0,0.0,-5.0,0.0,-4.0,0.0,0,0,51.42,0.003,44.03,0.01,821.86,4.7,43.2,0.03,28.78,0.013,51.42,0.003,44.1,0.01,822.59,4.43,43.2,0.02,28.78,0.014,3743221,5214081,-20.0,0.0,20.0,0.0,-50.0,0.0,-5.0,0.0,-4.0,0.0,-20.0,0.0,20.0,0.0,-50.0,0.0,-5.0,0.0,-4.0,0.0,0,0,1.02,0.7,827.56,-50.0,0,0,-5,-21.474836,-21.474836,-21.474836,0,0,0,0,0,0,0,0,0,0
2026-08-16 13:29:11,16-08-2026 12:59:05,2026,8,16,12,59,5,-3746.456,1147.9488,10240,102.12,22.18,61.3,28.4,51.42,0.004,48.69,0.01,645.22,3.21,44.4,0.04,28.79,0.013,3759196,5213761,-20.0,0.0,20.0,0.0,-50.0,0.0,-5.0,0.0,-4.0,0.0,-20.0,0.0,20.0,0.0,-50.0,0.0,-5.0,0.0,-4.0,0.0,0,0,-20.0,0.0,20.0,0.0,-50.0,0.0,-5.0,0.0,-4.0,0.0,0,0,51.42,0.003,47.01,0.01,681.23,2.75,43.7,0.02,28.78,0.015,51.42,0.004,47.08,0.01,682.26,4.5,43.7,0.02,28.77,0.01,3757845,5213645,51.42,0.004,47.3,0.01,658.83,4.23,43.9,0.02,28.79,0.014,51.42,0.004,47.37,0.01,660.39,3.5,43.9,0.03,28.79,0.012,3761842,5214000,1.02,0.7,686.17,664.17,0,0,-5,-21.474836,-21.474836,-21.474836,0,0,0,0,0,0,0,0,0,0
2026-08-16 13:29:38,16-08-2026 12:44:05,2026,8,16,12,44,5,-3746.9032,1147.6224,8192,102.15,22.21,61.3,28.5,-20.0,0.0,20.0,0.0,-50.0,0.0,-5.0,0.0,-4.0,0.0,0,0,-20.0,0.0,20.0,0.0,-50.0,0.0,-5.0,0.0,-4.0,0.0,-20.0,0.0,20.0,0.0,-50.0,0.0,-5.0,0.0,-4.0,0.0,0,0,-20.0,0.0,20.0,0.0,-50.0,0.0,-5.0,0.0,-4.0,0.0,0,0,51.42,0.004,45.39,0.01,767.29,4.09,43.4,0.02,28.79,0.013,51.42,0.003,45.47,0.01,768.11,4.32,43.4,0.02,28.8,0.012,3747045,5213904,-20.0,0.0,20.0,0.0,-50.0,0.0,-5.0,0.0,-4.0,0.0,-20.0,0.0,20.0,0.0,-50.0,0.0,-5.0,0.0,-4.0,0.0,0,0,1.02,0.7,772.63,-50.0,0,0,-5,-21.474836,-21.474836,-21.474836,0,0,0,0,0,0,0,0,0,0
2026-08-16 13:30:04,16-08-2026 12:29:05,2026,8,16,12,29,5,-3747.3616,1147.296,8192,102.15,22.21,61.3,28.5,-20.0,0.0,20.0,0.0,-50.0,0.0,-5.0,0.0,-4.0,0.0,0,0,-20.0,0.0,20.0,0.0,-50.0,0.0,-5.0,0.0,-4.0,0.0,-20.0,0.0,20.0,0.0,-50.0,0.0,-5.0,0.0,-4.0,0.0,0,0,-20.0,0.0,20.0,0.0,-50.0,0.0,-5.0,0.0,-4.0,0.0,0,0,51.42,0.003,45.46,0.01,749.97,6.75,43.4,0.03,28.8,0.012,51.42,0.004,45.53,0.01,750.61,4.84,43.4,0.02,28.8,0.013,3750373,5213810,-20.0,0.0,20.0,0.0,-50.0,0.0,-5.0,0.0,-4.0,0.0,-20.0,0.0,20.0,0.0,-50.0,0.0,-5.0,0.0,-4.0,0.0,0,0,1.02,0.7,755.02,-50.0,0,0,-5,-21.474836,-21.474836,-21.474836,0,0,0,0,0,0,0,0,0,0
2026-08-16 15:51:00,16-08-2026 15:24:54,2026,8,16,15,24,54,-3742.2672,1150.8576,8192,102.11,22.18,61.4,28.5,-20.0,0.0,20.0,0.0,-50.0,0.0,-5.0,0.0,-4.0,0.0,0,0,-20.0,0.0,20.0,0.0,-50.0,0.0,-5.0,0.0,-4.0,0.0,-20.0,0.0,20.0,0.0,-50.0,0.0,-5.0,0.0,-4.0,0.0,0,0,-20.0,0.0,20.0,0.0,-50.0,0.0,-5.0,0.0,-4.0,0.0,0,0,51.42,0.004,49.47,0.01,577.91,3.6,44.1,0.02,28.76,0.013,51.42,0.004,49.55,0.01,578.33,3.02,44.1,0.02,28.76,0.011,3771619,5212765,-20.0,0.0,20.0,0.0,-50.0,0.0,-5.0,0.0,-4.0,0.0,-20.0,0.0,20.0,0.0,-50.0,0.0,-5.0,0.0,-4.0,0.0,0,0,1.02,0.7,581.51,-50.0,0,0,-5,-21.474836,-21.474836,-21.474836,0,0,0,0,0,0,0,0,0,0
2026-08-16 15:53:18,16-08-2026 15:39:54,2026,8,16,15,39,54,-3741.8464,1151.1104,8192,102.1,22.16,61.4,28.4,-20.0,0.0,20.0,0.0,-50.0,0.0,-5.0,0.0,-4.0,0.0,0,0,-20.0,0.0,20.0,0.0,-50.0,0.0,-5.0,0.0,-4.0,0.0,-20.0,0.0,20.0,0.0,-50.0,0.0,-5.0,0.0,-4.0,0.0,0,0,-20.0,0.0,20.0,0.0,-50.0,0.0,-5.0,0.0,-4.0,0.0,0,0,51.42,0.004,49.91,0.01,584.37,2.75,44.0,0.02,28.76,0.012,51.42,0.004,49.98,0.01,585.2,4.18,44.0,0.02,28.77,0.013,3767945,5212748,-20.0,0.0,20.0,0.0,-50.0,0.0,-5.0,0.0,-4.0,0.0,-20.0,0.0,20.0,0.0,-50.0,0.0,-5.0,0.0,-4.0,0.0,0,0,1.02,0.7,588.38,-50.0,0,0,-5,-21.474836,-21.474836,-21.474836,0,0,0,0,0,0,0,0,0,0
2026-08-16 16:09:06,16-08-2026 14:56:18,2026,8,16,14,56,18,-3743.0752,1150.3872,10240,102.11,22.16,61.4,28.5,51.42,0.005,51.08,0.01,552.84,4.31,44.9,0.04,28.74,0.015,3772166,5212930,-20.0,0.0,20.0,0.0,-50.0,0.0,-5.0,0.0,-4.0,0.0,-20.0,0.0,20.0,0.0,-50.0,0.0,-5.0,0.0,-4.0,0.0,0,0,-20.0,0.0,20.0,0.0,-50.0,0.0,-5.0,0.0,-4.0,0.0,0,0,51.42,0.004,49.12,0.01,574.58,3.07,44.2,0.02,28.75,0.014,51.42,0.004,49.19,0.01,575.94,3.14,44.1,0.02,28.75,0.013,3773944,5212960,51.42,0.004,48.93,0.01,564.88,2.98,44.3,0.02,28.74,0.015,51.42,0.004,48.99,0.01,566.36,2.66,44.3,0.02,28.74,0.012,3777457,5213207,1.02,0.7,579.13,569.52,0,0,-5,-21.474836,-21.474836,-21.474836,0,0,0,0,0,0,0,0,0,0
2026-08-16 16:23:40,16-08-2026 14:41:18,2026,8,16,14,41,18,-3743.4832,1150.112,8192,102.09,22.11,61.4,28.4,-20.0,0.0,20.0,0.0,-50.0,0.0,-5.0,0.0,-4.0,0.0,0,0,-20.0,0.0,20.0,0.0,-50.0,0.0,-5.0,0.0,-4.0,0.0,-20.0,0.0,20.0,0.0,-50.0,0.0,-5.0,0.0,-4.0,0.0,0,0,-20.0,0.0,20.0,0.0,-50.0,0.0,-5.0,0.0,-4.0,0.0,0,0,51.42,0.004,48.6,0.01,637.44,4.93,43.8,0.02,28.74,0.013,51.42,0.004,48.67,0.01,638.45,3.81,43.8,0.02,28.74,0.014,3760495,5213114,-20.0,0.0,20.0,0.0,-50.0,0.0,-5.0,0.0,-4.0,0.0,-20.0,0.0,20.0,0.0,-50.0,0.0,-5.0,0.0,-4.0,0.0,0,0,1.02,0.7,641.99,-50.0,0,0,-5,-21.474836,-21.474836,-21.474836,0,0,0,0,0,0,0,0,0,0
