timeStamp,latitude,longitude,air_temperature,air_pressure,wind_speed_kt,wind_speed_std,wind_dir_deg,wind_dir_std_deg,gust_hour,gust_minute,gust_speed_kt,gust_dir_deg,num_valid_wind_samples,wind_speed_ms
2026-07-03 08:40:00,-38.4757266666667,11.5478466666667,16.900000000000002,1015.1,4.3,3.8000000000000003,140.70000000000002,40.400000000000006,8,39,6.9,138.4,90,2.2121092
2026-07-03 08:50:00,-38.4756083333333,11.5470816666667,17.0,1014.8000000000001,6.7,5.300000000000001,151.9,25.400000000000002,8,49,12.0,124.2,600,3.4467748
2026-07-03 09:00:00,-38.4756483333333,11.5461516666667,17.400000000000002,1014.8000000000001,5.4,6.5,144.20000000000002,31.3,8,52,12.200000000000001,196.3,599,2.7779976000000004
2026-07-03 09:10:00,-38.4756783333333,11.5452,18.3,1014.9000000000001,2.8000000000000003,2.2,128.9,75.0,9,1,5.5,191.60000000000002,600,1.4404432000000003
2026-07-03 09:20:00,-38.4755433333333,11.5420516666667,18.1,1014.4000000000001,4.0,4.9,124.2,64.0,9,14,12.3,123.80000000000001,600,2.057776
2026-07-03 09:30:00,-38.4757433333333,11.5415966666667,17.8,1014.7,5.6000000000000005,10.0,162.8,46.300000000000004,9,28,11.8,163.70000000000002,600,2.8808864000000005
2026-07-03 09:40:00,-38.47582,11.5415616666667,18.1,1014.8000000000001,5.300000000000001,11.100000000000001,156.70000000000002,55.800000000000004,9,38,14.4,172.70000000000002,600,2.7265532000000006
2026-07-03 09:50:00,-38.4758616666667,11.5415183333333,18.3,1014.9000000000001,4.6000000000000005,14.8,161.9,73.2,9,47,15.8,200.70000000000002,600,2.3664424000000004
2026-07-03 10:00:00,-38.4758366666667,11.5415483333333,18.2,1015.0,5.1000000000000005,7.0,150.1,53.1,9,53,11.100000000000001,15.8,600,2.6236644000000005
2026-07-03 10:10:00,-38.475825,11.5415566666667,18.900000000000002,1015.3000000000001,2.5,1.9000000000000001,146.70000000000002,75.4,10,4,6.1000000000000005,148.5,600,1.28611
2026-07-03 11:00:00,-38.47654,11.5341283333333,18.3,1014.8000000000001,5.0,5.5,140.70000000000002,41.400000000000006,10,58,13.4,177.8,600,2.57222
2026-07-03 11:10:00,-38.476765,11.5316816666667,17.900000000000002,1014.6,7.5,15.8,150.3,30.700000000000003,11,4,17.7,158.0,600,3.85833
2026-07-03 11:20:00,-38.4770433333333,11.5295316666667,18.400000000000002,1014.5,3.8000000000000003,6.7,118.7,59.2,11,10,13.100000000000001,48.300000000000004,600,1.9548872000000002
2026-07-03 13:40:00,-38.445775,11.571165,15.3,1015.7,15.9,3.7,285.3,21.400000000000002,13,33,20.1,291.8,600,8.1796596
2026-07-03 13:50:00,-38.44416,11.5784866666667,15.3,1015.4000000000001,15.700000000000001,4.6000000000000005,257.2,20.900000000000002,13,49,20.8,254.10000000000002,600,8.0767708
2026-07-03 14:10:00,-38.444565,11.5779033333333,15.0,1014.3000000000001,17.5,4.800000000000001,253.5,21.0,14,6,22.400000000000002,240.60000000000002,600,9.00277
2026-07-03 15:50:00,-38.4446066666667,11.5779183333333,14.700000000000001,1015.4000000000001,14.200000000000001,3.4000000000000004,258.40000000000003,15.200000000000001,15,42,17.900000000000002,263.90000000000003,600,7.3051048000000005
2026-07-03 16:00:00,-38.4442,11.5782533333333,14.700000000000001,1015.3000000000001,13.8,4.7,266.1,23.200000000000003,15,54,18.3,258.2,600,7.0993272
2026-07-03 16:10:00,-38.4444916666667,11.5771966666667,14.8,1015.5,13.9,4.4,258.3,11.700000000000001,16,4,19.6,276.5,600,7.150771600000001
2026-07-03 16:20:00,-38.4444816666667,11.5779366666667,14.3,1015.4000000000001,12.200000000000001,5.5,258.0,25.700000000000003,16,13,17.0,257.2,600,6.2762168
2026-07-03 16:30:00,-38.4439916666667,11.578485,14.4,1015.6,13.0,4.3,246.60000000000002,16.2,16,22,17.2,229.8,600,6.687772
2026-07-03 16:40:00,-38.44456,11.5780533333333,14.5,1015.5,14.5,3.3000000000000003,239.60000000000002,12.5,16,33,18.1,237.60000000000002,600,7.4594380000000005
2026-07-03 16:50:00,-38.44402,11.5784666666667,14.600000000000001,1015.6,13.100000000000001,4.3,247.8,17.3,16,45,17.0,239.8,599,6.739216400000001
2026-07-03 17:00:00,-38.4446033333333,11.5777783333333,14.700000000000001,1015.6,14.0,4.3,247.5,11.9,16,50,18.5,253.70000000000002,600,7.202216
2026-07-03 17:10:00,-38.4442466666667,11.57816,13.5,1015.5,12.3,4.4,257.7,20.700000000000003,17,0,17.1,256.0,600,6.3276612000000005
2026-07-03 17:20:00,-38.4435316666667,11.5776816666667,13.4,1015.6,11.8,4.0,253.4,18.3,17,17,16.7,250.3,600,6.070439200000001
2026-07-03 17:30:00,-38.4445666666667,11.5778566666667,13.8,1015.9000000000001,12.9,3.2,241.9,11.5,17,23,16.6,250.20000000000002,600,6.6363276
2026-07-03 17:40:00,-38.4443483333333,11.5784733333333,14.4,1016.1,12.600000000000001,4.4,243.9,17.1,17,31,17.1,234.10000000000002,600,6.4819944000000005
2026-07-03 17:50:00,-38.4445,11.5773233333333,14.600000000000001,1015.9000000000001,12.600000000000001,3.4000000000000004,238.70000000000002,13.600000000000001,17,41,16.2,256.0,600,6.4819944000000005
2026-07-03 18:00:00,-38.44453,11.5781133333333,14.600000000000001,1015.8000000000001,12.200000000000001,3.6,223.70000000000002,19.1,17,51,15.700000000000001,202.3,600,6.2762168
2026-07-03 18:10:00,-38.4441533333333,11.5783866666667,14.600000000000001,1016.0,12.100000000000001,4.4,229.20000000000002,18.7,18,9,15.8,207.8,600,6.224772400000001
2026-07-03 18:20:00,-38.4445733333333,11.5771583333333,14.700000000000001,1016.1,12.9,2.3000000000000003,222.70000000000002,10.700000000000001,18,10,16.0,241.0,600,6.6363276
2026-07-03 18:30:00,-38.444545,11.57796,14.700000000000001,1016.2,12.0,3.5,225.8,19.3,18,25,16.5,225.9,600,6.173328
2026-07-03 18:40:00,-38.4441166666667,11.578485,14.600000000000001,1016.2,10.9,3.2,234.60000000000002,18.0,18,39,14.200000000000001,216.10000000000002,600,5.6074396
2026-07-03 18:50:00,-38.444665,11.5772733333333,14.600000000000001,1016.2,10.5,3.1,231.20000000000002,12.8,18,42,14.3,214.9,600,5.401662
2026-07-03 19:00:00,-38.44468,11.577915,14.600000000000001,1016.2,10.9,3.2,224.3,19.8,18,51,15.0,213.3,600,5.6074396
2026-07-03 19:10:00,-38.444355,11.5784233333333,14.5,1016.3000000000001,9.600000000000001,2.2,225.3,17.7,19,0,12.200000000000001,209.3,600,4.938662400000001
2026-07-03 19:20:00,-38.4437533333333,11.5781266666667,14.5,1016.4000000000001,8.700000000000001,2.8000000000000003,233.3,13.5,19,17,12.600000000000001,203.0,600,4.4756628
2026-07-03 19:30:00,-38.4442683333333,11.5769383333333,14.600000000000001,1016.5,10.200000000000001,2.6,221.3,16.1,19,29,14.3,222.9,600,5.247328800000001
2026-07-03 19:40:00,-38.4446466666667,11.5772766666667,14.600000000000001,1016.5,9.700000000000001,3.9000000000000004,220.8,20.0,19,31,13.700000000000001,232.9,600,4.9901068
2026-07-03 19:50:00,-38.4446733333333,11.5774583333333,14.5,1016.3000000000001,7.800000000000001,3.3000000000000003,223.10000000000002,22.1,19,41,11.200000000000001,219.5,600,4.0126632
2026-07-03 20:00:00,-38.4446316666667,11.5777016666667,14.5,1016.1,6.9,4.6000000000000005,231.10000000000002,22.6,19,58,10.5,248.10000000000002,600,3.5496636
2026-07-03 20:10:00,-38.4445866666667,11.5777566666667,14.5,1016.3000000000001,7.7,2.9000000000000004,222.8,26.200000000000003,20,6,10.9,208.10000000000002,600,3.9612188
2026-07-03 20:20:00,-38.443995,11.5789033333333,14.5,1016.4000000000001,6.7,2.2,231.60000000000002,28.0,20,12,9.3,265.7,600,3.4467748
2026-07-03 20:30:00,-38.4388383333333,11.5849283333333,14.5,1016.4000000000001,5.0,2.0,218.5,28.6,20,22,9.5,234.20000000000002,600,2.57222
2026-07-03 20:40:00,-38.43357,11.5910016666667,14.5,1016.4000000000001,4.6000000000000005,2.0,213.8,18.1,20,31,7.6000000000000005,271.6,600,2.3664424000000004
2026-07-03 20:50:00,-38.428265,11.5973433333333,14.5,1016.4000000000001,4.0,2.0,242.60000000000002,17.5,20,42,6.9,201.70000000000002,599,2.057776
2026-07-03 21:00:00,-38.423015,11.60361,14.5,1016.3000000000001,2.6,2.0,253.70000000000002,43.300000000000004,20,52,5.800000000000001,284.40000000000003,600,1.3375544000000001
2026-07-03 21:10:00,-38.41775,11.6097466666667,14.5,1016.2,2.9000000000000004,1.5,233.10000000000002,29.200000000000003,21,6,5.300000000000001,234.20000000000002,600,1.4918876000000003
2026-07-03 21:20:00,-38.4125166666667,11.61618,14.5,1016.2,1.7000000000000002,0.7000000000000001,217.10000000000002,46.2,21,10,3.6,310.0,600,0.8745548000000001
2026-07-03 21:30:00,-38.407015,11.6226916666667,14.5,1016.4000000000001,2.0,1.5,233.70000000000002,59.5,21,25,4.2,246.3,600,1.028888
2026-07-03 21:40:00,-38.4014266666667,11.6292533333333,14.5,1016.5,2.6,1.6,261.2,35.2,21,38,5.800000000000001,275.2,600,1.3375544000000001
2026-07-03 21:50:00,-38.3960233333333,11.6356816666667,14.5,1016.6,2.7,1.7000000000000002,287.6,40.7,21,48,5.300000000000001,305.2,600,1.3889988000000002
2026-07-03 22:00:00,-38.3904733333333,11.6422716666667,14.5,1016.8000000000001,4.0,3.0,248.0,26.3,21,57,7.5,243.20000000000002,600,2.057776
2026-07-03 22:10:00,-38.3846416666667,11.6491433333333,14.5,1017.0,5.7,1.9000000000000001,240.8,16.5,22,6,8.8,225.5,600,2.9323308000000003
2026-07-03 22:20:00,-38.378865,11.6561233333333,14.5,1016.9000000000001,4.4,1.5,227.8,18.0,22,16,7.1000000000000005,223.0,600,2.2635536000000003
2026-07-03 22:30:00,-38.3730833333333,11.6629433333333,14.600000000000001,1017.1,4.800000000000001,1.4000000000000001,223.0,14.700000000000001,22,28,6.7,261.6,600,2.4693312000000005
2026-07-03 22:40:00,-38.3672483333333,11.6698716666667,14.8,1017.4000000000001,10.0,5.0,216.9,12.3,22,37,14.200000000000001,212.60000000000002,600,5.14444
2026-07-03 22:50:00,-38.3612416666667,11.6769566666667,14.8,1017.3000000000001,10.8,1.8,207.0,9.700000000000001,22,41,14.200000000000001,201.8,600,5.555995200000001
2026-07-03 23:00:00,-38.3553766666667,11.6840983333333,14.700000000000001,1017.5,9.5,1.9000000000000001,211.70000000000002,11.700000000000001,22,58,12.9,207.4,600,4.887218
2026-07-03 23:10:00,-38.3493333333333,11.6911233333333,14.700000000000001,1017.5,8.9,2.1,196.10000000000002,13.3,23,6,12.3,196.20000000000002,600,4.5785516
2026-07-03 23:20:00,-38.3431183333333,11.69846,14.5,1017.2,10.0,3.3000000000000003,173.20000000000002,12.100000000000001,23,18,14.8,197.20000000000002,600,5.14444
2026-07-03 23:30:00,-38.34241,11.6999416666667,14.5,1017.1,9.4,3.4000000000000004,171.0,14.9,23,25,13.200000000000001,198.4,600,4.8357736000000004
2026-07-03 23:40:00,-38.3423883333333,11.7002616666667,14.3,1017.2,10.8,11.100000000000001,190.4,16.900000000000002,23,37,18.1,168.60000000000002,600,5.555995200000001
2026-07-03 23:50:00,-38.342185,11.7000083333333,14.0,1017.3000000000001,13.9,6.1000000000000005,174.0,8.8,23,41,20.1,173.8,600,7.150771600000001
2026-07-04 00:00:00,-38.3425,11.7001516666667,13.8,1017.3000000000001,12.4,3.2,170.9,9.200000000000001,23,58,15.4,168.8,600,6.3791056
2026-07-04 00:10:00,-38.342555,11.6996616666667,13.700000000000001,1017.3000000000001,13.3,4.9,165.10000000000002,10.200000000000001,0,3,18.400000000000002,153.5,600,6.842105200000001
2026-07-04 00:20:00,-38.3429116666667,11.6995466666667,13.600000000000001,1017.2,11.9,3.7,162.5,9.200000000000001,0,10,15.9,162.0,600,6.1218836
2026-07-04 00:30:00,-38.3433833333333,11.6991816666667,13.600000000000001,1017.1,11.200000000000001,3.2,159.10000000000002,9.0,0,29,14.600000000000001,163.60000000000002,600,5.761772800000001
2026-07-04 00:40:00,-38.3426516666667,11.699625,13.600000000000001,1017.0,10.8,2.6,164.10000000000002,14.200000000000001,0,30,14.600000000000001,164.9,600,5.555995200000001
2026-07-04 00:50:00,-38.3432716666667,11.699235,13.5,1017.0,9.700000000000001,4.0,153.9,10.200000000000001,0,48,13.600000000000001,159.9,599,4.9901068
2026-07-04 01:00:00,-38.34259,11.6997333333333,13.600000000000001,1016.8000000000001,9.5,2.7,146.3,17.6,0,50,13.9,120.4,600,4.887218
2026-07-04 01:10:00,-38.3433316666667,11.6990733333333,13.600000000000001,1016.7,8.6,3.4000000000000004,132.9,13.600000000000001,1,2,12.4,133.1,600,4.4242184
2026-07-04 01:20:00,-38.3429083333333,11.6995266666667,13.600000000000001,1016.5,8.1,3.1,132.6,14.3,1,16,12.3,149.4,600,4.1669963999999995
2026-07-04 01:30:00,-38.3423533333333,11.6988983333333,13.600000000000001,1016.3000000000001,8.200000000000001,3.9000000000000004,127.10000000000001,12.700000000000001,1,28,13.0,115.30000000000001,600,4.218440800000001
2026-07-04 01:40:00,-38.343365,11.6988683333333,13.700000000000001,1016.3000000000001,7.4,4.4,115.2,14.200000000000001,1,30,11.600000000000001,108.80000000000001,600,3.8068856
2026-07-04 01:50:00,-38.343095,11.699435,13.700000000000001,1016.3000000000001,7.4,4.6000000000000005,111.7,15.700000000000001,1,44,11.8,84.5,600,3.8068856
2026-07-04 02:00:00,-38.3427083333333,11.6996166666667,13.600000000000001,1016.3000000000001,8.1,4.9,117.30000000000001,18.6,1,57,13.0,118.80000000000001,600,4.1669963999999995
2026-07-04 02:10:00,-38.34274,11.6982716666667,13.600000000000001,1016.2,6.800000000000001,2.8000000000000003,112.10000000000001,17.2,2,0,9.9,140.6,600,3.4982192000000003
2026-07-04 02:20:00,-38.34323,11.6984583333333,13.4,1016.2,5.5,3.6,121.9,19.6,2,12,9.1,118.5,600,2.8294420000000002
2026-07-04 02:30:00,-38.343395,11.699045,13.5,1016.2,5.300000000000001,3.4000000000000004,111.4,25.700000000000003,2,28,9.0,99.80000000000001,600,2.7265532000000006
2026-07-04 02:40:00,-38.3432266666667,11.6992933333333,13.5,1016.3000000000001,4.7,3.6,102.30000000000001,23.1,2,32,8.3,78.7,600,2.4178868000000002
2026-07-04 02:50:00,-38.3429983333333,11.6994833333333,13.5,1016.2,4.1000000000000005,2.5,75.60000000000001,36.7,2,46,8.0,40.900000000000006,600,2.1092204000000003
2026-07-04 03:00:00,-38.342735,11.6995816666667,13.600000000000001,1016.2,4.3,2.6,48.400000000000006,35.300000000000004,2,57,8.0,73.10000000000001,600,2.2121092
2026-07-04 03:10:00,-38.3424766666667,11.699255,13.700000000000001,1016.1,3.1,2.5,74.4,42.2,3,9,7.6000000000000005,42.2,600,1.5947764
2026-07-04 03:20:00,-38.3424266666667,11.69903,13.700000000000001,1016.1,3.8000000000000003,2.1,24.400000000000002,32.9,3,10,6.800000000000001,28.400000000000002,600,1.9548872000000002
2026-07-04 03:30:00,-38.3424016666667,11.6987583333333,13.700000000000001,1016.1,2.6,2.3000000000000003,30.400000000000002,66.7,3,29,6.5,75.8,600,1.3375544000000001
2026-07-04 03:40:00,-38.343015,11.6982383333333,13.700000000000001,1015.9000000000001,3.3000000000000003,1.7000000000000002,29.0,33.2,3,31,5.800000000000001,19.3,600,1.6976652
2026-07-04 03:50:00,-38.3434233333333,11.6987166666667,13.700000000000001,1015.7,4.6000000000000005,2.8000000000000003,49.0,23.900000000000002,3,49,8.4,24.400000000000002,600,2.3664424000000004
2026-07-04 04:00:00,-38.34338,11.699165,13.600000000000001,1015.6,4.2,3.1,58.2,38.2,3,51,7.300000000000001,25.6,600,2.1606648
2026-07-04 04:10:00,-38.3432683333333,11.699425,13.600000000000001,1015.5,4.2,2.5,63.5,23.900000000000002,4,4,8.0,90.5,600,2.1606648
2026-07-04 04:20:00,-38.3429366666667,11.69956,13.700000000000001,1015.3000000000001,5.5,4.5,63.1,22.6,4,16,9.700000000000001,73.9,600,2.8294420000000002
2026-07-04 04:30:00,-38.3426,11.6994566666667,13.8,1015.1,7.2,3.5,57.5,19.6,4,29,11.100000000000001,44.7,600,3.7039968
2026-07-04 04:40:00,-38.3424333333333,11.6990183333333,13.8,1015.0,6.9,3.3000000000000003,61.6,16.900000000000002,4,37,10.5,70.2,600,3.5496636
2026-07-04 04:50:00,-38.3424283333333,11.6985966666667,13.8,1015.3000000000001,5.9,4.1000000000000005,36.9,21.1,4,49,10.5,64.60000000000001,599,3.0352196000000005
2026-07-04 05:00:00,-38.34234,11.698955,13.9,1015.4000000000001,6.4,4.7,34.4,19.0,4,58,10.8,12.600000000000001,600,3.2924416
2026-07-04 05:10:00,-38.3424416666667,11.699145,14.0,1015.4000000000001,6.2,2.9000000000000004,12.700000000000001,20.200000000000003,5,8,10.3,340.8,600,3.1895528
2026-07-04 05:20:00,-38.3424166666667,11.699175,14.200000000000001,1015.5,6.6000000000000005,2.8000000000000003,16.7,23.6,5,17,10.5,353.6,600,3.3953304
2026-07-04 05:30:00,-38.3425883333333,11.6993233333333,14.3,1015.3000000000001,7.1000000000000005,4.2,12.200000000000001,21.5,5,29,11.600000000000001,342.90000000000003,600,3.6525524000000003
2026-07-04 05:40:00,-38.3427,11.6993383333333,14.4,1015.3000000000001,7.800000000000001,3.8000000000000003,4.4,22.1,5,34,12.100000000000001,318.8,600,4.0126632
2026-07-04 05:50:00,-38.342785,11.69952,14.4,1015.3000000000001,7.2,3.9000000000000004,333.70000000000005,33.7,5,43,11.200000000000001,280.8,600,3.7039968
2026-07-04 06:00:00,-38.3429116666667,11.6994866666667,14.700000000000001,1015.2,8.200000000000001,6.7,327.8,21.6,5,59,14.4,308.0,600,4.218440800000001
2026-07-04 06:10:00,-38.3428416666667,11.6995366666667,14.700000000000001,1015.0,11.9,3.3000000000000003,319.70000000000005,18.5,6,6,15.8,311.3,600,6.1218836
2026-07-04 06:20:00,-38.3415383333333,11.700345,14.700000000000001,1015.0,11.200000000000001,4.0,322.5,24.900000000000002,6,11,16.0,348.8,600,5.761772800000001
2026-07-04 06:30:00,-38.3365333333333,11.705875,14.5,1015.3000000000001,11.0,4.0,342.0,14.8,6,20,15.9,341.20000000000005,600,5.6588840000000005
2026-07-04 06:40:00,-38.3314583333333,11.7115016666667,14.9,1015.5,11.700000000000001,4.0,334.8,13.3,6,34,16.7,344.40000000000003,600,6.018994800000001
2026-07-04 06:50:00,-38.3263133333333,11.7174083333333,15.100000000000001,1015.5,13.100000000000001,3.8000000000000003,332.3,14.8,6,46,18.1,333.70000000000005,600,6.739216400000001
2026-07-04 07:00:00,-38.320915,11.7234583333333,14.9,1015.5,13.600000000000001,4.0,330.70000000000005,13.5,6,51,18.7,343.0,600,6.996438400000001
2026-07-04 07:10:00,-38.3156583333333,11.7293516666667,14.9,1015.6,13.200000000000001,5.4,342.6,13.600000000000001,7,0,18.3,329.70000000000005,600,6.7906608
2026-07-04 07:20:00,-38.3102683333333,11.735535,15.0,1015.6,14.600000000000001,4.6000000000000005,341.3,17.0,7,18,18.400000000000002,341.40000000000003,600,7.510882400000001
2026-07-04 09:10:00,-38.2460933333333,11.8072583333333,15.600000000000001,1015.4000000000001,15.8,6.4,341.3,15.9,9,3,20.5,346.70000000000005,600,8.128215200000001
2026-07-04 09:20:00,-38.2397566666667,11.8143233333333,15.5,1015.1,16.3,5.4,341.3,16.2,9,11,21.6,346.20000000000005,600,8.3854372
2026-07-04 11:30:00,-38.1813633333333,11.8805866666667,15.0,1015.0,22.6,8.8,316.5,20.1,11,27,28.6,314.0,600,11.6264344
2026-07-07 20:20:00,-36.799645,12.2887983333333,16.400000000000002,1011.3000000000001,20.900000000000002,9.1,264.7,36.2,20,14,27.5,271.6,359,10.7518796
2026-07-07 20:30:00,-36.7982266666667,12.287515,16.6,1014.1,20.8,9.1,265.2,30.8,20,28,26.700000000000003,274.2,600,10.700435200000001
2026-07-07 20:40:00,-36.796335,12.2857983333333,16.7,1015.0,22.0,9.0,267.90000000000003,40.5,20,39,29.400000000000002,250.20000000000002,600,11.317768000000001
2026-07-07 20:50:00,-36.7943933333333,12.28344,16.7,1014.9000000000001,20.5,8.6,270.90000000000003,39.2,20,46,26.6,261.5,600,10.546102
2026-07-07 21:00:00,-36.7929266666667,12.281985,16.8,1015.0,19.900000000000002,7.7,265.1,38.7,20,50,24.5,258.1,600,10.237435600000001
2026-07-07 21:10:00,-36.7911366666667,12.279885,16.900000000000002,1015.0,19.900000000000002,7.6000000000000005,266.8,33.800000000000004,21,0,26.400000000000002,264.40000000000003,600,10.237435600000001
2026-07-07 21:20:00,-36.789605,12.2783916666667,16.7,1014.2,21.5,8.5,262.3,33.4,21,12,26.900000000000002,260.6,600,11.060546
2026-07-07 21:30:00,-36.78827,12.2767016666667,16.400000000000002,1013.1,20.200000000000003,7.5,263.0,37.4,21,22,24.6,267.6,600,10.391768800000001
2026-07-07 21:40:00,-36.7865883333333,12.2745633333333,16.1,1012.0,20.8,9.1,262.0,39.1,21,31,26.3,256.7,600,10.700435200000001
2026-07-07 21:50:00,-36.7844833333333,12.2718183333333,16.1,1012.0,19.3,7.9,262.6,41.5,21,47,25.700000000000003,262.3,600,9.928769200000001
2026-07-07 22:00:00,-36.7827233333333,12.2697916666667,16.2,1012.1,21.1,10.4,259.0,35.300000000000004,21,53,27.200000000000003,263.6,600,10.854768400000001
2026-07-07 22:10:00,-36.78071,12.2668183333333,16.400000000000002,1012.4000000000001,19.8,9.4,260.0,40.900000000000006,22,3,26.6,251.60000000000002,600,10.1859912
2026-07-07 22:20:00,-36.7793816666667,12.2651283333333,16.5,1012.9000000000001,20.6,10.0,254.5,34.6,22,14,26.3,245.60000000000002,600,10.5975464
2026-07-07 22:30:00,-36.7779833333333,12.2630716666667,16.5,1013.4000000000001,17.900000000000002,6.300000000000001,254.70000000000002,29.8,22,20,22.400000000000002,269.7,600,9.208547600000001
2026-07-07 22:40:00,-36.7765633333333,12.260985,16.5,1013.5,17.6,5.9,256.7,32.300000000000004,22,33,22.1,255.70000000000002,600,9.054214400000001
2026-07-07 22:50:00,-36.7743583333333,12.25859,16.2,1012.6,18.400000000000002,9.9,247.70000000000002,44.300000000000004,22,46,24.8,240.10000000000002,600,9.465769600000002
2026-07-07 23:00:00,-36.7720516666667,12.2567516666667,16.1,1012.3000000000001,19.400000000000002,6.300000000000001,246.5,44.7,22,50,23.5,346.3,600,9.9802136
2026-07-07 23:10:00,-36.769635,12.254315,15.9,1011.3000000000001,22.6,15.0,224.70000000000002,45.900000000000006,23,6,33.1,226.9,600,11.6264344
2026-07-07 23:20:00,-36.7670666666667,12.252055,15.9,1010.9000000000001,22.1,15.8,218.4,43.400000000000006,23,18,31.8,195.70000000000002,600,11.3692124
2026-07-07 23:30:00,-36.7632333333333,12.24776,15.700000000000001,1010.1,24.0,20.400000000000002,209.10000000000002,50.5,23,20,38.5,190.8,599,12.346656
2026-07-07 23:40:00,-36.7591466666667,12.2431166666667,15.4,1009.0,22.900000000000002,16.1,208.5,47.800000000000004,23,37,32.1,183.4,600,11.7807676
2026-07-07 23:50:00,-36.754655,12.2379733333333,15.3,1008.1,21.3,13.100000000000001,212.20000000000002,48.400000000000006,23,47,28.0,270.8,600,10.9576572
2026-07-08 00:00:00,-36.7502783333333,12.2331966666667,15.200000000000001,1007.8000000000001,21.8,16.3,202.8,46.900000000000006,23,59,31.3,178.9,600,11.2148792
2026-07-08 00:10:00,-36.7461783333333,12.2286316666667,15.0,1007.1,24.200000000000003,17.5,200.3,49.7,0,4,31.0,178.20000000000002,600,12.449544800000002
2026-07-08 00:20:00,-36.7418483333333,12.22348,14.700000000000001,1006.2,22.0,16.3,205.4,48.2,0,10,29.0,191.60000000000002,600,11.317768000000001
2026-07-08 00:30:00,-36.7377783333333,12.2189566666667,14.8,1006.5,23.0,14.600000000000001,192.10000000000002,47.2,0,23,32.5,268.2,600,11.832212
2026-07-08 00:40:00,-36.7335483333333,12.2139933333333,14.600000000000001,1006.1,21.8,12.8,197.4,46.0,0,34,27.8,179.70000000000002,600,11.2148792
2026-07-08 00:50:00,-36.729285,12.2087566666667,14.4,1005.0,22.6,11.4,196.9,43.1,0,43,28.400000000000002,176.3,600,11.6264344
2026-07-08 01:00:00,-36.7255933333333,12.2040116666667,14.3,1004.4000000000001,22.900000000000002,10.4,186.3,44.7,0,59,28.700000000000003,228.9,600,11.7807676
2026-07-08 01:10:00,-36.7219916666667,12.1991266666667,14.0,1003.3000000000001,21.6,9.0,180.10000000000002,41.5,1,0,26.700000000000003,162.8,600,11.111990400000002
2026-07-08 01:20:00,-36.7186466666667,12.1940833333333,13.9,1002.7,23.200000000000003,14.5,174.4,43.800000000000004,1,14,34.9,276.8,600,11.935100800000003
2026-07-08 01:30:00,-36.7149483333333,12.1886216666667,13.8,1002.4000000000001,22.200000000000003,14.600000000000001,185.4,42.7,1,29,31.200000000000003,164.9,600,11.420656800000001
2026-07-08 01:40:00,-36.7115883333333,12.1829733333333,13.700000000000001,1002.6,22.6,11.5,180.4,38.5,1,30,30.200000000000003,186.70000000000002,600,11.6264344
2026-07-08 01:50:00,-36.7078916666667,12.1770766666667,13.8,1003.4000000000001,21.6,16.3,186.4,39.800000000000004,1,48,31.8,169.9,600,11.111990400000002
2026-07-08 02:00:00,-36.705,12.171725,13.700000000000001,1002.4000000000001,21.6,11.5,176.0,41.5,1,59,27.900000000000002,152.0,600,11.111990400000002
2026-07-08 02:10:00,-36.7015716666667,12.1657716666667,13.5,1001.5,21.700000000000003,12.200000000000001,180.5,40.0,2,2,29.8,280.7,600,11.163434800000001
2026-07-08 02:20:00,-36.6989766666667,12.16027,13.3,1000.4000000000001,20.700000000000003,36.7,169.9,40.900000000000006,2,16,74.3,162.10000000000002,600,10.648990800000002
2026-07-08 02:30:00,-36.6960416666667,12.1542833333333,13.5,1000.6,21.200000000000003,48.7,173.5,41.5,2,20,72.10000000000001,236.60000000000002,600,10.906212800000002
2026-07-08 02:40:00,-36.693395,12.1484016666667,13.600000000000001,1001.6,19.5,13.0,175.20000000000002,38.300000000000004,2,39,28.1,119.30000000000001,600,10.031658
2026-07-08 02:50:00,-36.6905433333333,12.1424383333333,13.200000000000001,1000.8000000000001,22.200000000000003,23.5,176.9,36.800000000000004,2,43,40.2,167.8,600,11.420656800000001
2026-07-08 03:00:00,-36.688705,12.13726,13.100000000000001,999.8000000000001,21.6,12.100000000000001,170.4,37.7,2,59,29.6,174.60000000000002,600,11.111990400000002
2026-07-08 03:10:00,-36.68694,12.1331783333333,13.100000000000001,999.5,21.6,19.5,173.5,37.2,3,9,29.8,164.4,600,11.111990400000002
2026-07-08 03:20:00,-36.6860766666667,12.1322783333333,13.200000000000001,1000.5,22.700000000000003,15.200000000000001,162.70000000000002,24.200000000000003,3,10,31.1,161.0,600,11.677878800000002
2026-07-08 03:30:00,-36.68528,12.1314766666667,13.4,1000.9000000000001,17.400000000000002,18.8,153.20000000000002,31.5,3,23,25.400000000000002,152.1,600,8.9513256
2026-07-08 03:40:00,-36.6844016666667,12.1307533333333,13.200000000000001,1000.5,20.900000000000002,7.4,159.3,25.700000000000003,3,31,27.700000000000003,157.4,599,10.7518796
2026-07-08 03:50:00,-36.6836783333333,12.1300316666667,13.3,1001.1,19.3,8.3,156.70000000000002,24.6,3,44,25.6,155.10000000000002,600,9.928769200000001
2026-07-08 04:00:00,-36.682715,12.1293983333333,13.4,1000.9000000000001,20.1,9.200000000000001,160.70000000000002,23.900000000000002,3,50,28.200000000000003,142.6,600,10.340324400000002
2026-07-08 04:10:00,-36.6817633333333,12.128425,13.700000000000001,1002.0,20.700000000000003,7.0,161.60000000000002,21.0,4,5,26.0,160.20000000000002,600,10.648990800000002
2026-07-08 04:20:00,-36.6805916666667,12.1271516666667,13.9,1002.6,19.700000000000003,7.7,159.70000000000002,25.200000000000003,4,17,25.3,161.8,600,10.134546800000003
2026-07-08 04:30:00,-36.6792116666667,12.1262533333333,14.0,1003.0,20.400000000000002,10.3,152.5,23.700000000000003,4,23,27.3,163.0,600,10.494657600000002
2026-07-08 04:40:00,-36.6779616666667,12.12493,14.0,1003.0,20.400000000000002,10.200000000000001,154.5,24.0,4,33,27.1,158.60000000000002,600,10.494657600000002
2026-07-08 04:50:00,-36.67671,12.124005,14.0,1002.8000000000001,20.200000000000003,8.1,154.0,22.200000000000003,4,42,25.3,158.9,600,10.391768800000001
2026-07-08 05:00:00,-36.6754133333333,12.122825,13.9,1002.7,19.200000000000003,11.200000000000001,149.3,21.5,4,53,25.3,136.5,600,9.877324800000002
2026-07-08 05:10:00,-36.674,12.1213,13.0,1000.9000000000001,22.400000000000002,12.600000000000001,156.0,30.0,5,7,28.0,141.4,600,11.523545600000002
2026-07-08 05:20:00,-36.6727833333333,12.12046,12.8,1000.1,20.900000000000002,7.6000000000000005,150.1,18.8,5,12,28.5,139.20000000000002,600,10.7518796
2026-07-08 05:30:00,-36.6718283333333,12.1195383333333,12.9,1000.2,19.700000000000003,8.9,150.4,26.5,5,28,28.0,157.60000000000002,600,10.134546800000003
2026-07-08 05:40:00,-36.67083,12.1183966666667,13.100000000000001,1000.4000000000001,18.7,8.1,151.20000000000002,24.1,5,30,24.6,162.20000000000002,600,9.6201028
2026-07-08 05:50:00,-36.66968,12.1173816666667,13.3,1000.0,18.3,12.600000000000001,149.20000000000002,26.3,5,49,26.3,148.9,600,9.4143252
2026-07-08 06:00:00,-36.66863,12.1166783333333,12.5,998.4000000000001,20.5,7.800000000000001,151.20000000000002,23.8,5,55,27.400000000000002,159.3,600,10.546102
2026-07-08 06:10:00,-36.6675183333333,12.1154533333333,12.600000000000001,997.9000000000001,17.3,6.4,145.4,23.700000000000003,6,0,24.1,141.70000000000002,600,8.899881200000001
2026-07-08 06:20:00,-36.6667083333333,12.1147583333333,12.200000000000001,998.6,17.2,6.6000000000000005,140.5,23.8,6,11,23.6,146.20000000000002,600,8.8484368
2026-07-08 06:30:00,-36.66603,12.11438,12.100000000000001,998.4000000000001,16.7,6.9,146.4,20.700000000000003,6,20,22.8,149.3,600,8.5912148
2026-07-08 06:40:00,-36.6654233333333,12.113765,12.9,998.8000000000001,15.5,6.300000000000001,141.6,23.400000000000002,6,37,20.700000000000003,131.1,600,7.973882000000001
2026-07-08 06:50:00,-36.6649383333333,12.11342,12.600000000000001,998.2,15.4,5.0,140.3,21.200000000000003,6,41,20.8,114.7,600,7.9224376
2026-07-08 07:00:00,-36.6642766666667,12.1126716666667,12.8,998.5,16.1,6.7,140.3,18.400000000000002,6,54,21.3,127.2,600,8.282548400000001
2026-07-08 07:10:00,-36.6634133333333,12.1118666666667,12.9,999.6,15.3,4.6000000000000005,139.1,20.700000000000003,7,4,20.3,119.5,600,7.870993200000001
2026-07-08 07:20:00,-36.6624966666667,12.11108,13.100000000000001,1000.3000000000001,15.700000000000001,6.0,128.9,21.200000000000003,7,11,21.6,121.30000000000001,599,8.0767708
2026-07-08 07:30:00,-36.661785,12.110435,13.100000000000001,1000.3000000000001,15.4,4.800000000000001,128.5,17.5,7,29,19.0,128.0,600,7.9224376
2026-07-08 07:40:00,-36.6608816666667,12.109715,13.100000000000001,1000.1,14.700000000000001,4.0,135.9,19.8,7,33,20.1,137.4,600,7.562326800000001
2026-07-08 07:50:00,-36.6601166666667,12.109195,13.200000000000001,1000.6,14.4,5.800000000000001,136.1,23.0,7,40,20.0,133.8,600,7.4079936
2026-07-08 08:00:00,-36.6593316666667,12.1081716666667,13.200000000000001,1000.7,14.5,4.0,134.20000000000002,16.3,7,51,19.1,140.5,600,7.4594380000000005
2026-07-08 08:10:00,-36.6587016666667,12.1078083333333,13.200000000000001,1001.3000000000001,14.200000000000001,5.2,131.8,18.0,8,0,20.900000000000002,146.70000000000002,600,7.3051048000000005
2026-07-08 08:20:00,-36.65793,12.1069383333333,13.4,1002.7,14.100000000000001,5.1000000000000005,127.2,17.5,8,10,19.400000000000002,128.1,600,7.253660400000001
2026-07-08 08:30:00,-36.6570166666667,12.1061116666667,13.4,1002.0,14.700000000000001,4.800000000000001,127.10000000000001,16.400000000000002,8,27,21.0,121.7,600,7.562326800000001
2026-07-08 08:40:00,-36.6559916666667,12.10518,13.200000000000001,1001.4000000000001,14.600000000000001,5.2,129.9,15.9,8,38,18.900000000000002,136.5,600,7.510882400000001
2026-07-08 08:50:00,-36.6553733333333,12.1046033333333,13.200000000000001,1001.4000000000001,14.0,5.0,131.20000000000002,16.5,8,41,18.8,150.5,600,7.202216
2026-07-08 09:00:00,-36.6546633333333,12.1037066666667,13.200000000000001,1002.4000000000001,13.3,4.6000000000000005,134.9,17.8,8,57,17.400000000000002,121.30000000000001,600,6.842105200000001
2026-07-08 09:10:00,-36.6540883333333,12.1035666666667,13.200000000000001,1002.0,13.0,4.6000000000000005,128.4,18.0,9,5,17.0,135.5,600,6.687772
2026-07-08 09:20:00,-36.65377,12.1030683333333,13.3,1003.7,12.700000000000001,3.3000000000000003,129.20000000000002,15.3,9,14,16.5,124.30000000000001,600,6.533438800000001
2026-07-08 09:30:00,-36.65325,12.1025966666667,13.4,1002.8000000000001,12.700000000000001,4.5,126.10000000000001,21.3,9,26,18.400000000000002,107.5,600,6.533438800000001
2026-07-08 09:40:00,-36.6529466666667,12.1025266666667,13.4,1003.0,13.600000000000001,4.1000000000000005,125.30000000000001,16.5,9,37,16.900000000000002,128.4,600,6.996438400000001
2026-07-08 09:50:00,-36.6527866666667,12.1023533333333,13.3,1002.5,13.0,5.2,126.60000000000001,19.6,9,45,19.0,135.8,600,6.687772
2026-07-08 10:00:00,-36.6525683333333,12.10207,13.200000000000001,1003.2,14.100000000000001,6.1000000000000005,137.5,15.200000000000001,9,51,18.7,123.60000000000001,600,7.253660400000001
2026-07-08 10:10:00,-36.6523316666667,12.1017416666667,13.100000000000001,1002.9000000000001,12.8,4.2,132.70000000000002,14.8,10,9,18.1,147.1,600,6.5848832
2026-07-08 10:20:00,-36.6521516666667,12.1018116666667,13.0,1002.8000000000001,12.0,5.4,138.8,19.5,10,10,18.0,156.70000000000002,600,6.173328
2026-07-08 10:30:00,-36.6517516666667,12.1014916666667,12.9,1002.2,11.5,3.7,136.3,17.5,10,21,15.600000000000001,142.5,600,5.916106
2026-07-08 10:40:00,-36.6511783333333,12.10085,13.0,1002.9000000000001,12.700000000000001,5.2,150.8,14.100000000000001,10,37,17.1,157.0,600,6.533438800000001
2026-07-08 10:50:00,-36.6503433333333,12.0998233333333,13.100000000000001,1003.3000000000001,12.5,5.300000000000001,150.1,14.200000000000001,10,46,17.3,148.9,600,6.43055
2026-07-08 11:00:00,-36.6495366666667,12.0993366666667,13.0,1003.2,12.4,6.1000000000000005,152.20000000000002,15.8,10,57,17.900000000000002,159.70000000000002,600,6.3791056
2026-07-08 11:10:00,-36.6489883333333,12.09864,13.0,1002.6,12.600000000000001,4.5,154.4,14.3,11,0,16.900000000000002,145.6,600,6.4819944000000005
2026-07-08 11:20:00,-36.6483866666667,12.0980316666667,13.100000000000001,1003.0,12.4,4.3,140.8,13.100000000000001,11,10,18.3,133.1,599,6.3791056
2026-07-08 11:30:00,-36.6478466666667,12.0975583333333,13.100000000000001,1003.1,10.8,6.1000000000000005,140.4,17.400000000000002,11,26,16.6,117.2,600,5.555995200000001
2026-07-08 11:40:00,-36.647205,12.0972316666667,13.200000000000001,1003.6,11.5,8.200000000000001,146.20000000000002,21.1,11,35,17.5,160.20000000000002,600,5.916106
2026-07-08 11:50:00,-36.6465583333333,12.0964616666667,13.200000000000001,1003.3000000000001,12.5,5.1000000000000005,152.8,12.5,11,43,17.900000000000002,162.20000000000002,600,6.43055
2026-07-08 12:00:00,-36.6452083333333,12.094575,13.200000000000001,1002.6,12.700000000000001,6.4,156.70000000000002,20.8,11,50,18.900000000000002,145.3,600,6.533438800000001
2026-07-08 12:10:00,-36.64363,12.0909916666667,13.4,1002.8000000000001,11.3,4.2,160.8,17.6,12,3,15.4,146.6,600,5.8132172
2026-07-08 12:20:00,-36.64221,12.0878983333333,13.4,1003.1,12.0,5.300000000000001,163.0,21.5,12,17,18.1,164.60000000000002,600,6.173328
2026-07-08 12:30:00,-36.6402816666667,12.0837316666667,13.700000000000001,1003.2,12.100000000000001,4.7,156.5,21.6,12,21,17.0,136.5,600,6.224772400000001
2026-07-08 12:40:00,-36.6368566666667,12.0824966666667,13.600000000000001,1003.0,12.600000000000001,5.6000000000000005,157.9,19.8,12,38,18.400000000000002,157.3,600,6.4819944000000005
2026-07-08 12:50:00,-36.6287766666667,12.0868383333333,13.3,1003.0,13.3,4.6000000000000005,140.9,16.3,12,48,17.2,149.9,600,6.842105200000001
2026-07-08 13:00:00,-36.6206433333333,12.0911533333333,13.200000000000001,1003.2,13.5,5.9,138.1,17.400000000000002,12,59,18.6,155.10000000000002,600,6.944994
2026-07-08 13:10:00,-36.61274,12.0953783333333,13.200000000000001,1003.0,14.5,5.800000000000001,138.20000000000002,16.8,13,6,19.5,159.70000000000002,600,7.4594380000000005
2026-07-08 13:20:00,-36.6047483333333,12.0995566666667,13.100000000000001,1002.2,15.5,5.800000000000001,135.3,16.8,13,17,20.900000000000002,125.60000000000001,600,7.973882000000001
2026-07-08 13:30:00,-36.596795,12.10383,13.0,1002.1,14.100000000000001,7.7,139.8,16.2,13,21,19.5,139.6,600,7.253660400000001
2026-07-08 13:40:00,-36.5888166666667,12.108025,13.100000000000001,1002.7,14.0,5.9,139.0,16.8,13,36,19.0,142.4,600,7.202216
2026-07-08 13:50:00,-36.5810333333333,12.1122966666667,13.100000000000001,1001.9000000000001,14.700000000000001,6.300000000000001,138.8,16.5,13,47,20.200000000000003,157.10000000000002,600,7.562326800000001
2026-07-08 14:00:00,-36.573295,12.1163533333333,13.0,1002.2,13.600000000000001,6.300000000000001,140.6,15.5,13,51,18.900000000000002,126.60000000000001,600,6.996438400000001
2026-07-08 14:10:00,-36.5655283333333,12.1204216666667,13.0,1001.6,12.5,4.6000000000000005,144.6,16.900000000000002,14,8,16.6,149.3,600,6.43055
2026-07-08 14:50:00,-36.5348333333333,12.1368766666667,12.9,1000.8000000000001,14.200000000000001,5.300000000000001,146.9,17.7,14,40,18.900000000000002,145.1,600,7.3051048000000005
2026-07-08 15:00:00,-36.5274433333333,12.1407016666667,12.8,999.8000000000001,15.0,7.1000000000000005,140.70000000000002,18.900000000000002,14,54,20.0,167.60000000000002,600,7.71666
2026-07-08 15:10:00,-36.520295,12.1445433333333,12.700000000000001,998.1,14.600000000000001,6.5,148.9,17.7,15,9,22.3,122.7,600,7.510882400000001
2026-07-08 17:20:00,-36.4340533333333,12.19841,12.3,995.3000000000001,13.5,4.5,151.0,17.900000000000002,17,13,18.6,140.9,600,6.944994
2026-07-08 17:30:00,-36.4332683333333,12.2009416666667,12.3,995.3000000000001,14.600000000000001,4.0,138.9,7.9,17,25,18.1,139.20000000000002,600,7.510882400000001
2026-07-08 17:40:00,-36.4321466666667,12.204455,12.200000000000001,995.2,13.9,4.4,136.4,14.3,17,36,17.6,133.4,600,7.150771600000001
2026-07-08 17:50:00,-36.4314716666667,12.205445,12.200000000000001,995.0,13.100000000000001,5.4,146.8,11.200000000000001,17,47,19.0,136.8,600,6.739216400000001
2026-07-08 18:00:00,-36.431075,12.205135,12.200000000000001,995.1,13.100000000000001,4.9,147.0,12.700000000000001,17,53,17.5,148.0,600,6.739216400000001
2026-07-08 18:10:00,-36.43055,12.20635,12.3,995.4000000000001,14.9,4.3,151.70000000000002,10.4,18,8,20.200000000000003,154.0,600,7.665215600000001
2026-07-08 18:20:00,-36.4300116666667,12.206095,12.200000000000001,995.3000000000001,13.8,5.5,148.20000000000002,18.2,18,12,19.200000000000003,146.4,600,7.0993272
2026-07-08 18:30:00,-36.4295116666667,12.20562,12.200000000000001,995.0,11.9,3.6,140.4,13.200000000000001,18,26,16.5,166.10000000000002,600,6.1218836
2026-07-08 18:40:00,-36.4288366666667,12.205545,12.200000000000001,995.1,13.100000000000001,6.300000000000001,149.3,12.100000000000001,18,31,19.900000000000002,157.3,600,6.739216400000001
2026-07-08 18:50:00,-36.4281033333333,12.2061416666667,12.200000000000001,995.0,14.8,5.6000000000000005,155.20000000000002,10.200000000000001,18,47,20.0,153.60000000000002,600,7.6137712
2026-07-08 19:00:00,-36.427375,12.20604,12.3,995.2,13.700000000000001,4.2,142.20000000000002,11.9,18,51,18.5,140.9,600,7.047882800000001
2026-07-08 19:10:00,-36.4267866666667,12.2058466666667,12.200000000000001,995.0,12.8,3.8000000000000003,140.0,11.9,19,8,17.6,153.9,599,6.5848832
2026-07-08 19:20:00,-36.4261216666667,12.2061416666667,12.200000000000001,994.9000000000001,13.700000000000001,5.800000000000001,145.70000000000002,11.200000000000001,19,16,19.3,160.4,601,7.047882800000001
2026-07-08 19:30:00,-36.4254416666667,12.2059383333333,12.200000000000001,994.8000000000001,13.4,5.800000000000001,147.4,11.100000000000001,19,20,19.6,135.5,600,6.8935496
2026-07-08 19:40:00,-36.4246616666667,12.2042666666667,12.200000000000001,994.9000000000001,13.100000000000001,3.5,138.6,8.3,19,31,19.400000000000002,129.3,599,6.739216400000001
2026-07-08 19:50:00,-36.4236516666667,12.2034266666667,12.200000000000001,995.1,14.4,5.2,145.1,16.0,19,40,20.8,165.70000000000002,600,7.4079936
2026-07-08 20:00:00,-36.415615,12.2003066666667,12.200000000000001,995.0,12.700000000000001,3.5,174.20000000000002,13.600000000000001,19,55,17.2,194.9,600,6.533438800000001
2026-07-08 20:10:00,-36.40741,12.196705,12.3,995.3000000000001,12.700000000000001,4.6000000000000005,172.70000000000002,11.8,20,4,17.3,189.60000000000002,600,6.533438800000001
2026-07-08 20:20:00,-36.3994233333333,12.1932366666667,12.4,995.5,11.9,4.2,172.70000000000002,10.600000000000001,20,12,15.8,172.4,600,6.1218836
2026-07-08 20:30:00,-36.39018,12.1931283333333,12.3,995.7,12.100000000000001,4.9,164.60000000000002,14.700000000000001,20,28,17.0,166.9,600,6.224772400000001
2026-07-08 20:40:00,-36.38312,12.1976083333333,12.4,996.0,13.700000000000001,7.4,153.1,17.3,20,33,18.900000000000002,165.5,600,7.047882800000001
2026-07-08 20:50:00,-36.378145,12.2030633333333,12.4,996.1,13.100000000000001,8.1,138.9,23.700000000000003,20,41,18.7,141.0,600,6.739216400000001
2026-07-08 21:00:00,-36.3768716666667,12.2058216666667,12.3,996.1,14.4,6.7,138.70000000000002,19.900000000000002,20,53,20.5,146.4,600,7.4079936
2026-07-08 21:10:00,-36.3753266666667,12.2091466666667,12.3,996.1,14.600000000000001,6.4,132.8,18.1,21,8,19.200000000000003,131.8,600,7.510882400000001
2026-07-08 21:20:00,-36.3736583333333,12.2128066666667,12.0,995.6,14.5,5.5,136.0,18.1,21,16,19.8,134.5,600,7.4594380000000005
2026-07-08 21:30:00,-36.3728566666667,12.2121966666667,12.200000000000001,995.6,14.100000000000001,6.1000000000000005,138.20000000000002,16.6,21,20,20.1,145.4,600,7.253660400000001
2026-07-08 21:40:00,-36.3722166666667,12.211295,12.100000000000001,995.5,12.8,4.3,132.70000000000002,15.5,21,33,17.6,131.4,600,6.5848832
2026-07-08 21:50:00,-36.3714783333333,12.210525,12.200000000000001,995.3000000000001,12.600000000000001,4.4,127.5,14.600000000000001,21,45,16.400000000000002,134.3,600,6.4819944000000005
2026-07-08 22:00:00,-36.3707533333333,12.20999,12.200000000000001,995.2,13.200000000000001,6.1000000000000005,133.70000000000002,15.3,21,59,19.8,138.6,600,6.7906608
2026-07-08 22:10:00,-36.3698833333333,12.20839,12.200000000000001,995.0,12.9,3.8000000000000003,134.20000000000002,9.9,22,0,19.8,119.60000000000001,600,6.6363276
2026-07-08 22:20:00,-36.36913,12.2076116666667,12.200000000000001,995.5,15.200000000000001,5.800000000000001,137.9,18.400000000000002,22,13,22.900000000000002,125.60000000000001,600,7.819548800000001
2026-07-08 22:30:00,-36.3683533333333,12.207055,12.200000000000001,995.4000000000001,13.700000000000001,4.0,134.5,10.700000000000001,22,23,19.1,128.9,600,7.047882800000001
2026-07-08 22:40:00,-36.3675333333333,12.2067116666667,12.200000000000001,995.6,12.8,4.2,131.9,19.6,22,36,17.900000000000002,133.5,600,6.5848832
2026-07-08 22:50:00,-36.36656,12.2047716666667,12.3,996.1,13.8,4.2,129.6,11.9,22,46,19.3,122.80000000000001,600,7.0993272
2026-07-08 23:00:00,-36.3658166666667,12.2028883333333,12.3,996.0,13.9,4.9,125.30000000000001,9.700000000000001,22,58,19.0,128.0,600,7.150771600000001
2026-07-08 23:10:00,-36.3650216666667,12.2021733333333,12.3,995.8000000000001,13.9,4.2,125.7,13.8,23,0,18.400000000000002,118.10000000000001,599,7.150771600000001
2026-07-08 23:20:00,-36.3643566666667,12.20145,12.200000000000001,995.8000000000001,14.4,4.1000000000000005,122.2,14.5,23,19,18.400000000000002,98.4,600,7.4079936
2026-07-08 23:30:00,-36.3637333333333,12.199375,12.200000000000001,995.6,12.700000000000001,6.6000000000000005,116.7,12.200000000000001,23,20,19.0,139.70000000000002,600,6.533438800000001
2026-07-08 23:40:00,-36.3630166666667,12.1971166666667,12.200000000000001,995.6,12.8,4.4,124.30000000000001,18.7,23,39,19.5,115.2,600,6.5848832
2026-07-08 23:50:00,-36.3624266666667,12.1954833333333,12.200000000000001,995.7,13.5,3.4000000000000004,120.10000000000001,11.200000000000001,23,40,18.400000000000002,117.10000000000001,600,6.944994
2026-07-09 00:00:00,-36.36171,12.1943816666667,12.200000000000001,995.6,13.5,4.800000000000001,131.20000000000002,14.600000000000001,23,57,19.3,135.5,600,6.944994
2026-07-09 00:10:00,-36.361145,12.1922816666667,12.200000000000001,995.4000000000001,12.700000000000001,2.8000000000000003,124.30000000000001,9.5,0,3,16.2,98.7,600,6.533438800000001
2026-07-09 00:20:00,-36.3604883333333,12.1911283333333,12.200000000000001,995.3000000000001,13.4,4.1000000000000005,121.60000000000001,10.5,0,16,19.1,129.9,600,6.8935496
2026-07-09 00:30:00,-36.3599533333333,12.1898366666667,12.200000000000001,995.5,13.0,3.9000000000000004,127.0,11.5,0,23,18.6,115.5,600,6.687772
2026-07-09 00:40:00,-36.359375,12.1874866666667,12.200000000000001,995.7,12.600000000000001,3.6,121.4,10.600000000000001,0,33,17.900000000000002,117.0,600,6.4819944000000005
2026-07-09 00:50:00,-36.3590066666667,12.1849033333333,12.200000000000001,995.8000000000001,12.700000000000001,3.6,132.1,14.3,0,44,16.3,132.1,600,6.533438800000001
2026-07-09 01:00:00,-36.358585,12.1832016666667,12.200000000000001,995.7,12.8,4.9,128.70000000000002,14.3,0,56,19.200000000000003,140.8,600,6.5848832
2026-07-09 01:10:00,-36.3580333333333,12.1809683333333,12.200000000000001,995.7,12.700000000000001,4.9,135.8,8.6,1,5,18.2,128.5,600,6.533438800000001
2026-07-09 01:20:00,-36.3576583333333,12.1795583333333,12.3,996.0,12.9,4.3,129.3,14.3,1,12,19.6,139.20000000000002,600,6.6363276
2026-07-09 01:30:00,-36.3574166666667,12.178105,12.200000000000001,996.0,13.0,4.0,129.9,11.600000000000001,1,27,18.3,128.0,600,6.687772
2026-07-09 01:40:00,-36.3569033333333,12.17486,12.200000000000001,995.7,11.8,5.0,126.0,12.200000000000001,1,32,15.9,117.60000000000001,600,6.070439200000001
2026-07-09 01:50:00,-36.35667,12.173315,12.100000000000001,995.2,12.600000000000001,3.4000000000000004,127.2,14.9,1,43,17.900000000000002,131.20000000000002,600,6.4819944000000005
2026-07-09 02:00:00,-36.3563483333333,12.1714333333333,12.100000000000001,995.3000000000001,11.3,4.4,131.1,11.700000000000001,1,56,17.400000000000002,133.4,600,5.8132172
2026-07-09 02:10:00,-36.3562533333333,12.1694416666667,12.200000000000001,995.6,10.5,3.1,124.60000000000001,14.100000000000001,2,3,14.600000000000001,132.8,600,5.401662
2026-07-09 02:20:00,-36.356105,12.16665,12.200000000000001,995.7,11.9,4.1000000000000005,123.7,14.3,2,13,16.6,111.2,600,6.1218836
2026-07-09 02:30:00,-36.3561466666667,12.1647983333333,12.200000000000001,995.8000000000001,11.200000000000001,5.300000000000001,111.4,12.0,2,26,16.7,93.9,600,5.761772800000001
2026-07-09 02:40:00,-36.35644,12.1627533333333,12.100000000000001,995.4000000000001,9.5,3.1,113.9,15.100000000000001,2,31,14.200000000000001,107.9,600,4.887218
2026-07-09 02:50:00,-36.3565616666667,12.16064,12.200000000000001,995.7,9.700000000000001,3.4000000000000004,102.80000000000001,16.2,2,40,13.9,113.4,600,4.9901068
2026-07-09 03:00:00,-36.3567,12.1591,12.200000000000001,995.8000000000001,8.5,3.5,114.60000000000001,13.200000000000001,2,53,14.200000000000001,103.4,600,4.372774
2026-07-09 03:10:00,-36.356945,12.157985,12.200000000000001,996.0,9.9,3.7,114.2,11.600000000000001,3,0,14.3,130.4,599,5.0929956
2026-07-09 03:20:00,-36.3570033333333,12.1555033333333,12.200000000000001,996.1,9.4,4.2,132.20000000000002,12.600000000000001,3,19,14.0,136.3,600,4.8357736000000004
2026-07-09 03:30:00,-36.3571066666667,12.1543166666667,12.3,996.4000000000001,11.600000000000001,3.8000000000000003,139.4,11.700000000000001,3,26,16.2,122.80000000000001,600,5.967550400000001
2026-07-09 03:40:00,-36.3571883333333,12.1534866666667,12.3,996.6,9.3,3.4000000000000004,133.6,13.5,3,30,17.1,125.60000000000001,600,4.7843292
2026-07-09 03:50:00,-36.3576216666667,12.153205,12.3,996.6,9.8,5.1000000000000005,132.20000000000002,14.600000000000001,3,45,14.700000000000001,127.10000000000001,600,5.041551200000001
2026-07-09 04:00:00,-36.3579966666667,12.15156,12.4,996.7,11.600000000000001,4.4,106.9,14.100000000000001,3,53,17.0,105.80000000000001,600,5.967550400000001
2026-07-09 04:10:00,-36.3583383333333,12.1509516666667,12.4,996.5,10.200000000000001,3.9000000000000004,119.5,13.8,4,2,15.0,130.9,600,5.247328800000001
2026-07-09 04:20:00,-36.35839,12.151115,12.3,996.4000000000001,9.3,4.4,118.60000000000001,15.3,4,17,13.600000000000001,115.2,600,4.7843292
2026-07-09 04:30:00,-36.3586466666667,12.150555,12.200000000000001,996.3000000000001,8.4,4.1000000000000005,125.7,19.6,4,29,13.9,128.5,600,4.3213296
2026-07-09 04:40:00,-36.3586833333333,12.1511966666667,12.100000000000001,996.4000000000001,8.1,8.200000000000001,121.10000000000001,17.900000000000002,4,30,14.600000000000001,112.7,600,4.1669963999999995
2026-07-09 04:50:00,-36.3587033333333,12.1518516666667,12.200000000000001,996.4000000000001,7.6000000000000005,5.4,128.4,18.400000000000002,4,44,12.600000000000001,80.10000000000001,600,3.9097744000000003
2026-07-09 05:00:00,-36.3591083333333,12.1515933333333,12.4,996.7,8.8,3.6,108.0,16.3,4,52,13.100000000000001,104.2,600,4.5271072000000006
2026-07-09 05:10:00,-36.3591533333333,12.153055,12.200000000000001,996.5,9.9,5.1000000000000005,120.9,15.0,5,9,16.1,128.8,600,5.0929956
2026-07-09 05:20:00,-36.3593466666667,12.1541416666667,12.200000000000001,996.2,10.0,4.9,123.9,13.700000000000001,5,10,15.9,106.60000000000001,600,5.14444
2026-07-09 05:30:00,-36.35969,12.15416,12.200000000000001,996.1,11.3,4.6000000000000005,111.5,11.8,5,27,16.0,123.4,600,5.8132172
2026-07-09 05:40:00,-36.3598566666667,12.1552016666667,12.200000000000001,995.9000000000001,9.700000000000001,3.7,123.2,16.3,5,34,13.9,116.30000000000001,600,4.9901068
2026-07-09 05:50:00,-36.360035,12.1561916666667,12.3,996.5,9.5,3.6,108.7,16.400000000000002,5,46,14.200000000000001,111.9,600,4.887218
2026-07-09 06:00:00,-36.3603883333333,12.1568083333333,12.4,996.6,10.100000000000001,3.9000000000000004,110.60000000000001,13.3,5,57,15.100000000000001,148.4,600,5.195884400000001
2026-07-09 06:10:00,-36.3603933333333,12.1583133333333,12.3,996.4000000000001,8.9,5.7,123.2,13.8,6,0,13.4,113.60000000000001,600,4.5785516
2026-07-09 06:20:00,-36.3604816666667,12.159345,12.3,996.6,9.1,4.5,131.70000000000002,16.5,6,19,14.5,150.0,600,4.6814404
2026-07-09 06:30:00,-36.3605533333333,12.15912,12.4,996.7,9.3,4.3,112.30000000000001,19.700000000000003,6,21,14.0,126.2,600,4.7843292
2026-07-09 06:40:00,-36.36058,12.1592733333333,12.5,997.0,9.9,4.4,118.4,13.0,6,37,15.9,113.4,600,5.0929956
2026-07-09 06:50:00,-36.357735,12.1610466666667,12.5,997.0,9.8,4.1000000000000005,131.0,14.4,6,40,14.3,125.0,600,5.041551200000001
2026-07-09 07:00:00,-36.349975,12.1633433333333,12.700000000000001,997.7,10.600000000000001,6.6000000000000005,125.30000000000001,13.5,6,56,15.9,111.2,599,5.453106400000001
2026-07-09 07:10:00,-36.3423933333333,12.16562,12.600000000000001,997.7,9.700000000000001,5.300000000000001,119.10000000000001,13.600000000000001,7,0,15.100000000000001,105.60000000000001,601,4.9901068
2026-07-09 07:20:00,-36.3348033333333,12.168,12.600000000000001,997.9000000000001,8.0,4.5,117.7,18.2,7,19,12.8,107.60000000000001,600,4.115552
2026-07-09 07:30:00,-36.3272516666667,12.1703016666667,12.600000000000001,997.8000000000001,11.100000000000001,7.9,119.30000000000001,13.9,7,29,17.7,135.20000000000002,599,5.710328400000001
2026-07-09 07:40:00,-36.3196483333333,12.172495,12.700000000000001,997.9000000000001,11.3,5.800000000000001,123.60000000000001,11.9,7,30,17.0,120.10000000000001,600,5.8132172
2026-07-09 07:50:00,-36.3123733333333,12.174755,12.700000000000001,998.1,13.200000000000001,6.0,120.80000000000001,12.5,7,48,18.8,132.0,600,6.7906608
2026-07-09 08:00:00,-36.3048116666667,12.1769733333333,12.600000000000001,998.0,9.3,5.9,124.30000000000001,20.0,7,59,14.200000000000001,162.4,600,4.7843292
2026-07-09 08:10:00,-36.2972783333333,12.1793183333333,12.700000000000001,998.3000000000001,11.3,6.4,118.60000000000001,17.2,8,5,17.5,88.4,600,5.8132172
2026-07-09 08:20:00,-36.2896533333333,12.1815516666667,12.700000000000001,998.5,9.8,3.8000000000000003,120.80000000000001,16.3,8,17,13.600000000000001,140.0,600,5.041551200000001
2026-07-09 08:30:00,-36.2819566666667,12.1838633333333,12.700000000000001,998.6,10.8,6.6000000000000005,128.1,14.5,8,25,17.2,127.7,600,5.555995200000001
2026-07-09 08:40:00,-36.274315,12.1842883333333,12.8,999.0,11.100000000000001,4.0,121.9,10.700000000000001,8,32,15.600000000000001,118.5,600,5.710328400000001
2026-07-09 08:50:00,-36.2674066666667,12.1864216666667,12.9,999.4000000000001,9.0,4.9,124.4,16.900000000000002,8,44,13.5,160.5,600,4.629996
2026-07-09 09:00:00,-36.26187,12.1914816666667,12.8,999.5,6.7,3.5,115.80000000000001,28.0,8,59,12.3,86.7,600,3.4467748
2026-07-09 09:10:00,-36.2593966666667,12.1964066666667,12.9,999.7,9.3,3.4000000000000004,132.9,18.5,9,7,12.9,129.8,600,4.7843292
2026-07-09 09:20:00,-36.2583366666667,12.2004783333333,12.9,999.6,11.100000000000001,4.9,119.2,19.200000000000003,9,17,16.2,114.2,600,5.710328400000001
2026-07-09 09:30:00,-36.2573433333333,12.2047433333333,13.0,999.7,11.0,8.3,115.60000000000001,11.0,9,20,18.1,126.5,600,5.6588840000000005
2026-07-09 09:40:00,-36.25732,12.20723,13.0,999.9000000000001,9.600000000000001,3.2,115.7,13.9,9,36,13.700000000000001,124.80000000000001,600,4.938662400000001
2026-07-09 09:50:00,-36.2574733333333,12.2079266666667,13.0,1000.0,10.200000000000001,3.2,116.2,12.8,9,45,14.700000000000001,126.10000000000001,600,5.247328800000001
2026-07-09 10:00:00,-36.2575733333333,12.2092416666667,13.0,1000.1,9.4,3.1,115.10000000000001,15.700000000000001,9,59,13.0,112.60000000000001,600,4.8357736000000004
2026-07-09 10:10:00,-36.2574466666667,12.2104133333333,13.0,999.9000000000001,9.3,4.0,112.9,13.8,10,8,13.8,108.80000000000001,600,4.7843292
2026-07-09 10:20:00,-36.2573033333333,12.2122283333333,13.0,999.8000000000001,9.600000000000001,3.6,123.30000000000001,14.8,10,19,15.600000000000001,135.20000000000002,600,4.938662400000001
2026-07-09 10:30:00,-36.2570383333333,12.2123466666667,12.9,999.9000000000001,10.700000000000001,3.8000000000000003,132.9,12.100000000000001,10,20,14.5,137.1,600,5.5045508000000005
2026-07-09 10:40:00,-36.2564466666667,12.2129833333333,13.100000000000001,1000.3000000000001,9.9,6.800000000000001,107.0,19.700000000000003,10,33,15.4,119.60000000000001,600,5.0929956
2026-07-09 10:50:00,-36.2561033333333,12.2141683333333,13.3,1001.6,8.0,3.9000000000000004,109.10000000000001,17.3,10,48,12.8,122.2,600,4.115552
2026-07-09 11:00:00,-36.25557,12.2139483333333,13.3,1001.4000000000001,11.0,4.4,103.30000000000001,13.100000000000001,10,56,16.0,108.60000000000001,599,5.6588840000000005
2026-07-09 11:10:00,-36.2551216666667,12.2139283333333,13.3,1001.0,9.5,3.4000000000000004,112.9,12.0,11,2,14.200000000000001,109.5,600,4.887218
2026-07-09 11:20:00,-36.2546333333333,12.2144583333333,13.200000000000001,1000.5,9.200000000000001,2.4000000000000004,101.30000000000001,14.700000000000001,11,13,12.5,87.7,601,4.732884800000001
2026-07-09 11:30:00,-36.2541833333333,12.2149533333333,13.200000000000001,1000.8000000000001,8.5,3.2,113.7,18.2,11,20,13.100000000000001,154.8,599,4.372774
2026-07-09 11:40:00,-36.2514333333333,12.2114316666667,13.700000000000001,1002.1,7.800000000000001,3.8000000000000003,135.20000000000002,14.100000000000001,11,36,12.4,138.3,600,4.0126632
2026-07-09 11:50:00,-36.25012,12.2090766666667,13.9,1003.3000000000001,9.0,3.8000000000000003,123.0,14.700000000000001,11,44,13.0,113.9,600,4.629996
2026-07-09 12:00:00,-36.2482416666667,12.2061283333333,13.8,1002.7,9.3,4.1000000000000005,136.5,13.3,11,52,14.3,125.2,600,4.7843292
2026-07-09 12:10:00,-36.2470483333333,12.2040783333333,13.5,1001.7,8.6,4.6000000000000005,135.20000000000002,13.200000000000001,12,1,12.9,114.60000000000001,600,4.4242184
2026-07-09 12:20:00,-36.24552,12.2015933333333,13.600000000000001,1001.4000000000001,10.200000000000001,3.7,124.7,13.200000000000001,12,13,14.200000000000001,100.10000000000001,600,5.247328800000001
2026-07-09 12:30:00,-36.24442,12.1995166666667,13.700000000000001,1001.7,8.3,4.1000000000000005,117.9,16.8,12,29,12.600000000000001,134.70000000000002,600,4.2698852
2026-07-09 12:40:00,-36.2430633333333,12.1966416666667,13.600000000000001,1001.4000000000001,12.9,3.2,125.9,9.3,12,37,16.5,130.70000000000002,600,6.6363276
2026-07-09 12:50:00,-36.2418783333333,12.1938366666667,13.600000000000001,1001.2,9.4,5.300000000000001,127.0,10.4,12,49,14.8,121.10000000000001,600,4.8357736000000004
2026-07-09 13:00:00,-36.2404016666667,12.19075,13.100000000000001,999.9000000000001,9.600000000000001,7.800000000000001,140.8,12.3,12,54,15.600000000000001,127.7,600,4.938662400000001
2026-07-09 13:10:00,-36.23914,12.1878666666667,13.100000000000001,999.8000000000001,12.200000000000001,13.600000000000001,144.20000000000002,12.3,13,4,17.900000000000002,139.5,600,6.2762168
2026-07-09 13:20:00,-36.2381066666667,12.1854366666667,12.600000000000001,997.9000000000001,10.8,2.6,149.8,10.0,13,15,13.200000000000001,167.4,600,5.555995200000001
2026-07-09 13:30:00,-36.2374816666667,12.1838183333333,12.3,996.0,9.5,10.9,165.8,12.5,13,29,17.8,155.3,600,4.887218
2026-07-09 13:40:00,-36.236655,12.1816616666667,12.600000000000001,996.7,13.600000000000001,7.0,146.3,9.9,13,36,19.5,142.20000000000002,600,6.996438400000001
2026-07-09 13:50:00,-36.23589,12.179715,12.200000000000001,994.9000000000001,15.9,32.9,142.6,32.2,13,48,29.400000000000002,121.5,600,8.1796596
2026-07-09 14:00:00,-36.2354,12.1781633333333,12.100000000000001,994.4000000000001,13.8,5.2,130.5,12.700000000000001,13,50,19.1,138.70000000000002,600,7.0993272
2026-07-09 14:10:00,-36.2347666666667,12.1765983333333,12.3,996.8000000000001,13.3,5.300000000000001,156.20000000000002,14.0,14,6,19.6,182.5,600,6.842105200000001
2026-07-09 14:20:00,-36.2340583333333,12.1748983333333,12.200000000000001,996.8000000000001,11.600000000000001,4.0,158.8,11.0,14,13,16.7,158.4,600,5.967550400000001
2026-07-09 14:30:00,-36.23354,12.1743516666667,12.600000000000001,998.1,11.200000000000001,3.2,143.0,11.600000000000001,14,22,15.8,126.7,600,5.761772800000001
2026-07-09 14:40:00,-36.2322983333333,12.17148,13.600000000000001,1001.0,13.100000000000001,6.4,129.3,13.0,14,37,19.400000000000002,146.1,600,6.739216400000001
2026-07-09 14:50:00,-36.229195,12.16647,13.600000000000001,1000.0,13.5,4.1000000000000005,152.1,14.8,14,42,16.900000000000002,135.5,600,6.944994
2026-07-09 15:00:00,-36.2246066666667,12.16306,13.200000000000001,998.3000000000001,11.600000000000001,3.2,143.6,13.4,14,54,15.200000000000001,120.0,599,5.967550400000001
2026-07-09 15:10:00,-36.2164166666667,12.1630566666667,13.0,998.3000000000001,12.100000000000001,3.6,121.9,13.200000000000001,15,6,16.900000000000002,134.70000000000002,600,6.224772400000001
2026-07-09 15:20:00,-36.2111816666667,12.1672366666667,13.100000000000001,999.5,14.0,3.8000000000000003,121.10000000000001,21.700000000000003,15,16,18.400000000000002,101.0,600,7.202216
2026-07-09 15:30:00,-36.2068083333333,12.17147,12.9,998.6,12.700000000000001,3.8000000000000003,131.70000000000002,17.6,15,29,18.5,124.80000000000001,600,6.533438800000001
2026-07-09 15:40:00,-36.2054516666667,12.174465,13.0,999.3000000000001,13.8,3.1,124.2,13.100000000000001,15,34,18.1,140.6,600,7.0993272
2026-07-09 15:50:00,-36.20402,12.177305,13.0,998.8000000000001,13.8,4.6000000000000005,125.60000000000001,11.700000000000001,15,41,18.8,114.0,600,7.0993272
2026-07-09 16:00:00,-36.203535,12.1787333333333,13.100000000000001,998.7,12.4,4.9,131.6,11.9,15,57,17.400000000000002,138.6,600,6.3791056
2026-07-09 16:10:00,-36.2027516666667,12.1803733333333,13.3,999.0,14.100000000000001,5.0,128.70000000000002,9.0,16,8,19.0,123.60000000000001,600,7.253660400000001
2026-07-09 16:20:00,-36.2015666666667,12.1827433333333,13.4,999.4000000000001,13.100000000000001,4.9,122.9,12.9,16,18,17.5,130.3,600,6.739216400000001
2026-07-09 16:30:00,-36.2011183333333,12.1817816666667,13.4,999.6,13.100000000000001,3.8000000000000003,108.7,11.3,16,20,16.900000000000002,88.80000000000001,600,6.739216400000001
2026-07-09 16:40:00,-36.2006116666667,12.1820166666667,13.4,1000.0,13.100000000000001,4.1000000000000005,119.80000000000001,9.1,16,35,18.400000000000002,106.7,600,6.739216400000001
2026-07-09 16:50:00,-36.19981,12.180575,13.5,1000.2,13.700000000000001,3.8000000000000003,118.0,10.100000000000001,16,45,18.7,114.60000000000001,600,7.047882800000001
2026-07-09 17:00:00,-36.1915433333333,12.1797116666667,13.600000000000001,1000.5,12.200000000000001,2.9000000000000004,137.1,16.7,16,50,17.0,133.70000000000002,600,6.2762168
2026-07-09 17:10:00,-36.1833366666667,12.1784616666667,13.600000000000001,1000.8000000000001,11.8,2.7,133.9,16.6,17,5,15.700000000000001,104.9,600,6.070439200000001
2026-07-09 17:20:00,-36.17518,12.1773816666667,13.600000000000001,1000.9000000000001,12.3,3.7,128.5,15.100000000000001,17,10,17.6,115.80000000000001,600,6.3276612000000005
2026-07-09 17:30:00,-36.1672933333333,12.1762566666667,13.700000000000001,1001.0,11.100000000000001,3.0,119.60000000000001,11.8,17,22,15.0,117.80000000000001,600,5.710328400000001
2026-07-09 17:40:00,-36.1594383333333,12.17498,13.700000000000001,1001.1,12.100000000000001,3.2,125.2,16.400000000000002,17,31,15.600000000000001,132.0,600,6.224772400000001
2026-07-09 17:50:00,-36.1517783333333,12.17388,13.700000000000001,1001.2,11.600000000000001,3.6,128.6,14.700000000000001,17,46,16.5,132.9,600,5.967550400000001
2026-07-09 18:00:00,-36.14427,12.1728966666667,13.700000000000001,1001.1,12.4,3.4000000000000004,121.2,12.3,17,54,17.3,143.9,600,6.3791056
2026-07-09 18:10:00,-36.136875,12.171725,13.8,1001.3000000000001,11.8,3.6,116.80000000000001,12.0,18,1,15.700000000000001,132.8,600,6.070439200000001
2026-07-09 18:20:00,-36.1295333333333,12.1707683333333,13.8,1001.8000000000001,11.5,4.0,126.80000000000001,14.5,18,18,17.5,100.4,600,5.916106
2026-07-09 18:30:00,-36.1220033333333,12.1695233333333,13.9,1002.1,12.100000000000001,3.6,126.9,12.600000000000001,18,28,16.7,131.1,600,6.224772400000001
2026-07-09 18:40:00,-36.1146783333333,12.1694733333333,14.0,1002.5,12.4,2.9000000000000004,128.3,13.3,18,39,15.8,124.10000000000001,600,6.3791056
2026-07-09 18:50:00,-36.1081766666667,12.167575,14.0,1002.6,12.100000000000001,4.1000000000000005,129.20000000000002,15.8,18,43,17.1,145.3,600,6.224772400000001
2026-07-09 19:00:00,-36.1029416666667,12.1627066666667,14.100000000000001,1002.7,10.100000000000001,3.9000000000000004,143.8,8.700000000000001,18,57,15.3,142.6,599,5.195884400000001
2026-07-09 19:10:00,-36.10054,12.1574533333333,14.100000000000001,1003.1,11.3,4.0,135.3,10.8,19,9,16.3,143.3,600,5.8132172
2026-07-09 19:20:00,-36.0991283333333,12.152125,14.200000000000001,1003.3000000000001,11.9,4.2,130.70000000000002,12.0,19,19,16.2,117.10000000000001,600,6.1218836
2026-07-09 19:30:00,-36.098345,12.1476416666667,14.200000000000001,1003.5,10.4,5.800000000000001,125.7,12.0,19,26,15.100000000000001,107.4,600,5.350217600000001
2026-07-09 19:40:00,-36.09908,12.14471,14.200000000000001,1003.6,11.700000000000001,5.300000000000001,104.9,11.3,19,34,17.3,114.10000000000001,600,6.018994800000001
2026-07-09 19:50:00,-36.099795,12.14165,14.200000000000001,1003.6,11.3,5.4,119.4,10.700000000000001,19,46,18.900000000000002,144.8,600,5.8132172
2026-07-09 20:00:00,-36.1007916666667,12.13855,14.200000000000001,1003.5,12.5,4.3,120.7,12.8,19,52,16.7,75.9,600,6.43055
2026-07-09 20:10:00,-36.1015516666667,12.1354616666667,14.200000000000001,1003.4000000000001,12.8,4.3,119.5,11.3,20,0,16.400000000000002,135.5,600,6.5848832
2026-07-09 20:20:00,-36.1024883333333,12.1344283333333,14.0,1003.2,9.1,2.3000000000000003,131.4,9.700000000000001,20,10,13.0,123.60000000000001,600,4.6814404
2026-07-09 20:30:00,-36.1034816666667,12.1335483333333,14.100000000000001,1003.3000000000001,11.0,3.5,123.30000000000001,11.600000000000001,20,20,14.700000000000001,115.0,600,5.6588840000000005
2026-07-09 20:40:00,-36.10442,12.1326416666667,14.100000000000001,1003.0,13.9,5.800000000000001,116.80000000000001,11.200000000000001,20,38,19.5,104.10000000000001,600,7.150771600000001
2026-07-09 20:50:00,-36.1055533333333,12.1316766666667,13.8,1001.7,17.0,4.3,103.2,8.700000000000001,20,47,21.200000000000003,116.10000000000001,600,8.745548
2026-07-09 21:00:00,-36.1069183333333,12.1304033333333,13.5,1000.1,17.5,4.1000000000000005,96.5,9.200000000000001,20,52,22.700000000000003,96.7,600,9.00277
2026-07-09 21:10:00,-36.108145,12.1294666666667,13.100000000000001,998.8000000000001,14.4,5.1000000000000005,98.80000000000001,11.600000000000001,21,2,19.400000000000002,113.10000000000001,600,7.4079936
2026-07-09 21:20:00,-36.1092833333333,12.1283216666667,13.0,998.8000000000001,9.4,3.5,91.7,21.0,21,14,14.4,90.7,600,4.8357736000000004
2026-07-09 21:30:00,-36.1103683333333,12.1273783333333,13.0,998.0,8.3,1.9000000000000001,84.30000000000001,13.600000000000001,21,26,12.600000000000001,70.3,600,4.2698852
2026-07-09 21:40:00,-36.1112633333333,12.1272666666667,13.0,997.7,9.0,2.4000000000000004,97.60000000000001,15.5,21,35,13.0,104.7,600,4.629996
2026-07-09 21:50:00,-36.1121833333333,12.12711,13.100000000000001,998.5,10.600000000000001,5.4,107.5,10.700000000000001,21,46,17.8,108.2,600,5.453106400000001
2026-07-09 22:00:00,-36.1130966666667,12.1272183333333,13.0,997.3000000000001,10.3,7.1000000000000005,102.7,12.8,21,56,15.8,114.10000000000001,600,5.2987732
2026-07-09 22:10:00,-36.1136916666667,12.127115,13.100000000000001,997.7,11.0,5.9,120.9,13.5,22,5,17.400000000000002,76.3,600,5.6588840000000005
2026-07-09 22:20:00,-36.1143933333333,12.1272666666667,13.4,999.0,10.8,2.4000000000000004,101.4,11.9,22,17,15.700000000000001,132.5,600,5.555995200000001
2026-07-09 22:30:00,-36.11524,12.1272316666667,13.5,999.9000000000001,12.100000000000001,4.7,116.10000000000001,16.5,22,26,17.7,124.5,600,6.224772400000001
2026-07-09 22:40:00,-36.11597,12.1272283333333,13.200000000000001,999.3000000000001,10.600000000000001,6.1000000000000005,110.60000000000001,18.5,22,37,15.600000000000001,85.7,600,5.453106400000001
2026-07-09 22:50:00,-36.11678,12.127215,13.0,997.5,9.700000000000001,6.4,98.4,16.2,22,46,14.0,111.9,599,4.9901068
2026-07-09 23:00:00,-36.1174283333333,12.1272633333333,13.0,997.5,12.100000000000001,4.1000000000000005,87.4,16.400000000000002,22,51,16.400000000000002,62.7,600,6.224772400000001
2026-07-09 23:10:00,-36.1182033333333,12.1272066666667,12.9,996.6,12.200000000000001,17.1,76.7,14.200000000000001,23,5,23.6,91.5,600,6.2762168
2026-07-09 23:20:00,-36.1187733333333,12.1272166666667,13.200000000000001,998.1,15.3,5.0,96.0,11.0,23,16,21.200000000000003,120.60000000000001,600,7.870993200000001
2026-07-09 23:30:00,-36.1194216666667,12.1271866666667,13.200000000000001,998.7,13.9,3.9000000000000004,105.0,14.100000000000001,23,22,18.900000000000002,86.5,600,7.150771600000001
2026-07-09 23:40:00,-36.119985,12.1270883333333,13.3,998.9000000000001,13.3,3.8000000000000003,100.0,14.3,23,33,18.7,126.0,600,6.842105200000001
2026-07-09 23:50:00,-36.12025,12.12727,12.5,996.5,15.5,33.1,78.4,25.1,23,48,28.0,63.2,600,7.973882000000001
2026-07-10 00:00:00,-36.1205983333333,12.12724,12.200000000000001,996.4000000000001,13.9,5.4,95.30000000000001,12.3,23,57,21.0,82.30000000000001,600,7.150771600000001
2026-07-10 00:10:00,-36.12093,12.127115,12.3,997.4000000000001,11.5,4.5,103.9,12.200000000000001,0,9,16.7,94.5,600,5.916106
2026-07-10 00:20:00,-36.1210833333333,12.127115,12.700000000000001,998.6,12.4,5.6000000000000005,97.4,11.0,0,19,22.0,120.30000000000001,600,6.3791056
2026-07-10 00:30:00,-36.1214416666667,12.127215,12.8,998.2,13.200000000000001,5.4,101.7,10.0,0,20,19.8,111.10000000000001,600,6.7906608
2026-07-10 00:40:00,-36.1219066666667,12.1275116666667,12.9,998.2,13.700000000000001,2.7,111.2,8.700000000000001,0,35,17.3,112.0,600,7.047882800000001
2026-07-10 00:50:00,-36.1223966666667,12.1277766666667,13.0,998.3000000000001,12.5,2.9000000000000004,114.9,10.4,0,42,16.3,106.2,600,6.43055
2026-07-10 01:00:00,-36.1227833333333,12.1283516666667,13.100000000000001,998.8000000000001,13.600000000000001,7.7,115.5,16.400000000000002,0,57,20.200000000000003,130.8,600,6.996438400000001
2026-07-10 01:10:00,-36.123105,12.1283833333333,13.100000000000001,998.6,14.4,3.3000000000000003,97.4,21.5,1,2,17.8,64.5,600,7.4079936
2026-07-10 01:20:00,-36.123435,12.1288733333333,13.100000000000001,998.7,11.3,4.4,70.2,14.200000000000001,1,10,16.400000000000002,64.7,600,5.8132172
2026-07-10 01:30:00,-36.1237516666667,12.1291533333333,12.9,997.3000000000001,10.200000000000001,5.300000000000001,83.30000000000001,18.3,1,29,15.700000000000001,99.10000000000001,600,5.247328800000001
2026-07-10 01:40:00,-36.1237933333333,12.1291916666667,12.9,997.4000000000001,13.3,4.0,110.0,10.0,1,32,16.7,79.2,600,6.842105200000001
2026-07-10 01:50:00,-36.123955,12.1294166666667,13.0,997.8000000000001,11.8,2.6,107.4,11.600000000000001,1,47,15.0,131.6,600,6.070439200000001
2026-07-10 02:00:00,-36.1240116666667,12.129275,13.100000000000001,998.4000000000001,12.8,3.5,106.9,10.100000000000001,1,54,17.1,111.9,600,6.5848832
2026-07-10 02:10:00,-36.12376,12.1293133333333,13.3,999.1,12.9,5.7,114.30000000000001,9.200000000000001,2,1,17.8,104.9,600,6.6363276
2026-07-10 02:20:00,-36.1236916666667,12.1289866666667,13.0,998.2,14.3,11.4,114.30000000000001,9.8,2,18,19.5,106.10000000000001,600,7.356549200000001
2026-07-10 02:30:00,-36.1237566666667,12.1293233333333,12.600000000000001,997.7,13.9,3.4000000000000004,105.9,8.9,2,20,18.6,114.4,600,7.150771600000001
2026-07-10 02:40:00,-36.12402,12.1294966666667,12.600000000000001,998.5,13.700000000000001,4.5,91.30000000000001,11.4,2,36,18.5,94.5,600,7.047882800000001
2026-07-10 02:50:00,-36.124275,12.1296966666667,12.700000000000001,999.4000000000001,14.8,3.2,96.80000000000001,9.5,2,43,18.6,98.4,599,7.6137712
2026-07-10 03:00:00,-36.12446,12.129745,12.700000000000001,999.3000000000001,14.0,3.0,95.9,10.100000000000001,2,58,18.8,101.0,600,7.202216
2026-07-10 03:10:00,-36.1248316666667,12.1302133333333,12.9,1000.2,14.100000000000001,3.4000000000000004,85.30000000000001,11.4,3,9,18.900000000000002,95.0,601,7.253660400000001
2026-07-10 03:20:00,-36.125285,12.1305116666667,13.0,1001.0,14.9,3.1,85.9,9.3,3,14,18.7,93.9,599,7.665215600000001
2026-07-10 03:30:00,-36.125735,12.1308016666667,13.0,1000.3000000000001,14.9,6.7,91.30000000000001,10.3,3,28,22.1,99.2,600,7.665215600000001
2026-07-10 03:40:00,-36.1261966666667,12.131195,13.0,999.3000000000001,15.8,3.9000000000000004,90.4,13.5,3,30,19.5,113.10000000000001,600,8.128215200000001
2026-07-10 03:50:00,-36.1267283333333,12.1319583333333,13.200000000000001,999.7,13.3,3.6,96.9,10.4,3,44,17.6,70.7,600,6.842105200000001
2026-07-10 04:00:00,-36.127285,12.13236,13.3,1000.4000000000001,13.0,3.4000000000000004,93.2,11.700000000000001,3,51,19.200000000000003,106.7,600,6.687772
2026-07-10 04:10:00,-36.1278716666667,12.132865,13.3,1000.1,15.700000000000001,8.9,99.9,12.700000000000001,4,7,23.200000000000003,78.4,600,8.0767708
2026-07-10 04:20:00,-36.1282516666667,12.133105,12.4,996.9000000000001,17.900000000000002,7.800000000000001,96.0,11.3,4,10,25.200000000000003,90.60000000000001,600,9.208547600000001
2026-07-10 04:30:00,-36.1286166666667,12.1334883333333,12.3,996.2,15.9,4.9,102.10000000000001,11.0,4,21,20.6,115.60000000000001,600,8.1796596
2026-07-10 04:40:00,-36.1290866666667,12.1339466666667,12.5,997.0,16.0,4.7,101.2,11.5,4,39,21.8,98.80000000000001,600,8.231104
2026-07-10 04:50:00,-36.1296583333333,12.1344733333333,12.5,998.3000000000001,20.5,5.800000000000001,86.0,7.9,4,41,27.0,76.5,600,10.546102
2026-07-10 05:00:00,-36.1304366666667,12.13519,12.600000000000001,999.0,15.200000000000001,5.9,94.9,10.100000000000001,4,50,22.400000000000002,97.0,600,7.819548800000001
2026-07-10 05:10:00,-36.1308733333333,12.13629,12.5,998.6,12.200000000000001,6.800000000000001,106.4,15.3,5,4,19.1,109.10000000000001,600,6.2762168
2026-07-10 05:20:00,-36.1310433333333,12.1380733333333,12.8,999.5,13.3,6.1000000000000005,105.80000000000001,9.8,5,19,21.3,101.4,600,6.842105200000001
2026-07-10 05:30:00,-36.1312466666667,12.13895,12.9,1001.2,14.700000000000001,3.8000000000000003,102.5,7.0,5,20,19.700000000000003,93.10000000000001,600,7.562326800000001
2026-07-10 05:40:00,-36.131345,12.1399116666667,13.5,1002.6,15.100000000000001,4.0,103.30000000000001,9.1,5,36,19.700000000000003,106.2,600,7.768104400000001
2026-07-10 05:50:00,-36.131505,12.1402283333333,14.0,1003.2,14.700000000000001,3.3000000000000003,97.30000000000001,10.600000000000001,5,44,18.3,107.80000000000001,600,7.562326800000001
2026-07-10 06:00:00,-36.131775,12.1414416666667,14.3,1003.6,14.600000000000001,2.6,93.30000000000001,9.200000000000001,5,56,17.900000000000002,90.4,600,7.510882400000001
2026-07-10 06:10:00,-36.1319033333333,12.1424616666667,14.5,1004.2,14.600000000000001,3.1,99.4,8.8,6,9,18.0,108.4,600,7.510882400000001
2026-07-10 06:20:00,-36.1321,12.1426166666667,14.600000000000001,1005.1,15.4,3.7,97.5,9.4,6,13,21.3,96.4,600,7.9224376
2026-07-10 06:30:00,-36.1307383333333,12.140445,14.8,1005.8000000000001,14.600000000000001,3.0,101.60000000000001,11.4,6,27,19.0,91.10000000000001,600,7.510882400000001
2026-07-10 06:40:00,-36.1292216666667,12.1356416666667,14.9,1006.2,14.700000000000001,3.2,100.30000000000001,14.200000000000001,6,37,19.3,107.10000000000001,600,7.562326800000001
2026-07-10 06:50:00,-36.12764,12.1310783333333,14.9,1006.4000000000001,14.8,5.5,110.7,15.5,6,41,20.700000000000003,133.70000000000002,600,7.6137712
2026-07-10 07:00:00,-36.1262633333333,12.1263216666667,15.0,1006.6,14.9,4.800000000000001,110.9,13.100000000000001,6,51,19.900000000000002,113.0,599,7.665215600000001
2026-07-10 07:10:00,-36.1243833333333,12.1208216666667,15.0,1006.6,15.600000000000001,4.3,117.10000000000001,14.3,7,8,20.3,109.30000000000001,600,8.0253264
2026-07-10 07:20:00,-36.1228916666667,12.115585,15.100000000000001,1006.4000000000001,15.4,5.300000000000001,117.0,14.0,7,13,20.900000000000002,119.60000000000001,600,7.9224376
2026-07-10 07:30:00,-36.1210466666667,12.10976,15.100000000000001,1006.4000000000001,14.0,4.2,113.80000000000001,12.600000000000001,7,20,19.6,122.10000000000001,600,7.202216
2026-07-10 07:40:00,-36.119185,12.1040483333333,15.100000000000001,1006.5,12.9,2.4000000000000004,104.60000000000001,11.5,7,32,16.0,113.30000000000001,600,6.6363276
2026-07-10 07:50:00,-36.1173433333333,12.0978583333333,15.100000000000001,1006.6,13.100000000000001,3.1,108.80000000000001,13.8,7,48,16.900000000000002,102.9,600,6.739216400000001
2026-07-10 08:00:00,-36.1152933333333,12.0915366666667,15.200000000000001,1006.9000000000001,13.8,3.5,110.4,12.8,7,51,19.3,112.7,600,7.0993272
2026-07-10 08:10:00,-36.1133933333333,12.0856683333333,15.200000000000001,1007.1,13.9,3.9000000000000004,95.2,12.600000000000001,8,6,19.400000000000002,113.7,600,7.150771600000001
2026-07-10 08:20:00,-36.1116283333333,12.0799266666667,15.3,1007.9000000000001,15.100000000000001,4.1000000000000005,102.80000000000001,14.0,8,16,20.3,100.60000000000001,600,7.768104400000001
2026-07-10 08:30:00,-36.1097166666667,12.0740366666667,15.5,1008.8000000000001,15.5,4.3,101.4,14.3,8,23,19.400000000000002,108.2,600,7.973882000000001
2026-07-10 08:40:00,-36.1078816666667,12.0681583333333,15.700000000000001,1009.5,15.5,3.9000000000000004,103.9,12.8,8,32,21.200000000000003,99.4,600,7.973882000000001
2026-07-10 08:50:00,-36.1059566666667,12.062545,15.700000000000001,1009.6,16.0,3.5,100.5,10.600000000000001,8,49,19.3,82.0,600,8.231104
2026-07-10 09:00:00,-36.1042016666667,12.0568333333333,15.700000000000001,1009.4000000000001,15.4,4.5,101.5,13.700000000000001,8,57,20.5,116.10000000000001,600,7.9224376
2026-07-10 09:10:00,-36.102435,12.0509083333333,15.600000000000001,1008.9000000000001,15.100000000000001,4.1000000000000005,102.4,16.0,9,3,19.900000000000002,100.10000000000001,600,7.768104400000001
2026-07-10 09:20:00,-36.1005,12.0448783333333,15.5,1008.5,15.600000000000001,5.0,110.60000000000001,15.100000000000001,9,12,23.1,102.0,600,8.0253264
2026-07-10 09:30:00,-36.098515,12.0387733333333,15.5,1008.5,14.9,3.7,105.2,13.3,9,22,20.0,129.20000000000002,600,7.665215600000001
2026-07-10 09:40:00,-36.096355,12.0323566666667,14.9,1007.7,15.8,7.800000000000001,111.80000000000001,13.9,9,38,22.6,111.7,600,8.128215200000001
2026-07-10 09:50:00,-36.0944516666667,12.0260766666667,13.600000000000001,1005.3000000000001,17.2,4.7,116.5,14.9,9,44,21.3,103.5,600,8.8484368
2026-07-10 10:00:00,-36.0922816666667,12.0191283333333,14.100000000000001,1006.0,17.2,5.9,119.10000000000001,13.8,9,50,22.6,113.5,600,8.8484368
2026-07-10 10:10:00,-36.0899983333333,12.01226,14.600000000000001,1006.6,16.400000000000002,5.2,109.80000000000001,12.5,10,6,21.0,104.4,600,8.436881600000001
2026-07-10 10:20:00,-36.0878266666667,12.0052383333333,15.0,1007.5,15.8,5.6000000000000005,105.4,12.9,10,14,21.200000000000003,120.10000000000001,600,8.128215200000001
2026-07-10 10:30:00,-36.085445,11.9981666666667,15.3,1009.5,14.9,5.4,98.30000000000001,11.9,10,20,20.200000000000003,101.30000000000001,600,7.665215600000001
2026-07-10 10:40:00,-36.0833233333333,11.991365,15.700000000000001,1010.1,14.3,4.5,104.9,12.700000000000001,10,31,20.200000000000003,102.30000000000001,599,7.356549200000001
2026-07-10 10:50:00,-36.0811316666667,11.9843416666667,15.700000000000001,1008.9000000000001,14.0,3.4000000000000004,100.5,12.0,10,41,18.0,109.4,601,7.202216
2026-07-10 11:00:00,-36.0788033333333,11.97725,16.0,1010.0,13.5,3.5,100.5,11.700000000000001,10,59,17.0,91.9,600,6.944994
2026-07-10 11:30:00,-36.0717666666667,11.9547566666667,16.1,1010.4000000000001,13.100000000000001,3.8000000000000003,104.5,12.3,11,21,18.5,116.7,1799,6.739216400000001
2026-07-10 12:00:00,-36.064205,11.931355,15.8,1009.1,13.8,3.3000000000000003,102.60000000000001,13.0,11,51,18.5,90.2,1800,7.0993272
2026-07-10 12:30:00,-36.0594983333333,11.9083716666667,15.600000000000001,1008.5,15.0,4.800000000000001,96.5,11.700000000000001,12,25,21.0,91.0,1800,7.71666
2026-07-10 13:00:00,-36.0580833333333,11.8864916666667,15.4,1007.8000000000001,14.3,4.2,101.7,15.3,12,40,19.8,91.4,1800,7.356549200000001
2026-07-10 13:30:00,-36.0402666666667,11.8787983333333,15.4,1008.9000000000001,14.700000000000001,4.9,93.7,15.5,13,18,20.0,57.900000000000006,1800,7.562326800000001
2026-07-10 14:00:00,-36.0292216666667,11.8869916666667,14.9,1007.7,16.0,3.9000000000000004,88.10000000000001,16.3,13,40,20.3,96.10000000000001,1800,8.231104
2026-07-10 14:30:00,-36.026245,11.89894,14.4,1007.9000000000001,15.3,3.3000000000000003,93.30000000000001,9.4,14,26,19.5,90.30000000000001,1800,7.870993200000001
2026-07-10 15:00:00,-36.0281033333333,11.9081633333333,14.9,1007.3000000000001,16.2,3.9000000000000004,96.2,10.5,14,47,21.0,95.0,1799,8.333992799999999
2026-07-10 15:30:00,-36.0314016666667,11.9147483333333,15.100000000000001,1007.1,15.8,3.8000000000000003,91.9,11.4,15,14,21.0,85.4,1800,8.128215200000001
2026-07-10 16:00:00,-36.0368166666667,11.9195933333333,15.200000000000001,1007.3000000000001,14.3,3.1,89.60000000000001,11.200000000000001,15,58,19.3,82.30000000000001,1800,7.356549200000001
2026-07-10 16:30:00,-36.043375,11.9211133333333,15.100000000000001,1006.7,15.100000000000001,3.8000000000000003,87.80000000000001,12.200000000000001,16,21,21.200000000000003,96.7,1800,7.768104400000001
2026-07-10 17:00:00,-36.05007,11.920565,15.0,1005.8000000000001,15.3,3.6,89.30000000000001,11.600000000000001,16,44,19.900000000000002,97.30000000000001,1800,7.870993200000001
2026-07-10 17:30:00,-36.05803,11.9134916666667,15.100000000000001,1006.3000000000001,16.900000000000002,5.1000000000000005,83.5,11.9,17,10,22.3,71.4,1800,8.694103600000002
2026-07-10 18:00:00,-36.06044,11.8946833333333,15.100000000000001,1006.2,16.0,5.800000000000001,103.10000000000001,16.8,17,46,22.0,111.4,1800,8.231104
2026-07-10 18:30:00,-36.046065,11.8788933333333,15.200000000000001,1006.6,14.700000000000001,4.800000000000001,112.10000000000001,12.8,18,28,21.0,85.10000000000001,1800,7.562326800000001
2026-07-10 19:00:00,-36.0318466666667,11.88459,15.200000000000001,1006.9000000000001,16.5,4.1000000000000005,105.2,14.9,18,41,21.0,85.60000000000001,1799,8.488326
2026-07-10 19:30:00,-36.02706,11.895465,14.3,1006.3000000000001,16.7,3.6,95.7,10.100000000000001,19,14,21.5,91.2,1800,8.5912148
2026-07-10 20:00:00,-36.02715,11.90491,14.8,1006.1,15.700000000000001,4.5,93.7,9.5,19,39,20.900000000000002,80.4,1800,8.0767708
2026-07-10 20:30:00,-36.0289816666667,11.9113916666667,15.100000000000001,1006.1,15.3,3.7,89.80000000000001,10.4,20,13,20.0,67.8,1800,7.870993200000001
2026-07-10 21:00:00,-36.0327816666667,11.915965,15.100000000000001,1006.3000000000001,15.0,2.8000000000000003,86.2,8.700000000000001,20,58,18.6,89.0,1800,7.71666
2026-07-10 21:30:00,-36.0361333333333,11.9191883333333,15.100000000000001,1005.9000000000001,16.6,4.0,96.10000000000001,8.6,21,4,22.700000000000003,102.30000000000001,1800,8.5397704
2026-07-10 22:00:00,-36.0402633333333,11.9210716666667,15.100000000000001,1006.5,16.3,4.0,92.2,9.5,21,41,22.0,92.80000000000001,1800,8.3854372
2026-07-10 22:30:00,-36.0463166666667,11.92113,15.200000000000001,1006.9000000000001,15.5,4.1000000000000005,88.30000000000001,10.8,22,2,22.0,81.10000000000001,1799,7.973882000000001
2026-07-10 23:00:00,-36.0534383333333,11.9174466666667,15.200000000000001,1007.3000000000001,15.4,4.6000000000000005,91.2,13.700000000000001,22,54,22.200000000000003,93.60000000000001,1800,7.9224376
2026-07-10 23:30:00,-36.0601666666667,11.9060466666667,15.200000000000001,1007.3000000000001,15.5,4.1000000000000005,94.10000000000001,15.8,23,14,19.900000000000002,106.4,1800,7.973882000000001
2026-07-11 00:00:00,-36.05598,11.8846666666667,15.3,1007.3000000000001,13.8,4.0,107.9,14.100000000000001,23,50,21.200000000000003,104.9,1800,7.0993272
2026-07-11 00:30:00,-36.0374416666667,11.8794216666667,15.3,1007.0,15.9,6.5,110.5,15.3,0,25,22.3,95.2,1800,8.1796596
2026-07-11 01:00:00,-36.0283983333333,11.8904366666667,15.200000000000001,1006.8000000000001,16.6,4.4,104.60000000000001,13.3,0,52,22.5,100.9,1800,8.5397704
2026-07-11 01:30:00,-36.0262233333333,11.901045,15.100000000000001,1006.2,19.0,4.2,98.60000000000001,9.700000000000001,1,13,23.900000000000002,89.60000000000001,1800,9.774436
2026-07-11 02:00:00,-36.0283666666667,11.9091283333333,14.9,1006.3000000000001,18.6,5.0,100.7,9.4,1,38,23.0,77.30000000000001,1800,9.5686584
2026-07-11 02:30:00,-36.033065,11.9162533333333,14.700000000000001,1006.5,16.900000000000002,4.6000000000000005,94.10000000000001,11.3,2,10,22.5,89.30000000000001,1799,8.694103600000002
2026-07-11 03:00:00,-36.0393083333333,11.921,15.0,1006.7,16.2,3.7,101.4,11.4,2,50,20.400000000000002,103.0,1800,8.333992799999999
2026-07-11 03:30:00,-36.0471983333333,11.9209966666667,14.9,1006.4000000000001,16.0,3.8000000000000003,96.30000000000001,10.4,3,13,20.3,102.4,1800,8.231104
2026-07-11 04:00:00,-36.05428,11.9168083333333,15.3,1006.9000000000001,14.5,3.6,104.80000000000001,12.700000000000001,3,41,19.6,111.80000000000001,1800,7.4594380000000005
2026-07-11 04:30:00,-36.0598516666667,11.907475,15.3,1006.9000000000001,14.700000000000001,4.1000000000000005,108.5,12.9,4,22,19.8,120.4,1800,7.562326800000001
2026-07-11 05:00:00,-36.05972,11.892185,15.4,1007.1,14.600000000000001,5.0,111.5,12.4,4,33,20.200000000000003,112.30000000000001,1800,7.510882400000001
2026-07-11 05:30:00,-36.047845,11.8790266666667,15.200000000000001,1006.5,13.3,3.2,115.10000000000001,11.0,5,5,16.900000000000002,113.0,1800,6.842105200000001
2026-07-11 06:00:00,-36.0307833333333,11.88558,15.200000000000001,1006.4000000000001,15.5,3.5,108.2,15.0,5,44,19.5,101.0,1800,7.973882000000001
2026-07-11 06:30:00,-36.0261966666667,11.9016783333333,14.8,1005.5,13.3,6.0,98.80000000000001,11.8,6,10,19.700000000000003,103.10000000000001,1800,6.842105200000001
2026-07-11 07:00:00,-36.0299266666667,11.9135833333333,14.9,1006.1,14.0,4.0,90.80000000000001,11.5,6,39,18.400000000000002,65.4,1799,7.202216
2026-07-11 07:30:00,-36.0368233333333,11.9198266666667,14.9,1005.6,14.600000000000001,3.6,80.0,9.5,7,27,19.400000000000002,83.80000000000001,1800,7.510882400000001
2026-07-11 08:00:00,-36.0450233333333,11.9210733333333,15.0,1006.4000000000001,15.3,5.1000000000000005,79.30000000000001,9.200000000000001,7,47,20.700000000000003,81.30000000000001,1800,7.870993200000001
2026-07-11 08:30:00,-36.0530016666667,11.91795,15.200000000000001,1009.0,16.1,4.1000000000000005,82.9,9.0,8,15,21.400000000000002,70.4,1800,8.282548400000001
2026-07-11 09:00:00,-36.0597116666667,11.9082483333333,15.5,1010.8000000000001,14.8,4.800000000000001,81.2,10.9,8,31,19.8,93.60000000000001,1800,7.6137712
2026-07-11 09:30:00,-36.05944,11.8907933333333,15.9,1011.1,13.100000000000001,3.1,85.60000000000001,11.3,9,26,17.2,83.60000000000001,1800,6.739216400000001
2026-07-11 10:00:00,-36.0440633333333,11.8788133333333,16.2,1011.9000000000001,12.600000000000001,3.8000000000000003,100.7,12.5,9,58,19.400000000000002,123.30000000000001,1800,6.4819944000000005
2026-07-11 10:30:00,-36.033845,11.8844016666667,15.700000000000001,1011.7,14.9,5.5,90.30000000000001,13.700000000000001,10,29,21.200000000000003,90.2,1799,7.665215600000001
2026-07-11 11:00:00,-36.0250833333333,11.8941816666667,15.4,1011.4000000000001,15.3,3.2,92.5,12.4,10,33,19.8,91.60000000000001,1800,7.870993200000001
2026-07-11 11:30:00,-36.0142883333333,11.9061733333333,15.5,1011.6,13.5,3.3000000000000003,98.5,12.700000000000001,11,6,18.3,108.5,1800,6.944994
2026-07-11 12:00:00,-36.00177,11.9197616666667,15.5,1012.1,13.600000000000001,2.6,95.80000000000001,15.0,11,55,17.3,78.7,1800,6.996438400000001
2026-07-11 12:30:00,-35.9891516666667,11.9334333333333,15.5,1011.3000000000001,13.8,2.7,93.4,16.0,12,3,17.6,112.2,1800,7.0993272
2026-07-11 13:00:00,-35.9766233333333,11.9472233333333,15.4,1010.9000000000001,13.3,2.6,97.7,14.700000000000001,12,38,17.6,94.4,1800,6.842105200000001
2026-07-11 13:30:00,-35.96403,11.960855,15.4,1011.6,12.700000000000001,2.4000000000000004,95.80000000000001,16.5,13,2,16.7,88.60000000000001,1800,6.533438800000001
2026-07-11 14:00:00,-35.9517116666667,11.9742916666667,15.4,1010.4000000000001,11.8,2.4000000000000004,102.30000000000001,15.3,13,52,16.2,117.4,1800,6.070439200000001
2026-07-11 14:30:00,-35.9393716666667,11.9875166666667,15.200000000000001,1007.7,11.9,2.4000000000000004,104.2,15.3,14,22,15.5,96.80000000000001,1799,6.1218836
2026-07-11 15:00:00,-35.92747,12.000615,14.4,1003.4000000000001,14.3,4.5,87.0,18.400000000000002,14,45,19.8,67.5,1800,7.356549200000001
2026-07-11 15:30:00,-35.9150533333333,12.0141866666667,12.600000000000001,998.8000000000001,9.5,5.0,99.4,21.200000000000003,15,0,15.0,118.7,1800,4.887218
2026-07-11 16:00:00,-35.9023716666667,12.0280233333333,12.9,1001.9000000000001,11.200000000000001,2.4000000000000004,109.30000000000001,17.0,15,46,15.700000000000001,119.5,1800,5.761772800000001
2026-07-11 16:30:00,-35.8898766666667,12.0415566666667,13.3,1004.1,12.100000000000001,2.7,101.4,17.5,16,17,16.6,106.0,1800,6.224772400000001
2026-07-11 17:00:00,-35.8772116666667,12.0553116666667,13.8,1004.9000000000001,12.4,2.7,108.7,16.1,16,34,16.3,111.2,1800,6.3791056
2026-07-11 17:30:00,-35.8648433333333,12.068815,14.600000000000001,1005.4000000000001,14.200000000000001,2.6,103.60000000000001,14.3,17,17,17.8,107.7,1800,7.3051048000000005
2026-07-11 18:00:00,-35.8542816666667,12.0801966666667,14.700000000000001,1005.2,15.5,4.1000000000000005,84.60000000000001,13.700000000000001,17,35,21.0,97.7,1800,7.973882000000001
2026-07-11 18:30:00,-35.8449716666667,12.09064,14.700000000000001,1005.0,13.4,2.7,88.7,12.9,18,19,17.400000000000002,94.7,1800,6.8935496
2026-07-11 19:00:00,-35.842465,12.1025166666667,13.8,1002.9000000000001,15.100000000000001,5.300000000000001,89.7,8.3,18,50,20.400000000000002,76.3,1799,7.768104400000001
2026-07-11 19:30:00,-35.8450983333333,12.1126466666667,13.600000000000001,1002.3000000000001,17.3,9.700000000000001,96.9,9.1,19,14,24.6,95.2,1800,8.899881200000001
2026-07-11 20:00:00,-35.8509183333333,12.119085,14.0,1005.0,14.4,3.5,89.2,9.700000000000001,19,34,19.5,84.9,1800,7.4079936
2026-07-11 20:30:00,-35.8573633333333,12.1222633333333,14.200000000000001,1006.2,15.100000000000001,3.2,83.0,10.100000000000001,20,29,18.7,89.4,1800,7.768104400000001
2026-07-11 21:00:00,-35.8639616666667,12.1223116666667,14.8,1005.9000000000001,14.9,3.4000000000000004,85.30000000000001,9.3,20,44,19.1,77.30000000000001,1800,7.665215600000001
2026-07-11 21:30:00,-35.86941,12.118905,15.0,1006.1,14.9,4.0,86.2,9.600000000000001,21,27,19.6,85.60000000000001,1800,7.665215600000001
2026-07-11 22:00:00,-35.8747233333333,12.1141133333333,15.200000000000001,1006.8000000000001,14.0,4.1000000000000005,78.10000000000001,9.3,21,32,19.5,76.60000000000001,1800,7.202216
2026-07-11 22:30:00,-35.8773583333333,12.1040466666667,15.4,1007.6,12.5,3.4000000000000004,79.9,11.600000000000001,22,15,17.2,84.9,1799,6.43055
2026-07-11 23:00:00,-35.8749866666667,12.089425,15.4,1008.0,12.3,3.4000000000000004,82.4,11.4,22,36,16.7,83.0,1800,6.3276612000000005
2026-07-11 23:30:00,-35.8580833333333,12.0802466666667,15.5,1008.1,15.700000000000001,5.0,95.2,12.200000000000001,23,25,20.8,95.7,1800,8.0767708
2026-07-12 00:00:00,-35.84425,12.09288,15.5,1007.9000000000001,16.6,4.4,92.80000000000001,15.9,23,54,21.1,85.0,1797,8.5397704
2026-07-12 00:30:00,-35.84384,12.1079333333333,14.600000000000001,1007.2,14.5,7.2,84.0,11.8,0,1,20.8,90.5,1800,7.4594380000000005
2026-07-12 01:00:00,-35.8482733333333,12.1166916666667,15.4,1007.9000000000001,11.8,3.5,83.60000000000001,12.0,0,58,16.5,72.4,1800,6.070439200000001
2026-07-12 01:30:00,-35.8535916666667,12.12172,15.4,1007.0,10.3,5.5,66.9,12.9,1,21,15.600000000000001,71.9,1800,5.2987732
2026-07-12 02:00:00,-35.858435,12.1223933333333,15.5,1008.1,11.4,3.3000000000000003,67.9,10.600000000000001,1,50,15.700000000000001,64.5,1800,5.864661600000001
2026-07-12 02:30:00,-35.863185,12.1222483333333,15.4,1007.7,11.4,3.5,66.5,12.3,2,10,15.3,70.7,1799,5.864661600000001
2026-07-12 03:00:00,-35.86799,12.1202583333333,15.4,1007.5,9.8,3.8000000000000003,69.0,12.200000000000001,2,34,14.600000000000001,81.4,1800,5.041551200000001
2026-07-12 03:30:00,-35.8725283333333,12.116245,15.4,1007.5,8.4,3.5,69.60000000000001,14.600000000000001,3,12,11.9,89.60000000000001,1800,4.3213296
2026-07-12 04:00:00,-35.8755483333333,12.110435,15.3,1007.3000000000001,8.1,3.5,77.9,14.600000000000001,3,43,12.4,83.0,1800,4.1669963999999995
2026-07-12 04:30:00,-35.8777066666667,12.10225,15.3,1007.2,9.0,3.3000000000000003,83.5,12.700000000000001,4,22,13.100000000000001,91.9,1800,4.629996
2026-07-12 05:00:00,-35.8748216666667,12.0897316666667,15.3,1007.1,8.3,3.1,93.80000000000001,13.3,4,33,13.3,77.2,1800,4.2698852
2026-07-12 05:30:00,-35.860085,12.0802516666667,15.3,1007.6,9.3,4.0,95.5,13.600000000000001,5,23,13.9,91.9,1800,4.7843292
2026-07-12 06:00:00,-35.84441,12.0926,15.5,1008.3000000000001,11.9,3.3000000000000003,100.0,15.0,5,52,16.3,92.10000000000001,1799,6.1218836
2026-07-12 06:30:00,-35.8437966666667,12.1086533333333,15.4,1008.0,13.4,2.9000000000000004,89.9,13.5,6,8,17.7,95.60000000000001,1800,6.8935496
2026-07-12 07:00:00,-35.84789,12.1166383333333,15.4,1007.9000000000001,12.4,3.2,84.9,12.0,6,35,16.400000000000002,68.60000000000001,1800,6.3791056
2026-07-12 07:30:00,-35.8489366666667,12.1216083333333,15.700000000000001,1010.0,11.3,3.8000000000000003,84.4,15.100000000000001,7,19,15.600000000000001,57.0,1800,5.8132172
2026-07-12 08:00:00,-35.8260966666667,12.1273633333333,16.0,1010.8000000000001,12.8,3.4000000000000004,96.4,16.1,7,47,17.6,96.2,1800,6.5848832
2026-07-12 08:30:00,-35.8030366666667,12.1282666666667,16.5,1013.0,13.3,3.3000000000000003,93.30000000000001,14.3,8,6,17.2,76.7,1800,6.842105200000001
2026-07-12 09:00:00,-35.7806816666667,12.129115,16.7,1014.2,12.4,3.5,91.60000000000001,14.5,8,57,16.400000000000002,82.7,1800,6.3791056
2026-07-12 09:30:00,-35.758565,12.1301166666667,16.7,1014.5,12.3,3.2,88.0,15.0,9,18,16.6,103.5,1800,6.3276612000000005
2026-07-12 10:00:00,-35.7368933333333,12.1308616666667,17.1,1016.3000000000001,12.8,2.9000000000000004,85.5,14.700000000000001,9,49,16.8,76.2,1800,6.5848832
2026-07-12 10:30:00,-35.7189866666667,12.1232116666667,17.2,1016.8000000000001,11.8,2.8000000000000003,85.30000000000001,12.8,10,3,15.0,72.10000000000001,1799,6.070439200000001
2026-07-12 11:00:00,-35.7011483333333,12.129875,17.0,1017.0,11.4,2.4000000000000004,80.4,17.0,10,43,14.700000000000001,100.0,1800,5.864661600000001
2026-07-12 11:30:00,-35.6966333333333,12.1462533333333,16.400000000000002,1016.8000000000001,9.3,2.3000000000000003,71.5,15.600000000000001,11,14,12.9,67.8,1800,4.7843292
2026-07-12 12:00:00,-35.6997566666667,12.1576633333333,16.6,1016.7,8.6,2.7,71.8,14.100000000000001,11,32,12.200000000000001,57.800000000000004,1800,4.4242184
2026-07-12 12:30:00,-35.7061416666667,12.1634383333333,17.0,1016.8000000000001,7.800000000000001,2.4000000000000004,58.800000000000004,13.4,12,2,11.100000000000001,57.0,1800,4.0126632
2026-07-12 13:00:00,-35.7123383333333,12.1652933333333,17.2,1016.7,7.6000000000000005,2.6,57.800000000000004,13.9,12,46,11.200000000000001,39.900000000000006,1800,3.9097744000000003
2026-07-12 13:30:00,-35.7182916666667,12.1654166666667,17.900000000000002,1018.4000000000001,6.7,2.9000000000000004,52.400000000000006,14.700000000000001,13,22,10.600000000000001,47.0,1800,3.4467748
2026-07-12 14:00:00,-35.7230633333333,12.1622966666667,18.2,1018.2,6.7,2.8000000000000003,61.400000000000006,16.0,13,32,9.700000000000001,52.7,1799,3.4467748
2026-07-12 14:30:00,-35.72519,12.15556,18.3,1018.0,6.1000000000000005,2.5,80.30000000000001,15.600000000000001,14,5,9.700000000000001,93.5,1800,3.1381084
2026-07-12 15:00:00,-35.7095916666667,12.147975,18.400000000000002,1018.3000000000001,6.800000000000001,2.5,87.4,15.700000000000001,14,38,10.3,87.0,1800,3.4982192000000003
2026-07-12 15:30:00,-35.689375,12.144925,16.900000000000002,1016.1,7.6000000000000005,2.6,92.4,13.9,15,27,11.600000000000001,84.2,1800,3.9097744000000003
2026-07-12 16:00:00,-35.6698216666667,12.1420216666667,16.400000000000002,1012.8000000000001,8.8,2.7,94.2,11.100000000000001,15,42,12.0,84.5,1800,4.5271072000000006
2026-07-12 16:30:00,-35.6511166666667,12.1392833333333,16.0,1010.0,9.200000000000001,2.6,95.5,12.200000000000001,16,3,12.4,99.80000000000001,1800,4.732884800000001
2026-07-12 17:00:00,-35.6329716666667,12.1366266666667,15.9,1009.4000000000001,9.600000000000001,2.8000000000000003,99.9,11.8,16,38,13.100000000000001,98.2,1800,4.938662400000001
2026-07-12 17:30:00,-35.6156616666667,12.135925,15.9,1009.4000000000001,9.3,3.0,97.2,13.200000000000001,17,0,12.100000000000001,93.80000000000001,1800,4.7843292
2026-07-12 18:00:00,-35.6056616666667,12.1486516666667,15.8,1009.0,9.5,2.1,90.5,14.4,17,49,12.5,87.5,1799,4.887218
2026-07-12 18:30:00,-35.6051383333333,12.162745,15.700000000000001,1008.8000000000001,9.3,2.4000000000000004,82.9,12.700000000000001,18,2,12.3,78.7,1800,4.7843292
2026-07-12 19:00:00,-35.6094983333333,12.1722266666667,15.8,1008.8000000000001,8.9,2.5,76.7,12.200000000000001,18,30,11.700000000000001,84.5,1800,4.5785516
2026-07-12 19:30:00,-35.6156583333333,12.17748,15.8,1008.9000000000001,8.0,2.7,68.5,13.4,19,16,11.5,55.6,1800,4.115552
2026-07-12 20:00:00,-35.6215266666667,12.1778016666667,15.8,1008.9000000000001,8.6,3.2,67.8,11.9,19,41,12.9,69.5,1800,4.4242184
2026-07-12 20:30:00,-35.6272933333333,12.1776366666667,15.8,1009.0,8.6,3.1,70.60000000000001,12.3,20,20,12.600000000000001,58.900000000000006,1800,4.4242184
2026-07-12 21:00:00,-35.6319483333333,12.17345,15.8,1008.9000000000001,9.0,3.2,67.4,11.3,20,34,12.5,68.9,1800,4.629996
2026-07-12 21:30:00,-35.6360716666667,12.1696483333333,15.600000000000001,1008.5,8.3,3.3000000000000003,65.7,12.8,21,22,11.700000000000001,69.9,1800,4.2698852
2026-07-12 22:00:00,-35.6381633333333,12.161145,15.600000000000001,1008.4000000000001,7.6000000000000005,2.9000000000000004,63.6,14.4,21,51,11.3,55.0,1800,3.9097744000000003
2026-07-12 22:30:00,-35.637935,12.1512316666667,15.600000000000001,1008.4000000000001,8.200000000000001,2.7,65.8,13.4,22,20,12.4,64.5,1799,4.218440800000001
2026-07-12 23:00:00,-35.630285,12.1386966666667,15.600000000000001,1008.8000000000001,9.1,3.7,62.300000000000004,13.8,22,52,13.9,66.7,1800,4.6814404
2026-07-12 23:30:00,-35.6135466666667,12.1378,15.600000000000001,1008.5,10.700000000000001,2.7,76.9,16.1,23,7,15.5,78.60000000000001,1800,5.5045508000000005
2026-07-13 00:00:00,-35.60424,12.1538983333333,15.600000000000001,1008.6,9.8,2.3000000000000003,71.9,15.4,23,37,13.8,81.7,1800,5.041551200000001
2026-07-13 00:30:00,-35.60644,12.1686133333333,15.600000000000001,1008.5,7.7,3.6,66.60000000000001,17.900000000000002,0,3,12.5,77.4,1800,3.9612188
2026-07-13 01:00:00,-35.6121083333333,12.1743383333333,15.700000000000001,1009.0,7.1000000000000005,3.2,61.800000000000004,13.5,0,45,11.200000000000001,76.3,1800,3.6525524000000003
2026-07-13 01:30:00,-35.6174783333333,12.1777716666667,15.700000000000001,1009.1,6.5,3.2,51.5,15.8,1,17,10.700000000000001,47.1,1800,3.343886
2026-07-13 02:00:00,-35.6224333333333,12.17775,15.700000000000001,1009.0,6.5,3.3000000000000003,57.7,15.600000000000001,1,46,9.8,64.2,1800,3.343886
2026-07-13 02:30:00,-35.6283066666667,12.17657,15.600000000000001,1008.7,6.5,3.2,59.800000000000004,15.3,2,16,9.9,62.300000000000004,1799,3.343886
2026-07-13 03:00:00,-35.6338783333333,12.1716766666667,15.8,1009.3000000000001,6.300000000000001,2.9000000000000004,55.6,16.1,2,43,9.8,81.0,1800,3.2409972000000002
2026-07-13 03:30:00,-35.6372233333333,12.16517,15.8,1009.5,7.0,3.0,70.9,12.5,3,10,11.0,52.6,1800,3.601108
2026-07-13 04:00:00,-35.6392816666667,12.156315,15.8,1009.4000000000001,5.2,2.9000000000000004,67.5,19.5,3,34,9.5,88.10000000000001,1800,2.6751088000000003
2026-07-13 04:30:00,-35.6360916666667,12.1443133333333,15.8,1009.5,6.1000000000000005,2.5,70.10000000000001,19.200000000000003,4,3,9.3,76.80000000000001,1800,3.1381084
2026-07-13 05:00:00,-35.6228783333333,12.1357683333333,15.700000000000001,1009.3000000000001,7.4,2.7,70.8,14.200000000000001,4,39,10.8,106.30000000000001,1800,3.8068856
2026-07-13 05:30:00,-35.6072666666667,12.1433333333333,15.8,1009.7,7.0,2.0,76.0,16.2,5,7,10.200000000000001,82.2,1800,3.601108
2026-07-13 06:00:00,-35.60392,12.158605,15.8,1009.3000000000001,6.2,2.0,63.400000000000006,15.8,5,45,9.8,35.1,1799,3.1895528
2026-07-13 06:30:00,-35.607605,12.170555,15.8,1009.6,5.2,2.4000000000000004,37.7,20.900000000000002,6,25,8.200000000000001,358.70000000000005,1800,2.6751088000000003
2026-07-13 07:00:00,-35.6138466666667,12.1760366666667,15.9,1009.9000000000001,5.1000000000000005,2.6,36.300000000000004,21.5,6,35,9.200000000000001,337.70000000000005,1800,2.6236644000000005
2026-07-13 07:30:00,-35.6200216666667,12.17782,16.1,1011.9000000000001,4.5,2.1,24.200000000000003,23.0,7,5,7.300000000000001,29.400000000000002,1800,2.314998
2026-07-13 08:00:00,-35.62602,12.1777733333333,16.5,1013.3000000000001,5.0,2.7,15.700000000000001,19.900000000000002,7,36,8.5,22.900000000000002,1800,2.57222
2026-07-13 08:30:00,-35.63016,12.1748666666667,17.0,1016.6,5.0,2.1,21.200000000000003,20.1,8,29,9.0,19.400000000000002,1800,2.57222
2026-07-13 09:00:00,-35.63397,12.1715933333333,17.5,1019.1,6.2,1.8,18.1,13.0,8,50,8.6,21.6,1800,3.1895528
2026-07-13 09:30:00,-35.6369416666667,12.1663133333333,17.5,1018.6,7.4,1.8,23.1,12.0,9,4,10.0,31.900000000000002,1799,3.8068856
2026-07-13 10:00:00,-35.639005,12.158475,17.400000000000002,1017.9000000000001,8.1,2.0,21.900000000000002,12.700000000000001,9,32,10.9,348.70000000000005,1800,4.1669963999999995
2026-07-13 10:30:00,-35.6371166666667,12.148325,17.2,1018.9000000000001,7.800000000000001,2.4000000000000004,9.4,16.7,10,7,10.9,15.700000000000001,1800,4.0126632
2026-07-13 11:00:00,-35.6351216666667,12.1388533333333,17.2,1019.3000000000001,7.800000000000001,2.1,350.6,12.5,10,35,10.5,7.1000000000000005,1800,4.0126632
2026-07-13 11:30:00,-35.6320566666667,12.1283933333333,17.1,1018.5,9.1,2.2,356.20000000000005,11.600000000000001,11,8,12.0,349.1,1800,4.6814404
2026-07-13 12:00:00,-35.6289633333333,12.1168633333333,17.0,1017.6,9.700000000000001,2.1,347.3,12.4,11,57,12.700000000000001,340.6,1799,4.9901068
2026-07-13 12:30:00,-35.625315,12.1039233333333,17.0,1017.2,10.100000000000001,2.5,345.0,13.5,12,26,13.600000000000001,345.3,1800,5.195884400000001
2026-07-13 13:00:00,-35.6215716666667,12.0901983333333,17.1,1017.1,10.600000000000001,2.0,344.6,11.5,12,47,13.600000000000001,0.8,1800,5.453106400000001
2026-07-13 13:30:00,-35.61761,12.0761816666667,17.1,1016.7,10.8,2.4000000000000004,347.3,12.4,13,1,14.5,337.5,1800,5.555995200000001
2026-07-13 14:00:00,-35.6136283333333,12.06178,17.1,1016.0,10.4,2.4000000000000004,347.70000000000005,11.200000000000001,13,32,14.100000000000001,347.8,1799,5.350217600000001
2026-07-13 14:30:00,-35.60941,12.04659,16.900000000000002,1015.0,10.9,1.9000000000000001,343.5,11.5,14,16,14.3,344.40000000000003,1800,5.6074396
2026-07-13 15:00:00,-35.6052166666667,12.0318533333333,16.6,1013.5,11.100000000000001,2.5,331.5,13.100000000000001,14,55,14.4,318.3,1800,5.710328400000001
2026-07-13 15:30:00,-35.6013833333333,12.0183016666667,16.1,1011.2,11.8,2.5,325.20000000000005,11.600000000000001,15,22,14.9,324.70000000000005,1800,6.070439200000001
2026-07-13 16:00:00,-35.59754,12.0042166666667,15.9,1010.0,11.9,2.2,321.8,11.3,15,55,15.9,315.40000000000003,1800,6.1218836
2026-07-13 16:30:00,-35.593875,11.99118,15.8,1009.4000000000001,12.600000000000001,2.8000000000000003,320.20000000000005,11.600000000000001,16,12,16.2,325.1,1800,6.4819944000000005
2026-07-13 17:00:00,-35.5902166666667,11.9779416666667,15.8,1009.2,13.5,2.6,320.1,12.0,16,44,18.0,336.8,1800,6.944994
2026-07-13 17:30:00,-35.58664,11.9648883333333,15.8,1009.2,13.3,2.8000000000000003,323.20000000000005,12.100000000000001,17,17,17.3,348.70000000000005,1799,6.842105200000001
2026-07-13 18:00:00,-35.58363,11.95192,15.9,1009.9000000000001,13.200000000000001,2.6,328.6,11.700000000000001,17,37,16.6,349.40000000000003,1800,6.7906608
2026-07-13 18:30:00,-35.5819466666667,11.9382083333333,15.9,1009.8000000000001,12.9,2.7,331.70000000000005,10.9,18,29,17.900000000000002,326.8,1800,6.6363276
2026-07-13 19:00:00,-35.5803116666667,11.92411,15.9,1010.4000000000001,12.9,3.2,325.1,13.5,18,54,18.3,339.3,1800,6.6363276
2026-07-13 19:30:00,-35.5786166666667,11.9094083333333,16.0,1010.7,13.5,3.8000000000000003,318.6,13.100000000000001,19,20,19.0,338.70000000000005,1800,6.944994
2026-07-13 20:00:00,-35.5769516666667,11.8951283333333,15.9,1010.3000000000001,14.0,4.1000000000000005,317.40000000000003,11.200000000000001,19,57,19.3,311.0,1800,7.202216
2026-07-13 20:30:00,-35.5755433333333,11.882385,15.3,1007.9000000000001,14.700000000000001,3.2,318.3,11.3,20,16,19.400000000000002,323.8,1800,7.562326800000001
2026-07-13 21:00:00,-35.574345,11.87085,15.200000000000001,1007.7,15.8,4.2,321.3,10.3,20,49,21.8,318.20000000000005,1800,8.128215200000001
2026-07-13 21:30:00,-35.5661866666667,11.8631583333333,14.9,1007.7,16.0,4.1000000000000005,335.1,12.100000000000001,21,0,23.5,329.8,1799,8.231104
2026-07-13 22:00:00,-35.5545583333333,11.8620283333333,15.5,1009.7,13.8,2.9000000000000004,338.1,9.9,21,53,17.3,353.20000000000005,1800,7.0993272
2026-07-13 22:30:00,-35.5446683333333,11.8716816666667,15.9,1010.5,12.8,2.6,339.0,9.5,22,0,17.2,317.20000000000005,1800,6.5848832
2026-07-13 23:00:00,-35.5433066666667,11.889795,16.2,1011.7,14.4,3.3000000000000003,316.90000000000003,10.3,22,40,18.6,318.6,1800,7.4079936
2026-07-13 23:30:00,-35.5524333333333,11.90282,16.1,1010.7,14.200000000000001,3.0,303.40000000000003,13.3,23,1,17.8,301.8,1800,7.3051048000000005
2026-07-14 00:00:00,-35.5644383333333,11.904165,15.9,1009.9000000000001,14.5,3.9000000000000004,295.5,11.200000000000001,23,53,20.0,290.3,1800,7.4594380000000005
2026-07-14 00:30:00,-35.5741633333333,11.8958166666667,15.4,1008.3000000000001,15.4,5.7,295.90000000000003,10.200000000000001,0,18,19.900000000000002,301.3,1800,7.9224376
2026-07-14 01:00:00,-35.5772833333333,11.8824016666667,15.3,1008.3000000000001,15.9,5.2,307.70000000000005,10.4,0,32,22.3,312.90000000000003,1800,8.1796596
2026-07-14 01:30:00,-35.5735016666667,11.8695916666667,15.3,1009.0,15.600000000000001,3.5,307.70000000000005,11.0,1,16,19.8,316.0,1800,8.0253264
2026-07-14 02:00:00,-35.56322,11.862195,15.600000000000001,1010.3000000000001,13.100000000000001,2.9000000000000004,318.6,10.3,1,34,17.1,315.6,1799,6.739216400000001
2026-07-14 02:30:00,-35.5499966666667,11.86582,15.8,1011.0,12.8,3.5,316.20000000000005,10.200000000000001,2,11,17.0,314.70000000000005,1800,6.5848832
2026-07-14 03:00:00,-35.5417983333333,11.8822033333333,16.0,1010.9000000000001,12.4,3.0,311.40000000000003,10.3,2,42,16.0,296.1,1800,6.3791056
2026-07-14 03:30:00,-35.5469483333333,11.89794,16.0,1010.4000000000001,11.8,2.4000000000000004,299.0,9.600000000000001,3,5,15.3,295.6,1800,6.070439200000001
2026-07-14 04:00:00,-35.5577383333333,11.90409,16.1,1010.6,11.4,2.5,288.0,10.8,3,53,15.0,275.3,1800,5.864661600000001
2026-07-14 04:30:00,-35.569025,11.90063,16.1,1010.9000000000001,12.100000000000001,2.7,279.40000000000003,10.600000000000001,4,21,15.600000000000001,278.8,1800,6.224772400000001
2026-07-14 05:00:00,-35.57562,11.8902466666667,16.2,1010.8000000000001,12.700000000000001,2.6,274.6,10.9,4,39,15.9,291.2,1800,6.533438800000001
2026-07-14 05:30:00,-35.5759833333333,11.8773633333333,16.2,1011.0,12.9,3.0,282.3,12.600000000000001,5,28,17.3,296.5,1799,6.6363276
2026-07-14 06:00:00,-35.568935,11.86561,16.2,1011.4000000000001,13.700000000000001,2.5,298.7,12.5,5,42,17.0,302.90000000000003,1800,7.047882800000001
2026-07-14 06:30:00,-35.5560216666667,11.86218,16.400000000000002,1012.2,13.9,3.4000000000000004,305.6,8.700000000000001,6,17,18.6,312.0,1800,7.150771600000001
2026-07-14 07:00:00,-35.54386,11.874205,16.5,1012.7,13.8,3.2,295.2,8.9,6,53,18.0,295.2,1800,7.0993272
2026-07-14 07:30:00,-35.5440066666667,11.892265,16.7,1013.0,14.0,3.1,284.3,9.1,7,28,19.0,285.5,1800,7.202216
2026-07-14 08:00:00,-35.5534216666667,11.903595,16.7,1013.5,15.700000000000001,3.8000000000000003,273.5,9.1,7,58,20.8,262.8,1800,8.0767708
2026-07-14 08:30:00,-35.564925,11.9041416666667,16.7,1013.7,15.9,4.3,264.90000000000003,8.0,8,29,20.200000000000003,268.40000000000003,1800,8.1796596
2026-07-14 09:00:00,-35.5729833333333,11.897045,16.7,1013.8000000000001,15.0,3.7,272.1,10.4,8,45,19.200000000000003,289.1,1799,7.71666
2026-07-14 09:30:00,-35.5767983333333,11.8857366666667,16.8,1015.1,15.0,3.5,284.3,11.100000000000001,9,17,18.7,287.40000000000003,1800,7.71666
2026-07-14 10:00:00,-35.57438,11.8712216666667,17.0,1016.8000000000001,15.700000000000001,4.0,303.3,11.9,9,59,20.8,301.8,1800,8.0767708
2026-07-14 10:30:00,-35.5635216666667,11.862245,16.8,1016.2,16.1,3.3000000000000003,313.1,10.600000000000001,10,21,20.3,310.5,1800,8.282548400000001
2026-07-14 11:00:00,-35.5483066666667,11.8672083333333,16.900000000000002,1014.9000000000001,15.700000000000001,4.0,311.70000000000005,13.0,10,45,20.1,295.7,1800,8.0767708
2026-07-14 11:30:00,-35.5424316666667,11.886655,17.2,1015.7,17.0,4.9,293.0,11.700000000000001,11,27,22.700000000000003,281.2,1800,8.745548
2026-07-14 12:00:00,-35.5499183333333,11.9005766666667,16.7,1015.0,15.100000000000001,5.300000000000001,274.2,10.5,11,31,20.200000000000003,269.5,1800,7.768104400000001
2026-07-14 12:30:00,-35.55696,11.9001033333333,17.1,1017.8000000000001,16.3,4.2,279.5,15.3,12,7,21.0,271.2,1800,8.3854372
2026-07-14 13:00:00,-35.5688433333333,11.903405,16.900000000000002,1016.2,16.7,4.5,266.3,9.8,12,48,22.3,269.6,1799,8.5912148
2026-07-14 13:30:00,-35.5760683333333,11.9006483333333,17.0,1016.3000000000001,17.2,4.1000000000000005,275.90000000000003,14.5,13,25,22.200000000000003,294.2,1800,8.8484368
2026-07-14 19:00:00,-35.583395,11.7086783333333,15.200000000000001,1008.3000000000001,17.5,3.7,224.9,14.600000000000001,18,30,21.700000000000003,219.8,1800,9.00277
2026-07-14 19:30:00,-35.578535,11.6924383333333,15.200000000000001,1008.6,16.0,4.4,229.4,15.200000000000001,19,28,21.6,231.4,1800,8.231104
2026-07-14 20:00:00,-35.5622083333333,11.6856916666667,15.0,1006.6,16.5,5.0,235.20000000000002,11.8,19,32,22.900000000000002,241.8,1800,8.488326
2026-07-14 20:30:00,-35.549555,11.699095,14.8,1006.3000000000001,16.900000000000002,5.1000000000000005,229.8,11.4,20,6,22.0,216.3,1800,8.694103600000002
2026-07-14 21:00:00,-35.5499183333333,11.7154683333333,14.9,1006.7,15.4,3.6,217.10000000000002,11.200000000000001,20,32,20.6,225.60000000000002,1799,7.9224376
2026-07-14 21:30:00,-35.5572266666667,11.7252883333333,15.200000000000001,1008.0,13.700000000000001,4.0,206.60000000000002,13.3,21,8,18.8,210.8,1800,7.047882800000001
2026-07-14 22:00:00,-35.5671916666667,11.7275783333333,15.200000000000001,1007.8000000000001,12.700000000000001,4.2,210.8,14.5,21,32,18.2,203.3,1800,6.533438800000001
2026-07-14 22:30:00,-35.5777,11.72169,15.3,1008.6,14.0,4.1000000000000005,208.20000000000002,18.1,22,13,20.1,217.4,1800,7.202216
2026-07-14 23:00:00,-35.583275,11.707165,15.3,1008.5,15.100000000000001,4.0,223.3,17.900000000000002,22,57,20.200000000000003,221.9,1800,7.768104400000001
2026-07-14 23:30:00,-35.5763866666667,11.6904,15.100000000000001,1007.8000000000001,13.100000000000001,5.300000000000001,246.20000000000002,17.400000000000002,23,8,18.2,254.20000000000002,1800,6.739216400000001
2026-07-15 00:00:00,-35.5600933333333,11.6856083333333,15.200000000000001,1008.0,11.700000000000001,4.3,249.0,15.3,23,59,19.0,255.8,1800,6.018994800000001
2026-07-15 00:30:00,-35.5494433333333,11.6997033333333,15.200000000000001,1007.8000000000001,16.7,5.5,225.10000000000002,11.8,0,11,22.6,216.9,1800,8.5912148
2026-07-15 01:00:00,-35.5495966666667,11.7141833333333,15.0,1007.5,15.8,6.7,215.10000000000002,12.200000000000001,0,45,22.200000000000003,199.20000000000002,1799,8.128215200000001
2026-07-15 01:30:00,-35.5561366666667,11.7242466666667,14.9,1007.1,16.900000000000002,9.600000000000001,210.4,12.4,1,0,23.900000000000002,208.10000000000002,1795,8.694103600000002
2026-07-15 02:00:00,-35.566835,11.727675,14.8,1006.5,15.200000000000001,10.8,218.20000000000002,16.6,1,34,22.5,247.20000000000002,1800,7.819548800000001
2026-07-15 02:30:00,-35.57857,11.72091,14.5,1005.3000000000001,15.5,13.4,225.10000000000002,19.200000000000003,2,20,30.3,212.20000000000002,1800,7.973882000000001
2026-07-15 03:00:00,-35.5826116666667,11.70319,14.4,1004.7,15.4,7.7,236.10000000000002,21.700000000000003,2,33,22.5,237.5,1800,7.9224376
2026-07-15 03:30:00,-35.5730183333333,11.6874216666667,14.700000000000001,1006.0,12.200000000000001,4.5,253.8,17.900000000000002,3,28,17.2,247.10000000000002,1800,6.2762168
2026-07-15 04:00:00,-35.55807,11.6873133333333,14.700000000000001,1006.4000000000001,12.0,4.5,252.70000000000002,15.5,3,55,17.2,221.70000000000002,1800,6.173328
2026-07-15 04:30:00,-35.5495616666667,11.6990316666667,14.8,1005.9000000000001,11.4,3.9000000000000004,237.0,13.3,4,1,15.8,245.70000000000002,1800,5.864661600000001
2026-07-15 05:00:00,-35.5490416666667,11.7121666666667,14.700000000000001,1006.1,11.0,5.2,224.9,16.1,4,56,17.0,218.70000000000002,1799,5.6588840000000005
2026-07-15 05:30:00,-35.5549016666667,11.72308,14.600000000000001,1005.7,11.4,6.0,218.60000000000002,17.900000000000002,5,9,16.7,205.20000000000002,1800,5.864661600000001
2026-07-15 06:00:00,-35.5667083333333,11.7276716666667,14.600000000000001,1005.8000000000001,11.8,5.9,214.60000000000002,21.3,5,37,17.900000000000002,250.20000000000002,1800,6.070439200000001
2026-07-15 06:30:00,-35.5795033333333,11.7202783333333,14.5,1005.5,10.9,4.800000000000001,219.3,21.5,6,5,17.0,241.8,1800,5.6074396
2026-07-15 07:00:00,-35.58517,11.7033066666667,14.4,1004.9000000000001,9.1,3.9000000000000004,232.20000000000002,24.0,6,33,13.700000000000001,241.4,1800,4.6814404
2026-07-15 07:30:00,-35.5861966666667,11.6830966666667,14.5,1005.8000000000001,8.5,4.2,246.70000000000002,27.700000000000003,7,12,14.100000000000001,246.8,1800,4.372774
2026-07-15 08:00:00,-35.5873016666667,11.6629366666667,14.700000000000001,1006.8000000000001,6.7,4.0,240.8,33.0,7,47,11.100000000000001,239.9,1800,3.4467748
2026-07-15 08:30:00,-35.5884033333333,11.6432566666667,14.700000000000001,1006.9000000000001,6.1000000000000005,3.5,245.9,32.9,8,4,10.3,236.5,1800,3.1381084
2026-07-15 09:00:00,-35.5894,11.6246433333333,14.8,1008.1,5.9,4.3,264.8,30.200000000000003,8,32,11.200000000000001,168.8,1799,3.0352196000000005
2026-07-15 09:30:00,-35.59033,11.6065083333333,14.8,1008.0,5.800000000000001,3.7,275.2,33.7,9,18,11.100000000000001,298.6,1800,2.9837752000000006
2026-07-15 10:00:00,-35.5913116666667,11.589015,15.200000000000001,1011.2,5.300000000000001,4.2,276.2,36.4,9,37,10.100000000000001,284.7,1800,2.7265532000000006
2026-07-15 10:30:00,-35.5921833333333,11.5708166666667,15.600000000000001,1013.6,5.5,2.6,292.7,34.0,10,17,9.8,309.90000000000003,1800,2.8294420000000002
2026-07-15 11:00:00,-35.5931733333333,11.553465,15.700000000000001,1013.4000000000001,7.1000000000000005,3.1,290.6,30.5,10,47,11.200000000000001,0.30000000000000004,1800,3.6525524000000003
2026-07-15 11:30:00,-35.5941633333333,11.5354266666667,15.600000000000001,1012.2,7.4,3.0,297.40000000000003,27.900000000000002,11,11,11.700000000000001,293.3,1800,3.8068856
2026-07-15 12:00:00,-35.595205,11.516845,15.8,1013.0,7.800000000000001,4.800000000000001,306.3,30.900000000000002,11,31,13.700000000000001,305.5,1800,4.0126632
2026-07-15 12:30:00,-35.5961316666667,11.4972766666667,16.0,1013.7,7.1000000000000005,4.0,315.90000000000003,31.900000000000002,12,16,12.0,317.1,1800,3.6525524000000003
2026-07-15 13:00:00,-35.597315,11.477485,15.600000000000001,1010.6,9.3,3.7,308.1,26.200000000000003,12,54,14.0,305.5,1799,4.7843292
2026-07-15 13:30:00,-35.5982433333333,11.4575633333333,15.5,1010.4000000000001,9.8,3.5,308.6,26.3,13,21,14.700000000000001,306.40000000000003,1800,5.041551200000001
2026-07-15 14:00:00,-35.5992666666667,11.4382783333333,15.200000000000001,1009.0,10.5,3.7,303.2,24.5,13,55,15.100000000000001,291.0,1800,5.401662
2026-07-15 14:30:00,-35.5949733333333,11.4215183333333,15.200000000000001,1008.5,12.5,4.5,316.20000000000005,26.3,14,19,18.2,320.5,1800,6.43055
2026-07-15 15:00:00,-35.5847416666667,11.4145133333333,15.0,1008.1,13.4,8.9,343.90000000000003,23.200000000000003,14,50,21.5,18.7,1800,6.8935496
2026-07-15 15:30:00,-35.5747383333333,11.4154866666667,15.100000000000001,1008.2,13.5,7.0,348.8,16.3,15,13,19.5,324.3,1800,6.944994
2026-07-15 16:00:00,-35.56669,11.423475,15.0,1007.4000000000001,12.700000000000001,9.200000000000001,340.20000000000005,16.5,15,32,19.400000000000002,337.8,1796,6.533438800000001
2026-07-15 16:30:00,-35.5638616666667,11.4367916666667,15.0,1006.6,14.700000000000001,10.0,331.90000000000003,11.5,16,18,22.700000000000003,342.90000000000003,1799,7.562326800000001
2026-07-15 17:00:00,-35.570325,11.451345,14.8,1005.5,13.8,7.5,320.6,14.5,16,53,20.900000000000002,323.20000000000005,1800,7.0993272
2026-07-15 17:30:00,-35.5859083333333,11.4564066666667,14.8,1005.4000000000001,16.1,6.4,313.6,16.2,17,20,21.900000000000002,323.8,1800,8.282548400000001
2026-07-15 18:00:00,-35.5976116666667,11.4423766666667,14.700000000000001,1005.1,17.3,7.6000000000000005,299.90000000000003,15.0,17,36,25.900000000000002,296.0,1800,8.899881200000001
2026-07-15 18:30:00,-35.5968116666667,11.4253316666667,14.9,1006.0,17.900000000000002,13.600000000000001,315.70000000000005,20.5,18,25,25.3,329.70000000000005,1800,9.208547600000001
2026-07-15 19:00:00,-35.587655,11.4149,15.100000000000001,1007.1,18.2,5.5,324.0,18.7,18,48,25.0,320.1,1800,9.3628808
2026-07-15 19:30:00,-35.57524,11.4149633333333,15.5,1009.0,18.8,5.300000000000001,319.90000000000003,12.8,19,8,25.400000000000002,328.40000000000003,1800,9.671547200000001
2026-07-15 20:00:00,-35.5664166666667,11.42454,15.8,1010.2,18.400000000000002,4.6000000000000005,319.90000000000003,8.9,19,59,23.0,316.40000000000003,1800,9.465769600000002
2026-07-15 20:30:00,-35.5644183333333,11.4391633333333,16.0,1010.9000000000001,17.5,6.300000000000001,309.20000000000005,9.4,20,0,24.700000000000003,299.2,1799,9.00277
2026-07-15 21:00:00,-35.5724383333333,11.45333,15.9,1010.5,16.2,4.4,302.6,13.3,20,42,20.700000000000003,298.40000000000003,1800,8.333992799999999
2026-07-15 21:30:00,-35.5879683333333,11.45567,15.5,1008.6,13.8,5.6000000000000005,297.40000000000003,15.5,21,6,20.200000000000003,297.3,1800,7.0993272
2026-07-15 22:00:00,-35.597775,11.441595,15.5,1008.4000000000001,13.4,4.800000000000001,292.6,13.8,21,54,18.1,281.0,1800,6.8935496
2026-07-15 22:30:00,-35.5966516666667,11.424785,15.700000000000001,1009.7,17.2,6.4,303.1,17.1,22,20,22.900000000000002,318.8,1800,8.8484368
2026-07-15 23:00:00,-35.5871383333333,11.4146016666667,15.700000000000001,1009.7,19.8,6.0,310.40000000000003,17.3,22,39,25.3,315.0,1800,10.1859912
2026-07-15 23:30:00,-35.5755566666667,11.41474,15.8,1010.0,20.900000000000002,5.4,317.8,11.100000000000001,23,18,28.200000000000003,323.70000000000005,1800,10.7518796
2026-07-16 00:00:00,-35.5667866666667,11.42334,15.8,1010.4000000000001,20.8,5.6000000000000005,318.40000000000003,9.600000000000001,23,57,28.3,306.3,1800,10.700435200000001
2026-07-16 00:30:00,-35.5641083333333,11.43753,15.8,1009.0,20.3,7.4,315.0,9.5,0,18,26.900000000000002,299.40000000000003,1799,10.4432132
2026-07-16 01:00:00,-35.5710733333333,11.4521283333333,15.8,1009.4000000000001,17.6,8.1,312.3,14.9,0,44,26.0,301.2,1800,9.054214400000001
2026-07-16 01:30:00,-35.5864016666667,11.45642,15.700000000000001,1009.2,15.700000000000001,7.300000000000001,285.6,19.3,1,21,26.6,276.6,1800,8.0767708
2026-07-16 02:00:00,-35.5973,11.4435966666667,15.4,1009.3000000000001,16.2,6.5,293.90000000000003,16.3,1,45,22.8,23.700000000000003,1799,8.333992799999999
2026-07-16 02:30:00,-35.5970483333333,11.4265516666667,15.5,1009.3000000000001,18.6,11.8,311.70000000000005,16.8,2,28,28.200000000000003,303.6,1800,9.5686584
2026-07-16 03:00:00,-35.58848,11.4156266666667,15.600000000000001,1009.6,18.5,8.4,310.6,18.2,2,57,26.6,311.1,1800,9.517214000000001
2026-07-16 03:30:00,-35.57721,11.4144,15.700000000000001,1010.0,17.900000000000002,6.6000000000000005,318.8,17.1,3,7,24.200000000000003,326.90000000000003,1800,9.208547600000001
2026-07-16 04:00:00,-35.5683533333333,11.42127,15.700000000000001,1009.6,15.600000000000001,7.2,312.70000000000005,10.4,3,33,23.0,315.90000000000003,1800,8.0253264
2026-07-16 04:30:00,-35.5640966666667,11.4331016666667,15.700000000000001,1010.0,16.0,4.6000000000000005,310.90000000000003,10.700000000000001,4,20,22.5,312.6,1799,8.231104
2026-07-16 05:00:00,-35.5669633333333,11.44828,15.8,1010.4000000000001,14.700000000000001,5.0,303.6,13.200000000000001,4,40,21.200000000000003,303.6,1800,7.562326800000001
2026-07-16 05:30:00,-35.580565,11.4564766666667,15.9,1011.6,15.8,5.0,288.7,16.900000000000002,5,23,21.6,253.4,1800,8.128215200000001
2026-07-16 06:30:00,-35.59838,11.43132,15.8,1010.6,18.1,5.5,285.40000000000003,16.1,6,4,23.5,310.20000000000005,1800,9.311436400000002
2026-07-16 07:00:00,-35.5909333333333,11.4179533333333,15.700000000000001,1010.8000000000001,17.8,7.6000000000000005,301.1,16.1,6,33,23.3,307.1,1800,9.1571032
2026-07-16 07:30:00,-35.595495,11.40494,16.0,1012.7,16.1,4.6000000000000005,292.3,17.3,7,5,21.5,276.40000000000003,1800,8.282548400000001
2026-07-16 08:00:00,-35.6086433333333,11.39096,16.2,1014.2,16.0,4.1000000000000005,280.5,13.3,7,43,21.900000000000002,271.40000000000003,1799,8.231104
2026-07-16 08:30:00,-35.6219333333333,11.3769816666667,16.5,1015.3000000000001,16.0,4.4,285.3,12.600000000000001,8,13,21.6,290.40000000000003,1800,8.231104
2026-07-16 09:00:00,-35.6349066666667,11.36324,16.7,1016.5,15.4,3.9000000000000004,288.2,12.600000000000001,8,35,19.6,287.1,1800,7.9224376
2026-07-16 09:30:00,-35.6475466666667,11.350095,16.8,1016.1,16.3,4.4,280.5,11.700000000000001,9,18,22.200000000000003,275.8,1799,8.3854372
2026-07-16 10:00:00,-35.6592916666667,11.3377733333333,16.8,1015.6,16.7,4.6000000000000005,274.5,11.100000000000001,9,54,23.5,254.9,1800,8.5912148
2026-07-16 10:30:00,-35.6709566666667,11.3254966666667,16.8,1016.0,15.4,3.7,282.1,11.9,10,6,20.1,276.1,1800,7.9224376
2026-07-16 11:00:00,-35.6829216666667,11.3128116666667,17.0,1018.2,15.3,3.2,281.1,10.5,10,40,20.3,288.1,1800,7.870993200000001
2026-07-16 11:30:00,-35.693795,11.3010666666667,17.1,1018.1,14.700000000000001,3.7,279.90000000000003,12.100000000000001,11,22,20.200000000000003,268.3,1800,7.562326800000001
2026-07-16 12:00:00,-35.7043283333333,11.2901683333333,16.8,1016.0,15.0,5.0,276.7,13.4,11,42,21.0,272.5,1800,7.71666
2026-07-16 12:30:00,-35.7141316666667,11.2797633333333,16.900000000000002,1016.5,14.8,3.3000000000000003,275.5,11.5,12,8,18.900000000000002,263.7,1799,7.6137712
2026-07-16 13:00:00,-35.72352,11.2697783333333,17.1,1017.2,15.0,3.8000000000000003,273.40000000000003,10.100000000000001,12,38,20.200000000000003,287.5,1800,7.71666
2026-07-16 13:30:00,-35.73247,11.2603716666667,17.2,1018.3000000000001,15.3,2.8000000000000003,277.3,10.0,13,7,19.6,283.3,1800,7.870993200000001
2026-07-16 14:00:00,-35.7403366666667,11.2520783333333,17.1,1017.1,15.5,3.4000000000000004,279.5,9.5,13,53,20.0,292.6,1800,7.973882000000001
2026-07-16 14:30:00,-35.747695,11.2449666666667,16.8,1015.1,15.700000000000001,3.2,280.5,9.1,14,8,20.200000000000003,287.3,1800,8.0767708
2026-07-16 15:00:00,-35.7535,11.23832,16.8,1014.8000000000001,15.8,4.3,280.3,8.8,14,55,21.900000000000002,303.8,1800,8.128215200000001
2026-07-16 15:30:00,-35.7558366666667,11.2296033333333,16.7,1014.5,15.8,3.9000000000000004,283.8,9.3,15,29,20.700000000000003,268.40000000000003,1800,8.128215200000001
2026-07-16 16:00:00,-35.7544133333333,11.220075,16.6,1013.7,16.8,3.7,286.6,11.700000000000001,15,39,22.5,282.40000000000003,1800,8.6426592
2026-07-16 16:30:00,-35.7488166666667,11.210445,16.6,1013.2,15.4,2.7,292.6,14.0,16,16,18.900000000000002,292.6,1799,7.9224376
2026-07-16 17:00:00,-35.7369416666667,11.2061766666667,16.5,1013.1,14.200000000000001,3.9000000000000004,303.5,11.3,16,37,19.0,312.8,1800,7.3051048000000005
2026-07-16 17:30:00,-35.7243933333333,11.213755,16.5,1013.1,13.4,3.2,309.5,9.3,17,26,17.6,308.8,1800,6.8935496
2026-07-16 18:00:00,-35.72174,11.2320083333333,16.5,1013.1,13.9,3.3000000000000003,303.2,9.8,17,41,19.0,285.8,1800,7.150771600000001
2026-07-16 18:30:00,-35.7309283333333,11.2463616666667,16.6,1013.6,13.4,2.7,288.1,11.700000000000001,18,19,17.6,267.1,1800,6.8935496
2026-07-16 19:00:00,-35.7440933333333,11.248085,16.7,1013.8000000000001,13.4,2.6,275.40000000000003,10.8,18,41,17.400000000000002,282.1,1800,6.8935496
2026-07-16 19:30:00,-35.7521016666667,11.2409816666667,16.6,1013.8000000000001,14.3,2.7,284.3,8.200000000000001,19,12,18.7,286.90000000000003,1799,7.356549200000001
2026-07-16 20:00:00,-35.7551166666667,11.23213,16.6,1013.7,14.3,3.1,292.7,10.100000000000001,19,37,20.400000000000002,302.7,1799,7.356549200000001
2026-07-16 20:30:00,-35.7586016666667,11.2242883333333,16.6,1013.2,14.200000000000001,3.1,288.6,10.700000000000001,20,2,19.5,285.0,1800,7.3051048000000005
2026-07-16 21:00:00,-35.76312,11.2168816666667,16.6,1013.8000000000001,14.4,3.0,284.8,9.200000000000001,20,36,20.200000000000003,286.90000000000003,1800,7.4079936
2026-07-16 21:30:00,-35.7674066666667,11.2095283333333,16.6,1013.7,13.700000000000001,3.4000000000000004,287.3,9.600000000000001,21,25,18.2,278.90000000000003,1800,7.047882800000001
2026-07-16 22:00:00,-35.7714883333333,11.2024683333333,16.5,1013.2,15.0,3.7,282.2,8.9,21,47,19.5,278.90000000000003,1800,7.71666
2026-07-16 22:30:00,-35.775385,11.1959116666667,16.400000000000002,1012.8000000000001,15.0,3.7,282.7,9.4,22,5,19.3,289.8,1800,7.71666
2026-07-16 23:00:00,-35.7795016666667,11.1888916666667,16.3,1012.5,15.200000000000001,3.5,286.6,9.9,22,49,19.700000000000003,289.3,1800,7.819548800000001
2026-07-16 23:30:00,-35.7839833333333,11.181265,16.2,1012.2,15.200000000000001,4.7,289.7,9.200000000000001,23,18,20.8,286.7,1800,7.819548800000001
2026-07-17 00:00:00,-35.788685,11.1734083333333,15.9,1011.0,15.700000000000001,4.3,288.6,9.600000000000001,23,57,20.6,287.3,1799,8.0767708
2026-07-17 00:30:00,-35.7932483333333,11.1653816666667,15.700000000000001,1010.0,16.2,4.2,289.0,10.0,0,28,21.700000000000003,295.0,1800,8.333992799999999
2026-07-17 01:00:00,-35.7988366666667,11.1560183333333,15.600000000000001,1009.6,16.2,4.2,288.40000000000003,11.600000000000001,0,52,22.400000000000002,286.40000000000003,1796,8.333992799999999
2026-07-17 01:30:00,-35.8051383333333,11.1454883333333,15.3,1009.5,16.6,4.2,291.3,11.700000000000001,1,15,21.0,284.6,1799,8.5397704
2026-07-17 02:00:00,-35.8121816666667,11.1334133333333,15.3,1009.1,17.400000000000002,4.4,296.3,12.3,1,36,22.6,291.5,1800,8.9513256
2026-07-17 02:30:00,-35.82315,11.1281233333333,15.3,1008.7,17.900000000000002,7.800000000000001,293.8,17.2,2,15,29.400000000000002,281.2,1799,9.208547600000001
2026-07-17 03:00:00,-35.8350533333333,11.12041,15.3,1008.7,17.7,5.9,287.3,15.600000000000001,2,30,23.5,298.5,1800,9.1056588
2026-07-17 03:30:00,-35.83765,11.102465,15.200000000000001,1008.5,19.900000000000002,8.700000000000001,309.20000000000005,13.700000000000001,3,29,28.5,327.20000000000005,1800,10.237435600000001
2026-07-17 04:00:00,-35.8292033333333,11.0884866666667,15.200000000000001,1008.6,20.8,7.4,324.5,15.200000000000001,3,33,28.700000000000003,306.5,1799,10.700435200000001
2026-07-17 04:30:00,-35.8164166666667,11.08607,15.600000000000001,1010.0,17.5,5.6000000000000005,326.0,12.200000000000001,4,6,23.0,349.90000000000003,1800,9.00277
2026-07-17 05:00:00,-35.805845,11.0963316666667,15.700000000000001,1010.3000000000001,16.900000000000002,4.6000000000000005,318.90000000000003,11.0,4,38,22.700000000000003,295.1,1800,8.694103600000002
2026-07-17 05:30:00,-35.8046283333333,11.1137283333333,15.9,1011.0,16.0,5.300000000000001,302.5,10.700000000000001,5,1,22.8,289.5,1800,8.231104
2026-07-17 06:00:00,-35.813535,11.126655,15.9,1011.0,16.1,4.800000000000001,282.7,14.3,5,53,22.5,306.3,1800,8.282548400000001
2026-07-17 06:30:00,-35.8250683333333,11.128135,15.4,1008.8000000000001,16.6,9.9,267.90000000000003,16.900000000000002,6,21,27.400000000000002,265.90000000000003,1800,8.5397704
2026-07-17 07:30:00,-35.8408916666667,11.1051333333333,15.200000000000001,1008.6,15.4,6.5,292.6,14.4,7,18,24.5,299.8,1800,7.9224376
2026-07-17 08:00:00,-35.8519566666667,11.0930083333333,15.3,1009.4000000000001,16.0,7.5,294.3,14.8,7,35,23.900000000000002,285.2,1799,8.231104
2026-07-17 08:30:00,-35.8633583333333,11.080525,15.3,1009.7,16.1,5.7,285.40000000000003,13.0,8,9,23.1,281.1,1799,8.282548400000001
2026-07-17 09:00:00,-35.8751866666667,11.0672533333333,15.3,1011.5,15.5,3.7,281.6,11.9,8,31,20.700000000000003,275.2,1800,7.973882000000001
2026-07-17 10:30:00,-35.9119183333333,11.026575,15.9,1012.9000000000001,15.0,3.0,293.0,11.700000000000001,10,3,19.0,300.5,1800,7.71666
2026-07-17 11:00:00,-35.9246233333333,11.01254,16.2,1014.2,15.100000000000001,2.8000000000000003,288.90000000000003,11.3,10,51,18.900000000000002,289.40000000000003,1800,7.768104400000001
2026-07-17 11:30:00,-35.936555,10.9992733333333,16.2,1014.1,15.600000000000001,3.1,289.3,10.3,11,5,19.0,293.8,1799,8.0253264
2026-07-17 12:00:00,-35.947525,10.9871633333333,16.2,1013.9000000000001,15.700000000000001,3.4000000000000004,289.0,10.600000000000001,11,36,20.1,290.7,1800,8.0767708
2026-07-17 12:30:00,-35.9587783333333,10.9755516666667,16.2,1013.6,14.4,2.9000000000000004,285.90000000000003,10.5,12,1,18.1,281.2,1800,7.4079936
2026-07-17 13:00:00,-35.9654833333333,10.9632116666667,16.1,1013.1,15.200000000000001,3.4000000000000004,293.6,14.100000000000001,12,51,20.200000000000003,307.90000000000003,1800,7.819548800000001
2026-07-17 13:30:00,-35.964895,10.9512916666667,15.700000000000001,1011.3000000000001,16.0,3.5,308.70000000000005,12.3,13,3,20.1,320.40000000000003,1800,8.231104
2026-07-17 14:00:00,-35.960005,10.9423716666667,15.200000000000001,1009.2,17.8,4.6000000000000005,308.8,12.600000000000001,13,31,22.900000000000002,318.6,1800,9.1571032
2026-07-17 14:30:00,-35.9519433333333,10.9371466666667,15.3,1010.3000000000001,15.9,3.9000000000000004,312.20000000000005,10.5,14,15,20.3,319.8,1800,8.1796596
2026-07-17 15:00:00,-35.9413733333333,10.938925,15.5,1011.4000000000001,15.100000000000001,3.1,312.70000000000005,10.4,14,57,19.400000000000002,296.6,1800,7.768104400000001
2026-07-17 15:30:00,-35.9325633333333,10.951805,15.8,1011.8000000000001,14.9,3.9000000000000004,305.0,10.9,15,1,19.700000000000003,292.2,1800,7.665215600000001
2026-07-17 16:00:00,-35.9348516666667,10.9718533333333,16.0,1012.0,13.3,4.3,287.40000000000003,12.0,15,50,18.400000000000002,285.3,1799,6.842105200000001
2026-07-17 16:30:00,-35.9500583333333,10.9793133333333,16.0,1011.5,14.3,3.3000000000000003,271.0,13.9,16,29,18.400000000000002,259.7,1800,7.356549200000001
2026-07-17 17:00:00,-35.9628483333333,10.9717283333333,16.0,1011.5,14.200000000000001,3.6,276.2,11.5,16,55,19.1,281.6,1800,7.3051048000000005
2026-07-17 17:30:00,-35.96647,10.9570316666667,16.0,1011.5,14.3,2.8000000000000003,295.40000000000003,13.3,17,29,18.8,321.70000000000005,1800,7.356549200000001
2026-07-17 18:00:00,-35.9622,10.9441666666667,15.9,1010.9000000000001,14.9,3.1,309.90000000000003,12.0,17,48,18.7,313.20000000000005,1800,7.665215600000001
2026-07-17 18:30:00,-35.953055,10.9371983333333,15.9,1010.8000000000001,13.5,3.3000000000000003,313.0,12.9,18,11,17.8,321.40000000000003,1800,6.944994
2026-07-17 19:00:00,-35.9419533333333,10.9384616666667,16.0,1011.6,13.200000000000001,3.1,315.3,9.9,18,31,17.900000000000002,315.3,1800,6.7906608
2026-07-17 19:30:00,-35.9332533333333,10.9492883333333,16.0,1011.5,12.3,3.1,304.90000000000003,9.600000000000001,19,19,16.7,309.40000000000003,1800,6.3276612000000005
2026-07-17 20:00:00,-35.93324,10.967325,15.9,1010.7,12.9,4.2,299.90000000000003,10.9,19,44,18.0,281.90000000000003,1799,6.6363276
2026-07-17 20:30:00,-35.9448266666667,10.97945,15.8,1010.0,14.4,4.2,281.5,12.600000000000001,20,7,20.400000000000002,282.6,1800,7.4079936
2026-07-17 21:00:00,-35.959765,10.974435,15.4,1008.7,15.3,4.2,277.7,14.8,20,48,20.400000000000002,287.2,1800,7.870993200000001
2026-07-17 21:30:00,-35.9664683333333,10.959515,15.100000000000001,1008.2,15.4,5.5,296.5,12.8,21,17,21.900000000000002,301.3,1800,7.9224376
2026-07-17 22:00:00,-35.9633583333333,10.9456566666667,14.9,1007.6,17.0,4.4,309.5,14.700000000000001,21,48,22.5,317.90000000000003,1800,8.745548
2026-07-17 22:30:00,-35.9547833333333,10.9375983333333,14.9,1007.4000000000001,15.600000000000001,4.9,315.8,14.200000000000001,22,25,21.700000000000003,306.6,1800,8.0253264
2026-07-17 23:00:00,-35.943905,10.937125,14.9,1008.0,14.100000000000001,4.5,320.70000000000005,9.700000000000001,22,32,19.5,325.5,1800,7.253660400000001
2026-07-17 23:30:00,-35.9549616666667,10.9250533333333,15.0,1009.1,13.9,4.6000000000000005,292.8,13.100000000000001,23,2,20.5,304.5,1800,7.150771600000001
2026-07-18 00:00:00,-35.9676066666667,10.91179,15.200000000000001,1009.4000000000001,13.8,3.3000000000000003,294.40000000000003,11.5,23,53,18.2,289.8,1799,7.0993272
2026-07-18 00:30:00,-35.98019,10.898465,15.4,1009.1,14.3,3.8000000000000003,289.0,13.100000000000001,0,27,19.400000000000002,283.6,1800,7.356549200000001
2026-07-18 01:00:00,-35.99277,10.8848866666667,15.5,1009.1,13.100000000000001,2.4000000000000004,281.8,12.100000000000001,0,33,16.6,270.0,1800,6.739216400000001
2026-07-18 01:30:00,-36.00497,10.8718616666667,15.700000000000001,1009.7,13.600000000000001,2.3000000000000003,277.3,11.8,1,19,17.3,269.40000000000003,1800,6.996438400000001
2026-07-18 02:00:00,-36.0172933333333,10.8588766666667,15.9,1010.5,13.200000000000001,2.9000000000000004,284.1,11.700000000000001,1,47,16.8,300.6,1800,6.7906608
2026-07-18 02:30:00,-36.02973,10.8457316666667,15.9,1010.4000000000001,12.8,2.8000000000000003,293.6,12.5,2,22,17.5,288.40000000000003,1800,6.5848832
2026-07-18 03:00:00,-36.0418133333333,10.83279,15.9,1010.6,13.4,2.9000000000000004,295.8,11.600000000000001,2,59,17.2,318.40000000000003,1800,6.8935496
2026-07-18 03:30:00,-36.0540616666667,10.8196966666667,16.0,1011.3000000000001,14.200000000000001,2.9000000000000004,300.5,11.4,3,15,18.400000000000002,302.8,1799,7.3051048000000005
2026-07-18 04:00:00,-36.06641,10.8066133333333,16.0,1011.5,14.3,3.4000000000000004,304.8,11.4,3,56,18.1,316.6,1799,7.356549200000001
2026-07-18 04:30:00,-36.0836683333333,10.81357,16.0,1011.7,14.9,3.7,300.7,13.9,4,5,19.1,283.2,1800,7.665215600000001
2026-07-18 05:00:00,-36.0970316666667,10.8037283333333,16.2,1012.3000000000001,15.5,4.2,300.2,14.9,4,54,20.5,335.6,1799,7.973882000000001
2026-07-18 05:30:00,-36.0994983333333,10.7910433333333,16.2,1012.7,17.400000000000002,4.800000000000001,326.1,14.700000000000001,5,25,22.900000000000002,353.40000000000003,1800,8.9513256
2026-07-18 06:00:00,-36.0969816666667,10.7812166666667,16.3,1012.8000000000001,18.0,4.5,333.70000000000005,11.9,5,36,22.5,338.5,1800,9.259992
2026-07-18 06:30:00,-36.0915633333333,10.7753766666667,16.1,1012.1,18.7,5.800000000000001,337.90000000000003,12.3,6,27,24.900000000000002,343.70000000000005,1800,9.6201028
2026-07-18 07:00:00,-36.0856383333333,10.771475,16.0,1011.1,17.2,5.0,336.3,13.0,6,31,23.0,323.90000000000003,1800,8.8484368
2026-07-18 07:30:00,-36.0781416666667,10.771245,16.0,1012.1,18.1,5.5,332.1,12.9,7,3,23.1,325.1,1799,9.311436400000002
2026-07-18 08:00:00,-36.069685,10.777115,15.9,1012.5,17.3,5.7,334.70000000000005,10.600000000000001,7,53,22.6,306.6,1800,8.899881200000001
2026-07-18 08:30:00,-36.06408,10.7931433333333,15.8,1012.6,16.5,4.6000000000000005,322.5,14.200000000000001,8,8,20.900000000000002,305.5,1800,8.488326
2026-07-18 09:30:00,-36.09176,10.8097533333333,16.400000000000002,1016.8000000000001,17.0,4.7,292.0,13.600000000000001,9,21,22.8,236.5,1800,8.745548
2026-07-18 10:00:00,-36.0986266666667,10.7970383333333,16.1,1016.4000000000001,18.8,5.300000000000001,304.7,16.7,9,58,25.8,313.3,1800,9.671547200000001
2026-07-18 10:30:00,-36.0980416666667,10.785585,16.5,1016.4000000000001,19.0,5.1000000000000005,319.6,15.200000000000001,10,6,23.5,329.70000000000005,1800,9.774436
2026-07-18 11:30:00,-36.08573,10.7712366666667,16.1,1014.8000000000001,18.0,5.1000000000000005,330.70000000000005,11.5,11,12,23.3,327.1,1799,9.259992
2026-07-18 16:30:00,-36.1690733333333,10.714385,14.600000000000001,1006.1,19.700000000000003,4.9,221.20000000000002,14.600000000000001,16,7,24.8,232.3,1800,10.134546800000003
2026-07-18 17:00:00,-36.1703366666667,10.6996566666667,14.5,1005.9000000000001,19.3,7.800000000000001,231.60000000000002,14.8,16,48,26.700000000000003,243.20000000000002,1800,9.928769200000001
2026-07-18 17:30:00,-36.1634683333333,10.6872166666667,14.200000000000001,1005.1,19.400000000000002,6.800000000000001,243.3,15.100000000000001,17,23,25.400000000000002,240.0,1800,9.9802136
2026-07-18 18:00:00,-36.1503366666667,10.6834883333333,13.9,1004.7,20.3,8.1,243.4,13.0,17,33,26.900000000000002,214.70000000000002,1800,10.4432132
2026-07-18 18:30:00,-36.13821,10.6951116666667,13.8,1004.9000000000001,18.8,6.4,232.10000000000002,15.4,18,29,25.400000000000002,220.20000000000002,1800,9.671547200000001
2026-07-18 19:00:00,-36.13843,10.7150833333333,14.0,1003.8000000000001,19.5,7.9,209.20000000000002,16.1,18,54,28.1,220.0,1800,10.031658
2026-07-18 19:30:00,-36.150315,10.725855,14.200000000000001,1004.1,19.700000000000003,8.700000000000001,203.60000000000002,15.700000000000001,19,4,26.900000000000002,191.60000000000002,1799,10.134546800000003
2026-07-18 20:00:00,-36.164665,10.7208466666667,14.0,1003.4000000000001,18.7,5.2,198.9,17.8,19,38,24.200000000000003,217.70000000000002,1800,9.6201028
2026-07-18 20:30:00,-36.1716133333333,10.7043233333333,13.3,1001.8000000000001,19.0,8.5,209.20000000000002,18.0,20,9,27.3,226.5,1800,9.774436
2026-07-18 21:00:00,-36.1641383333333,10.6878783333333,13.3,1001.7,18.400000000000002,8.5,229.4,17.5,20,57,25.700000000000003,247.0,1800,9.465769600000002
2026-07-18 21:30:00,-36.1502733333333,10.6834316666667,12.700000000000001,1000.3000000000001,17.5,8.3,241.70000000000002,12.9,21,5,25.1,239.9,1800,9.00277
2026-07-18 22:00:00,-36.1387033333333,10.6928533333333,13.4,1001.8000000000001,17.0,6.4,223.60000000000002,12.700000000000001,21,51,23.6,243.0,1800,8.745548
2026-07-18 22:30:00,-36.1368483333333,10.7093233333333,13.4,1001.3000000000001,17.400000000000002,8.1,215.9,16.3,22,28,26.700000000000003,205.20000000000002,1800,8.9513256
2026-07-18 23:00:00,-36.1448883333333,10.7229,13.200000000000001,1000.3000000000001,17.7,9.4,206.5,17.0,22,50,26.1,192.20000000000002,1800,9.1056588
2026-07-18 23:30:00,-36.1605566666667,10.7245616666667,13.0,999.4000000000001,17.400000000000002,7.9,204.70000000000002,21.8,23,7,28.0,259.3,1799,8.9513256
2026-07-19 00:00:00,-36.1708866666667,10.7073633333333,11.5,996.7,18.7,10.3,209.10000000000002,21.900000000000002,23,37,29.3,212.3,1800,9.6201028
2026-07-19 00:30:00,-36.1655366666667,10.688955,11.3,995.8000000000001,19.6,13.4,230.10000000000002,21.200000000000003,0,7,29.8,244.3,1800,10.083102400000001
2026-07-19 01:00:00,-36.1536466666667,10.6833033333333,11.5,996.9000000000001,16.1,7.7,229.70000000000002,15.9,0,30,24.8,182.0,1800,8.282548400000001
2026-07-19 01:30:00,-36.1419733333333,10.688925,12.100000000000001,997.8000000000001,16.2,7.7,228.3,12.700000000000001,1,6,22.6,228.9,1800,8.333992799999999
2026-07-19 02:00:00,-36.1357683333333,10.7048583333333,12.5,997.7,16.0,7.9,217.10000000000002,15.600000000000001,1,34,23.3,209.20000000000002,1800,8.231104
2026-07-19 02:30:00,-36.1439983333333,10.722085,12.5,997.1,16.900000000000002,9.200000000000001,199.8,18.2,2,29,24.3,221.3,1800,8.694103600000002
2026-07-19 03:00:00,-36.16062,10.72446,12.200000000000001,997.5,18.3,16.1,196.3,23.900000000000002,2,52,33.9,191.70000000000002,1800,9.4143252
2026-07-19 03:30:00,-36.1705783333333,10.7085916666667,11.5,996.3000000000001,17.8,6.9,200.60000000000002,19.5,3,3,26.1,210.4,1799,9.1571032
2026-07-19 04:00:00,-36.16835,10.6918366666667,11.700000000000001,996.2,18.400000000000002,20.6,223.9,19.700000000000003,3,44,45.800000000000004,242.70000000000002,1800,9.465769600000002
2026-07-19 04:30:00,-36.15792,10.68344,12.200000000000001,996.5,15.9,11.3,223.9,17.3,4,12,24.5,205.4,1800,8.1796596
2026-07-19 10:30:00,-36.234675,10.6336783333333,12.9,1001.4000000000001,8.700000000000001,3.3000000000000003,190.20000000000002,20.6,10,20,13.3,197.5,1031,4.4756628
2026-07-19 11:00:00,-36.250495,10.6205266666667,13.3,1004.7,8.700000000000001,3.4000000000000004,197.60000000000002,19.700000000000003,10,49,13.100000000000001,172.5,1800,4.4756628
2026-07-19 11:30:00,-36.2670666666667,10.606765,13.4,1004.5,8.3,5.9,198.8,21.700000000000003,11,12,14.0,180.3,1800,4.2698852
2026-07-19 12:00:00,-36.28378,10.592665,13.3,1004.3000000000001,7.2,3.5,223.9,24.200000000000003,11,48,12.100000000000001,241.10000000000002,1800,3.7039968
2026-07-19 12:30:00,-36.3010633333333,10.5855216666667,13.3,1004.4000000000001,7.800000000000001,3.8000000000000003,209.9,23.200000000000003,12,25,12.4,209.70000000000002,1800,4.0126632
2026-07-19 13:00:00,-36.3130283333333,10.5986133333333,13.200000000000001,1004.6,7.6000000000000005,5.800000000000001,238.3,22.200000000000003,12,58,14.600000000000001,214.10000000000002,1800,3.9097744000000003
2026-07-19 13:30:00,-36.313255,10.6143916666667,13.8,1005.2,8.8,4.5,249.9,18.3,13,25,13.4,231.0,1800,4.5271072000000006
2026-07-19 14:00:00,-36.3058766666667,10.6252,14.0,1004.4000000000001,9.1,4.9,253.0,17.3,13,54,14.0,259.6,1799,4.6814404
2026-07-19 14:30:00,-36.2958033333333,10.628085,14.0,1003.1,10.0,5.1000000000000005,259.5,14.8,14,16,16.5,254.4,1800,5.14444
2026-07-19 15:00:00,-36.2859466666667,10.6230266666667,13.3,1000.6,10.5,5.6000000000000005,264.5,13.200000000000001,14,53,16.5,248.8,1800,5.401662
2026-07-19 15:30:00,-36.2800466666667,10.6097416666667,13.100000000000001,999.3000000000001,9.700000000000001,4.1000000000000005,262.1,18.3,15,7,16.3,286.8,1800,4.9901068
2026-07-19 16:00:00,-36.2834066666667,10.593045,12.8,998.3000000000001,10.5,4.5,251.70000000000002,23.6,15,57,15.5,218.9,1800,5.401662
2026-07-19 16:30:00,-36.2997533333333,10.5856966666667,12.3,997.1,10.3,4.1000000000000005,229.8,18.0,16,8,15.200000000000001,249.60000000000002,1800,5.2987732
2026-07-19 17:00:00,-36.313015,10.598485,12.3,997.2,11.100000000000001,4.800000000000001,236.70000000000002,18.7,16,42,17.7,252.5,1800,5.710328400000001
2026-07-19 17:30:00,-36.31315,10.6146316666667,12.3,996.8000000000001,10.0,4.2,263.3,16.1,17,8,15.0,274.5,1800,5.14444
2026-07-19 18:00:00,-36.3060483333333,10.6250133333333,12.200000000000001,995.9000000000001,8.6,3.2,266.5,18.0,17,44,14.5,263.7,1799,4.4242184
2026-07-19 18:30:00,-36.2966566666667,10.62802,12.100000000000001,995.8000000000001,9.1,8.9,275.6,20.5,18,22,15.8,308.0,1800,4.6814404
2026-07-19 19:00:00,-36.2877166666667,10.6245366666667,12.0,995.5,7.7,3.9000000000000004,293.90000000000003,20.700000000000003,18,38,13.5,310.3,1800,3.9612188
2026-07-19 19:30:00,-36.28156,10.6157133333333,12.100000000000001,996.4000000000001,7.800000000000001,5.7,291.0,21.700000000000003,19,23,14.700000000000001,281.5,1800,4.0126632
2026-07-19 20:00:00,-36.2807183333333,10.6013083333333,12.100000000000001,996.1,8.5,6.800000000000001,294.0,21.900000000000002,19,42,14.600000000000001,264.7,1800,4.372774
2026-07-19 20:30:00,-36.29029,10.5869466666667,12.200000000000001,996.8000000000001,9.200000000000001,5.800000000000001,264.2,20.900000000000002,20,22,16.8,264.40000000000003,1800,4.732884800000001
2026-07-19 21:00:00,-36.3073733333333,10.5898433333333,12.3,997.2,10.8,9.4,270.6,19.8,20,36,19.400000000000002,280.1,1800,5.555995200000001
2026-07-19 21:30:00,-36.3147833333333,10.6053483333333,12.5,997.5,11.5,5.7,276.0,16.2,21,22,17.5,272.0,1800,5.916106
2026-07-19 22:00:00,-36.3120016666667,10.6188916666667,12.700000000000001,998.1,11.100000000000001,5.7,277.7,14.8,21,34,18.2,300.3,1799,5.710328400000001
2026-07-19 22:30:00,-36.30434,10.6266633333333,12.8,998.5,13.4,7.4,290.6,15.700000000000001,22,26,21.5,324.90000000000003,1800,6.8935496
2026-07-19 23:00:00,-36.2957983333333,10.6280816666667,12.700000000000001,998.3000000000001,12.5,6.6000000000000005,309.1,10.5,22,36,20.400000000000002,302.40000000000003,1800,6.43055
2026-07-19 23:30:00,-36.2877216666667,10.6245633333333,12.700000000000001,998.4000000000001,11.9,5.4,315.40000000000003,13.0,23,0,18.0,292.90000000000003,1800,6.1218836
2026-07-20 00:00:00,-36.281715,10.6162033333333,12.700000000000001,998.3000000000001,11.9,5.800000000000001,306.6,15.700000000000001,23,59,20.5,312.5,1800,6.1218836
2026-07-20 00:30:00,-36.2802416666667,10.60251,12.700000000000001,998.3000000000001,14.200000000000001,10.3,300.6,21.3,0,24,23.6,285.1,1800,7.3051048000000005
2026-07-20 01:00:00,-36.28988,10.5871666666667,12.3,997.4000000000001,15.3,7.9,270.3,16.900000000000002,0,34,24.1,287.6,1800,7.870993200000001
2026-07-20 01:30:00,-36.3077116666667,10.590055,12.5,997.7,15.3,9.4,276.0,16.400000000000002,1,17,25.1,328.0,1800,7.870993200000001
2026-07-20 02:00:00,-36.3151516666667,10.6069616666667,12.8,998.5,16.1,6.2,271.40000000000003,13.200000000000001,1,51,22.3,286.0,1799,8.282548400000001
2026-07-20 02:30:00,-36.3108416666667,10.6206966666667,12.8,998.5,14.4,6.5,286.5,12.9,2,16,22.5,294.2,1800,7.4079936
2026-07-20 03:00:00,-36.3025516666667,10.627995,12.8,998.4000000000001,15.9,8.700000000000001,296.40000000000003,12.200000000000001,2,35,23.0,314.1,1800,8.1796596
2026-07-20 03:30:00,-36.2942383333333,10.6280466666667,12.600000000000001,998.4000000000001,14.0,6.1000000000000005,304.3,12.8,3,25,21.1,289.5,1800,7.202216
2026-07-20 04:00:00,-36.2884633333333,10.6251716666667,12.8,998.4000000000001,14.100000000000001,6.0,303.90000000000003,13.200000000000001,3,32,20.8,281.1,1800,7.253660400000001
2026-07-20 04:30:00,-36.2826133333333,10.61985,12.9,998.2,15.100000000000001,7.6000000000000005,291.40000000000003,11.9,4,25,23.0,300.3,1800,7.768104400000001
2026-07-20 05:00:00,-36.2797983333333,10.6092033333333,12.8,998.7,14.9,7.4,289.8,18.400000000000002,4,55,21.900000000000002,297.40000000000003,1800,7.665215600000001
2026-07-20 05:30:00,-36.2821516666667,10.595515,12.600000000000001,999.2,18.900000000000002,7.5,281.2,15.5,5,12,27.200000000000003,295.90000000000003,1800,9.722991600000002
2026-07-20 06:00:00,-36.2961583333333,10.58603,13.200000000000001,1000.3000000000001,16.6,6.6000000000000005,264.6,15.100000000000001,5,39,24.1,259.1,1799,8.5397704
2026-07-20 06:30:00,-36.3127,10.5975433333333,13.700000000000001,1002.3000000000001,16.0,7.1000000000000005,264.40000000000003,17.7,6,0,22.700000000000003,266.1,1800,8.231104
2026-07-20 07:00:00,-36.3122816666667,10.6178433333333,13.8,1002.8000000000001,17.0,9.8,284.90000000000003,15.0,6,59,25.5,293.6,1800,8.745548
2026-07-20 07:30:00,-36.3028783333333,10.627915,13.700000000000001,1002.2,17.7,8.6,292.6,9.8,7,24,25.700000000000003,282.5,1800,9.1056588
2026-07-20 08:00:00,-36.292825,10.6282,14.0,1003.7,17.6,6.800000000000001,293.90000000000003,11.600000000000001,7,34,25.1,293.40000000000003,1800,9.054214400000001
2026-07-20 08:30:00,-36.285365,10.6225383333333,13.5,1003.3000000000001,16.8,6.6000000000000005,298.1,13.100000000000001,8,17,23.400000000000002,298.7,1800,8.6426592
2026-07-20 21:30:00,-36.6559916666667,10.2409283333333,14.700000000000001,1006.4000000000001,16.1,6.4,289.1,16.5,21,28,23.6,301.1,1800,8.282548400000001
2026-07-20 22:00:00,-36.6682416666667,10.219785,14.100000000000001,1005.1,16.6,5.9,298.40000000000003,29.3,21,32,22.700000000000003,320.40000000000003,1799,8.5397704
2026-07-20 22:30:00,-36.66615,10.210905,13.700000000000001,1003.4000000000001,16.5,8.5,322.20000000000005,28.200000000000003,22,14,23.400000000000002,340.8,1800,8.488326
2026-07-20 23:00:00,-36.6636666666667,10.2057716666667,13.9,1003.4000000000001,13.700000000000001,7.300000000000001,322.0,24.5,22,51,20.400000000000002,310.0,1800,7.047882800000001
2026-07-20 23:30:00,-36.661205,10.2033733333333,14.600000000000001,1006.3000000000001,14.200000000000001,5.800000000000001,312.90000000000003,20.1,23,29,21.0,299.0,1800,7.3051048000000005
2026-07-21 00:00:00,-36.65914,10.2016516666667,14.3,1004.7,16.3,8.0,296.8,19.5,23,33,23.700000000000003,324.20000000000005,1800,8.3854372
2026-07-21 00:30:00,-36.6575133333333,10.2000533333333,14.5,1005.7,17.1,6.2,306.3,20.400000000000002,0,17,23.400000000000002,302.90000000000003,1800,8.7969924
2026-07-21 01:00:00,-36.6569183333333,10.19959,14.3,1005.3000000000001,15.100000000000001,5.5,318.70000000000005,22.5,0,59,21.8,331.20000000000005,1800,7.768104400000001
2026-07-21 12:30:00,-36.7292866666667,10.084675,16.0,1014.0,13.3,5.0,294.40000000000003,26.1,12,2,17.5,305.5,1799,6.842105200000001
2026-07-21 13:00:00,-36.7538866666667,10.0578516666667,16.0,1014.0,12.700000000000001,3.6,300.90000000000003,16.900000000000002,12,39,16.900000000000002,315.1,1800,6.533438800000001
2026-07-21 13:30:00,-36.7741183333333,10.0357766666667,15.700000000000001,1012.9000000000001,12.200000000000001,3.6,296.6,17.6,13,12,16.3,303.7,1800,6.2762168
2026-07-21 14:00:00,-36.79289,10.015405,15.9,1013.0,12.8,3.8000000000000003,299.90000000000003,17.1,13,48,17.3,278.40000000000003,1800,6.5848832
2026-07-21 14:30:00,-36.8096783333333,9.99714,15.8,1012.1,13.700000000000001,3.9000000000000004,306.2,17.400000000000002,14,13,18.1,290.3,1800,7.047882800000001
2026-07-21 15:00:00,-36.8250833333333,9.98037666666667,15.700000000000001,1011.5,13.700000000000001,3.2,311.90000000000003,16.900000000000002,14,41,17.3,324.0,1800,7.047882800000001
2026-07-21 15:30:00,-36.8400033333333,9.96398833333333,15.4,1009.8000000000001,13.3,3.1,313.90000000000003,15.700000000000001,15,8,16.900000000000002,322.5,1800,6.842105200000001
2026-07-21 16:00:00,-36.8545683333333,9.94820166666667,15.4,1009.5,14.8,4.1000000000000005,299.1,16.3,15,48,19.3,314.6,1800,7.6137712
2026-07-21 16:30:00,-36.86905,9.93218333333333,15.100000000000001,1008.0,15.0,4.5,301.8,15.700000000000001,16,4,20.6,296.8,1799,7.71666
2026-07-21 17:00:00,-36.88411,9.91599666666667,15.0,1007.1,15.0,4.3,302.8,15.100000000000001,16,49,20.0,285.2,1800,7.71666
2026-07-21 17:30:00,-36.898635,9.899975,14.700000000000001,1006.5,15.3,4.7,307.40000000000003,15.3,17,8,20.6,275.7,1800,7.870993200000001
2026-07-21 18:00:00,-36.9131533333333,9.88417333333333,14.700000000000001,1006.8000000000001,15.0,3.9000000000000004,311.40000000000003,13.200000000000001,17,56,19.200000000000003,332.8,1800,7.71666
2026-07-21 18:30:00,-36.93176,9.88883333333333,14.8,1006.9000000000001,15.3,4.1000000000000005,311.90000000000003,16.400000000000002,18,19,20.0,291.1,1800,7.870993200000001
2026-07-21 19:00:00,-36.94658,9.87608166666667,14.8,1007.2,15.700000000000001,4.5,308.40000000000003,18.1,18,38,20.900000000000002,330.3,1800,8.0767708
2026-07-21 19:30:00,-36.9472083333333,9.86093666666667,14.600000000000001,1007.2,17.1,4.800000000000001,324.40000000000003,20.8,19,25,23.400000000000002,338.20000000000005,1800,8.7969924
2026-07-21 20:00:00,-36.9424616666667,9.85151,14.5,1007.0,17.2,4.3,328.8,19.5,19,30,22.6,334.8,1800,8.8484368
2026-07-21 20:30:00,-36.9354716666667,9.84613166666667,14.700000000000001,1007.5,16.7,4.4,330.8,15.600000000000001,20,12,21.200000000000003,329.1,1799,8.5912148
2026-07-21 21:00:00,-36.9265833333333,9.84614,14.5,1007.2,17.900000000000002,5.5,329.5,14.600000000000001,20,35,22.8,329.1,1800,9.208547600000001
2026-07-21 21:30:00,-36.918085,9.85226666666667,14.700000000000001,1007.1,16.900000000000002,6.0,336.70000000000005,13.100000000000001,21,24,23.5,342.20000000000005,1800,8.694103600000002
2026-07-21 22:00:00,-36.91344,9.86542833333333,14.4,1006.3000000000001,19.700000000000003,6.6000000000000005,340.70000000000005,15.4,21,47,25.6,328.8,1800,10.134546800000003
2026-07-21 22:30:00,-36.9207983333333,9.88465166666667,14.700000000000001,1007.7,19.200000000000003,7.0,327.8,16.5,22,7,24.900000000000002,319.3,1800,9.877324800000002
2026-07-21 23:00:00,-36.9412066666667,9.88456166666667,15.100000000000001,1008.3000000000001,18.1,5.7,307.70000000000005,17.6,22,51,23.5,289.40000000000003,1800,9.311436400000002
2026-07-21 23:30:00,-36.948745,9.86687166666667,15.0,1008.5,18.2,5.6000000000000005,312.1,20.700000000000003,23,4,24.1,335.6,1800,9.3628808
2026-07-22 00:00:00,-36.9445233333333,9.853485,14.600000000000001,1007.1,18.5,5.9,329.90000000000003,21.3,23,58,25.0,340.70000000000005,1800,9.517214000000001
2026-07-22 00:30:00,-36.9367216666667,9.846435,14.5,1006.4000000000001,21.200000000000003,6.9,334.0,18.7,0,12,27.700000000000003,325.20000000000005,1799,10.906212800000002
2026-07-22 01:00:00,-36.9288033333333,9.84596666666667,14.600000000000001,1007.5,20.200000000000003,7.1000000000000005,328.3,15.700000000000001,0,56,27.3,192.4,1800,10.391768800000001
2026-07-22 01:30:00,-36.9217,9.84956,14.5,1006.6,20.200000000000003,8.3,323.40000000000003,17.6,1,23,27.200000000000003,321.3,1800,10.391768800000001
2026-07-22 02:00:00,-36.916015,9.85616166666667,14.4,1005.9000000000001,21.200000000000003,10.200000000000001,322.1,16.5,1,52,27.8,317.20000000000005,1800,10.906212800000002
2026-07-22 02:30:00,-36.9135983333333,9.870025,14.5,1006.0,20.700000000000003,9.1,320.0,16.900000000000002,2,13,29.3,309.6,1800,10.648990800000002
2026-07-22 03:00:00,-36.9247316666667,9.888215,14.600000000000001,1007.2,20.5,9.600000000000001,310.0,19.8,2,50,29.6,298.5,1800,10.546102
2026-07-22 03:30:00,-36.9459833333333,9.87890833333333,14.700000000000001,1007.2,20.200000000000003,8.6,289.2,19.5,3,17,27.700000000000003,299.8,1800,10.391768800000001
2026-07-22 04:00:00,-36.94759,9.86232333333333,14.5,1006.7,20.400000000000002,7.6000000000000005,302.7,27.6,3,41,29.400000000000002,305.90000000000003,1800,10.494657600000002
2026-07-22 04:30:00,-36.9433683333333,9.85234,14.600000000000001,1006.7,19.200000000000003,6.9,311.8,23.3,4,22,25.700000000000003,209.0,1799,9.877324800000002
2026-07-22 05:00:00,-36.9368383333333,9.84647166666667,14.600000000000001,1007.3000000000001,17.5,6.2,311.1,19.200000000000003,4,34,23.200000000000003,300.6,1800,9.00277
2026-07-22 05:30:00,-36.9294483333333,9.846125,14.700000000000001,1008.1,19.1,7.800000000000001,310.5,14.8,5,26,26.200000000000003,297.40000000000003,1800,9.8258804
2026-07-22 06:00:00,-36.921565,9.84957833333333,14.700000000000001,1008.4000000000001,19.200000000000003,9.600000000000001,306.3,14.600000000000001,5,36,28.0,303.8,1800,9.877324800000002
2026-07-22 06:30:00,-36.9151666666667,9.85867,14.8,1008.8000000000001,18.0,9.600000000000001,303.3,13.5,6,29,28.3,299.7,1800,9.259992
2026-07-22 07:00:00,-36.9154983333333,9.877105,14.5,1006.0,19.8,10.5,283.8,16.3,6,36,27.3,341.6,1800,10.1859912
2026-07-22 07:30:00,-36.9340366666667,9.88873666666667,14.5,1007.1,19.700000000000003,10.8,265.5,21.400000000000002,7,16,30.200000000000003,244.70000000000002,1800,10.134546800000003
2026-07-22 08:00:00,-36.947395,9.873205,14.5,1007.0,22.700000000000003,14.3,255.5,22.3,7,46,31.0,179.60000000000002,1799,11.677878800000002
2026-07-22 08:30:00,-36.9462083333333,9.85748666666667,13.9,1005.2,21.3,8.700000000000001,271.8,22.0,8,0,28.5,287.3,1800,10.9576572
2026-07-22 09:00:00,-36.93833,9.84788833333333,13.9,1004.8000000000001,20.400000000000002,9.700000000000001,273.0,18.900000000000002,8,45,30.5,275.3,1800,10.494657600000002
2026-07-22 09:30:00,-36.9274983333333,9.84541833333333,13.600000000000001,1004.2,21.8,8.9,265.40000000000003,13.4,9,5,29.700000000000003,268.3,1800,11.2148792
2026-07-22 10:00:00,-36.9399483333333,9.84428833333333,13.700000000000001,1006.5,18.5,5.2,232.60000000000002,23.6,9,30,23.5,228.4,1800,9.517214000000001
2026-07-22 16:30:00,-37.2037033333333,9.76523666666667,11.5,997.1,14.8,5.0,193.9,24.900000000000002,16,19,20.8,169.4,1800,7.6137712
2026-07-22 17:00:00,-37.219005,9.77154833333333,12.3,998.3000000000001,12.4,4.0,202.0,23.900000000000002,16,40,17.1,200.70000000000002,1800,6.3791056
2026-07-22 17:30:00,-37.224065,9.79112333333333,12.8,1000.1,13.700000000000001,5.4,206.3,18.0,17,12,19.5,217.8,1800,7.047882800000001
2026-07-22 18:00:00,-37.2359866666667,9.806855,12.8,999.9000000000001,15.100000000000001,6.6000000000000005,215.10000000000002,20.3,17,49,21.8,241.4,1800,7.768104400000001
2026-07-22 18:30:00,-37.2591416666667,9.79825833333333,11.5,996.0,15.4,10.200000000000001,197.60000000000002,20.6,18,6,22.900000000000002,181.20000000000002,1800,7.9224376
2026-07-22 19:00:00,-37.282285,9.78968833333333,12.0,995.8000000000001,13.200000000000001,4.0,180.10000000000002,23.200000000000003,18,40,18.2,184.60000000000002,1800,6.7906608
2026-07-22 19:30:00,-37.3055016666667,9.780995,12.200000000000001,997.4000000000001,12.0,5.0,181.9,23.200000000000003,19,19,17.8,204.20000000000002,1800,6.173328
2026-07-22 20:00:00,-37.328125,9.77257,12.200000000000001,997.5,13.0,4.6000000000000005,183.60000000000002,19.8,19,49,18.2,206.20000000000002,1799,6.687772
2026-07-22 20:30:00,-37.34897,9.76147166666667,12.3,997.2,11.100000000000001,5.1000000000000005,189.0,21.3,20,3,17.1,218.10000000000002,1800,5.710328400000001
2026-07-22 21:00:00,-37.3707783333333,9.76546833333333,11.3,996.9000000000001,12.700000000000001,8.4,194.4,28.900000000000002,20,50,21.400000000000002,192.8,1800,6.533438800000001
2026-07-22 21:30:00,-37.3746183333333,9.783885,12.0,997.7,11.3,5.1000000000000005,199.0,20.0,21,6,16.6,195.5,1800,5.8132172
2026-07-22 22:00:00,-37.3709866666667,9.794635,12.200000000000001,998.2,10.5,3.9000000000000004,213.0,14.700000000000001,21,31,16.3,213.70000000000002,1800,5.401662
2026-07-22 22:30:00,-37.3654766666667,9.799555,12.4,998.4000000000001,9.5,3.8000000000000003,224.8,13.3,22,17,14.700000000000001,257.0,1800,4.887218
2026-07-22 23:00:00,-37.3602933333333,9.8016,12.5,998.5,9.200000000000001,4.0,225.0,16.6,22,33,14.9,215.4,1800,4.732884800000001
2026-07-22 23:30:00,-37.3566533333333,9.80156166666667,12.4,998.0,9.8,4.6000000000000005,213.9,18.3,23,4,15.9,212.70000000000002,1800,5.041551200000001
2026-07-23 00:00:00,-37.3522,9.80169666666667,12.200000000000001,997.3000000000001,10.700000000000001,4.6000000000000005,202.60000000000002,13.8,23,43,16.1,204.9,1799,5.5045508000000005
2026-07-23 00:30:00,-37.3474166666667,9.797245,12.100000000000001,996.5,10.700000000000001,4.2,197.8,15.200000000000001,0,17,15.5,189.4,1800,5.5045508000000005
2026-07-23 01:00:00,-37.3430633333333,9.79317833333333,12.100000000000001,996.2,9.8,3.5,204.4,18.5,0,56,14.8,183.8,1800,5.041551200000001
2026-07-23 01:30:00,-37.3401266666667,9.78165,12.0,995.7,8.9,5.300000000000001,205.3,22.5,1,5,14.3,111.9,1800,4.5785516
2026-07-23 02:00:00,-37.34508,9.76508333333333,11.8,995.2,7.4,5.800000000000001,197.4,28.400000000000002,1,31,13.9,226.10000000000002,1800,3.8068856
2026-07-23 02:30:00,-37.364615,9.75997833333333,10.9,994.4000000000001,5.800000000000001,3.6,200.0,33.5,2,10,10.600000000000001,242.9,1800,2.9837752000000006
2026-07-23 03:00:00,-37.3749816666667,9.77687333333333,11.200000000000001,994.5,5.800000000000001,4.3,221.8,28.900000000000002,2,42,11.4,308.20000000000005,1800,2.9837752000000006
2026-07-23 03:30:00,-37.37372,9.78754333333333,11.700000000000001,995.8000000000001,5.9,4.1000000000000005,239.0,20.6,3,14,10.3,269.2,1800,3.0352196000000005
2026-07-23 04:00:00,-37.371755,9.793925,12.100000000000001,996.7,7.7,4.4,233.20000000000002,17.2,3,56,13.0,225.60000000000002,1799,3.9612188
2026-07-23 04:30:00,-37.3699316666667,9.79562833333333,10.5,992.9000000000001,8.6,8.1,246.0,25.3,4,14,17.1,255.8,1800,4.4242184
2026-07-23 05:00:00,-37.3678066666667,9.797575,10.3,993.5,7.800000000000001,5.7,229.60000000000002,22.200000000000003,4,30,14.8,202.10000000000002,1800,4.0126632
2026-07-23 05:30:00,-37.366865,9.79829,11.4,995.1,6.800000000000001,5.6000000000000005,230.0,25.5,5,8,14.0,221.60000000000002,1800,3.4982192000000003
2026-07-23 06:00:00,-37.367295,9.79784166666667,11.8,995.5,7.5,4.2,240.5,23.8,5,59,11.700000000000001,240.10000000000002,1800,3.85833
2026-07-23 06:30:00,-37.367655,9.79761333333333,11.9,995.8000000000001,6.9,4.9,238.5,25.5,6,16,13.0,231.70000000000002,1800,3.5496636
2026-07-23 07:00:00,-37.367795,9.79745833333333,12.100000000000001,996.6,7.6000000000000005,5.800000000000001,228.60000000000002,25.6,6,46,15.5,247.9,1800,3.9097744000000003
2026-07-23 07:30:00,-37.3804516666667,9.80332,12.5,998.6,7.9,6.5,215.60000000000002,33.4,7,29,14.9,198.60000000000002,1800,4.064107600000001
2026-07-23 08:00:00,-37.40622,9.815655,12.200000000000001,998.7,7.9,6.2,225.3,35.4,7,39,14.700000000000001,270.5,1799,4.064107600000001
2026-07-23 08:30:00,-37.432395,9.82826166666667,12.5,1000.5,7.800000000000001,8.5,237.4,37.1,8,13,15.3,219.9,1799,4.0126632
2026-07-23 09:00:00,-37.458585,9.84084166666667,12.5,1001.5,6.300000000000001,8.0,231.4,42.0,8,30,14.100000000000001,246.20000000000002,1800,3.2409972000000002
2026-07-23 09:30:00,-37.484935,9.85340666666667,12.600000000000001,1003.8000000000001,5.1000000000000005,6.2,233.70000000000002,50.300000000000004,9,26,10.4,278.90000000000003,1800,2.6236644000000005
2026-07-23 10:00:00,-37.51156,9.86630666666667,12.9,1006.8000000000001,5.7,9.1,261.90000000000003,40.6,9,37,13.0,247.60000000000002,1800,2.9323308000000003
2026-07-23 10:30:00,-37.5379516666667,9.87890333333333,13.0,1008.1,5.800000000000001,7.9,281.3,29.0,10,13,13.600000000000001,314.1,1800,2.9837752000000006
2026-07-23 11:00:00,-37.56454,9.89154666666667,13.5,1009.4000000000001,5.6000000000000005,6.6000000000000005,291.7,26.700000000000003,10,56,12.200000000000001,237.9,1800,2.8808864000000005
2026-07-23 11:30:00,-37.586855,9.905645,13.700000000000001,1008.8000000000001,7.2,5.4,309.20000000000005,22.1,11,23,12.4,343.20000000000005,1800,3.7039968
2026-07-23 12:00:00,-37.6008133333333,9.91801666666667,14.200000000000001,1008.7,6.7,5.4,307.90000000000003,29.8,11,37,12.0,252.3,1799,3.4467748
2026-07-23 12:30:00,-37.6283133333333,9.92782166666667,13.3,1007.8000000000001,7.4,6.4,290.8,22.900000000000002,12,19,13.8,255.10000000000002,1800,3.8068856
2026-07-23 13:00:00,-37.6564583333333,9.93798,13.4,1007.4000000000001,8.8,7.9,297.5,19.900000000000002,12,57,14.5,285.40000000000003,1800,4.5271072000000006
2026-07-23 13:30:00,-37.6859616666667,9.94866833333333,13.4,1006.6,10.0,5.800000000000001,302.7,16.8,13,20,16.0,310.20000000000005,1800,5.14444
2026-07-23 14:00:00,-37.6989833333333,9.95299,13.4,1005.4000000000001,9.700000000000001,5.300000000000001,315.5,30.1,13,40,15.5,315.3,1800,4.9901068
2026-07-23 14:30:00,-37.6991616666667,9.95280666666667,13.100000000000001,1003.7,10.4,4.7,335.3,29.0,14,20,15.100000000000001,321.6,1800,5.350217600000001
2026-07-23 15:00:00,-37.7004316666667,9.953125,13.4,1003.9000000000001,11.200000000000001,5.5,337.8,28.700000000000003,14,58,17.8,352.0,1800,5.761772800000001
2026-07-23 15:30:00,-37.7009683333333,9.953315,13.200000000000001,1002.0,11.9,5.6000000000000005,342.20000000000005,29.700000000000003,15,19,18.0,332.70000000000005,1800,6.1218836
2026-07-23 16:00:00,-37.7089833333333,9.96055333333333,13.100000000000001,1001.8000000000001,12.8,5.300000000000001,338.3,26.0,15,45,17.8,304.1,1799,6.5848832
2026-07-23 16:30:00,-37.73296,9.9823,13.0,1000.1,12.0,4.6000000000000005,341.6,19.400000000000002,16,0,17.6,12.200000000000001,1800,6.173328
2026-07-23 17:00:00,-37.7573833333333,10.0045683333333,13.0,1000.6,12.3,4.9,352.5,19.8,16,34,18.8,335.8,1800,6.3276612000000005
2026-07-23 17:30:00,-37.782875,10.0278733333333,13.100000000000001,1000.9000000000001,13.9,6.5,347.90000000000003,17.900000000000002,17,27,22.200000000000003,329.90000000000003,1800,7.150771600000001
2026-07-24 01:30:00,-37.9053783333333,10.109055,13.8,1004.0,25.8,16.2,334.20000000000005,38.300000000000004,1,7,34.7,110.7,1800,13.2726552
2026-07-24 08:00:00,-37.9611116666667,10.2151216666667,14.200000000000001,1008.0,24.900000000000002,14.3,258.0,17.3,7,30,35.9,258.6,1800,12.809655600000001
2026-07-24 08:30:00,-37.9895133333333,10.2315116666667,14.8,1010.5,23.900000000000002,11.4,260.8,16.400000000000002,8,16,34.300000000000004,281.90000000000003,1800,12.295211600000002
2026-07-24 11:00:00,-38.134215,10.3240166666667,15.0,1011.3000000000001,22.400000000000002,8.3,264.1,15.0,10,41,29.0,256.8,1800,11.523545600000002
2026-07-24 11:30:00,-38.1551216666667,10.3514016666667,15.5,1012.4000000000001,21.8,9.700000000000001,280.0,25.1,11,27,29.3,285.0,1799,11.2148792
2026-07-24 12:00:00,-38.1705666666667,10.3522666666667,14.100000000000001,1008.5,25.0,60.800000000000004,268.0,36.7,11,47,95.10000000000001,288.0,1800,12.8611
2026-07-24 12:30:00,-38.17552,10.3513833333333,14.3,1008.7,23.6,12.8,290.1,33.1,12,18,35.0,295.0,1800,12.140878400000002
2026-07-24 13:30:00,-38.180025,10.3599483333333,14.0,1008.1,22.5,10.600000000000001,292.1,28.3,13,29,30.5,287.3,1800,11.57499
2026-07-24 14:00:00,-38.17825,10.370555,14.3,1008.9000000000001,22.400000000000002,10.100000000000001,295.8,24.6,13,50,31.1,305.40000000000003,1800,11.523545600000002
2026-07-24 14:30:00,-38.175685,10.3806133333333,14.600000000000001,1008.8000000000001,23.1,12.9,291.0,23.3,14,12,32.2,282.8,1800,11.883656400000001
2026-07-24 16:00:00,-38.1664916666667,10.4079533333333,13.9,1006.1,24.400000000000002,10.5,286.2,22.8,15,41,30.8,282.1,1800,12.5524336
2026-07-24 16:30:00,-38.16458,10.4187633333333,14.3,1007.4000000000001,22.400000000000002,11.8,285.40000000000003,26.400000000000002,16,0,32.1,283.5,1800,11.523545600000002
2026-07-24 17:00:00,-38.1627716666667,10.429025,14.3,1006.3000000000001,20.6,7.0,288.0,25.5,16,30,28.8,272.8,1800,10.5975464
2026-07-24 17:30:00,-38.1623133333333,10.43859,14.0,1004.7,20.200000000000003,7.2,280.5,25.5,17,13,26.400000000000002,263.5,1800,10.391768800000001
2026-07-24 18:00:00,-38.16113,10.4494916666667,14.3,1007.2,19.8,7.300000000000001,277.40000000000003,21.8,17,59,27.700000000000003,273.2,1800,10.1859912
2026-07-24 18:30:00,-38.15835,10.4615666666667,13.8,1005.3000000000001,22.1,21.0,283.0,22.200000000000003,18,17,35.300000000000004,278.5,1800,11.3692124
2026-07-24 19:00:00,-38.1546433333333,10.4729883333333,13.9,1006.6,20.8,13.700000000000001,281.40000000000003,22.200000000000003,18,33,28.5,282.40000000000003,1800,10.700435200000001
2026-07-24 19:30:00,-38.1512016666667,10.4832116666667,14.100000000000001,1007.2,21.1,10.200000000000001,281.5,20.700000000000003,19,3,28.200000000000003,286.2,1799,10.854768400000001
2026-07-24 20:00:00,-38.14787,10.492025,14.3,1008.6,18.3,6.5,283.7,18.6,19,33,24.3,279.5,1800,9.4143252
2026-07-24 20:30:00,-38.142765,10.5027316666667,14.700000000000001,1009.5,18.0,7.5,287.90000000000003,21.3,20,29,23.700000000000003,277.90000000000003,1800,9.259992
2026-07-24 21:00:00,-38.137755,10.5119916666667,14.9,1009.5,18.5,7.2,287.5,19.700000000000003,20,34,24.8,289.7,1800,9.517214000000001
2026-07-24 21:30:00,-38.1494233333333,10.5385166666667,15.0,1009.6,17.0,5.7,269.3,18.5,21,5,22.400000000000002,250.5,1800,8.745548
2026-07-24 22:00:00,-38.1666633333333,10.571185,14.9,1009.2,17.1,4.7,267.40000000000003,14.700000000000001,21,49,22.8,257.3,1800,8.7969924
2026-07-24 22:30:00,-38.183255,10.60438,14.8,1008.8000000000001,16.900000000000002,5.0,259.40000000000003,14.700000000000001,22,9,22.5,278.8,1800,8.694103600000002
2026-07-24 23:00:00,-38.1996883333333,10.63757,14.700000000000001,1008.4000000000001,16.2,4.4,265.2,13.9,22,39,21.200000000000003,286.2,1800,8.333992799999999
2026-07-25 00:30:00,-38.21429,10.6778816666667,14.200000000000001,1006.5,19.900000000000002,5.9,287.8,19.8,0,12,25.8,310.0,1800,10.237435600000001
2026-07-25 01:00:00,-38.2130066666667,10.6791166666667,13.700000000000001,1005.9000000000001,19.3,5.5,292.2,20.8,0,30,24.700000000000003,293.2,1800,9.928769200000001
2026-07-25 02:30:00,-38.2132283333333,10.679165,14.4,1007.1,19.400000000000002,7.5,291.6,17.2,2,29,28.0,301.40000000000003,1800,9.9802136
2026-07-25 03:00:00,-38.2134366666667,10.679015,13.9,1004.5,30.5,352.3,262.5,71.60000000000001,2,56,92.0,242.20000000000002,1800,15.690542
2026-07-25 03:30:00,-38.21321,10.6791666666667,13.9,1005.3000000000001,21.1,11.0,289.2,20.5,3,5,33.1,300.5,1799,10.854768400000001
2026-07-25 04:00:00,-38.213055,10.679175,14.100000000000001,1005.5,17.900000000000002,7.5,287.40000000000003,16.900000000000002,3,36,24.5,298.0,1800,9.208547600000001
2026-07-25 04:30:00,-38.2136533333333,10.6785233333333,14.100000000000001,1005.9000000000001,16.3,6.6000000000000005,290.90000000000003,17.2,4,26,24.900000000000002,304.40000000000003,1800,8.3854372
2026-07-25 05:00:00,-38.2132166666667,10.6789633333333,14.0,1005.5,18.3,5.4,294.8,17.2,4,54,23.700000000000003,300.2,1800,9.4143252
2026-07-25 05:30:00,-38.2125566666667,10.6798266666667,14.5,1007.9000000000001,18.5,5.300000000000001,301.8,13.8,5,24,24.200000000000003,318.0,1800,9.517214000000001
2026-07-25 06:00:00,-38.2127016666667,10.6794966666667,15.0,1009.3000000000001,18.8,6.300000000000001,296.40000000000003,16.3,5,53,25.3,301.8,1800,9.671547200000001
2026-07-25 08:30:00,-38.2189716666667,10.6714216666667,15.100000000000001,1011.1,19.400000000000002,4.4,307.40000000000003,15.8,8,0,24.3,323.40000000000003,1800,9.9802136
2026-07-25 09:00:00,-38.21999,10.670475,15.600000000000001,1013.2,20.3,6.0,311.70000000000005,18.2,8,53,25.5,310.6,1800,10.4432132
2026-07-25 11:30:00,-38.2250116666667,10.6653383333333,15.4,1012.5,21.1,5.7,307.0,15.5,11,1,26.400000000000002,296.6,1800,10.854768400000001
2026-07-25 18:30:00,-38.2317533333333,10.662365,14.600000000000001,1007.1,19.200000000000003,6.0,303.5,17.5,18,28,24.5,307.1,1800,9.877324800000002
2026-07-25 19:00:00,-38.2300266666667,10.6666483333333,14.0,1006.1,19.1,6.4,304.2,15.8,18,30,25.400000000000002,302.7,1799,9.8258804
2026-07-25 19:30:00,-38.2276733333333,10.670835,14.4,1006.9000000000001,17.8,5.2,302.1,16.5,19,23,24.400000000000002,303.7,1800,9.1571032
2026-07-25 20:00:00,-38.2245583333333,10.6748383333333,14.5,1007.5,18.3,7.6000000000000005,300.3,18.400000000000002,19,39,23.8,293.1,1800,9.4143252
2026-07-25 20:30:00,-38.220115,10.6791866666667,14.200000000000001,1006.3000000000001,17.400000000000002,6.6000000000000005,301.8,16.3,20,4,25.3,288.5,1800,8.9513256
2026-07-25 21:00:00,-38.21438,10.683875,13.8,1005.1,17.0,5.2,296.40000000000003,14.600000000000001,20,59,23.3,278.8,1800,8.745548
2026-07-25 21:30:00,-38.2099066666667,10.68516,13.700000000000001,1005.5,18.400000000000002,4.5,289.3,14.9,21,12,23.5,293.6,1800,9.465769600000002
2026-07-25 22:00:00,-38.2089533333333,10.6838283333333,13.700000000000001,1005.4000000000001,16.900000000000002,4.7,287.2,15.200000000000001,21,46,21.400000000000002,282.0,1800,8.694103600000002
2026-07-25 22:30:00,-38.21113,10.6812833333333,13.9,1005.5,17.400000000000002,4.3,291.0,13.3,22,18,22.400000000000002,297.1,1800,8.9513256
2026-07-25 23:00:00,-38.21329,10.678465,14.3,1006.2,16.7,3.8000000000000003,304.40000000000003,14.9,22,33,21.200000000000003,295.0,1799,8.5912148
2026-07-25 23:30:00,-38.2157633333333,10.6754733333333,14.5,1007.2,17.6,4.7,296.5,13.600000000000001,23,26,25.0,270.8,1800,9.054214400000001
2026-07-26 00:00:00,-38.2325116666667,10.6785233333333,14.4,1007.1,19.700000000000003,5.2,261.5,14.9,23,38,26.0,266.1,1800,10.134546800000003
2026-07-26 00:30:00,-38.2479083333333,10.6796033333333,14.5,1007.2,17.900000000000002,5.6000000000000005,266.2,15.3,0,2,24.3,273.6,1800,9.208547600000001
2026-07-26 01:00:00,-38.2648833333333,10.68262,14.700000000000001,1008.0,18.2,5.5,268.3,15.0,0,40,23.900000000000002,273.1,1800,9.3628808
2026-07-26 01:30:00,-38.28142,10.686135,14.5,1007.2,19.400000000000002,4.9,270.40000000000003,16.1,1,16,24.0,275.8,1800,9.9802136
2026-07-26 02:00:00,-38.2993266666667,10.692305,14.5,1007.3000000000001,20.0,4.7,262.90000000000003,15.700000000000001,1,50,25.400000000000002,257.2,1800,10.28888
2026-07-26 02:30:00,-38.3162333333333,10.7000016666667,14.5,1007.2,19.5,5.4,254.4,18.6,2,15,25.200000000000003,256.1,1800,10.031658
2026-07-26 03:00:00,-38.3324,10.7066516666667,14.5,1007.1,19.6,5.300000000000001,258.6,18.400000000000002,2,37,25.0,263.1,1799,10.083102400000001
2026-07-26 03:30:00,-38.3493133333333,10.715135,14.5,1007.2,19.5,5.5,253.5,20.3,3,0,27.0,266.8,1800,10.031658
2026-07-26 04:00:00,-38.36568,10.724665,14.5,1007.2,18.900000000000002,5.5,258.5,20.3,3,39,23.900000000000002,274.40000000000003,1800,9.722991600000002
2026-07-26 04:30:00,-38.3819066666667,10.7343866666667,14.5,1007.5,18.5,5.300000000000001,259.0,22.200000000000003,4,23,22.8,262.5,1800,9.517214000000001
2026-07-26 05:00:00,-38.39705,10.74603,14.600000000000001,1007.6,19.400000000000002,5.800000000000001,255.10000000000002,23.900000000000002,4,50,23.900000000000002,261.2,1800,9.9802136
2026-07-26 05:30:00,-38.4130666666667,10.75973,14.5,1007.5,19.900000000000002,6.7,251.10000000000002,23.900000000000002,5,17,24.8,269.5,1800,10.237435600000001
2026-07-26 18:30:00,-38.689785,10.7954566666667,9.4,991.2,16.900000000000002,8.200000000000001,171.70000000000002,19.700000000000003,18,13,24.400000000000002,165.8,1799,8.694103600000002
2026-07-31 19:30:00,-39.3075383333333,10.121125,12.600000000000001,1030.3,6.6000000000000005,1.3,29.8,10.100000000000001,19,26,8.700000000000001,37.5,389,3.3953304
2026-07-31 20:00:00,-39.3068016666667,10.108265,13.0,1028.6000000000001,7.5,1.6,32.5,9.3,19,52,10.600000000000001,36.1,1800,3.85833
2026-07-31 20:30:00,-39.3061683333333,10.0956383333333,13.200000000000001,1026.8,7.800000000000001,1.6,33.1,9.5,20,20,11.0,31.0,1800,4.0126632
2026-07-31 21:00:00,-39.305465,10.08316,13.3,1026.6000000000001,7.1000000000000005,1.8,22.1,13.5,20,38,10.100000000000001,20.400000000000002,1800,3.6525524000000003
2026-07-31 21:30:00,-39.30479,10.0696916666667,13.3,1026.4,6.800000000000001,1.3,25.5,10.9,21,21,9.5,47.300000000000004,1800,3.4982192000000003
2026-07-31 22:00:00,-39.304275,10.0603716666667,13.200000000000001,1026.2,6.9,1.5,19.400000000000002,11.200000000000001,21,38,9.9,341.5,1800,3.5496636
2026-07-31 22:30:00,-39.3039366666667,10.0526133333333,13.200000000000001,1026.3,7.6000000000000005,1.7000000000000002,14.700000000000001,12.600000000000001,22,19,10.9,21.3,1799,3.9097744000000003
2026-07-31 23:00:00,-39.303605,10.045335,13.5,1026.4,7.7,1.7000000000000002,19.0,11.0,22,36,10.5,15.3,1800,3.9612188
2026-07-31 23:30:00,-39.3033766666667,10.0402566666667,13.5,1026.0,7.7,1.8,18.8,11.4,23,12,11.200000000000001,356.1,1800,3.9612188
2026-08-01 00:00:00,-39.3030316666667,10.034705,13.5,1025.7,7.7,1.6,13.3,11.9,23,50,10.100000000000001,359.0,1800,3.9612188
2026-08-01 00:30:00,-39.3026383333333,10.0291133333333,13.5,1025.6000000000001,7.9,1.6,14.8,12.0,0,15,10.5,18.0,1800,4.064107600000001
2026-08-01 01:00:00,-39.3023516666667,10.0234066666667,13.5,1025.4,8.1,1.9000000000000001,15.5,10.8,0,32,11.100000000000001,25.6,1800,4.1669963999999995
2026-08-01 01:30:00,-39.30202,10.0166016666667,13.600000000000001,1025.3,7.800000000000001,1.8,18.6,12.0,1,13,10.5,9.200000000000001,1800,4.0126632
2026-08-01 02:00:00,-39.3015816666667,10.009115,13.700000000000001,1025.2,7.7,2.0,9.200000000000001,16.3,1,34,11.0,344.5,1799,3.9612188
2026-08-01 02:30:00,-39.3011666666667,10.0016233333333,13.700000000000001,1024.9,6.800000000000001,1.4000000000000001,346.1,13.100000000000001,2,13,11.3,324.20000000000005,1800,3.4982192000000003
2026-08-01 03:00:00,-39.30071,9.99289833333333,13.700000000000001,1024.5,7.0,1.0,346.0,13.700000000000001,2,55,9.600000000000001,334.3,1800,3.601108
2026-08-01 03:30:00,-39.3001983333333,9.98408666666667,13.700000000000001,1024.2,7.800000000000001,1.2000000000000002,342.90000000000003,11.8,3,15,10.0,335.8,1800,4.0126632
2026-08-01 04:00:00,-39.2989716666667,9.97647333333333,13.700000000000001,1024.3,8.1,1.3,341.5,12.9,3,59,11.600000000000001,330.8,1800,4.1669963999999995
2026-08-01 04:30:00,-39.2970066666667,9.96880666666667,13.8,1024.3,8.5,1.1,342.3,11.100000000000001,4,25,11.200000000000001,339.90000000000003,1800,4.372774
2026-08-01 05:00:00,-39.2937766666667,9.96418666666667,13.8,1024.2,8.6,2.8000000000000003,342.0,13.0,4,58,14.100000000000001,333.8,1800,4.4242184
2026-08-01 05:30:00,-39.2899466666667,9.96061333333333,13.9,1024.3,9.1,2.5,342.3,13.200000000000001,5,0,14.0,339.5,1800,4.6814404
2026-08-01 06:00:00,-39.2856133333333,9.95836,14.100000000000001,1024.2,8.9,2.0,338.3,13.100000000000001,5,50,13.5,330.70000000000005,1799,4.5785516
2026-08-01 06:30:00,-39.2807516666667,9.958385,14.100000000000001,1024.3,9.0,2.6,324.8,14.9,6,17,13.0,330.40000000000003,1800,4.629996
2026-08-01 07:00:00,-39.2739416666667,9.960725,14.3,1024.3,9.4,3.0,338.6,16.2,6,37,13.8,339.6,1800,4.8357736000000004
2026-08-01 07:30:00,-39.2692283333333,9.96528333333333,14.3,1024.2,10.100000000000001,2.5,345.0,11.3,7,19,14.9,8.4,1800,5.195884400000001
2026-08-01 08:00:00,-39.266465,9.97073333333333,14.5,1024.5,9.8,3.2,338.8,12.0,7,36,14.700000000000001,331.1,1800,5.041551200000001
2026-08-01 08:30:00,-39.2645333333333,9.978295,15.100000000000001,1024.4,8.6,2.0,330.70000000000005,10.9,8,12,12.700000000000001,321.6,1800,4.4242184
2026-08-01 09:00:00,-39.2663683333333,9.98983666666667,14.8,1024.0,7.800000000000001,1.3,333.6,11.200000000000001,8,42,10.3,335.20000000000005,1800,4.0126632
2026-08-01 09:30:00,-39.275175,10.0013516666667,14.9,1024.2,7.300000000000001,1.2000000000000002,333.3,11.8,9,17,9.9,307.6,1800,3.7554412000000004
2026-08-01 10:00:00,-39.2899233333333,10.0002816666667,14.9,1024.5,7.0,1.0,316.6,14.4,9,59,9.200000000000001,318.90000000000003,1799,3.601108
2026-08-01 10:30:00,-39.297575,9.98615666666667,14.5,1023.4000000000001,8.3,1.2000000000000002,327.70000000000005,17.400000000000002,10,18,10.9,356.8,1800,4.2698852
2026-08-01 11:00:00,-39.30011,9.97071833333333,14.4,1023.6,8.9,1.5,336.8,15.200000000000001,10,39,11.600000000000001,258.8,1800,4.5785516
2026-08-01 11:30:00,-39.3026416666667,9.95545,14.4,1023.3000000000001,9.200000000000001,1.6,340.20000000000005,16.8,11,24,12.100000000000001,6.6000000000000005,1800,4.732884800000001
2026-08-01 12:00:00,-39.3049716666667,9.94178,14.5,1022.8000000000001,11.5,2.5,348.8,15.8,11,47,14.9,340.0,1800,5.916106
2026-08-01 12:30:00,-39.3072116666667,9.92805333333333,14.700000000000001,1022.3000000000001,12.0,2.1,345.3,13.8,12,21,15.0,341.90000000000003,1800,6.173328
2026-08-01 13:00:00,-39.3095083333333,9.913895,15.3,1022.2,12.100000000000001,2.0,344.3,12.700000000000001,12,57,14.9,347.6,1800,6.224772400000001
2026-08-01 13:30:00,-39.3118633333333,9.89993,15.3,1021.3000000000001,12.5,2.4000000000000004,346.8,14.5,13,11,16.0,346.90000000000003,1800,6.43055
2026-08-01 14:00:00,-39.3143383333333,9.88513833333333,15.200000000000001,1021.1,14.0,2.9000000000000004,346.0,14.4,13,50,18.2,342.0,1799,7.202216
2026-08-01 14:30:00,-39.3167133333333,9.871535,15.4,1021.1,13.0,2.3000000000000003,345.40000000000003,14.4,14,8,16.400000000000002,344.70000000000005,1800,6.687772
2026-08-01 15:00:00,-39.3187283333333,9.85914166666667,15.3,1020.8000000000001,14.0,2.3000000000000003,343.3,11.8,14,50,17.900000000000002,347.6,1800,7.202216
2026-08-01 15:30:00,-39.32067,9.84816166666667,15.0,1020.3000000000001,12.8,2.8000000000000003,347.0,13.8,15,4,16.7,341.90000000000003,1800,6.5848832
2026-08-01 16:00:00,-39.3223983333333,9.83695,14.4,1020.5,11.200000000000001,2.1,352.40000000000003,12.9,15,30,14.700000000000001,3.1,1800,5.761772800000001
2026-08-01 16:30:00,-39.3246366666667,9.824055,14.200000000000001,1020.4000000000001,11.8,2.8000000000000003,353.1,14.100000000000001,16,27,16.0,345.1,1800,6.070439200000001
2026-08-01 17:00:00,-39.3268183333333,9.81031333333333,14.200000000000001,1020.5,12.9,2.3000000000000003,345.8,12.8,16,55,17.6,346.8,1800,6.6363276
2026-08-01 17:30:00,-39.328995,9.797755,14.200000000000001,1020.7,13.4,2.4000000000000004,347.20000000000005,13.3,17,1,17.400000000000002,347.70000000000005,1800,6.8935496
2026-08-01 18:00:00,-39.3311116666667,9.78492,14.200000000000001,1020.7,13.600000000000001,2.5,345.40000000000003,12.9,17,55,17.2,6.5,1799,6.996438400000001
2026-08-01 18:30:00,-39.3331566666667,9.77247166666667,14.3,1020.5,14.8,2.7,349.20000000000005,13.600000000000001,18,14,18.7,337.20000000000005,1800,7.6137712
2026-08-01 19:00:00,-39.3352783333333,9.75982833333333,14.200000000000001,1020.4000000000001,16.0,3.2,355.8,13.0,18,46,19.700000000000003,1.4000000000000001,1800,8.231104
2026-08-01 19:30:00,-39.337525,9.74605666666667,14.200000000000001,1020.5,15.200000000000001,2.7,353.6,14.0,19,7,18.6,349.70000000000005,1800,7.819548800000001
2026-08-01 20:00:00,-39.3399933333333,9.73121333333333,14.200000000000001,1020.7,14.5,3.1,355.70000000000005,12.700000000000001,19,32,18.3,15.9,1800,7.4594380000000005
2026-08-01 20:30:00,-39.3429783333333,9.71484333333333,14.200000000000001,1020.6,14.100000000000001,2.8000000000000003,348.8,15.3,20,25,18.1,346.0,1800,7.253660400000001
2026-08-01 21:00:00,-39.34499,9.69907,14.200000000000001,1020.5,14.0,2.5,346.90000000000003,16.400000000000002,20,36,16.900000000000002,4.6000000000000005,1800,7.202216
2026-08-01 21:30:00,-39.341805,9.688465,14.200000000000001,1020.3000000000001,13.8,2.6,353.20000000000005,16.900000000000002,21,11,18.1,347.6,1800,7.0993272
2026-08-01 22:00:00,-39.33665,9.68367833333333,14.200000000000001,1020.1,13.3,2.3000000000000003,354.40000000000003,12.0,21,56,16.2,344.0,1799,6.842105200000001
2026-08-01 22:30:00,-39.3312216666667,9.68069666666667,14.100000000000001,1020.0,13.0,2.3000000000000003,356.0,12.9,22,26,16.0,4.7,1800,6.687772
2026-08-01 23:00:00,-39.32665,9.68078166666667,14.0,1020.0,13.4,2.9000000000000004,351.40000000000003,12.0,22,49,16.900000000000002,341.8,1800,6.8935496
2026-08-01 23:30:00,-39.32206,9.68117166666667,14.0,1019.9000000000001,13.9,4.0,342.70000000000005,12.8,23,18,20.200000000000003,355.40000000000003,1800,7.150771600000001
2026-08-02 00:00:00,-39.3181716666667,9.68472666666667,13.9,1019.7,14.700000000000001,4.6000000000000005,348.5,12.4,23,52,19.1,355.20000000000005,1800,7.562326800000001
2026-08-02 00:30:00,-39.313935,9.68853666666667,13.9,1019.5,14.200000000000001,4.1000000000000005,345.0,10.9,0,16,20.6,349.1,1800,7.3051048000000005
2026-08-02 01:00:00,-39.3114083333333,9.69718833333333,13.9,1019.4000000000001,11.5,2.5,341.5,12.5,0,32,15.8,329.3,1800,5.916106
2026-08-02 01:30:00,-39.3111966666667,9.70812333333333,14.0,1019.0,11.4,2.3000000000000003,333.40000000000003,12.4,1,23,15.0,332.40000000000003,1800,5.864661600000001
2026-08-02 02:00:00,-39.319085,9.72183333333333,14.0,1018.9000000000001,12.9,3.0,321.40000000000003,12.8,1,46,19.400000000000002,315.8,1799,6.6363276
2026-08-02 02:30:00,-39.338325,9.72034833333333,14.100000000000001,1018.4000000000001,14.9,3.4000000000000004,324.1,14.8,2,10,19.400000000000002,328.20000000000005,1800,7.665215600000001
2026-08-02 03:00:00,-39.3456466666667,9.70153666666667,13.8,1018.0,15.8,3.4000000000000004,334.90000000000003,19.6,2,44,21.3,356.40000000000003,1800,8.128215200000001
2026-08-02 03:30:00,-39.342245,9.68893833333333,13.8,1018.0,15.0,2.9000000000000004,348.8,20.700000000000003,3,5,19.0,341.8,1800,7.71666
2026-08-02 04:00:00,-39.3364366666667,9.68364,13.9,1018.1,14.700000000000001,3.0,346.70000000000005,18.8,3,57,19.8,347.0,1800,7.562326800000001
2026-08-02 04:30:00,-39.33095,9.680805,14.0,1018.1,15.0,3.3000000000000003,346.90000000000003,13.700000000000001,4,18,21.5,340.0,1800,7.71666
2026-08-02 05:00:00,-39.324865,9.68085833333333,14.0,1018.3000000000001,15.8,4.7,344.90000000000003,11.3,4,54,21.900000000000002,351.90000000000003,1800,8.128215200000001
2026-08-02 05:30:00,-39.3183166666667,9.68461,14.100000000000001,1018.3000000000001,15.5,4.9,345.1,13.100000000000001,5,4,21.1,339.70000000000005,1800,7.973882000000001
2026-08-02 06:00:00,-39.31299,9.69069166666667,14.100000000000001,1018.2,14.8,4.3,342.40000000000003,12.3,5,34,20.400000000000002,333.70000000000005,1799,7.6137712
2026-08-02 06:30:00,-39.310175,9.70175666666667,13.0,1017.3000000000001,14.200000000000001,3.4000000000000004,335.0,14.600000000000001,6,16,18.7,334.0,1800,7.3051048000000005
2026-08-02 07:00:00,-39.313795,9.71706166666667,13.3,1018.7,14.5,3.2,330.1,12.0,6,53,18.5,345.90000000000003,1800,7.4594380000000005
2026-08-02 07:30:00,-39.3320216666667,9.72509,13.9,1019.5,15.600000000000001,3.8000000000000003,322.6,15.600000000000001,7,17,20.5,320.70000000000005,1800,8.0253264
2026-08-02 08:00:00,-39.3450616666667,9.706265,14.100000000000001,1019.9000000000001,15.4,3.1,321.20000000000005,15.3,7,52,19.900000000000002,310.6,1800,7.9224376
2026-08-02 08:30:00,-39.3417533333333,9.68860666666667,14.100000000000001,1020.0,15.4,3.0,333.3,24.5,8,25,19.5,339.90000000000003,1800,7.9224376
2026-08-02 09:00:00,-39.3339516666667,9.68124833333333,13.9,1019.8000000000001,15.4,3.5,338.5,21.200000000000003,8,52,19.200000000000003,333.0,1800,7.9224376
2026-08-02 09:30:00,-39.327525,9.68071166666667,13.5,1019.7,15.5,4.0,338.8,15.200000000000001,9,5,20.400000000000002,324.5,1800,7.973882000000001
2026-08-02 10:00:00,-39.3204633333333,9.68259333333333,13.600000000000001,1019.9000000000001,15.4,4.1000000000000005,336.20000000000005,16.0,9,43,20.5,330.8,1799,7.9224376
2026-08-02 14:30:00,-39.360295,9.51999666666667,14.4,1020.4000000000001,14.8,4.1000000000000005,304.5,24.700000000000003,14,16,20.0,328.90000000000003,1800,7.6137712
2026-08-02 15:00:00,-39.36651,9.49770333333333,14.3,1020.6,14.0,3.3000000000000003,306.2,24.900000000000002,14,59,17.7,315.1,1800,7.202216
2026-08-02 15:30:00,-39.37263,9.47611166666667,13.9,1020.1,14.600000000000001,3.8000000000000003,309.20000000000005,22.700000000000003,15,8,19.5,272.3,1800,7.510882400000001
2026-08-02 16:00:00,-39.3783366666667,9.45568666666667,13.9,1019.3000000000001,14.9,3.7,308.90000000000003,21.200000000000003,15,53,19.0,316.90000000000003,1800,7.665215600000001
2026-08-02 16:30:00,-39.3847433333333,9.43301833333333,13.8,1018.2,14.4,5.300000000000001,310.70000000000005,20.5,16,26,20.8,314.90000000000003,1800,7.4079936
2026-08-02 17:00:00,-39.3914883333333,9.40874166666667,13.8,1018.5,14.8,4.6000000000000005,304.6,21.8,16,31,20.0,316.3,1800,7.6137712
2026-08-02 17:30:00,-39.3988616666667,9.38259833333333,13.200000000000001,1016.3000000000001,10.5,4.6000000000000005,274.1,27.900000000000002,17,2,15.4,257.8,1799,5.401662
2026-08-02 18:00:00,-39.4067566666667,9.35462333333333,12.4,1012.9000000000001,16.0,16.2,186.9,28.900000000000002,17,54,28.400000000000002,152.70000000000002,1800,8.231104
2026-08-02 18:30:00,-39.4150033333333,9.32494,11.9,1010.4000000000001,15.4,8.4,163.5,18.6,18,2,22.400000000000002,173.70000000000002,1800,7.9224376
2026-08-02 19:00:00,-39.4239433333333,9.29311166666667,11.9,1010.7,12.3,7.300000000000001,149.3,18.2,18,35,18.0,112.7,1800,6.3276612000000005
2026-08-02 19:30:00,-39.4322966666667,9.26338166666667,12.100000000000001,1012.3000000000001,8.9,4.9,129.8,15.5,19,0,13.600000000000001,128.8,1800,4.5785516
2026-08-02 20:00:00,-39.44032,9.23476666666667,12.200000000000001,1013.1,8.1,3.4000000000000004,140.8,15.700000000000001,19,40,11.200000000000001,110.4,1800,4.1669963999999995
2026-08-02 20:30:00,-39.448085,9.207175,12.100000000000001,1013.0,10.8,6.9,152.20000000000002,17.3,20,26,16.6,167.8,1800,5.555995200000001
2026-08-02 21:00:00,-39.4563616666667,9.17746,11.3,1008.1,17.400000000000002,55.0,159.0,27.900000000000002,20,59,86.5,141.9,1800,8.9513256
2026-08-02 21:30:00,-39.4649683333333,9.14703666666667,11.3,1007.5,17.2,32.800000000000004,145.6,28.1,21,0,32.9,120.80000000000001,1799,8.8484368
2026-08-02 22:00:00,-39.47364,9.11628833333333,11.200000000000001,1008.0,14.700000000000001,6.7,146.3,12.8,21,38,20.1,124.10000000000001,1800,7.562326800000001
2026-08-02 22:30:00,-39.4757183333333,9.08595166666667,11.200000000000001,1008.2,12.200000000000001,4.7,138.8,16.8,22,3,16.5,142.4,1800,6.2762168
2026-08-02 23:00:00,-39.4679083333333,9.07644333333333,11.200000000000001,1008.3000000000001,11.200000000000001,5.9,136.6,15.600000000000001,22,48,16.5,124.4,1800,5.761772800000001
2026-08-02 23:30:00,-39.4636966666667,9.07484833333333,11.0,1007.4000000000001,11.4,4.9,138.1,13.200000000000001,23,3,17.1,305.8,1800,5.864661600000001
2026-08-03 00:00:00,-39.46015,9.07491333333333,10.9,1006.7,12.9,23.200000000000003,135.70000000000002,25.0,23,54,28.0,136.4,1800,6.6363276
2026-08-03 00:30:00,-39.4563116666667,9.07505333333333,10.700000000000001,1006.6,5.7,14.3,177.60000000000002,45.7,0,1,25.1,196.70000000000002,1800,2.9323308000000003
2026-08-03 01:00:00,-39.45373,9.07639166666667,10.700000000000001,1006.7,5.800000000000001,12.5,160.70000000000002,40.400000000000006,0,56,22.5,67.7,1800,2.9837752000000006
2026-08-03 01:30:00,-39.451005,9.07896,10.8,1006.9000000000001,12.9,44.5,130.70000000000002,31.3,1,12,27.5,70.4,1799,6.6363276
2026-08-03 02:00:00,-39.4479266666667,9.08180833333333,10.8,1007.3000000000001,15.0,25.1,128.0,19.700000000000003,1,31,38.900000000000006,151.4,1800,7.71666
2026-08-03 02:30:00,-39.4454816666667,9.08560166666667,10.8,1007.4000000000001,16.7,14.100000000000001,132.5,14.3,2,12,26.900000000000002,106.60000000000001,1798,8.5912148
2026-08-03 03:00:00,-39.4441283333333,9.09110333333333,10.9,1007.6,12.9,10.100000000000001,135.0,14.4,2,44,19.5,130.20000000000002,1798,6.6363276
2026-08-03 03:30:00,-39.4427316666667,9.09665,11.100000000000001,1008.6,10.600000000000001,4.7,116.7,16.7,3,0,15.600000000000001,93.80000000000001,1800,5.453106400000001
2026-08-03 04:00:00,-39.4444516666667,9.10467166666667,11.4,1009.8000000000001,8.700000000000001,5.1000000000000005,100.7,21.8,3,32,13.600000000000001,110.5,1800,4.4756628
2026-08-03 04:30:00,-39.4483116666667,9.11323333333333,11.700000000000001,1011.3000000000001,7.300000000000001,4.0,88.80000000000001,23.900000000000002,4,3,11.100000000000001,65.8,1800,3.7554412000000004
2026-08-03 05:00:00,-39.4590166666667,9.11952833333333,12.0,1012.9000000000001,5.6000000000000005,3.8000000000000003,54.0,30.200000000000003,4,31,9.1,56.800000000000004,1800,2.8808864000000005
2026-08-03 05:30:00,-39.4751233333333,9.111115,12.5,1014.2,8.3,4.1000000000000005,17.900000000000002,16.0,5,29,12.700000000000001,0.8,1799,4.2698852
2026-08-03 06:00:00,-39.476475,9.08914666666667,12.9,1015.5,9.3,3.3000000000000003,5.6000000000000005,20.400000000000002,5,41,13.100000000000001,274.6,1800,4.7843292
2026-08-03 06:30:00,-39.4696333333333,9.07832833333333,13.3,1016.7,10.0,2.6,359.20000000000005,23.200000000000003,6,6,13.3,3.6,1800,5.14444
2026-08-03 07:00:00,-39.462755,9.07512666666667,13.700000000000001,1017.8000000000001,11.600000000000001,3.2,345.6,16.3,6,57,15.9,343.6,1800,5.967550400000001
2026-08-03 07:30:00,-39.4559466666667,9.07517333333333,13.8,1018.9000000000001,12.9,3.4000000000000004,339.6,13.100000000000001,7,19,16.3,327.6,1800,6.6363276
2026-08-03 08:00:00,-39.4507833333333,9.07906666666667,14.5,1020.2,12.8,3.4000000000000004,332.3,12.600000000000001,7,40,17.0,350.1,1800,6.5848832
2026-08-03 08:30:00,-39.446,9.08365166666667,15.100000000000001,1022.4000000000001,14.4,4.2,341.8,11.700000000000001,8,24,20.700000000000003,356.5,1800,7.4079936
2026-08-03 09:00:00,-39.4439616666667,9.09140333333333,15.200000000000001,1023.1,15.3,4.4,343.8,9.700000000000001,8,54,19.700000000000003,332.0,1800,7.870993200000001
2026-08-03 09:30:00,-39.44307,9.09951666666667,15.100000000000001,1023.3000000000001,15.9,4.7,343.0,10.200000000000001,9,24,21.3,348.1,1799,8.1796596
2026-08-03 10:00:00,-39.44538,9.108685,14.9,1023.6,17.1,4.9,339.5,11.100000000000001,9,31,21.8,340.8,1800,8.7969924
2026-08-03 10:30:00,-39.4533983333333,9.11787,14.9,1023.9000000000001,16.7,4.5,336.70000000000005,13.700000000000001,10,26,22.200000000000003,341.70000000000005,1800,8.5912148
2026-08-03 11:00:00,-39.47224,9.11386333333333,14.600000000000001,1023.8000000000001,16.7,4.4,333.5,18.3,10,59,21.900000000000002,320.40000000000003,1800,8.5912148
2026-08-03 12:30:00,-39.465325,9.06606833333333,14.700000000000001,1023.1,16.8,4.7,332.6,20.5,12,27,22.8,339.6,1800,8.6426592
2026-08-03 13:00:00,-39.46151,9.069175,14.9,1024.3,17.1,4.9,328.70000000000005,10.700000000000001,12,37,23.400000000000002,323.6,1800,8.7969924
2026-08-03 19:30:00,-39.3966016666667,8.81514833333333,13.600000000000001,1017.0,20.0,5.6000000000000005,326.20000000000005,17.3,19,2,26.8,337.70000000000005,1800,10.28888
2026-08-03 20:00:00,-39.39029,8.78976,13.4,1013.6,20.6,6.9,322.70000000000005,18.1,19,31,27.1,312.0,1800,10.5975464
2026-08-03 20:30:00,-39.3842066666667,8.76458,13.200000000000001,1012.0,19.6,6.300000000000001,316.8,18.1,20,3,28.6,313.1,1800,10.083102400000001
2026-08-03 21:00:00,-39.3774816666667,8.73739,13.4,1012.2,18.900000000000002,5.9,319.6,20.200000000000003,20,37,25.3,332.6,1800,9.722991600000002
2026-08-03 21:30:00,-39.3707333333333,8.71001666666667,13.600000000000001,1012.7,19.0,7.2,321.8,20.0,21,13,24.5,328.90000000000003,1799,9.774436
2026-08-03 22:00:00,-39.364165,8.68314,13.5,1012.6,20.700000000000003,8.6,321.40000000000003,19.700000000000003,21,48,30.200000000000003,293.0,1800,10.648990800000002
2026-08-03 22:30:00,-39.35781,8.65727166666667,13.4,1012.4000000000001,20.5,6.9,326.90000000000003,19.0,22,10,26.900000000000002,240.0,1800,10.546102
2026-08-03 23:00:00,-39.35165,8.632325,13.3,1011.8000000000001,20.900000000000002,6.4,323.6,19.0,22,36,27.0,335.90000000000003,1800,10.7518796
2026-08-03 23:30:00,-39.3515816666667,8.60692166666667,13.0,1011.1,21.3,8.9,309.3,23.6,23,29,29.900000000000002,279.40000000000003,1800,10.9576572
2026-08-04 00:00:00,-39.3416516666667,8.58578666666667,12.600000000000001,1008.8000000000001,21.400000000000002,9.8,293.1,20.8,23,30,29.900000000000002,270.8,1800,11.009101600000001
2026-08-04 00:30:00,-39.3252516666667,8.58651,12.600000000000001,1009.3000000000001,20.0,10.3,303.2,20.5,0,17,36.0,306.3,1799,10.28888
2026-08-04 01:00:00,-39.3168733333333,8.60197,12.600000000000001,1010.1,20.400000000000002,9.4,289.5,17.900000000000002,0,50,27.5,327.5,1800,10.494657600000002
2026-08-04 01:30:00,-39.3192933333333,8.61918833333333,12.3,1009.3000000000001,21.0,8.5,276.6,15.200000000000001,1,20,28.1,283.0,1799,10.803324
2026-08-04 02:00:00,-39.33108,8.62792666666667,12.5,1010.0,21.3,7.9,272.6,17.8,1,51,26.700000000000003,291.5,1800,10.9576572
2026-08-04 02:30:00,-39.3455116666667,8.62229833333333,12.9,1009.7,22.200000000000003,8.8,271.0,22.200000000000003,2,16,28.200000000000003,267.8,1800,11.420656800000001
2026-08-04 03:00:00,-39.3507216666667,8.60134833333333,12.0,1008.3000000000001,22.200000000000003,8.8,286.6,25.1,2,35,29.900000000000002,301.90000000000003,1800,11.420656800000001
2026-08-04 03:30:00,-39.3381866666667,8.583705,11.9,1006.8000000000001,21.6,7.800000000000001,300.5,25.6,3,28,27.900000000000002,330.90000000000003,1800,11.111990400000002
2026-08-04 04:00:00,-39.32121,8.59037666666667,11.8,1008.2,21.1,9.600000000000001,301.90000000000003,22.6,3,33,26.900000000000002,313.40000000000003,1800,10.854768400000001
2026-08-04 04:30:00,-39.3164316666667,8.60820333333333,12.100000000000001,1009.2,21.0,9.5,290.40000000000003,17.400000000000002,4,26,27.400000000000002,252.10000000000002,1800,10.803324
2026-08-04 05:00:00,-39.3225566666667,8.62254833333333,11.9,1007.7,21.900000000000002,9.8,282.6,19.0,4,31,29.6,276.3,1799,11.266323600000002
2026-08-04 05:30:00,-39.3344683333333,8.62794333333333,12.600000000000001,1009.1,20.8,9.600000000000001,281.2,20.6,5,0,28.3,279.3,1800,10.700435200000001
2026-08-04 06:00:00,-39.34757,8.62041,12.8,1010.3000000000001,22.3,14.200000000000001,283.90000000000003,26.400000000000002,5,53,32.4,268.40000000000003,1800,11.4721012
2026-08-04 06:30:00,-39.3493566666667,8.59661,12.100000000000001,1008.1,22.200000000000003,8.9,302.3,24.900000000000002,6,2,28.1,305.5,1800,11.420656800000001
2026-08-04 07:00:00,-39.33453,8.58369666666667,12.3,1008.8000000000001,21.200000000000003,8.6,320.1,28.5,6,30,29.3,321.70000000000005,1800,10.906212800000002
2026-08-04 15:30:00,-39.148655,8.58027333333333,12.8,1009.0,24.5,12.200000000000001,309.3,20.8,15,9,33.4,316.1,1800,12.603878
2026-08-04 16:00:00,-39.1560216666667,8.56582666666667,12.8,1008.6,25.3,15.700000000000001,317.5,23.400000000000002,15,43,34.5,311.40000000000003,1800,13.0154332
2026-08-04 16:30:00,-39.1534466666667,8.54839166666667,13.0,1008.8000000000001,25.700000000000003,13.3,333.6,22.5,16,21,34.1,23.5,1800,13.221210800000001
2026-08-04 17:00:00,-39.1404416666667,8.56806333333333,12.9,1007.9000000000001,23.8,12.9,338.70000000000005,23.400000000000002,16,40,34.9,345.3,1799,12.2437672
2026-08-04 17:30:00,-39.1276183333333,8.58809,12.8,1007.6,24.6,12.4,340.20000000000005,21.3,17,27,32.7,333.6,1800,12.655322400000001
2026-08-04 18:00:00,-39.1151583333333,8.60891166666667,12.9,1007.6,25.400000000000002,17.1,339.3,21.5,17,32,36.800000000000004,344.0,1800,13.066877600000002
2026-08-04 18:30:00,-39.10227,8.62572833333333,12.9,1007.8000000000001,26.1,15.3,336.8,21.400000000000002,18,3,35.300000000000004,328.5,1800,13.4269884
2026-08-04 19:00:00,-39.08798,8.62079333333333,13.100000000000001,1007.5,38.1,594.0,347.5,64.2,18,33,100.4,11.200000000000001,1800,19.6003164
2026-08-04 19:30:00,-39.07457,8.63798166666667,12.9,1006.9000000000001,28.1,43.900000000000006,342.6,26.400000000000002,19,12,94.30000000000001,4.6000000000000005,1800,14.455876400000001
2026-08-04 20:00:00,-39.0823516666667,8.66149166666667,13.0,1007.6,29.400000000000002,88.5,322.8,30.900000000000002,19,53,93.9,314.40000000000003,1797,15.124653600000002
2026-08-04 21:00:00,-39.1072216666667,8.65131166666667,13.100000000000001,1008.5,29.200000000000003,22.3,318.20000000000005,26.400000000000002,20,49,43.300000000000004,2.6,1799,15.021764800000001
2026-08-04 21:30:00,-39.107895,8.63677166666667,13.100000000000001,1006.1,31.5,79.80000000000001,329.3,36.5,21,19,93.4,337.5,1799,16.204986
2026-08-04 22:00:00,-39.1008783333333,8.624395,13.100000000000001,1004.5,30.8,39.5,339.0,28.3,21,44,94.10000000000001,2.6,1800,15.8448752
2026-08-04 22:30:00,-39.0861766666667,8.620795,13.200000000000001,1004.2,33.7,309.20000000000005,345.5,54.400000000000006,22,23,94.4,340.40000000000003,1800,17.336762800000002
2026-08-04 23:00:00,-39.0735966666667,8.64195,13.3,1005.1,26.5,19.3,345.5,27.200000000000003,22,31,35.4,331.6,1800,13.632766
2026-08-04 23:30:00,-39.0847533333333,8.66396833333333,12.8,1003.6,25.8,23.200000000000003,280.8,57.0,23,9,35.9,151.0,1800,13.2726552
2026-08-05 00:00:00,-39.0954216666667,8.66468333333333,10.600000000000001,994.3000000000001,22.5,13.600000000000001,207.70000000000002,30.700000000000003,23,33,31.400000000000002,209.5,1800,11.57499
2026-08-05 00:30:00,-39.1033283333333,8.65878666666667,10.3,992.8000000000001,17.7,8.6,222.3,32.1,0,2,25.6,214.5,1800,9.1056588
2026-08-05 01:00:00,-39.107855,8.648275,10.4,993.4000000000001,18.1,8.6,241.0,33.1,0,56,25.200000000000003,260.6,1799,9.311436400000002
2026-08-05 01:30:00,-39.1072483333333,8.634965,10.3,993.0,19.700000000000003,7.7,250.3,31.0,1,2,25.700000000000003,345.20000000000005,1800,10.134546800000003
2026-08-05 02:00:00,-39.09767,8.62161833333333,10.3,992.8000000000001,19.8,10.200000000000001,248.3,24.200000000000003,1,45,29.1,243.0,1800,10.1859912
2026-08-05 02:30:00,-39.0765733333333,8.629515,9.700000000000001,990.6,22.200000000000003,12.600000000000001,235.20000000000002,17.6,2,8,31.5,198.3,1800,11.420656800000001
2026-08-05 03:00:00,-39.07611,8.654165,9.4,989.8000000000001,23.3,12.9,213.5,19.8,2,38,32.4,204.0,1800,11.9865452
2026-08-05 03:30:00,-39.0858216666667,8.66484,9.3,990.5,20.0,12.700000000000001,209.70000000000002,21.400000000000002,3,24,30.400000000000002,208.70000000000002,1800,10.28888
2026-08-05 04:00:00,-39.095385,8.664855,9.1,989.6,20.200000000000003,16.0,209.70000000000002,25.3,3,32,30.1,203.9,1800,10.391768800000001
2026-08-05 04:30:00,-39.10259,8.65930666666667,9.700000000000001,991.5,22.1,14.700000000000001,211.20000000000002,28.700000000000003,4,15,31.6,214.9,1800,11.3692124
2026-08-05 05:00:00,-39.1076116666667,8.64919166666667,9.5,991.2,21.6,14.3,225.60000000000002,28.200000000000003,4,45,31.8,21.400000000000002,1799,11.111990400000002
2026-08-05 05:30:00,-39.1070183333333,8.63357666666667,9.5,991.1,21.900000000000002,12.100000000000001,240.0,27.900000000000002,5,18,29.8,228.20000000000002,1800,11.266323600000002
2026-08-05 06:00:00,-39.095565,8.62069833333333,9.3,990.0,20.6,18.3,256.5,26.200000000000003,5,58,34.7,220.9,1800,10.5975464
2026-08-05 06:30:00,-39.0764416666667,8.63040333333333,8.9,988.9000000000001,20.700000000000003,32.4,249.60000000000002,21.1,6,17,93.2,205.9,1800,10.648990800000002
2026-08-05 07:00:00,-39.0763616666667,8.65563,8.5,989.4000000000001,21.700000000000003,19.400000000000002,242.9,20.0,6,52,34.0,258.5,1800,11.163434800000001
2026-08-05 09:30:00,-39.09565,8.62060833333333,8.200000000000001,986.9000000000001,23.5,19.1,239.60000000000002,26.0,9,27,35.4,239.60000000000002,1800,12.089434
2026-08-05 10:00:00,-39.0863283333333,8.634705,8.0,986.9000000000001,24.0,30.700000000000003,221.4,27.1,9,54,71.9,216.0,1800,12.346656
2026-08-05 10:30:00,-39.0793616666667,8.66329166666667,7.6000000000000005,985.9000000000001,25.8,20.3,205.0,21.700000000000003,10,13,38.300000000000004,232.5,1800,13.2726552
2026-08-05 11:00:00,-39.0722166666667,8.6924,7.7,988.4000000000001,23.700000000000003,14.9,217.5,19.5,10,40,34.9,204.3,1800,12.192322800000001
2026-08-05 11:30:00,-39.06478,8.722565,7.5,985.2,24.3,40.2,221.9,23.1,11,14,88.9,198.8,1800,12.500989200000001
2026-08-05 12:00:00,-39.0573516666667,8.75294166666667,7.6000000000000005,986.3000000000001,23.6,13.5,223.4,18.5,11,32,35.2,225.70000000000002,1800,12.140878400000002
2026-08-05 12:30:00,-39.0494616666667,8.78444833333333,7.800000000000001,987.1,22.0,13.200000000000001,233.10000000000002,17.5,12,3,31.400000000000002,234.0,1800,11.317768000000001
2026-08-05 13:00:00,-39.0416716666667,8.81584,7.800000000000001,988.6,20.400000000000002,13.4,238.10000000000002,17.2,12,32,35.300000000000004,230.9,1799,10.494657600000002
2026-08-05 13:30:00,-39.029125,8.83905166666667,7.1000000000000005,986.7,21.400000000000002,12.9,234.70000000000002,21.3,13,2,34.1,243.5,1800,11.009101600000001
2026-08-05 16:30:00,-39.0526783333333,8.83231166666667,6.9,981.6,16.5,18.0,245.3,23.700000000000003,16,25,48.900000000000006,267.7,1800,8.488326
2026-08-05 17:00:00,-39.0375983333333,8.83016333333333,6.800000000000001,981.7,17.6,11.0,244.4,20.6,16,44,25.400000000000002,246.8,1799,9.054214400000001
2026-08-05 18:00:00,-39.0368533333333,8.87208166666667,8.3,986.2,18.3,12.9,225.70000000000002,21.0,17,47,27.3,222.3,1800,9.4143252
2026-08-05 18:30:00,-39.05216,8.870915,7.6000000000000005,983.4000000000001,17.2,12.200000000000001,216.20000000000002,23.900000000000002,18,1,25.6,177.60000000000002,1800,8.8484368
2026-08-05 19:00:00,-39.0603083333333,8.85828,7.2,982.6,16.5,9.1,228.9,26.1,18,55,24.3,178.5,1800,8.488326
2026-08-05 19:30:00,-39.0599733333333,8.84348,7.300000000000001,982.6,15.3,13.200000000000001,247.3,27.200000000000003,19,0,32.300000000000004,279.5,1800,7.870993200000001
2026-08-05 20:00:00,-39.052865,8.832505,7.6000000000000005,985.5,14.100000000000001,10.700000000000001,259.2,23.1,19,51,25.1,259.90000000000003,1800,7.253660400000001
2026-08-05 20:30:00,-39.0406583333333,8.82938333333333,7.9,986.8000000000001,15.4,13.100000000000001,266.7,21.1,20,28,24.900000000000002,216.8,1800,7.9224376
2026-08-05 21:00:00,-39.028635,8.841185,7.9,987.5,16.1,9.5,268.7,20.400000000000002,20,35,23.5,268.2,1799,8.282548400000001
2026-08-05 21:30:00,-39.0373033333333,8.85176166666667,7.5,986.7,16.1,13.5,260.7,24.8,21,14,26.3,290.8,1800,8.282548400000001
2026-08-05 22:00:00,-39.058225,8.85526166666667,7.7,987.8000000000001,15.9,19.1,251.8,23.700000000000003,21,49,25.6,219.4,1800,8.1796596
2026-08-05 22:30:00,-39.07225,8.86997666666667,7.9,987.8000000000001,17.5,11.8,262.40000000000003,22.900000000000002,22,17,26.700000000000003,295.90000000000003,1800,9.00277
2026-08-05 23:00:00,-39.08169,8.898655,9.5,990.4000000000001,19.1,12.5,274.90000000000003,17.6,22,58,31.200000000000003,283.5,1800,9.8258804
2026-08-05 23:30:00,-39.0910416666667,8.92831,8.4,987.5,21.700000000000003,27.200000000000003,286.0,19.3,23,6,34.6,315.5,1800,11.163434800000001
2026-08-06 00:00:00,-39.10037,8.95783333333333,7.4,987.0,19.700000000000003,11.8,275.5,18.400000000000002,23,53,30.400000000000002,274.8,1800,10.134546800000003
2026-08-06 00:30:00,-39.10972,8.98719166666667,8.9,989.2,19.200000000000003,10.600000000000001,280.7,18.6,0,20,26.6,273.0,1800,9.877324800000002
2026-08-06 01:00:00,-39.1195266666667,9.01796333333333,7.5,982.5,21.0,29.8,282.1,21.1,0,39,37.1,282.6,1799,10.803324
2026-08-06 01:30:00,-39.1285666666667,9.046835,7.1000000000000005,983.1,15.700000000000001,8.200000000000001,288.8,18.3,1,16,25.200000000000003,262.0,1800,8.0767708
2026-08-06 02:00:00,-39.12815,9.07212166666667,7.800000000000001,986.6,19.3,14.5,292.8,20.1,1,40,29.5,262.2,1800,9.928769200000001
2026-08-06 06:30:00,-39.14313,9.08227833333333,8.700000000000001,988.2,20.5,109.0,261.1,33.4,6,22,96.9,233.4,1800,10.546102
2026-08-06 07:00:00,-39.1578116666667,9.07275166666667,8.6,987.7,16.400000000000002,15.5,264.40000000000003,23.3,6,50,27.5,266.3,1800,8.436881600000001
2026-08-06 07:30:00,-39.1597533333333,9.05478833333333,9.1,989.8000000000001,19.5,10.600000000000001,280.6,26.5,7,1,29.400000000000002,198.60000000000002,1800,10.031658
2026-08-06 08:00:00,-39.1530083333333,9.04220333333333,9.4,990.9000000000001,19.200000000000003,13.0,291.0,30.400000000000002,7,57,28.200000000000003,284.7,1800,9.877324800000002
2026-08-06 08:30:00,-39.1598616666667,9.04797333333333,9.200000000000001,992.7,19.400000000000002,14.100000000000001,277.6,27.5,8,13,32.9,283.90000000000003,1800,9.9802136
2026-08-06 09:00:00,-39.17698,9.06306166666667,10.200000000000001,994.9000000000001,18.6,20.6,278.3,29.3,8,32,32.9,268.6,1799,9.5686584
2026-08-06 09:30:00,-39.1942266666667,9.07801,9.600000000000001,997.2,19.0,10.9,276.90000000000003,23.900000000000002,9,13,29.1,257.40000000000003,1800,9.774436
2026-08-06 10:00:00,-39.21071,9.09265,9.9,997.2,19.5,23.8,260.8,26.900000000000002,9,39,34.0,321.6,1800,10.031658
2026-08-06 10:30:00,-39.227015,9.10702166666667,10.0,996.6,19.200000000000003,15.100000000000001,277.0,26.6,10,27,30.700000000000003,292.1,1800,9.877324800000002
2026-08-06 11:00:00,-39.2438483333333,9.121635,9.5,995.6,19.700000000000003,10.5,297.6,24.700000000000003,10,38,26.6,285.90000000000003,1800,10.134546800000003
2026-08-06 11:30:00,-39.236315,9.13018833333333,9.600000000000001,996.7,19.900000000000002,32.7,294.1,23.700000000000003,11,17,88.4,311.1,1800,10.237435600000001
2026-08-06 12:00:00,-39.232405,9.145355,10.3,997.9000000000001,17.7,8.4,294.8,21.3,11,45,30.900000000000002,317.90000000000003,1800,9.1056588
2026-08-06 13:00:00,-39.2649183333333,9.157615,9.700000000000001,996.1,19.400000000000002,14.9,276.3,24.900000000000002,12,50,29.400000000000002,297.6,1800,9.9802136
2026-08-06 13:30:00,-39.26668,9.13865333333333,9.8,993.0,20.400000000000002,12.700000000000001,288.7,35.2,13,11,29.900000000000002,321.3,1800,10.494657600000002
2026-08-06 14:00:00,-39.2617816666667,9.12808166666667,9.8,994.0,17.6,11.700000000000001,298.1,38.800000000000004,13,51,28.3,292.6,1800,9.054214400000001
2026-08-06 15:00:00,-39.2482133333333,9.12239333333333,9.8,995.2,17.1,11.8,297.40000000000003,33.1,14,33,27.200000000000003,272.7,1800,8.7969924
2026-08-06 15:30:00,-39.2402733333333,9.12642666666667,9.4,994.0,16.6,17.0,299.40000000000003,29.6,15,21,27.6,247.3,1800,8.5397704
2026-08-06 16:00:00,-39.2337133333333,9.13860666666667,10.200000000000001,995.6,17.1,13.8,305.2,24.3,15,52,29.900000000000002,310.6,1800,8.7969924
2026-08-06 16:30:00,-39.238225,9.16050833333333,9.5,993.7,17.8,9.3,308.70000000000005,20.6,16,4,25.8,288.8,1799,9.1571032
2026-08-06 17:00:00,-39.2590616666667,9.16360833333333,10.100000000000001,995.0,19.700000000000003,18.1,289.0,22.8,16,45,45.6,291.2,1800,10.134546800000003
2026-08-06 17:30:00,-39.2674466666667,9.14698333333333,9.9,994.3000000000001,20.900000000000002,33.9,296.8,29.0,17,27,92.5,294.90000000000003,1800,10.7518796
2026-08-06 18:00:00,-39.2649916666667,9.13212333333333,9.600000000000001,991.7,18.1,11.700000000000001,313.5,33.7,17,47,26.900000000000002,322.6,1800,9.311436400000002
2026-08-06 18:30:00,-39.2578466666667,9.12456333333333,9.9,993.7,18.0,13.100000000000001,319.6,31.1,18,2,25.900000000000002,337.90000000000003,1800,9.259992
2026-08-06 19:00:00,-39.247935,9.122415,10.200000000000001,994.6,16.8,13.600000000000001,306.40000000000003,30.200000000000003,18,37,31.6,301.0,1800,8.6426592
2026-08-06 19:30:00,-39.2378,9.12880333333333,9.9,994.0,18.3,11.600000000000001,315.20000000000005,28.400000000000002,19,7,31.6,315.6,1800,9.4143252
2026-08-06 20:00:00,-39.2322333333333,9.144015,9.8,995.0,22.0,152.20000000000002,324.20000000000005,34.5,19,47,98.4,345.6,1800,11.317768000000001
2026-08-06 20:30:00,-39.24187,9.164135,9.700000000000001,994.8000000000001,20.700000000000003,12.5,317.5,21.6,20,29,29.5,329.70000000000005,1799,10.648990800000002
2026-08-06 21:00:00,-39.263355,9.17029,10.4,996.8000000000001,21.900000000000002,16.7,304.40000000000003,22.400000000000002,20,33,31.3,336.8,1800,11.266323600000002
2026-08-06 21:30:00,-39.2853533333333,9.17738333333333,10.100000000000001,996.0,21.700000000000003,14.3,304.8,24.5,21,3,35.2,316.6,1800,11.163434800000001
2026-08-06 22:00:00,-39.3077616666667,9.18463666666667,11.5,998.1,22.5,12.3,309.1,23.200000000000003,21,46,30.6,335.90000000000003,1800,11.57499
2026-08-06 22:30:00,-39.3299433333333,9.19182333333333,11.100000000000001,997.7,24.1,14.200000000000001,311.90000000000003,23.6,22,26,33.0,303.2,1800,12.3981004
2026-08-06 23:00:00,-39.3522133333333,9.19896666666667,10.600000000000001,996.3000000000001,24.200000000000003,23.700000000000003,314.70000000000005,26.0,22,41,82.0,310.3,1800,12.449544800000002
2026-08-06 23:30:00,-39.3742333333333,9.20602333333333,10.200000000000001,996.2,24.200000000000003,17.1,314.6,24.400000000000002,23,8,37.5,33.800000000000004,1796,12.449544800000002
2026-08-07 00:00:00,-39.3971516666667,9.213555,10.3,997.0,25.200000000000003,15.9,322.90000000000003,27.0,23,52,38.900000000000006,335.40000000000003,1800,12.963988800000001
2026-08-07 00:30:00,-39.4174733333333,9.222555,10.5,996.6,25.200000000000003,18.400000000000002,321.20000000000005,27.8,0,0,35.800000000000004,300.0,1799,12.963988800000001
2026-08-07 01:30:00,-39.4247766666667,9.1838,10.9,995.9000000000001,26.8,127.7,323.40000000000003,46.1,1,17,94.4,347.20000000000005,1800,13.7870992
2026-08-07 02:00:00,-39.4165733333333,9.17810333333333,10.8,996.0,25.3,18.400000000000002,324.6,38.0,1,35,36.2,310.8,1797,13.0154332
2026-08-07 02:30:00,-39.4091766666667,9.17811666666667,10.9,997.0,24.900000000000002,19.400000000000002,330.20000000000005,34.5,2,5,38.1,239.5,1800,12.809655600000001
2026-08-07 03:00:00,-39.4027016666667,9.182765,10.9,996.7,25.5,18.3,331.40000000000003,29.700000000000003,2,50,36.2,318.40000000000003,1800,13.118322000000001
2026-08-07 03:30:00,-39.3977566666667,9.18992333333333,10.9,996.9000000000001,26.200000000000003,19.1,334.90000000000003,31.1,3,22,35.2,329.0,1800,13.478432800000002
2026-08-07 04:00:00,-39.3958233333333,9.20269666666667,11.0,997.9000000000001,27.1,40.5,333.40000000000003,31.900000000000002,3,59,89.4,331.20000000000005,1800,13.941432400000002
2026-08-07 04:30:00,-39.4065916666667,9.22151166666667,10.9,997.9000000000001,28.200000000000003,63.300000000000004,332.70000000000005,33.0,4,21,89.80000000000001,319.0,1799,14.507320800000002
2026-08-08 15:30:00,-39.59241,8.81199333333333,6.5,983.0,16.7,15.8,195.70000000000002,34.5,15,9,26.400000000000002,152.8,1800,8.5912148
2026-08-08 16:00:00,-39.591855,8.81058666666667,6.300000000000001,982.8000000000001,14.4,13.100000000000001,205.9,30.400000000000002,15,57,24.8,228.70000000000002,1800,7.4079936
2026-08-08 16:30:00,-39.59209,8.80886333333333,6.5,982.3000000000001,15.700000000000001,11.200000000000001,215.70000000000002,28.700000000000003,16,13,25.0,231.9,1800,8.0767708
2026-08-08 17:00:00,-39.5926116666667,8.808015,7.4,984.0,15.4,11.100000000000001,222.60000000000002,25.900000000000002,16,52,24.1,226.20000000000002,1799,7.9224376
2026-08-08 17:30:00,-39.5928033333333,8.80775,6.800000000000001,982.7,15.0,10.4,216.9,29.200000000000003,17,13,23.0,215.8,1800,7.71666
2026-08-08 18:00:00,-39.5938116666667,8.80714,6.6000000000000005,981.4000000000001,15.100000000000001,13.0,205.3,26.200000000000003,17,42,22.700000000000003,218.8,1800,7.768104400000001
2026-08-08 18:30:00,-39.59398,8.80718333333333,7.2,983.5,16.1,19.8,207.5,27.400000000000002,18,25,26.1,228.60000000000002,1800,8.282548400000001
2026-08-08 19:00:00,-39.5946,8.80729666666667,7.4,984.1,16.7,11.4,215.20000000000002,24.900000000000002,18,53,26.8,203.0,1800,8.5912148
2026-08-08 19:30:00,-39.59418,8.80721666666667,7.300000000000001,984.2,17.3,11.600000000000001,225.8,23.700000000000003,19,5,25.400000000000002,220.0,1800,8.899881200000001
2026-08-08 20:00:00,-39.5941216666667,8.80720666666667,6.300000000000001,980.9000000000001,14.9,15.200000000000001,217.10000000000002,25.200000000000003,19,31,26.400000000000002,244.4,1800,7.665215600000001
2026-08-08 20:30:00,-39.5942233333333,8.80721666666667,6.6000000000000005,982.5,15.600000000000001,20.5,219.9,26.700000000000003,20,16,26.900000000000002,215.60000000000002,1800,8.0253264
2026-08-08 21:00:00,-39.5939416666667,8.807265,7.0,984.0,18.7,21.5,209.9,21.6,20,42,27.8,225.4,1799,9.6201028
2026-08-08 21:30:00,-39.5938966666667,8.807245,6.800000000000001,982.9000000000001,15.9,8.700000000000001,212.0,22.1,21,11,26.400000000000002,219.3,1800,8.1796596
2026-08-08 22:00:00,-39.5945216666667,8.80723333333333,7.5,984.8000000000001,18.400000000000002,13.200000000000001,200.5,24.3,21,51,27.1,205.4,1800,9.465769600000002
2026-08-08 22:30:00,-39.595475,8.807705,7.6000000000000005,985.0,18.0,15.3,210.0,23.8,22,0,28.5,224.70000000000002,1800,9.259992
2026-08-08 23:00:00,-39.595465,8.80774666666667,7.7,987.1,17.3,12.100000000000001,214.20000000000002,24.3,22,31,26.700000000000003,219.4,1800,8.899881200000001
2026-08-08 23:30:00,-39.595375,8.80773,7.7,985.9000000000001,18.3,11.100000000000001,219.10000000000002,25.5,23,17,27.3,223.70000000000002,1800,9.4143252
2026-08-09 00:00:00,-39.5960733333333,8.808675,7.5,983.9000000000001,16.2,11.8,216.4,25.5,23,56,25.400000000000002,191.9,1800,8.333992799999999
2026-08-09 00:30:00,-39.5952266666667,8.81263666666667,6.800000000000001,983.6,14.8,9.0,209.8,27.3,0,14,22.400000000000002,198.70000000000002,1799,7.6137712
2026-08-09 01:00:00,-39.5926216666667,8.81225333333333,7.300000000000001,985.8000000000001,16.6,12.4,201.0,24.0,0,57,27.400000000000002,209.10000000000002,1799,8.5397704
2026-08-09 01:30:00,-39.5919866666667,8.81132,7.4,983.7,16.8,11.4,206.5,27.400000000000002,1,22,26.8,185.4,1800,8.6426592
2026-08-09 02:00:00,-39.5918416666667,8.80961833333333,7.9,985.2,15.5,11.600000000000001,201.10000000000002,27.700000000000003,1,48,24.6,189.8,1800,7.973882000000001
2026-08-09 02:30:00,-39.5923316666667,8.80829,8.0,985.9000000000001,14.5,10.0,206.3,25.400000000000002,2,5,22.8,238.5,1800,7.4594380000000005
2026-08-09 03:00:00,-39.5933016666667,8.80731333333333,7.7,986.1,15.100000000000001,13.600000000000001,208.4,25.200000000000003,2,58,25.0,197.8,1800,7.768104400000001
2026-08-09 03:30:00,-39.594055,8.80713333333333,7.7,986.2,16.5,9.5,218.4,25.3,3,21,23.200000000000003,227.20000000000002,1800,8.488326
2026-08-09 04:00:00,-39.5954866666667,8.807685,7.6000000000000005,985.9000000000001,15.0,13.600000000000001,205.3,28.0,3,34,22.900000000000002,218.0,1800,7.71666
2026-08-09 04:30:00,-39.5963683333333,8.81088166666667,7.7,985.9000000000001,14.8,12.5,205.70000000000002,27.1,4,16,23.1,198.9,1799,7.6137712
2026-08-09 05:00:00,-39.595295,8.81271,6.800000000000001,984.7,14.4,9.700000000000001,205.70000000000002,23.5,4,36,22.200000000000003,225.70000000000002,1800,7.4079936
2026-08-09 05:30:00,-39.5934483333333,8.812885,6.800000000000001,984.7,14.700000000000001,9.1,190.8,19.900000000000002,5,26,23.700000000000003,193.10000000000002,1800,7.562326800000001
2026-08-09 06:00:00,-39.592455,8.81211166666667,8.4,987.5,14.9,10.700000000000001,198.70000000000002,23.200000000000003,5,54,24.5,181.0,1800,7.665215600000001
2026-08-09 06:30:00,-39.5920283333333,8.81130166666667,8.6,988.1,14.8,10.9,197.5,23.1,6,26,23.0,225.60000000000002,1800,7.6137712
2026-08-09 07:00:00,-39.591935,8.81068,7.9,987.2,14.0,8.5,204.4,23.1,6,33,20.900000000000002,222.10000000000002,1800,7.202216
2026-08-09 07:30:00,-39.5918966666667,8.809595,7.9,987.6,13.600000000000001,8.700000000000001,194.5,23.0,7,29,23.1,174.3,1800,6.996438400000001
2026-08-09 08:00:00,-39.5921266666667,8.80870166666667,8.6,988.8000000000001,13.700000000000001,10.9,190.20000000000002,23.1,7,30,23.400000000000002,185.8,1800,7.047882800000001
2026-08-09 08:30:00,-39.592755,8.80778833333333,8.200000000000001,988.5,13.0,8.1,201.0,22.700000000000003,8,15,23.0,189.60000000000002,1799,6.687772
2026-08-09 09:00:00,-39.5939666666667,8.80711,8.1,988.3000000000001,12.600000000000001,8.200000000000001,202.5,26.1,8,49,20.8,235.0,1800,6.4819944000000005
2026-08-09 09:30:00,-39.5962533333333,8.80891166666667,8.200000000000001,989.3000000000001,12.0,7.9,203.70000000000002,24.6,9,14,19.700000000000003,217.8,1800,6.173328
2026-08-09 10:00:00,-39.5947916666667,8.812845,9.0,990.7,12.200000000000001,9.1,201.60000000000002,23.0,9,52,20.0,185.20000000000002,1800,6.2762168
2026-08-09 10:30:00,-39.5933,8.812625,9.1,991.9000000000001,12.100000000000001,6.300000000000001,206.4,21.5,10,2,18.5,219.10000000000002,1800,6.224772400000001
2026-08-09 11:00:00,-39.592005,8.81101,9.200000000000001,992.1,10.9,6.6000000000000005,197.9,24.6,10,52,16.5,195.8,1800,5.6074396
2026-08-09 11:30:00,-39.5921183333333,8.80878666666667,9.3,993.3000000000001,8.700000000000001,7.9,205.0,25.200000000000003,11,2,17.5,215.0,1800,4.4756628
2026-08-09 12:00:00,-39.5913483333333,8.81640666666667,9.3,995.4000000000001,9.0,5.6000000000000005,200.3,19.400000000000002,11,39,15.700000000000001,183.60000000000002,1800,4.629996
2026-08-09 12:30:00,-39.590275,8.82414833333333,9.3,995.1,8.6,5.300000000000001,200.8,16.400000000000002,12,1,14.4,220.20000000000002,1799,4.4242184
2026-08-09 13:00:00,-39.5896983333333,8.83211166666667,9.5,995.6,7.800000000000001,4.800000000000001,198.0,17.8,12,37,12.8,199.70000000000002,1800,4.0126632
2026-08-09 13:30:00,-39.590815,8.83992333333333,9.3,993.4000000000001,8.6,5.2,190.0,18.2,13,6,13.8,198.9,1800,4.4242184
2026-08-09 14:00:00,-39.592675,8.84767333333333,9.3,992.7,7.7,7.800000000000001,185.0,24.3,13,49,16.400000000000002,191.8,1800,3.9612188
2026-08-09 14:30:00,-39.5934266666667,8.85506333333333,9.3,993.2,7.300000000000001,6.0,195.3,22.0,14,10,12.700000000000001,211.0,1800,3.7554412000000004
2026-08-09 15:00:00,-39.5950316666667,8.86212333333333,9.5,995.7,8.1,5.300000000000001,194.20000000000002,19.400000000000002,14,48,14.3,206.0,1800,4.1669963999999995
2026-08-09 15:30:00,-39.59716,8.86861666666667,9.3,991.7,8.4,4.0,214.0,21.1,15,7,13.700000000000001,271.8,1800,4.3213296
2026-08-09 16:00:00,-39.5996033333333,8.87566333333333,9.3,992.1,6.0,5.4,211.60000000000002,27.1,15,52,11.700000000000001,263.3,1800,3.086664
2026-08-09 16:30:00,-39.6027216666667,8.88317666666667,9.4,992.0,6.300000000000001,5.300000000000001,216.20000000000002,29.0,16,11,13.3,194.20000000000002,1799,3.2409972000000002
2026-08-09 17:00:00,-39.6067266666667,8.89114666666667,9.1,990.0,6.300000000000001,5.4,228.70000000000002,32.300000000000004,16,38,11.0,94.0,1800,3.2409972000000002
2026-08-09 17:30:00,-39.6105566666667,8.899185,8.9,988.7,4.1000000000000005,3.1,223.70000000000002,41.1,17,24,8.1,218.3,1800,2.1092204000000003
2026-08-09 18:00:00,-39.6149433333333,8.90750666666667,9.0,989.9000000000001,3.0,3.0,197.20000000000002,60.2,17,43,8.0,215.8,1800,1.543332
2026-08-09 18:30:00,-39.61856,8.91596666666667,9.1,990.4000000000001,5.0,3.9000000000000004,246.8,31.3,18,13,10.5,199.10000000000002,1800,2.57222
2026-08-09 19:00:00,-39.623655,8.92499166666667,9.0,989.8000000000001,3.9000000000000004,3.9000000000000004,254.5,41.1,18,55,9.0,307.6,1800,2.0063316
2026-08-09 19:30:00,-39.627515,8.934405,9.1,990.0,3.9000000000000004,2.9000000000000004,255.9,40.6,19,2,8.5,90.30000000000001,1800,2.0063316
2026-08-09 20:00:00,-39.6309833333333,8.94356833333333,9.1,989.9000000000001,3.7,2.4000000000000004,257.3,39.400000000000006,19,44,7.300000000000001,232.60000000000002,1800,1.9034428
2026-08-09 20:30:00,-39.633845,8.95319,9.200000000000001,990.3000000000001,2.7,2.0,249.0,50.300000000000004,20,10,6.9,270.7,1799,1.3889988000000002
2026-08-09 21:00:00,-39.6370716666667,8.96311166666667,9.3,990.7,4.6000000000000005,4.6000000000000005,287.1,25.900000000000002,20,55,10.200000000000001,293.90000000000003,1800,2.3664424000000004
2026-08-09 21:30:00,-39.6402933333333,8.97257833333333,9.200000000000001,990.0,4.5,3.5,300.0,25.8,21,27,9.8,266.90000000000003,1800,2.314998
2026-08-09 22:00:00,-39.6434283333333,8.98183166666667,9.200000000000001,989.9000000000001,5.6000000000000005,3.5,307.5,27.5,21,54,9.8,343.20000000000005,1800,2.8808864000000005
2026-08-09 22:30:00,-39.6439816666667,8.98931,9.200000000000001,990.2,6.0,5.0,324.3,22.5,22,23,11.9,313.70000000000005,1800,3.086664
2026-08-09 23:00:00,-39.6403666666667,8.99553,9.0,990.1,6.5,4.5,321.40000000000003,20.1,22,47,11.700000000000001,319.0,1800,3.343886
2026-08-09 23:30:00,-39.636365,9.00064333333333,9.4,990.9000000000001,6.0,5.2,322.40000000000003,24.0,23,0,11.5,321.40000000000003,1800,3.086664
2026-08-10 00:00:00,-39.6322183333333,9.00570666666667,9.5,991.4000000000001,7.2,5.1000000000000005,325.20000000000005,17.0,23,49,12.200000000000001,334.1,1800,3.7039968
2026-08-10 00:30:00,-39.6281566666667,9.01114833333333,9.700000000000001,991.9000000000001,7.9,5.0,315.8,17.8,0,12,12.700000000000001,308.0,1799,4.064107600000001
2026-08-10 01:00:00,-39.6247283333333,9.015615,9.8,992.3000000000001,8.6,5.4,319.0,15.3,0,57,14.8,302.7,1800,4.4242184
2026-08-10 01:30:00,-39.6208716666667,9.01992166666667,9.9,992.8000000000001,8.9,5.1000000000000005,315.3,18.1,1,17,14.600000000000001,329.6,1800,4.5785516
2026-08-10 02:00:00,-39.6171766666667,9.02417833333333,10.100000000000001,993.5,8.8,4.4,310.20000000000005,16.1,1,46,13.8,315.90000000000003,1800,4.5271072000000006
2026-08-10 02:30:00,-39.6137966666667,9.02916833333333,10.100000000000001,994.8000000000001,9.9,4.6000000000000005,300.6,17.7,2,3,14.8,294.1,1800,5.0929956
2026-08-10 03:00:00,-39.6106733333333,9.03424166666667,10.200000000000001,996.3000000000001,10.200000000000001,4.4,298.3,16.5,2,35,15.600000000000001,311.20000000000005,1800,5.247328800000001
2026-08-10 03:30:00,-39.60772,9.03854666666667,10.200000000000001,997.5,10.600000000000001,5.2,302.6,15.3,3,7,18.400000000000002,320.0,1800,5.453106400000001
2026-08-10 04:00:00,-39.604725,9.04298666666667,10.3,999.1,10.600000000000001,4.800000000000001,302.2,16.3,3,47,16.3,307.5,1800,5.453106400000001
2026-08-10 04:30:00,-39.601745,9.04745666666667,10.4,1000.4000000000001,10.700000000000001,4.5,295.3,16.6,4,16,17.2,290.40000000000003,1799,5.5045508000000005
2026-08-10 05:00:00,-39.5993266666667,9.05247833333333,10.5,1002.3000000000001,11.0,4.4,292.3,18.400000000000002,4,33,16.7,259.5,1800,5.6588840000000005
2026-08-10 05:30:00,-39.5971116666667,9.05746833333333,10.200000000000001,1002.7,9.700000000000001,4.0,270.2,20.0,5,3,15.200000000000001,309.70000000000005,1800,4.9901068
2026-08-10 06:00:00,-39.595095,9.06282666666667,10.100000000000001,1003.9000000000001,9.5,4.5,297.7,20.900000000000002,5,31,14.700000000000001,313.6,1800,4.887218
2026-08-10 06:30:00,-39.5931066666667,9.068645,10.200000000000001,1005.7,9.9,4.9,305.1,14.600000000000001,6,28,16.6,303.3,1800,5.0929956
2026-08-10 07:00:00,-39.5914733333333,9.075175,10.9,1011.1,9.8,3.4000000000000004,287.8,15.4,6,54,15.4,291.90000000000003,1800,5.041551200000001
2026-08-10 07:30:00,-39.5900566666667,9.08173333333333,11.5,1016.8000000000001,9.1,4.1000000000000005,295.3,17.2,7,7,14.0,314.40000000000003,1800,4.6814404
2026-08-10 08:00:00,-39.5885116666667,9.08789,11.700000000000001,1021.7,8.3,5.0,305.90000000000003,16.400000000000002,7,42,13.9,302.8,1800,4.2698852
2026-08-10 08:30:00,-39.5870466666667,9.09348666666667,12.3,1026.8,8.9,4.7,309.8,14.200000000000001,8,29,14.9,305.1,1799,4.5785516
2026-08-10 09:00:00,-39.585485,9.09896,13.0,1032.2,9.8,5.300000000000001,310.90000000000003,14.200000000000001,8,40,15.100000000000001,307.5,1800,5.041551200000001
2026-08-10 09:30:00,-39.5837883333333,9.10404333333333,12.9,1035.2,10.600000000000001,5.2,313.5,13.200000000000001,9,11,15.5,314.70000000000005,1800,5.453106400000001
2026-08-10 10:00:00,-39.5820816666667,9.10985666666667,12.8,1037.5,10.700000000000001,5.6000000000000005,313.6,14.0,9,39,17.8,321.6,1800,5.5045508000000005
2026-08-10 10:30:00,-39.5806516666667,9.11476333333333,12.8,1039.7,9.9,4.3,310.6,14.4,10,24,14.8,314.3,1800,5.0929956
2026-08-10 11:00:00,-39.57904,9.11977666666667,12.8,1041.9,9.8,4.4,314.3,14.700000000000001,10,48,15.100000000000001,313.1,1800,5.041551200000001
2026-08-10 11:30:00,-39.5775033333333,9.12556333333333,12.8,1042.7,9.600000000000001,4.3,312.8,13.600000000000001,11,21,14.100000000000001,288.1,1800,4.938662400000001
2026-08-10 12:00:00,-39.5754533333333,9.13110166666667,13.0,1044.4,9.0,4.0,302.2,16.3,11,33,13.200000000000001,276.40000000000003,1800,4.629996
2026-08-10 12:30:00,-39.5734283333333,9.13704833333333,12.9,1044.1000000000001,8.5,4.1000000000000005,301.0,17.1,12,8,14.700000000000001,314.70000000000005,1799,4.372774
2026-08-10 13:00:00,-39.57111,9.14268,12.8,1043.9,8.6,5.2,306.6,15.200000000000001,12,45,14.100000000000001,307.5,1800,4.4242184
2026-08-10 13:30:00,-39.568795,9.14821,13.0,1046.1000000000001,7.800000000000001,4.2,312.0,17.2,13,23,12.600000000000001,342.40000000000003,1800,4.0126632
2026-08-10 14:00:00,-39.5662316666667,9.15326166666667,12.8,1044.1000000000001,7.9,3.3000000000000003,309.0,19.0,13,36,11.700000000000001,323.70000000000005,1800,4.064107600000001
2026-08-10 14:30:00,-39.56404,9.15812,12.700000000000001,1044.1000000000001,7.5,5.2,316.5,19.1,14,25,12.600000000000001,318.1,1800,3.85833
2026-08-10 15:00:00,-39.5614366666667,9.162425,12.700000000000001,1043.5,6.6000000000000005,3.7,314.20000000000005,19.3,14,51,10.4,330.5,1800,3.3953304
2026-08-10 15:30:00,-39.5600883333333,9.16604,12.4,1042.9,7.4,4.2,329.6,17.900000000000002,15,10,13.100000000000001,1.9000000000000001,1800,3.8068856
2026-08-10 16:00:00,-39.5584383333333,9.17123,12.100000000000001,1041.1000000000001,7.4,3.8000000000000003,335.5,17.400000000000002,15,47,12.200000000000001,9.4,1800,3.8068856
2026-08-10 16:30:00,-39.5579266666667,9.17787666666667,11.8,1039.7,7.800000000000001,4.1000000000000005,339.20000000000005,18.8,16,12,12.200000000000001,330.40000000000003,1799,4.0126632
2026-08-10 17:00:00,-39.5572883333333,9.18461,11.3,1038.0,7.800000000000001,3.6,350.1,16.8,16,45,12.100000000000001,351.70000000000005,1800,4.0126632
2026-08-10 17:30:00,-39.5573866666667,9.19179833333333,11.100000000000001,1038.8,8.8,3.9000000000000004,342.5,14.8,17,29,13.0,333.6,1800,4.5271072000000006
2026-08-10 18:00:00,-39.557285,9.19918666666667,11.100000000000001,1040.2,9.4,4.1000000000000005,350.90000000000003,15.5,17,48,14.100000000000001,331.20000000000005,1800,4.8357736000000004
2026-08-10 18:30:00,-39.557415,9.20698666666667,11.100000000000001,1041.4,9.8,3.9000000000000004,352.8,13.8,18,29,13.9,356.8,1800,5.041551200000001
2026-08-10 19:00:00,-39.5573233333333,9.21499833333333,10.9,1042.2,10.600000000000001,3.6,351.40000000000003,13.0,18,48,14.8,2.9000000000000004,1800,5.453106400000001
2026-08-10 19:30:00,-39.5572483333333,9.22326,11.0,1042.8,10.8,3.9000000000000004,354.5,14.0,19,13,15.0,29.1,1800,5.555995200000001
2026-08-10 20:00:00,-39.5575266666667,9.23110833333333,11.0,1043.3,11.3,4.0,355.40000000000003,11.700000000000001,19,56,15.8,334.1,1800,5.8132172
2026-08-10 20:30:00,-39.5579266666667,9.23942666666667,11.0,1043.6000000000001,11.8,4.1000000000000005,358.5,13.3,20,13,17.0,332.3,1799,6.070439200000001
2026-08-10 21:00:00,-39.55805,9.24758666666667,11.0,1043.9,11.8,4.1000000000000005,0.5,11.600000000000001,20,59,16.6,6.300000000000001,1800,6.070439200000001
2026-08-10 21:30:00,-39.5577266666667,9.25534833333333,11.0,1043.9,12.100000000000001,3.8000000000000003,1.7000000000000002,10.700000000000001,21,19,16.1,5.0,1800,6.224772400000001
2026-08-10 22:00:00,-39.5565283333333,9.26297,10.9,1043.8,11.9,4.0,2.1,11.3,21,30,16.2,343.90000000000003,1800,6.1218836
2026-08-10 22:30:00,-39.555985,9.27120833333333,11.0,1043.9,11.700000000000001,3.9000000000000004,359.20000000000005,10.3,22,16,15.700000000000001,334.3,1800,6.018994800000001
2026-08-10 23:00:00,-39.5551666666667,9.27914,11.0,1044.1000000000001,11.700000000000001,3.8000000000000003,0.1,12.700000000000001,22,48,15.4,14.8,1800,6.018994800000001
2026-08-10 23:30:00,-39.553995,9.28656833333333,11.0,1043.8,11.4,3.7,1.1,10.8,23,7,17.5,7.9,1800,5.864661600000001
2026-08-11 00:00:00,-39.553545,9.293055,11.0,1043.4,11.600000000000001,3.4000000000000004,0.30000000000000004,11.3,23,30,15.700000000000001,1.5,1800,5.967550400000001
2026-08-11 00:30:00,-39.55259,9.29882,11.100000000000001,1043.4,11.200000000000001,3.4000000000000004,1.1,12.200000000000001,0,12,15.4,10.600000000000001,1799,5.761772800000001
2026-08-11 01:00:00,-39.5523016666667,9.304515,11.100000000000001,1043.2,11.5,3.7,359.70000000000005,11.100000000000001,0,34,16.0,350.90000000000003,1800,5.916106
2026-08-11 01:30:00,-39.551875,9.31074833333333,11.100000000000001,1043.1000000000001,11.4,3.7,1.5,11.3,1,16,15.600000000000001,10.0,1800,5.864661600000001
2026-08-11 02:00:00,-39.55156,9.316345,11.100000000000001,1042.8,11.9,3.4000000000000004,3.7,9.8,1,59,15.600000000000001,9.4,1800,6.1218836
2026-08-11 02:30:00,-39.5516816666667,9.32131666666667,11.3,1042.8,12.200000000000001,3.6,3.9000000000000004,11.100000000000001,2,25,16.900000000000002,2.8000000000000003,1800,6.2762168
2026-08-11 03:00:00,-39.550915,9.32570833333333,11.3,1042.4,12.700000000000001,3.8000000000000003,8.700000000000001,8.8,2,31,17.2,17.7,1800,6.533438800000001
2026-08-11 03:30:00,-39.551195,9.330305,11.3,1041.9,12.700000000000001,3.7,16.3,10.0,3,10,17.1,34.800000000000004,1800,6.533438800000001
2026-08-11 04:00:00,-39.5510183333333,9.33430166666667,11.4,1041.9,12.100000000000001,3.4000000000000004,21.6,11.8,3,55,16.900000000000002,33.300000000000004,1800,6.224772400000001
2026-08-11 04:30:00,-39.5512183333333,9.338595,11.4,1041.8,13.200000000000001,4.5,35.1,11.4,4,21,18.1,23.1,1799,6.7906608
2026-08-11 05:00:00,-39.551865,9.34183666666667,11.4,1041.9,13.200000000000001,4.7,41.900000000000006,10.0,4,48,18.2,47.400000000000006,1800,6.7906608
2026-08-11 05:30:00,-39.5529383333333,9.34578833333333,11.600000000000001,1042.8,10.5,6.0,35.4,13.100000000000001,5,26,15.200000000000001,49.800000000000004,1800,5.401662
2026-08-11 06:00:00,-39.553905,9.35004,12.200000000000001,1043.4,12.600000000000001,5.4,17.0,14.0,5,43,18.400000000000002,26.5,1800,6.4819944000000005
2026-08-11 06:30:00,-39.5559433333333,9.35513833333333,12.200000000000001,1042.4,14.600000000000001,4.800000000000001,36.9,10.200000000000001,6,11,20.3,28.6,1800,7.510882400000001
2026-08-11 07:00:00,-39.5573833333333,9.36093833333333,12.200000000000001,1042.1000000000001,13.4,4.3,38.900000000000006,10.5,6,33,17.6,32.6,1800,6.8935496
2026-08-11 07:30:00,-39.55849,9.36700833333333,12.3,1042.3,14.9,7.0,34.5,9.5,7,21,21.6,30.900000000000002,1800,7.665215600000001
2026-08-11 08:00:00,-39.5552133333333,9.361965,12.5,1042.6000000000001,15.8,4.5,40.1,10.5,7,54,19.8,36.2,1800,8.128215200000001
2026-08-11 08:30:00,-39.551795,9.35728166666667,12.8,1043.1000000000001,14.100000000000001,3.3000000000000003,45.400000000000006,12.0,8,27,17.8,47.7,1799,7.253660400000001
2026-08-11 09:00:00,-39.5482633333333,9.352255,13.200000000000001,1043.3,15.0,4.4,53.5,9.600000000000001,8,41,19.900000000000002,54.0,1800,7.71666
2026-08-11 09:30:00,-39.5447516666667,9.34679166666667,13.600000000000001,1043.0,15.5,4.2,60.0,7.1000000000000005,9,22,21.1,62.0,1800,7.973882000000001
2026-08-11 10:00:00,-39.5411066666667,9.34383833333333,13.700000000000001,1042.1000000000001,15.8,4.3,60.6,7.0,9,40,20.0,66.9,1800,8.128215200000001
2026-08-11 10:30:00,-39.5367433333333,9.341075,13.200000000000001,1040.7,16.2,4.9,50.7,10.100000000000001,10,19,21.6,56.900000000000006,1800,8.333992799999999
2026-08-11 11:00:00,-39.5322416666667,9.33874333333333,13.200000000000001,1040.7,15.8,4.9,47.7,9.9,10,41,21.3,38.2,1800,8.128215200000001
2026-08-11 11:30:00,-39.5268266666667,9.334935,13.4,1041.2,14.8,4.1000000000000005,55.6,9.5,11,25,19.5,62.300000000000004,1800,7.6137712
2026-08-11 12:00:00,-39.5213383333333,9.32909333333333,13.3,1040.2,16.8,5.4,60.5,9.700000000000001,11,47,22.700000000000003,67.3,1799,8.6426592
2026-08-11 12:30:00,-39.5160616666667,9.32320333333333,13.4,1039.7,18.900000000000002,6.2,50.900000000000006,11.700000000000001,12,27,26.200000000000003,48.5,1800,9.722991600000002
2026-08-11 13:00:00,-39.511455,9.318555,13.4,1038.9,20.0,5.800000000000001,46.900000000000006,10.200000000000001,12,39,26.400000000000002,53.900000000000006,1800,10.28888
2026-08-11 13:30:00,-39.5062483333333,9.31319666666667,13.5,1038.6000000000001,17.7,5.5,57.0,9.600000000000001,13,5,23.900000000000002,60.1,1800,9.1056588
2026-08-11 14:00:00,-39.5011066666667,9.30786166666667,13.600000000000001,1038.0,18.7,6.2,57.2,11.3,13,58,25.8,65.10000000000001,1800,9.6201028
2026-08-11 15:30:00,-39.486755,9.29006833333333,12.700000000000001,1034.8,21.8,6.9,53.2,14.200000000000001,15,20,28.200000000000003,63.6,1800,11.2148792
2026-08-11 16:00:00,-39.48333,9.28457833333333,13.100000000000001,1034.3,23.400000000000002,9.8,47.2,15.3,15,47,31.1,63.0,1799,12.037989600000001
2026-08-11 16:30:00,-39.4800416666667,9.28025,12.600000000000001,1033.9,23.8,11.5,46.900000000000006,14.200000000000001,16,2,31.6,56.800000000000004,1800,12.2437672
2026-08-11 17:00:00,-39.476435,9.27553833333333,13.4,1035.4,22.3,9.1,47.800000000000004,16.6,16,47,30.400000000000002,41.900000000000006,1800,11.4721012
2026-08-11 17:30:00,-39.4733433333333,9.27186833333333,13.0,1035.2,21.1,8.3,43.5,15.8,17,8,27.700000000000003,42.2,1800,10.854768400000001
2026-08-11 18:00:00,-39.470315,9.26822,12.8,1035.0,22.5,9.4,41.5,17.5,17,37,30.0,56.800000000000004,1800,11.57499
2026-08-11 18:30:00,-39.4669833333333,9.26411166666667,13.5,1035.9,21.0,9.5,41.7,19.900000000000002,18,0,30.0,28.6,1800,10.803324
2026-08-11 19:00:00,-39.463655,9.26128166666667,13.600000000000001,1036.3,21.0,8.200000000000001,39.6,16.7,18,37,29.200000000000003,39.900000000000006,1800,10.803324
2026-08-11 19:30:00,-39.4602,9.258665,13.4,1036.4,19.3,7.2,42.5,12.0,19,3,27.400000000000002,45.5,1800,9.928769200000001
2026-08-11 20:00:00,-39.456265,9.25453833333333,13.700000000000001,1036.6000000000001,19.400000000000002,7.5,45.900000000000006,14.700000000000001,19,49,25.5,31.1,1799,9.9802136
2026-08-11 20:30:00,-39.459005,9.26443,13.4,1035.8,19.400000000000002,8.1,39.6,11.9,20,28,27.8,28.3,1800,9.9802136
2026-08-11 21:00:00,-39.4613283333333,9.27481166666667,13.0,1034.3,20.6,7.7,39.400000000000006,12.4,20,40,27.700000000000003,46.2,1800,10.5975464
2026-08-11 21:30:00,-39.4636666666667,9.285415,12.9,1033.2,20.1,9.4,36.1,14.5,21,8,27.6,34.7,1800,10.340324400000002
2026-08-11 22:00:00,-39.4653383333333,9.29642,12.8,1033.4,18.6,6.1000000000000005,41.800000000000004,11.4,21,44,24.8,103.7,1800,9.5686584
2026-08-11 22:30:00,-39.4659383333333,9.307065,13.200000000000001,1035.2,19.5,6.6000000000000005,43.2,11.9,22,28,26.5,31.200000000000003,1800,10.031658
2026-08-11 23:00:00,-39.4666883333333,9.31790166666667,13.600000000000001,1036.3,18.5,6.9,42.400000000000006,10.9,22,32,26.1,34.6,1800,9.517214000000001
2026-08-11 23:30:00,-39.467635,9.32816,12.8,1035.8,17.8,6.800000000000001,44.1,9.700000000000001,23,3,24.5,50.900000000000006,1800,9.1571032
2026-08-12 00:00:00,-39.4685783333333,9.33841166666667,12.9,1035.9,17.6,7.0,47.300000000000004,12.9,23,53,24.400000000000002,39.300000000000004,1799,9.054214400000001
2026-08-12 00:30:00,-39.4683466666667,9.349015,13.0,1035.8,18.7,9.1,47.300000000000004,10.3,0,28,29.700000000000003,53.300000000000004,1800,9.6201028
2026-08-12 01:00:00,-39.4674216666667,9.35923166666667,13.200000000000001,1035.1000000000001,19.900000000000002,8.1,49.5,8.200000000000001,0,34,26.700000000000003,45.1,1800,10.237435600000001
2026-08-12 01:30:00,-39.4667916666667,9.36865,13.200000000000001,1035.4,19.5,8.9,51.0,12.3,1,12,29.700000000000003,48.7,1800,10.031658
2026-08-12 02:00:00,-39.466125,9.37875,13.0,1035.4,18.8,6.800000000000001,52.5,12.600000000000001,1,47,26.200000000000003,49.400000000000006,1800,9.671547200000001
2026-08-12 02:30:00,-39.4661883333333,9.38840666666667,13.3,1035.9,18.6,7.5,51.0,11.5,2,25,25.8,50.400000000000006,1800,9.5686584
2026-08-12 03:00:00,-39.4662966666667,9.39770666666667,13.100000000000001,1035.9,19.8,8.6,49.2,10.600000000000001,2,50,27.200000000000003,34.300000000000004,1800,10.1859912
2026-08-12 03:30:00,-39.4663133333333,9.40563666666667,13.4,1036.6000000000001,21.3,10.3,47.0,13.9,3,18,28.700000000000003,55.0,1800,10.9576572
2026-08-12 04:00:00,-39.4659066666667,9.41447166666667,13.100000000000001,1036.0,20.8,9.4,50.5,13.0,3,40,29.0,52.6,1799,10.700435200000001
2026-08-12 19:30:00,-39.397725,9.78404333333333,12.8,1032.7,16.900000000000002,6.7,49.2,16.2,19,3,23.3,55.0,1800,8.694103600000002
2026-08-13 01:00:00,-39.3729716666667,9.91759333333333,13.100000000000001,1026.5,18.1,7.9,48.400000000000006,16.3,0,45,24.700000000000003,56.0,1800,9.311436400000002
2026-08-13 01:30:00,-39.369225,9.93122666666667,13.0,1026.0,18.2,6.7,51.400000000000006,15.9,1,25,23.900000000000002,43.7,1800,9.3628808
2026-08-13 02:00:00,-39.3664933333333,9.94511,13.0,1025.9,17.7,6.6000000000000005,49.800000000000004,15.8,1,46,24.900000000000002,59.400000000000006,1800,9.1056588
2026-08-13 04:00:00,-39.354755,9.99564166666667,13.0,1025.8,17.6,6.5,50.400000000000006,17.7,3,54,23.700000000000003,49.2,1800,9.054214400000001
2026-08-13 04:30:00,-39.351765,10.008275,13.0,1026.1000000000001,17.2,5.6000000000000005,48.300000000000004,15.4,4,22,23.200000000000003,24.0,1800,8.8484368
2026-08-13 08:00:00,-39.3228183333333,10.0995566666667,12.9,1026.3,15.0,5.300000000000001,41.300000000000004,16.400000000000002,7,47,20.6,52.6,1800,7.71666
2026-08-13 08:30:00,-39.3181616666667,10.1124766666667,13.0,1026.9,14.700000000000001,5.0,38.0,17.400000000000002,8,2,20.200000000000003,44.0,1800,7.562326800000001
2026-08-13 09:00:00,-39.3135466666667,10.1236616666667,13.3,1029.3,13.8,3.7,34.2,15.9,8,49,18.6,40.800000000000004,1800,7.0993272
2026-08-13 09:30:00,-39.3104616666667,10.1333683333333,13.4,1029.2,13.100000000000001,4.0,36.1,17.1,9,8,18.1,36.0,1800,6.739216400000001
2026-08-13 10:00:00,-39.3072283333333,10.1424416666667,13.600000000000001,1026.0,11.700000000000001,3.2,30.700000000000003,17.1,9,30,16.0,18.7,1800,6.018994800000001
2026-08-13 10:30:00,-39.3026183333333,10.151005,13.8,1022.0,10.5,2.7,28.900000000000002,16.400000000000002,10,20,14.600000000000001,20.5,1800,5.401662
2026-08-13 11:00:00,-39.2995666666667,10.15998,14.0,1019.2,11.200000000000001,4.0,33.4,15.5,10,58,15.5,24.5,1800,5.761772800000001
2026-08-13 11:30:00,-39.2996633333333,10.1682966666667,14.200000000000001,1019.0,11.8,3.1,26.3,15.3,11,5,16.400000000000002,23.3,1799,6.070439200000001
2026-08-13 12:00:00,-39.300115,10.1776733333333,14.3,1018.3000000000001,11.600000000000001,3.2,25.200000000000003,16.5,11,59,15.5,22.8,1800,5.967550400000001
2026-08-13 12:30:00,-39.2996516666667,10.1881166666667,14.4,1017.9000000000001,11.700000000000001,3.3000000000000003,23.400000000000002,15.600000000000001,12,7,15.700000000000001,21.1,1800,6.018994800000001
2026-08-13 13:00:00,-39.297745,10.1990483333333,14.5,1017.4000000000001,10.4,2.8000000000000003,31.200000000000003,16.7,12,42,14.200000000000001,26.400000000000002,1800,5.350217600000001
2026-08-13 13:30:00,-39.2950883333333,10.20948,14.5,1016.8000000000001,9.9,3.0,32.800000000000004,15.3,13,14,13.5,357.70000000000005,1800,5.0929956
2026-08-13 14:00:00,-39.2933866666667,10.2199966666667,14.4,1016.5,9.1,2.8000000000000003,32.300000000000004,16.7,13,59,12.8,45.900000000000006,1800,4.6814404
2026-08-13 14:30:00,-39.290745,10.22982,14.3,1014.5,11.5,3.7,41.400000000000006,13.3,14,27,16.7,47.400000000000006,1800,5.916106
2026-08-13 15:00:00,-39.287785,10.239545,14.3,1014.6,12.600000000000001,3.8000000000000003,39.400000000000006,11.200000000000001,14,40,16.7,26.5,1800,6.4819944000000005
2026-08-13 15:30:00,-39.28439,10.2498266666667,14.200000000000001,1013.8000000000001,12.3,2.9000000000000004,34.7,13.5,15,12,17.1,25.200000000000003,1799,6.3276612000000005
2026-08-13 16:00:00,-39.2807683333333,10.2602283333333,14.100000000000001,1011.1,11.100000000000001,2.3000000000000003,29.400000000000002,13.600000000000001,15,31,14.200000000000001,43.900000000000006,1800,5.710328400000001
2026-08-13 16:30:00,-39.2772516666667,10.2706866666667,13.9,1010.0,12.600000000000001,3.4000000000000004,38.300000000000004,11.9,16,23,16.7,43.7,1800,6.4819944000000005
2026-08-13 17:00:00,-39.2738683333333,10.2803933333333,13.8,1009.5,14.200000000000001,3.3000000000000003,31.400000000000002,10.100000000000001,16,47,19.8,23.400000000000002,1800,7.3051048000000005
2026-08-13 17:30:00,-39.271215,10.2906133333333,13.700000000000001,1009.3000000000001,15.4,4.0,25.700000000000003,11.600000000000001,17,18,20.5,19.3,1800,7.9224376
2026-08-13 18:00:00,-39.2680366666667,10.3004383333333,13.3,1007.8000000000001,15.700000000000001,3.6,25.8,11.200000000000001,17,41,20.0,39.800000000000004,1800,8.0767708
2026-08-13 18:30:00,-39.2646266666667,10.3100683333333,13.3,1007.5,14.5,3.3000000000000003,21.3,12.8,18,0,19.1,16.8,1800,7.4594380000000005
2026-08-13 19:00:00,-39.2611716666667,10.31985,13.4,1008.2,13.700000000000001,3.0,10.600000000000001,12.600000000000001,18,36,17.400000000000002,1.4000000000000001,1800,7.047882800000001
2026-08-13 19:30:00,-39.2566166666667,10.329945,13.5,1008.5,13.8,3.3000000000000003,2.6,11.700000000000001,19,26,17.6,358.8,1799,7.0993272
2026-08-13 20:00:00,-39.2523933333333,10.3402233333333,13.600000000000001,1009.5,14.8,3.8000000000000003,357.20000000000005,13.5,19,48,19.0,349.5,1800,7.6137712
2026-08-13 20:30:00,-39.2470283333333,10.3499,13.600000000000001,1009.5,15.200000000000001,4.0,358.0,12.8,20,29,20.400000000000002,358.90000000000003,1800,7.819548800000001
2026-08-13 21:00:00,-39.2396916666667,10.356435,13.600000000000001,1009.3000000000001,15.9,3.8000000000000003,358.8,10.8,20,41,20.3,354.5,1800,8.1796596
2026-08-13 22:30:00,-39.2195466666667,10.3744383333333,13.200000000000001,1007.4000000000001,18.5,3.9000000000000004,8.3,11.600000000000001,22,21,23.1,13.5,1800,9.517214000000001
2026-08-13 23:00:00,-39.2136366666667,10.3807416666667,13.200000000000001,1007.5,19.200000000000003,5.2,6.300000000000001,12.4,22,42,26.0,6.1000000000000005,1800,9.877324800000002
2026-08-13 23:30:00,-39.208585,10.3873616666667,13.200000000000001,1007.6,19.200000000000003,6.4,8.5,12.4,23,6,25.0,7.300000000000001,1799,9.877324800000002
2026-08-14 03:00:00,-39.1687733333333,10.4496833333333,12.9,1006.0,23.700000000000003,12.5,341.90000000000003,20.8,2,44,33.1,313.8,1800,12.192322800000001
2026-08-14 08:00:00,-39.0721766666667,10.5841883333333,12.8,1006.3000000000001,20.5,21.5,306.8,18.2,7,30,81.2,310.1,1800,10.546102
2026-08-14 10:00:00,-39.0224283333333,10.6165866666667,13.3,1009.2,18.400000000000002,7.1000000000000005,296.3,16.6,9,30,23.400000000000002,295.40000000000003,1800,9.465769600000002
2026-08-14 13:00:00,-38.9500966666667,10.6619866666667,12.8,1010.0,21.3,11.100000000000001,289.7,14.9,12,54,29.200000000000003,305.5,1800,10.9576572
2026-08-14 13:30:00,-38.93883,10.6710866666667,13.0,1009.7,20.5,9.600000000000001,286.90000000000003,15.200000000000001,13,12,28.900000000000002,275.2,1800,10.546102
2026-08-14 14:00:00,-38.9274616666667,10.6799966666667,12.700000000000001,1009.6,18.900000000000002,7.5,290.5,17.5,13,33,26.200000000000003,295.5,1800,9.722991600000002
2026-08-14 19:00:00,-38.8118083333333,10.7627116666667,12.0,1004.8000000000001,11.4,3.7,328.20000000000005,19.0,18,30,15.5,326.8,1799,5.864661600000001
2026-08-14 23:00:00,-38.737785,10.81855,12.600000000000001,1006.1,17.0,7.5,354.5,16.0,22,36,24.900000000000002,5.9,1799,8.745548
2026-08-15 01:30:00,-38.6921583333333,10.87255,13.4,1008.4000000000001,16.6,6.300000000000001,351.3,16.5,1,6,23.3,354.70000000000005,1800,8.5397704
2026-08-16 03:00:00,-38.0868483333333,11.5715416666667,12.9,1007.6,18.6,7.1000000000000005,269.40000000000003,17.7,2,32,24.900000000000002,272.5,1800,9.5686584
2026-08-16 03:30:00,-38.068535,11.5852833333333,12.200000000000001,1006.6,18.900000000000002,8.4,267.2,20.700000000000003,3,8,26.6,261.7,1800,9.722991600000002
2026-08-16 06:00:00,-37.9697583333333,11.6486733333333,12.3,1006.9000000000001,17.6,7.5,268.8,17.900000000000002,5,39,25.1,244.60000000000002,1800,9.054214400000001
2026-08-16 06:30:00,-37.9522283333333,11.6599616666667,12.3,1006.9000000000001,15.5,5.6000000000000005,273.7,18.0,6,4,21.400000000000002,280.2,1799,7.973882000000001
2026-08-16 07:00:00,-37.9350916666667,11.668995,13.0,1009.2,14.4,5.5,278.90000000000003,18.7,6,52,19.700000000000003,278.1,1800,7.4079936
2026-08-16 08:00:00,-37.9092416666667,11.6878033333333,14.0,1011.7,16.2,6.1000000000000005,292.7,14.9,7,50,22.0,288.3,1800,8.333992799999999
2026-08-16 08:30:00,-37.8976466666667,11.6979133333333,14.4,1013.1,15.9,5.4,293.7,13.8,8,15,20.400000000000002,288.8,1800,8.1796596
2026-08-16 09:00:00,-37.885295,11.7087833333333,14.3,1012.7,16.3,5.2,289.0,15.100000000000001,8,57,20.900000000000002,284.0,1800,8.3854372
2026-08-16 09:30:00,-37.8726333333333,11.7196033333333,14.0,1012.3000000000001,16.1,5.2,286.6,13.9,9,1,21.0,274.6,1800,8.282548400000001
2026-08-16 10:00:00,-37.8589366666667,11.73102,14.3,1013.2,16.8,5.7,286.5,15.600000000000001,9,55,22.1,298.1,1800,8.6426592
2026-08-16 10:30:00,-37.8454266666667,11.7418383333333,14.600000000000001,1014.7,16.3,4.9,287.8,14.200000000000001,10,2,21.200000000000003,298.3,1799,8.3854372
2026-08-16 11:00:00,-37.8319133333333,11.753065,14.700000000000001,1015.1,15.9,5.300000000000001,294.0,13.200000000000001,10,42,20.5,329.3,1800,8.1796596
2026-08-16 12:00:00,-37.80313,11.7768433333333,14.200000000000001,1013.4000000000001,14.4,6.5,292.40000000000003,14.0,11,52,21.3,309.40000000000003,1800,7.4079936
2026-08-16 13:00:00,-37.7738633333333,11.7995466666667,14.3,1013.6,12.3,5.6000000000000005,294.8,17.2,12,58,18.8,261.3,1800,6.3276612000000005
2026-08-16 13:30:00,-37.758885,11.8109016666667,14.600000000000001,1015.0,15.4,4.9,298.40000000000003,16.1,13,3,19.700000000000003,302.8,1800,7.9224376
2026-08-16 15:00:00,-37.7162083333333,11.8409883333333,14.5,1015.2,12.700000000000001,3.8000000000000003,299.6,17.400000000000002,14,31,17.1,293.0,1800,6.533438800000001
2026-08-16 15:30:00,-37.7021166666667,11.8492316666667,14.5,1014.0,11.4,3.6,308.0,17.8,15,23,15.9,301.3,1800,5.864661600000001
2026-08-16 16:00:00,-37.6875916666667,11.8571716666667,14.5,1013.8000000000001,11.9,3.8000000000000003,309.90000000000003,19.1,15,56,16.5,304.90000000000003,1800,6.1218836
2026-08-16 16:30:00,-37.6738116666667,11.8668333333333,14.4,1013.0,14.4,6.9,300.3,16.3,16,27,22.0,300.0,1800,7.4079936
2026-08-16 17:30:00,-37.6438583333333,11.8857366666667,13.0,1011.7,13.200000000000001,9.0,300.2,15.700000000000001,17,25,21.1,303.0,1800,6.7906608
2026-08-16 18:00:00,-37.6276133333333,11.898795,13.700000000000001,1013.7,15.100000000000001,4.800000000000001,303.90000000000003,15.9,17,35,20.6,292.8,1800,7.768104400000001
